{
  "type": "FeatureCollection",
  "features": [
    {
      "type": "Feature",
      "properties": {
        "scenario": "HARD - Battery Park tip, huge target",
        "shape": "round",
        "target_miles": 12.0,
        "distance_m": 19264.81522942087,
        "candidate_index": 0
      },
      "geometry": {
        "type": "LineString",
        "coordinates": [
          [
            -74.0160745,
            40.7016814
          ],
          [
            -74.0160434,
            40.7017026
          ],
          [
            -74.0161585,
            40.7018056
          ],
          [
            -74.0162979,
            40.7019492
          ],
          [
            -74.0163975,
            40.7020562
          ],
          [
            -74.0163759,
            40.7020662
          ],
          [
            -74.0163632,
            40.7020766
          ],
          [
            -74.0163581,
            40.7020917
          ],
          [
            -74.0163632,
            40.7021082
          ],
          [
            -74.0164444,
            40.7022259
          ],
          [
            -74.0164107,
            40.7022397
          ],
          [
            -74.0163886,
            40.7022477
          ],
          [
            -74.0163666,
            40.7022541
          ],
          [
            -74.0162919,
            40.7022655
          ],
          [
            -74.0162033,
            40.7022851
          ],
          [
            -74.0162429,
            40.7023375
          ],
          [
            -74.016317,
            40.7024429
          ],
          [
            -74.0163355,
            40.7024726
          ],
          [
            -74.0163849,
            40.7025517
          ],
          [
            -74.0164155,
            40.7026023
          ],
          [
            -74.0163728,
            40.7026217
          ],
          [
            -74.0163078,
            40.7026584
          ],
          [
            -74.0162463,
            40.7027083
          ],
          [
            -74.0162053,
            40.7027552
          ],
          [
            -74.0161839,
            40.7027898
          ],
          [
            -74.0162109,
            40.7028531
          ],
          [
            -74.0162368,
            40.7029193
          ],
          [
            -74.016252,
            40.7029799
          ],
          [
            -74.016261,
            40.7030333
          ],
          [
            -74.0162776,
            40.7031256
          ],
          [
            -74.0162827,
            40.7031704
          ],
          [
            -74.016277,
            40.703245
          ],
          [
            -74.016221,
            40.7033117
          ],
          [
            -74.0162024,
            40.7033338
          ],
          [
            -74.0161831,
            40.7033629
          ],
          [
            -74.0161644,
            40.7033979
          ],
          [
            -74.0161355,
            40.7034528
          ],
          [
            -74.0161253,
            40.7035145
          ],
          [
            -74.0161273,
            40.7035725
          ],
          [
            -74.0160285,
            40.7035588
          ],
          [
            -74.0159468,
            40.7035563
          ],
          [
            -74.0158757,
            40.703558
          ],
          [
            -74.0157812,
            40.7035592
          ],
          [
            -74.0156975,
            40.7035624
          ],
          [
            -74.015621,
            40.7035688
          ],
          [
            -74.0155284,
            40.7035822
          ],
          [
            -74.0154363,
            40.7036023
          ],
          [
            -74.0153431,
            40.7036295
          ],
          [
            -74.0152474,
            40.7036633
          ],
          [
            -74.0151538,
            40.7037025
          ],
          [
            -74.0150737,
            40.7037446
          ],
          [
            -74.0150018,
            40.7037901
          ],
          [
            -74.0149305,
            40.7038477
          ],
          [
            -74.0148623,
            40.703913
          ],
          [
            -74.0148093,
            40.703966
          ],
          [
            -74.0147693,
            40.7039965
          ],
          [
            -74.0147372,
            40.7040149
          ],
          [
            -74.0146958,
            40.7040263
          ],
          [
            -74.0146512,
            40.704028
          ],
          [
            -74.0145826,
            40.7040158
          ],
          [
            -74.014556,
            40.7040087
          ],
          [
            -74.0144469,
            40.7039836
          ],
          [
            -74.0144012,
            40.7042144
          ],
          [
            -74.0143709,
            40.7043388
          ],
          [
            -74.0143622,
            40.7043847
          ],
          [
            -74.0143636,
            40.7044049
          ],
          [
            -74.0143721,
            40.7044429
          ],
          [
            -74.0143842,
            40.7044715
          ],
          [
            -74.0143892,
            40.7044793
          ],
          [
            -74.014414,
            40.7045062
          ],
          [
            -74.0144435,
            40.7045217
          ],
          [
            -74.0144657,
            40.7045303
          ],
          [
            -74.0144942,
            40.704539
          ],
          [
            -74.0145403,
            40.7045503
          ],
          [
            -74.01462,
            40.7045672
          ],
          [
            -74.0147095,
            40.7045854
          ],
          [
            -74.0149135,
            40.7046288
          ],
          [
            -74.0148975,
            40.7046753
          ],
          [
            -74.014887,
            40.7047069
          ],
          [
            -74.0148771,
            40.7047367
          ],
          [
            -74.0148671,
            40.7047666
          ],
          [
            -74.014852,
            40.7048114
          ],
          [
            -74.0148363,
            40.7048582
          ],
          [
            -74.014828,
            40.7048785
          ],
          [
            -74.0148087,
            40.7049258
          ],
          [
            -74.0142729,
            40.7061829
          ],
          [
            -74.0142775,
            40.7061927
          ],
          [
            -74.0143485,
            40.7062168
          ],
          [
            -74.0144094,
            40.7062375
          ],
          [
            -74.0144322,
            40.7062467
          ],
          [
            -74.0144082,
            40.7062866
          ],
          [
            -74.0143801,
            40.7063356
          ],
          [
            -74.0143666,
            40.706363
          ],
          [
            -74.0143569,
            40.7063842
          ],
          [
            -74.014347,
            40.7064022
          ],
          [
            -74.0143337,
            40.7064197
          ],
          [
            -74.0143178,
            40.7064363
          ],
          [
            -74.0142839,
            40.7064588
          ],
          [
            -74.0142407,
            40.7064822
          ],
          [
            -74.0142121,
            40.7065095
          ],
          [
            -74.0142109,
            40.7065109
          ],
          [
            -74.0142043,
            40.7065349
          ],
          [
            -74.0142012,
            40.7065677
          ],
          [
            -74.0141971,
            40.7065942
          ],
          [
            -74.0141909,
            40.7066151
          ],
          [
            -74.0141775,
            40.7066401
          ],
          [
            -74.0141654,
            40.7066554
          ],
          [
            -74.0141483,
            40.7066729
          ],
          [
            -74.0141249,
            40.7066901
          ],
          [
            -74.0141029,
            40.7067033
          ],
          [
            -74.0140775,
            40.706715
          ],
          [
            -74.0140497,
            40.7067236
          ],
          [
            -74.0140237,
            40.7067296
          ],
          [
            -74.0140166,
            40.7067525
          ],
          [
            -74.0140062,
            40.706777
          ],
          [
            -74.0139904,
            40.7068038
          ],
          [
            -74.013972,
            40.7068271
          ],
          [
            -74.0139498,
            40.7068473
          ],
          [
            -74.013924,
            40.7068668
          ],
          [
            -74.0139027,
            40.7068799
          ],
          [
            -74.0138821,
            40.7068888
          ],
          [
            -74.0139045,
            40.7069645
          ],
          [
            -74.0139087,
            40.7069815
          ],
          [
            -74.01391,
            40.7069917
          ],
          [
            -74.0139105,
            40.7069992
          ],
          [
            -74.0139099,
            40.7070081
          ],
          [
            -74.0138946,
            40.7070614
          ],
          [
            -74.0138759,
            40.7071266
          ],
          [
            -74.0138689,
            40.7071512
          ],
          [
            -74.0138628,
            40.7071658
          ],
          [
            -74.0135181,
            40.7079058
          ],
          [
            -74.0135105,
            40.707923
          ],
          [
            -74.0134991,
            40.70795
          ],
          [
            -74.0134894,
            40.707973
          ],
          [
            -74.013485,
            40.7079859
          ],
          [
            -74.0134787,
            40.708
          ],
          [
            -74.0130221,
            40.7090624
          ],
          [
            -74.0129708,
            40.7091818
          ],
          [
            -74.0129216,
            40.7092963
          ],
          [
            -74.0129196,
            40.7093009
          ],
          [
            -74.0129105,
            40.7093221
          ],
          [
            -74.0129009,
            40.7093443
          ],
          [
            -74.0128988,
            40.7093493
          ],
          [
            -74.012776,
            40.7096363
          ],
          [
            -74.0127689,
            40.7096543
          ],
          [
            -74.0127584,
            40.7096786
          ],
          [
            -74.0127486,
            40.7097014
          ],
          [
            -74.012748,
            40.7097027
          ],
          [
            -74.0127441,
            40.7097118
          ],
          [
            -74.0126041,
            40.7100326
          ],
          [
            -74.0126141,
            40.7100515
          ],
          [
            -74.0125942,
            40.7101126
          ],
          [
            -74.0125743,
            40.7101726
          ],
          [
            -74.0125649,
            40.7102006
          ],
          [
            -74.0124518,
            40.7104705
          ],
          [
            -74.0123445,
            40.7107261
          ],
          [
            -74.012311,
            40.7108059
          ],
          [
            -74.012294,
            40.7108473
          ],
          [
            -74.0122817,
            40.7108816
          ],
          [
            -74.0121789,
            40.7111776
          ],
          [
            -74.0120786,
            40.7114665
          ],
          [
            -74.012057,
            40.7115288
          ],
          [
            -74.0119426,
            40.7118585
          ],
          [
            -74.0119119,
            40.7119476
          ],
          [
            -74.0119056,
            40.7119643
          ],
          [
            -74.0118616,
            40.7120243
          ],
          [
            -74.0118442,
            40.7120493
          ],
          [
            -74.0118288,
            40.7120747
          ],
          [
            -74.0117887,
            40.7121191
          ],
          [
            -74.0117634,
            40.7121508
          ],
          [
            -74.0117432,
            40.7121846
          ],
          [
            -74.0115437,
            40.7125292
          ],
          [
            -74.0115267,
            40.7125586
          ],
          [
            -74.0115173,
            40.7125749
          ],
          [
            -74.011483,
            40.7126342
          ],
          [
            -74.0114727,
            40.712652
          ],
          [
            -74.0114761,
            40.7126991
          ],
          [
            -74.0114796,
            40.7127468
          ],
          [
            -74.0114803,
            40.7127597
          ],
          [
            -74.011478,
            40.7127684
          ],
          [
            -74.0115353,
            40.7127961
          ],
          [
            -74.0115953,
            40.7128311
          ],
          [
            -74.0116639,
            40.7128716
          ],
          [
            -74.0116963,
            40.7128889
          ],
          [
            -74.0116686,
            40.7129124
          ],
          [
            -74.0115981,
            40.713178
          ],
          [
            -74.0116097,
            40.7131943
          ],
          [
            -74.0116175,
            40.7132118
          ],
          [
            -74.0116211,
            40.7132301
          ],
          [
            -74.0116204,
            40.7132487
          ],
          [
            -74.0116155,
            40.7132668
          ],
          [
            -74.0116065,
            40.713284
          ],
          [
            -74.0115937,
            40.7132998
          ],
          [
            -74.0115775,
            40.7133136
          ],
          [
            -74.0115584,
            40.7133251
          ],
          [
            -74.011517,
            40.7134874
          ],
          [
            -74.0115341,
            40.7134952
          ],
          [
            -74.011535,
            40.7135137
          ],
          [
            -74.0115412,
            40.7135827
          ],
          [
            -74.0115456,
            40.713635
          ],
          [
            -74.0115459,
            40.7136384
          ],
          [
            -74.011545,
            40.7136638
          ],
          [
            -74.0114085,
            40.7141666
          ],
          [
            -74.0114016,
            40.7141881
          ],
          [
            -74.0113876,
            40.7142465
          ],
          [
            -74.011378,
            40.714284
          ],
          [
            -74.0113711,
            40.7143092
          ],
          [
            -74.0112325,
            40.7147908
          ],
          [
            -74.0112222,
            40.7148331
          ],
          [
            -74.0112122,
            40.7148765
          ],
          [
            -74.0111987,
            40.7149355
          ],
          [
            -74.0111937,
            40.7149561
          ],
          [
            -74.0110517,
            40.715491
          ],
          [
            -74.0110456,
            40.7155167
          ],
          [
            -74.0110326,
            40.7155685
          ],
          [
            -74.011019,
            40.7156221
          ],
          [
            -74.0110137,
            40.7156447
          ],
          [
            -74.0108704,
            40.7161867
          ],
          [
            -74.0108673,
            40.7161983
          ],
          [
            -74.0108485,
            40.7162697
          ],
          [
            -74.0108394,
            40.7163048
          ],
          [
            -74.0108328,
            40.7163276
          ],
          [
            -74.010706,
            40.7167991
          ],
          [
            -74.0107014,
            40.7168163
          ],
          [
            -74.0106879,
            40.7168718
          ],
          [
            -74.0106779,
            40.7169131
          ],
          [
            -74.0106722,
            40.7169325
          ],
          [
            -74.0105605,
            40.7173916
          ],
          [
            -74.0105553,
            40.717411
          ],
          [
            -74.0105455,
            40.7174537
          ],
          [
            -74.0105333,
            40.7175069
          ],
          [
            -74.0105287,
            40.7175251
          ],
          [
            -74.0103938,
            40.7180314
          ],
          [
            -74.0103863,
            40.7180604
          ],
          [
            -74.0103765,
            40.7181014
          ],
          [
            -74.0103634,
            40.7181561
          ],
          [
            -74.0103597,
            40.7181759
          ],
          [
            -74.0102622,
            40.7187172
          ],
          [
            -74.0102823,
            40.7187332
          ],
          [
            -74.0102606,
            40.7187958
          ],
          [
            -74.0102455,
            40.7188392
          ],
          [
            -74.0102423,
            40.718855
          ],
          [
            -74.0101563,
            40.7193766
          ],
          [
            -74.0101536,
            40.7193945
          ],
          [
            -74.0101471,
            40.7194358
          ],
          [
            -74.0101386,
            40.7194898
          ],
          [
            -74.0101348,
            40.7195121
          ],
          [
            -74.0100477,
            40.7200237
          ],
          [
            -74.0100437,
            40.7200465
          ],
          [
            -74.0100306,
            40.7201153
          ],
          [
            -74.0100242,
            40.7201487
          ],
          [
            -74.0100195,
            40.7201702
          ],
          [
            -74.0099332,
            40.7206799
          ],
          [
            -74.0099459,
            40.7206917
          ],
          [
            -74.0099345,
            40.7207586
          ],
          [
            -74.0099255,
            40.7208114
          ],
          [
            -74.0099052,
            40.7208234
          ],
          [
            -74.0098047,
            40.7214012
          ],
          [
            -74.0098201,
            40.7214187
          ],
          [
            -74.0098091,
            40.7214703
          ],
          [
            -74.0097982,
            40.7215218
          ],
          [
            -74.0097896,
            40.7215256
          ],
          [
            -74.0096966,
            40.7220658
          ],
          [
            -74.009682,
            40.7221311
          ],
          [
            -74.0096676,
            40.7221953
          ],
          [
            -74.0095745,
            40.7227102
          ],
          [
            -74.0095707,
            40.7227237
          ],
          [
            -74.0095618,
            40.7227859
          ],
          [
            -74.0095546,
            40.7228355
          ],
          [
            -74.0095541,
            40.7228434
          ],
          [
            -74.009465,
            40.7233714
          ],
          [
            -74.0094592,
            40.7233877
          ],
          [
            -74.0094543,
            40.723432
          ],
          [
            -74.0094484,
            40.7234847
          ],
          [
            -74.0094452,
            40.7235025
          ],
          [
            -74.0093521,
            40.7240124
          ],
          [
            -74.009349,
            40.7240301
          ],
          [
            -74.0093347,
            40.7240945
          ],
          [
            -74.0093228,
            40.7241481
          ],
          [
            -74.0093192,
            40.7241665
          ],
          [
            -74.0092598,
            40.724509
          ],
          [
            -74.0092664,
            40.7245262
          ],
          [
            -74.0092409,
            40.7246213
          ],
          [
            -74.0092173,
            40.7247095
          ],
          [
            -74.0092056,
            40.7247528
          ],
          [
            -74.009201,
            40.7247825
          ],
          [
            -74.0090086,
            40.7259139
          ],
          [
            -74.0089965,
            40.7259933
          ],
          [
            -74.0089885,
            40.7260463
          ],
          [
            -74.0088804,
            40.7266848
          ],
          [
            -74.0088702,
            40.7267454
          ],
          [
            -74.0088598,
            40.7268067
          ],
          [
            -74.0087638,
            40.7273944
          ],
          [
            -74.0087479,
            40.7274048
          ],
          [
            -74.0087368,
            40.72746
          ],
          [
            -74.0087226,
            40.7275305
          ],
          [
            -74.0087325,
            40.7275473
          ],
          [
            -74.0087337,
            40.7275601
          ],
          [
            -74.0086305,
            40.7281253
          ],
          [
            -74.0086182,
            40.7281879
          ],
          [
            -74.0086034,
            40.7282628
          ],
          [
            -74.0085083,
            40.7288363
          ],
          [
            -74.0084934,
            40.7289119
          ],
          [
            -74.0084783,
            40.728988
          ],
          [
            -74.0083127,
            40.7295566
          ],
          [
            -74.008293,
            40.729636
          ],
          [
            -74.0082753,
            40.7296908
          ],
          [
            -74.0081216,
            40.7302843
          ],
          [
            -74.008102,
            40.7303498
          ],
          [
            -74.008081,
            40.7304198
          ],
          [
            -74.0079198,
            40.7310018
          ],
          [
            -74.0079009,
            40.7310683
          ],
          [
            -74.0078819,
            40.7311351
          ],
          [
            -74.0077135,
            40.7317141
          ],
          [
            -74.007719,
            40.7317343
          ],
          [
            -74.0077059,
            40.7317831
          ],
          [
            -74.0076928,
            40.731832
          ],
          [
            -74.0076803,
            40.73185
          ],
          [
            -74.0074172,
            40.7328524
          ],
          [
            -74.0074106,
            40.7328774
          ],
          [
            -74.0073942,
            40.7329212
          ],
          [
            -74.0073809,
            40.7329601
          ],
          [
            -74.0073777,
            40.732975
          ],
          [
            -74.0072958,
            40.7333598
          ],
          [
            -74.007244,
            40.7335547
          ],
          [
            -74.0072309,
            40.7335933
          ],
          [
            -74.0072046,
            40.7336711
          ],
          [
            -74.0072114,
            40.7336737
          ],
          [
            -74.0072179,
            40.7336764
          ],
          [
            -74.0072199,
            40.7336838
          ],
          [
            -74.0072189,
            40.7336957
          ],
          [
            -74.0070767,
            40.7342649
          ],
          [
            -74.007064,
            40.7342667
          ],
          [
            -74.0070521,
            40.7343217
          ],
          [
            -74.0070406,
            40.7343744
          ],
          [
            -74.0070433,
            40.7343837
          ],
          [
            -74.0070457,
            40.7343955
          ],
          [
            -74.0070449,
            40.7344082
          ],
          [
            -74.0069074,
            40.7349574
          ],
          [
            -74.0069048,
            40.7349662
          ],
          [
            -74.0068972,
            40.7349745
          ],
          [
            -74.0068879,
            40.7349792
          ],
          [
            -74.0068768,
            40.7350255
          ],
          [
            -74.0068619,
            40.7350875
          ],
          [
            -74.0068694,
            40.7350949
          ],
          [
            -74.0068717,
            40.7351087
          ],
          [
            -74.0068708,
            40.7351247
          ],
          [
            -74.0067276,
            40.7356802
          ],
          [
            -74.0066934,
            40.7356854
          ],
          [
            -74.0066858,
            40.7357493
          ],
          [
            -74.0066797,
            40.7358161
          ],
          [
            -74.0066882,
            40.7358253
          ],
          [
            -74.0066892,
            40.7358366
          ],
          [
            -74.0065478,
            40.7363881
          ],
          [
            -74.0065449,
            40.7363931
          ],
          [
            -74.006539,
            40.7363988
          ],
          [
            -74.0065342,
            40.7364021
          ],
          [
            -74.0065361,
            40.7364159
          ],
          [
            -74.00653,
            40.7364517
          ],
          [
            -74.0065253,
            40.7364899
          ],
          [
            -74.0065157,
            40.7365153
          ],
          [
            -74.0064301,
            40.7369159
          ],
          [
            -74.0064204,
            40.7369659
          ],
          [
            -74.0064101,
            40.7370187
          ],
          [
            -74.006421,
            40.737025
          ],
          [
            -74.0064111,
            40.7374963
          ],
          [
            -74.0063986,
            40.7374962
          ],
          [
            -74.0063987,
            40.7375556
          ],
          [
            -74.0063991,
            40.7376174
          ],
          [
            -74.0064109,
            40.7376216
          ],
          [
            -74.006396,
            40.7380983
          ],
          [
            -74.0063972,
            40.7381157
          ],
          [
            -74.0063944,
            40.7381509
          ],
          [
            -74.0063921,
            40.7381852
          ],
          [
            -74.0063928,
            40.738203
          ],
          [
            -74.0063842,
            40.7387163
          ],
          [
            -74.0063812,
            40.7387624
          ],
          [
            -74.0063775,
            40.7388185
          ],
          [
            -74.0063835,
            40.7388243
          ],
          [
            -74.0063861,
            40.7388406
          ],
          [
            -74.0063771,
            40.7393482
          ],
          [
            -74.0063752,
            40.7393642
          ],
          [
            -74.006372,
            40.7394042
          ],
          [
            -74.0063674,
            40.7394538
          ],
          [
            -74.0063643,
            40.7394837
          ],
          [
            -74.0063611,
            40.7395174
          ],
          [
            -74.0062915,
            40.7396176
          ],
          [
            -74.0058573,
            40.7401894
          ],
          [
            -74.0058418,
            40.7402098
          ],
          [
            -74.0058139,
            40.7402491
          ],
          [
            -74.0057873,
            40.7402864
          ],
          [
            -74.0057765,
            40.7403034
          ],
          [
            -74.0057625,
            40.7403387
          ],
          [
            -74.0054251,
            40.7408566
          ],
          [
            -74.005454,
            40.7408694
          ],
          [
            -74.0054951,
            40.7408875
          ],
          [
            -74.0055305,
            40.7409031
          ],
          [
            -74.005566,
            40.7409187
          ],
          [
            -74.0055423,
            40.7409536
          ],
          [
            -74.0055025,
            40.7410123
          ],
          [
            -74.0054596,
            40.741075
          ],
          [
            -74.0054377,
            40.7411072
          ],
          [
            -74.0050382,
            40.7416468
          ],
          [
            -74.0049922,
            40.7417111
          ],
          [
            -74.0049564,
            40.741761
          ],
          [
            -74.0045681,
            40.7422831
          ],
          [
            -74.0045351,
            40.742332
          ],
          [
            -74.0044948,
            40.7423917
          ],
          [
            -74.0043858,
            40.7425498
          ],
          [
            -74.0042652,
            40.742716
          ],
          [
            -74.0041559,
            40.7428667
          ],
          [
            -74.0041101,
            40.7429294
          ],
          [
            -74.0040679,
            40.7429871
          ],
          [
            -74.0037244,
            40.7434535
          ],
          [
            -74.0036781,
            40.7435168
          ],
          [
            -74.0036386,
            40.7435709
          ],
          [
            -74.0032918,
            40.744029
          ],
          [
            -74.003243,
            40.7440929
          ],
          [
            -74.0031995,
            40.7441498
          ],
          [
            -74.0028705,
            40.7446235
          ],
          [
            -74.0028332,
            40.7446805
          ],
          [
            -74.0027897,
            40.7447469
          ],
          [
            -74.002622,
            40.744952
          ],
          [
            -74.0024431,
            40.7452068
          ],
          [
            -74.0023935,
            40.7452769
          ],
          [
            -74.0023585,
            40.7453279
          ],
          [
            -74.0019957,
            40.7458337
          ],
          [
            -74.00195,
            40.7458934
          ],
          [
            -74.0019067,
            40.7459499
          ],
          [
            -74.0015273,
            40.7464694
          ],
          [
            -74.0014588,
            40.746567
          ],
          [
            -74.0014088,
            40.7466386
          ],
          [
            -74.0014032,
            40.7466466
          ],
          [
            -74.0013711,
            40.7466732
          ],
          [
            -74.0010235,
            40.7471678
          ],
          [
            -74.0009822,
            40.7472251
          ],
          [
            -74.0009416,
            40.7472813
          ],
          [
            -74.0005708,
            40.7477762
          ],
          [
            -74.0005268,
            40.7478443
          ],
          [
            -74.000486,
            40.7479041
          ],
          [
            -74.0001232,
            40.7484014
          ],
          [
            -74.0000727,
            40.7484707
          ],
          [
            -74.0000375,
            40.7485189
          ],
          [
            -73.9997294,
            40.7489412
          ],
          [
            -73.999688,
            40.748998
          ],
          [
            -73.9995914,
            40.7491304
          ],
          [
            -73.9995476,
            40.7491904
          ],
          [
            -73.9994071,
            40.7493831
          ],
          [
            -73.9992551,
            40.7495914
          ],
          [
            -73.9992165,
            40.7496443
          ],
          [
            -73.9991776,
            40.7496973
          ],
          [
            -73.9991395,
            40.7497476
          ],
          [
            -73.9987745,
            40.7502475
          ],
          [
            -73.998663,
            40.7502063
          ],
          [
            -73.9986119,
            40.7502754
          ],
          [
            -73.998574,
            40.7503296
          ],
          [
            -73.9982123,
            40.7508269
          ],
          [
            -73.9981555,
            40.7509074
          ],
          [
            -73.9979955,
            40.7508394
          ],
          [
            -73.9979702,
            40.7508799
          ],
          [
            -73.9975956,
            40.7513708
          ],
          [
            -73.997603,
            40.7513938
          ],
          [
            -73.9975618,
            40.75144
          ],
          [
            -73.9975122,
            40.7514976
          ],
          [
            -73.9971013,
            40.7520578
          ],
          [
            -73.9970977,
            40.7520628
          ],
          [
            -73.9967079,
            40.7526059
          ],
          [
            -73.9967082,
            40.7526279
          ],
          [
            -73.9966743,
            40.7526824
          ],
          [
            -73.9966392,
            40.752739
          ],
          [
            -73.9966173,
            40.7527333
          ],
          [
            -73.9962309,
            40.7532433
          ],
          [
            -73.9961585,
            40.7533444
          ],
          [
            -73.9961005,
            40.7534253
          ],
          [
            -73.9959478,
            40.7536379
          ],
          [
            -73.995728,
            40.7539416
          ],
          [
            -73.9956829,
            40.7540017
          ],
          [
            -73.9956357,
            40.7540647
          ],
          [
            -73.9952773,
            40.7545588
          ],
          [
            -73.9952343,
            40.7546212
          ],
          [
            -73.9951949,
            40.7546785
          ],
          [
            -73.9948205,
            40.755177
          ],
          [
            -73.9948099,
            40.7551911
          ],
          [
            -73.9947808,
            40.7552329
          ],
          [
            -73.9947439,
            40.755286
          ],
          [
            -73.994735,
            40.7552987
          ],
          [
            -73.9943828,
            40.7557993
          ],
          [
            -73.9943412,
            40.7558548
          ],
          [
            -73.994296,
            40.7559151
          ],
          [
            -73.9939356,
            40.7564227
          ],
          [
            -73.9938932,
            40.7564831
          ],
          [
            -73.9938528,
            40.7565405
          ],
          [
            -73.9934953,
            40.7570388
          ],
          [
            -73.9934495,
            40.7570991
          ],
          [
            -73.9934045,
            40.7571583
          ],
          [
            -73.9932411,
            40.7573803
          ],
          [
            -73.9930453,
            40.7576463
          ],
          [
            -73.9930121,
            40.7576634
          ],
          [
            -73.9929444,
            40.7577556
          ],
          [
            -73.9928806,
            40.7578425
          ],
          [
            -73.9925613,
            40.7582846
          ],
          [
            -73.992496,
            40.7583735
          ],
          [
            -73.9924217,
            40.7584747
          ],
          [
            -73.9920622,
            40.7589917
          ],
          [
            -73.9920184,
            40.7590542
          ],
          [
            -73.9919742,
            40.7591173
          ],
          [
            -73.9915916,
            40.7596177
          ],
          [
            -73.9915517,
            40.7596728
          ],
          [
            -73.9915088,
            40.759732
          ],
          [
            -73.9911326,
            40.760245
          ],
          [
            -73.9910909,
            40.7603005
          ],
          [
            -73.9910489,
            40.7603564
          ],
          [
            -73.9906764,
            40.760888
          ],
          [
            -73.9906426,
            40.7609369
          ],
          [
            -73.9906072,
            40.7609881
          ],
          [
            -73.9902149,
            40.7614993
          ],
          [
            -73.9901804,
            40.7615468
          ],
          [
            -73.9901318,
            40.7616136
          ],
          [
            -73.9897764,
            40.7621317
          ],
          [
            -73.9897387,
            40.7621817
          ],
          [
            -73.989694,
            40.7622411
          ],
          [
            -73.9893194,
            40.7627561
          ],
          [
            -73.9892794,
            40.7628102
          ],
          [
            -73.9892359,
            40.7628688
          ],
          [
            -73.988858,
            40.7633781
          ],
          [
            -73.9888155,
            40.7634364
          ],
          [
            -73.9887742,
            40.763493
          ],
          [
            -73.9884033,
            40.7640067
          ],
          [
            -73.9883631,
            40.7640594
          ],
          [
            -73.988318,
            40.7641184
          ],
          [
            -73.9879386,
            40.76463
          ],
          [
            -73.9879287,
            40.7646491
          ],
          [
            -73.9878963,
            40.7647019
          ],
          [
            -73.9878819,
            40.7647254
          ],
          [
            -73.98787,
            40.7647437
          ],
          [
            -73.9874874,
            40.765256
          ],
          [
            -73.9874775,
            40.7652684
          ],
          [
            -73.987449,
            40.7653112
          ],
          [
            -73.987412,
            40.7653665
          ],
          [
            -73.9874026,
            40.7653802
          ],
          [
            -73.9870263,
            40.7658846
          ],
          [
            -73.9870184,
            40.7659002
          ],
          [
            -73.9869922,
            40.7659377
          ],
          [
            -73.9869587,
            40.7659856
          ],
          [
            -73.9869468,
            40.7659929
          ],
          [
            -73.9865659,
            40.7665064
          ],
          [
            -73.9865622,
            40.7665239
          ],
          [
            -73.9865266,
            40.7665782
          ],
          [
            -73.9865024,
            40.766615
          ],
          [
            -73.9864928,
            40.7666279
          ],
          [
            -73.9861157,
            40.7671328
          ],
          [
            -73.9861065,
            40.7671451
          ],
          [
            -73.9860762,
            40.7671897
          ],
          [
            -73.9860394,
            40.7672438
          ],
          [
            -73.986032,
            40.7672542
          ],
          [
            -73.98583,
            40.7675237
          ],
          [
            -73.9857745,
            40.767598
          ],
          [
            -73.9856503,
            40.7677643
          ],
          [
            -73.9856409,
            40.7677866
          ],
          [
            -73.9855861,
            40.76786
          ],
          [
            -73.9855246,
            40.7679423
          ],
          [
            -73.9855098,
            40.7679637
          ],
          [
            -73.9851354,
            40.7684862
          ],
          [
            -73.9851282,
            40.7685004
          ],
          [
            -73.9850928,
            40.7685511
          ],
          [
            -73.9850436,
            40.7686214
          ],
          [
            -73.9850292,
            40.7686454
          ],
          [
            -73.9846989,
            40.7691003
          ],
          [
            -73.9846039,
            40.7692311
          ],
          [
            -73.9842604,
            40.7697039
          ],
          [
            -73.9842498,
            40.7697188
          ],
          [
            -73.9841965,
            40.7697902
          ],
          [
            -73.9841562,
            40.7698447
          ],
          [
            -73.9841379,
            40.7698711
          ],
          [
            -73.9837685,
            40.770368
          ],
          [
            -73.9837616,
            40.7703789
          ],
          [
            -73.9837328,
            40.7704255
          ],
          [
            -73.9837051,
            40.7704702
          ],
          [
            -73.9836901,
            40.7704912
          ],
          [
            -73.9833156,
            40.7709908
          ],
          [
            -73.9833079,
            40.7710049
          ],
          [
            -73.9832819,
            40.7710427
          ],
          [
            -73.9832462,
            40.7710946
          ],
          [
            -73.9832351,
            40.7711114
          ],
          [
            -73.9828593,
            40.7716172
          ],
          [
            -73.9828437,
            40.771638
          ],
          [
            -73.9828175,
            40.7716742
          ],
          [
            -73.9827834,
            40.7717206
          ],
          [
            -73.9827652,
            40.7717469
          ],
          [
            -73.9827241,
            40.7718054
          ],
          [
            -73.9825777,
            40.7720142
          ],
          [
            -73.9825461,
            40.7720592
          ],
          [
            -73.9824016,
            40.7722647
          ],
          [
            -73.9823441,
            40.7724063
          ],
          [
            -73.9822829,
            40.7724996
          ],
          [
            -73.9822328,
            40.7725761
          ],
          [
            -73.9821577,
            40.7726717
          ],
          [
            -73.9820989,
            40.7727373
          ],
          [
            -73.98205,
            40.7727919
          ],
          [
            -73.9820146,
            40.7727932
          ],
          [
            -73.9819518,
            40.7728715
          ],
          [
            -73.9819334,
            40.7728911
          ],
          [
            -73.9819141,
            40.7729164
          ],
          [
            -73.9818778,
            40.7729639
          ],
          [
            -73.9818615,
            40.7729873
          ],
          [
            -73.9814855,
            40.7734863
          ],
          [
            -73.9814658,
            40.7735131
          ],
          [
            -73.9814415,
            40.773551
          ],
          [
            -73.9814197,
            40.7735852
          ],
          [
            -73.9814023,
            40.7736092
          ],
          [
            -73.9810304,
            40.7741224
          ],
          [
            -73.9810172,
            40.7741406
          ],
          [
            -73.9809967,
            40.7741735
          ],
          [
            -73.9809693,
            40.7742175
          ],
          [
            -73.9809597,
            40.7742314
          ],
          [
            -73.9805679,
            40.7747492
          ],
          [
            -73.9805564,
            40.7747658
          ],
          [
            -73.9805358,
            40.7747972
          ],
          [
            -73.9805083,
            40.774839
          ],
          [
            -73.9804944,
            40.7748606
          ],
          [
            -73.9801159,
            40.7753787
          ],
          [
            -73.9801024,
            40.7753949
          ],
          [
            -73.980081,
            40.7754249
          ],
          [
            -73.9800512,
            40.775467
          ],
          [
            -73.9800367,
            40.7754868
          ],
          [
            -73.9796655,
            40.7760059
          ],
          [
            -73.9796538,
            40.7760218
          ],
          [
            -73.9796283,
            40.776057
          ],
          [
            -73.9795993,
            40.7760969
          ],
          [
            -73.9795839,
            40.7761178
          ],
          [
            -73.9792092,
            40.776627
          ],
          [
            -73.9791948,
            40.7766463
          ],
          [
            -73.9791729,
            40.7766765
          ],
          [
            -73.9791401,
            40.7767213
          ],
          [
            -73.979125,
            40.7767414
          ],
          [
            -73.9787268,
            40.7772693
          ],
          [
            -73.9787108,
            40.7772905
          ],
          [
            -73.9786625,
            40.7773587
          ],
          [
            -73.9786079,
            40.7774359
          ],
          [
            -73.9785957,
            40.7774525
          ],
          [
            -73.9782094,
            40.7779841
          ],
          [
            -73.9781945,
            40.7780037
          ],
          [
            -73.9781637,
            40.778044
          ],
          [
            -73.9781354,
            40.7780811
          ],
          [
            -73.9781216,
            40.7780991
          ],
          [
            -73.9777402,
            40.7786203
          ],
          [
            -73.977724,
            40.7786434
          ],
          [
            -73.9776972,
            40.7786801
          ],
          [
            -73.977672,
            40.7787155
          ],
          [
            -73.9776586,
            40.7787346
          ],
          [
            -73.9776955,
            40.7787507
          ],
          [
            -73.9778092,
            40.7788008
          ],
          [
            -73.9778865,
            40.7788342
          ],
          [
            -73.9779181,
            40.778848
          ],
          [
            -73.9779321,
            40.7788266
          ],
          [
            -73.9779594,
            40.7787904
          ],
          [
            -73.9779881,
            40.7787522
          ],
          [
            -73.9780046,
            40.7787296
          ],
          [
            -73.9783868,
            40.7782082
          ],
          [
            -73.9783964,
            40.7781946
          ],
          [
            -73.9784256,
            40.7781535
          ],
          [
            -73.9784488,
            40.7781206
          ],
          [
            -73.9784704,
            40.7780902
          ],
          [
            -73.9788556,
            40.777563
          ],
          [
            -73.9788665,
            40.7775481
          ],
          [
            -73.9789236,
            40.7774687
          ],
          [
            -73.9789734,
            40.7773995
          ],
          [
            -73.9789906,
            40.7773759
          ],
          [
            -73.9793764,
            40.7768459
          ],
          [
            -73.9793902,
            40.776827
          ],
          [
            -73.979423,
            40.7767817
          ],
          [
            -73.979444,
            40.7767511
          ],
          [
            -73.979456,
            40.7767337
          ],
          [
            -73.9798341,
            40.7762209
          ],
          [
            -73.979847,
            40.7762031
          ],
          [
            -73.9798787,
            40.7761619
          ],
          [
            -73.9799053,
            40.7761274
          ],
          [
            -73.9799177,
            40.7761106
          ],
          [
            -73.980292,
            40.7755966
          ],
          [
            -73.98031,
            40.7755769
          ],
          [
            -73.9803403,
            40.7755341
          ],
          [
            -73.9803622,
            40.7755032
          ],
          [
            -73.9803747,
            40.7754883
          ],
          [
            -73.9807476,
            40.7749675
          ],
          [
            -73.9807641,
            40.7749478
          ],
          [
            -73.9807953,
            40.774907
          ],
          [
            -73.9808202,
            40.7748744
          ],
          [
            -73.9808332,
            40.7748568
          ],
          [
            -73.9812069,
            40.7743397
          ],
          [
            -73.9812189,
            40.7743237
          ],
          [
            -73.9812512,
            40.7742808
          ],
          [
            -73.9812741,
            40.7742487
          ],
          [
            -73.9812879,
            40.7742294
          ],
          [
            -73.9816542,
            40.7737162
          ],
          [
            -73.98167,
            40.7736941
          ],
          [
            -73.9816978,
            40.77366
          ],
          [
            -73.981729,
            40.7736218
          ],
          [
            -73.9817424,
            40.7736017
          ],
          [
            -73.9819866,
            40.7732494
          ],
          [
            -73.9820483,
            40.7732026
          ],
          [
            -73.9820499,
            40.7732001
          ],
          [
            -73.9820503,
            40.7731978
          ],
          [
            -73.9820503,
            40.7731655
          ],
          [
            -73.9820503,
            40.7731292
          ],
          [
            -73.982072,
            40.7731055
          ],
          [
            -73.9821066,
            40.7730709
          ],
          [
            -73.9821568,
            40.7730195
          ],
          [
            -73.9821851,
            40.7729908
          ],
          [
            -73.9821976,
            40.772955
          ],
          [
            -73.9821661,
            40.7729459
          ],
          [
            -73.9821077,
            40.7729239
          ],
          [
            -73.98209,
            40.7729172
          ],
          [
            -73.9820257,
            40.772893
          ],
          [
            -73.9819518,
            40.7728715
          ],
          [
            -73.9819491,
            40.7721874
          ],
          [
            -73.9819491,
            40.7721771
          ],
          [
            -73.9819474,
            40.7721183
          ],
          [
            -73.9819461,
            40.7720734
          ],
          [
            -73.9819448,
            40.7720397
          ],
          [
            -73.9819236,
            40.7713846
          ],
          [
            -73.9819229,
            40.7713579
          ],
          [
            -73.9819268,
            40.7712972
          ],
          [
            -73.9819302,
            40.7712446
          ],
          [
            -73.981929,
            40.7712202
          ],
          [
            -73.9819171,
            40.7708174
          ],
          [
            -73.9819139,
            40.7705431
          ],
          [
            -73.9819136,
            40.7705231
          ],
          [
            -73.981913,
            40.7704725
          ],
          [
            -73.9819125,
            40.7704253
          ],
          [
            -73.9819123,
            40.7704013
          ],
          [
            -73.9819057,
            40.7697277
          ],
          [
            -73.9819061,
            40.7697029
          ],
          [
            -73.9819069,
            40.7696513
          ],
          [
            -73.9819079,
            40.7695897
          ],
          [
            -73.9818838,
            40.769571
          ],
          [
            -73.9818767,
            40.76931
          ],
          [
            -73.9818749,
            40.7692434
          ],
          [
            -73.9818663,
            40.768937
          ],
          [
            -73.9818624,
            40.7688235
          ],
          [
            -73.98186,
            40.768741
          ],
          [
            -73.981858,
            40.768718
          ],
          [
            -73.9818548,
            40.7687037
          ],
          [
            -73.9818495,
            40.7686923
          ],
          [
            -73.9818395,
            40.7686818
          ],
          [
            -73.9816771,
            40.7686147
          ],
          [
            -73.9816361,
            40.7685977
          ],
          [
            -73.9815905,
            40.7685803
          ],
          [
            -73.9815179,
            40.7685525
          ],
          [
            -73.9814404,
            40.7685229
          ],
          [
            -73.9814145,
            40.7685126
          ],
          [
            -73.9814193,
            40.7685043
          ],
          [
            -73.9814221,
            40.7684963
          ],
          [
            -73.9814212,
            40.7684881
          ],
          [
            -73.9814194,
            40.7684826
          ],
          [
            -73.9814135,
            40.7684762
          ],
          [
            -73.9814003,
            40.7684638
          ],
          [
            -73.981396,
            40.76846
          ],
          [
            -73.9813563,
            40.7684305
          ],
          [
            -73.9812996,
            40.7683792
          ],
          [
            -73.9812384,
            40.7683147
          ],
          [
            -73.9811815,
            40.7681909
          ],
          [
            -73.9811674,
            40.7681391
          ],
          [
            -73.9811613,
            40.7680944
          ],
          [
            -73.9811605,
            40.7680152
          ],
          [
            -73.9811647,
            40.7679835
          ],
          [
            -73.9811726,
            40.7679061
          ],
          [
            -73.9811787,
            40.7678877
          ],
          [
            -73.9811823,
            40.7678811
          ],
          [
            -73.9812078,
            40.7678404
          ],
          [
            -73.9812255,
            40.7678121
          ],
          [
            -73.9812384,
            40.767796
          ],
          [
            -73.9812494,
            40.7677821
          ],
          [
            -73.9812745,
            40.7677533
          ],
          [
            -73.9813053,
            40.7677179
          ],
          [
            -73.9813151,
            40.7677084
          ],
          [
            -73.9813488,
            40.7676792
          ],
          [
            -73.9813908,
            40.7676518
          ],
          [
            -73.9814171,
            40.7676358
          ],
          [
            -73.9814454,
            40.7676229
          ],
          [
            -73.9814559,
            40.7676183
          ],
          [
            -73.9814851,
            40.7676087
          ],
          [
            -73.9815737,
            40.7671287
          ],
          [
            -73.9815766,
            40.7671166
          ],
          [
            -73.9815877,
            40.7670697
          ],
          [
            -73.9816,
            40.7670108
          ],
          [
            -73.9816028,
            40.7669942
          ],
          [
            -73.9817068,
            40.7663647
          ],
          [
            -73.981711,
            40.7663354
          ],
          [
            -73.981728,
            40.7662378
          ],
          [
            -73.9817427,
            40.7661496
          ],
          [
            -73.981746,
            40.7661339
          ],
          [
            -73.9818635,
            40.7655066
          ],
          [
            -73.9818412,
            40.7654811
          ],
          [
            -73.9818465,
            40.7654663
          ],
          [
            -73.9818669,
            40.7654003
          ],
          [
            -73.9818763,
            40.765371
          ],
          [
            -73.9818818,
            40.7653543
          ],
          [
            -73.9820803,
            40.7647814
          ],
          [
            -73.9821017,
            40.7647682
          ],
          [
            -73.9821258,
            40.7647285
          ],
          [
            -73.9821482,
            40.7646659
          ],
          [
            -73.9821549,
            40.7646463
          ],
          [
            -73.9823239,
            40.7640558
          ],
          [
            -73.982336,
            40.7640315
          ],
          [
            -73.9823611,
            40.7639864
          ],
          [
            -73.9823844,
            40.7639446
          ],
          [
            -73.9823896,
            40.7639353
          ],
          [
            -73.9826816,
            40.7634018
          ],
          [
            -73.982735,
            40.7633167
          ],
          [
            -73.9827657,
            40.7632677
          ],
          [
            -73.9830595,
            40.7627197
          ],
          [
            -73.9830937,
            40.7626581
          ],
          [
            -73.9831198,
            40.7626084
          ],
          [
            -73.9834703,
            40.7620876
          ],
          [
            -73.9835143,
            40.7620168
          ],
          [
            -73.9835556,
            40.7619504
          ],
          [
            -73.9838912,
            40.7614413
          ],
          [
            -73.9839316,
            40.7613821
          ],
          [
            -73.9839741,
            40.7613198
          ],
          [
            -73.9843296,
            40.7608042
          ],
          [
            -73.9843424,
            40.7607856
          ],
          [
            -73.9843675,
            40.7607403
          ],
          [
            -73.9843899,
            40.7606997
          ],
          [
            -73.9843957,
            40.7606875
          ],
          [
            -73.984659,
            40.7601349
          ],
          [
            -73.9846719,
            40.7601079
          ],
          [
            -73.9846937,
            40.7600599
          ],
          [
            -73.9847137,
            40.7600159
          ],
          [
            -73.9847213,
            40.759996
          ],
          [
            -73.9849355,
            40.7594259
          ],
          [
            -73.9849449,
            40.7594019
          ],
          [
            -73.9849694,
            40.7593682
          ],
          [
            -73.9850024,
            40.7593228
          ],
          [
            -73.9850107,
            40.7593107
          ],
          [
            -73.9852116,
            40.7587369
          ],
          [
            -73.9851336,
            40.7587105
          ],
          [
            -73.9851525,
            40.7586876
          ],
          [
            -73.9851848,
            40.7586401
          ],
          [
            -73.9852176,
            40.758592
          ],
          [
            -73.9852358,
            40.75857
          ],
          [
            -73.9851933,
            40.7585511
          ],
          [
            -73.9851316,
            40.7585239
          ],
          [
            -73.9850432,
            40.758485
          ],
          [
            -73.98502,
            40.7584759
          ],
          [
            -73.9853784,
            40.7579892
          ],
          [
            -73.9853912,
            40.7579709
          ],
          [
            -73.9853993,
            40.7579601
          ],
          [
            -73.9854172,
            40.7579142
          ],
          [
            -73.9854354,
            40.7578673
          ],
          [
            -73.9854508,
            40.7578467
          ],
          [
            -73.9855265,
            40.7577358
          ],
          [
            -73.9856929,
            40.757484
          ],
          [
            -73.9857916,
            40.7573266
          ],
          [
            -73.9858019,
            40.7573098
          ],
          [
            -73.9858286,
            40.7572664
          ],
          [
            -73.9858531,
            40.7572266
          ],
          [
            -73.9858687,
            40.7572013
          ],
          [
            -73.9861358,
            40.7566665
          ],
          [
            -73.9861439,
            40.7566379
          ],
          [
            -73.986159,
            40.7565845
          ],
          [
            -73.9861709,
            40.7565422
          ],
          [
            -73.9861761,
            40.7565238
          ],
          [
            -73.9862496,
            40.7563095
          ],
          [
            -73.9862955,
            40.7561713
          ],
          [
            -73.9863795,
            40.7559184
          ],
          [
            -73.9864425,
            40.7559448
          ],
          [
            -73.9864597,
            40.7559211
          ],
          [
            -73.9865087,
            40.7558542
          ],
          [
            -73.9865568,
            40.7557886
          ],
          [
            -73.9865669,
            40.7557589
          ],
          [
            -73.9867635,
            40.7551632
          ],
          [
            -73.9867683,
            40.7551489
          ],
          [
            -73.9867793,
            40.7551
          ],
          [
            -73.9867897,
            40.7550535
          ],
          [
            -73.9867942,
            40.7550356
          ],
          [
            -73.9869828,
            40.7544488
          ],
          [
            -73.9869876,
            40.7544335
          ],
          [
            -73.9870044,
            40.7543809
          ],
          [
            -73.9870169,
            40.7543414
          ],
          [
            -73.9870218,
            40.7543266
          ],
          [
            -73.9870261,
            40.7543134
          ],
          [
            -73.9871202,
            40.7540267
          ],
          [
            -73.9871713,
            40.753871
          ],
          [
            -73.987212,
            40.7537471
          ],
          [
            -73.9872193,
            40.7537268
          ],
          [
            -73.9872321,
            40.7536903
          ],
          [
            -73.9872403,
            40.7536672
          ],
          [
            -73.9872516,
            40.7536352
          ],
          [
            -73.9872559,
            40.7536229
          ],
          [
            -73.9872607,
            40.7536082
          ],
          [
            -73.9874347,
            40.7530297
          ],
          [
            -73.9874381,
            40.7530148
          ],
          [
            -73.9874416,
            40.7530013
          ],
          [
            -73.9874499,
            40.7529663
          ],
          [
            -73.9874576,
            40.7529342
          ],
          [
            -73.9874657,
            40.7529007
          ],
          [
            -73.987469,
            40.7528878
          ],
          [
            -73.987612,
            40.7522935
          ],
          [
            -73.9876154,
            40.7522801
          ],
          [
            -73.9876261,
            40.7522287
          ],
          [
            -73.9876379,
            40.7521724
          ],
          [
            -73.9876413,
            40.7521573
          ],
          [
            -73.987778,
            40.7515553
          ],
          [
            -73.9877811,
            40.7515395
          ],
          [
            -73.9877714,
            40.7514804
          ],
          [
            -73.9877595,
            40.7514074
          ],
          [
            -73.9877909,
            40.7514041
          ],
          [
            -73.9879111,
            40.7508075
          ],
          [
            -73.9879168,
            40.75078
          ],
          [
            -73.9879154,
            40.7507232
          ],
          [
            -73.9879137,
            40.7506861
          ],
          [
            -73.9879182,
            40.7506611
          ],
          [
            -73.9879731,
            40.7504103
          ],
          [
            -73.9879798,
            40.7503799
          ],
          [
            -73.9879868,
            40.7503477
          ],
          [
            -73.9880555,
            40.7500369
          ],
          [
            -73.9880627,
            40.750003
          ],
          [
            -73.9880602,
            40.7499341
          ],
          [
            -73.9880581,
            40.7498657
          ],
          [
            -73.9880568,
            40.7498254
          ],
          [
            -73.9880816,
            40.7498161
          ],
          [
            -73.9881201,
            40.7496155
          ],
          [
            -73.9881338,
            40.7495618
          ],
          [
            -73.9881568,
            40.7495181
          ],
          [
            -73.988354,
            40.7492406
          ],
          [
            -73.9883741,
            40.7492133
          ],
          [
            -73.988392,
            40.7491889
          ],
          [
            -73.9884119,
            40.7491618
          ],
          [
            -73.9884423,
            40.7491325
          ],
          [
            -73.9888091,
            40.7486301
          ],
          [
            -73.9887968,
            40.7486171
          ],
          [
            -73.9888236,
            40.7485797
          ],
          [
            -73.9888368,
            40.7485611
          ],
          [
            -73.988849,
            40.7485439
          ],
          [
            -73.9888704,
            40.748514
          ],
          [
            -73.9889024,
            40.7485148
          ],
          [
            -73.989277,
            40.7480197
          ],
          [
            -73.9893168,
            40.7479662
          ],
          [
            -73.9893646,
            40.7479018
          ],
          [
            -73.9893992,
            40.7478517
          ],
          [
            -73.9897015,
            40.7473924
          ],
          [
            -73.9897463,
            40.7473312
          ],
          [
            -73.9897898,
            40.7472718
          ],
          [
            -73.9901537,
            40.7467744
          ],
          [
            -73.990194,
            40.7467193
          ],
          [
            -73.9902366,
            40.7466611
          ],
          [
            -73.9906058,
            40.7461565
          ],
          [
            -73.9906514,
            40.7460941
          ],
          [
            -73.9906932,
            40.746037
          ],
          [
            -73.9910576,
            40.7455416
          ],
          [
            -73.9911053,
            40.7454788
          ],
          [
            -73.9911478,
            40.7454228
          ],
          [
            -73.9915019,
            40.744927
          ],
          [
            -73.9915414,
            40.7448756
          ],
          [
            -73.9915916,
            40.7448104
          ],
          [
            -73.99196,
            40.7443114
          ],
          [
            -73.9919695,
            40.7442984
          ],
          [
            -73.992009,
            40.7442442
          ],
          [
            -73.9920427,
            40.7441931
          ],
          [
            -73.9924072,
            40.7437014
          ],
          [
            -73.9924176,
            40.7436872
          ],
          [
            -73.992461,
            40.7436284
          ],
          [
            -73.992502,
            40.7435728
          ],
          [
            -73.9928632,
            40.7430565
          ],
          [
            -73.9929262,
            40.74297
          ],
          [
            -73.9929936,
            40.7428774
          ],
          [
            -73.9930072,
            40.7428588
          ],
          [
            -73.993374,
            40.7423614
          ],
          [
            -73.9933798,
            40.742354
          ],
          [
            -73.9934289,
            40.7422922
          ],
          [
            -73.993467,
            40.7422442
          ],
          [
            -73.9938333,
            40.7417386
          ],
          [
            -73.9938722,
            40.7416869
          ],
          [
            -73.9939037,
            40.7416449
          ],
          [
            -73.9939239,
            40.7416181
          ],
          [
            -73.9942541,
            40.7411472
          ],
          [
            -73.9943,
            40.7410866
          ],
          [
            -73.9943366,
            40.7410384
          ],
          [
            -73.9946906,
            40.7405586
          ],
          [
            -73.9947315,
            40.7405005
          ],
          [
            -73.9947673,
            40.7404496
          ],
          [
            -73.9951159,
            40.7399771
          ],
          [
            -73.9951573,
            40.7399186
          ],
          [
            -73.9951938,
            40.7398669
          ],
          [
            -73.9955421,
            40.7393907
          ],
          [
            -73.9955859,
            40.739331
          ],
          [
            -73.9956217,
            40.7392822
          ],
          [
            -73.9959679,
            40.7388063
          ],
          [
            -73.9960119,
            40.7387442
          ],
          [
            -73.9960491,
            40.738692
          ],
          [
            -73.9964214,
            40.7381676
          ],
          [
            -73.9964716,
            40.7381007
          ],
          [
            -73.9965071,
            40.7380534
          ],
          [
            -73.9969101,
            40.7375189
          ],
          [
            -73.9969792,
            40.7374183
          ],
          [
            -73.9970407,
            40.7373293
          ],
          [
            -73.9974325,
            40.7367916
          ],
          [
            -73.9974794,
            40.7367263
          ],
          [
            -73.9975195,
            40.7366703
          ],
          [
            -73.9979022,
            40.7361466
          ],
          [
            -73.9979449,
            40.736091
          ],
          [
            -73.9979876,
            40.7360354
          ],
          [
            -73.9983625,
            40.7355054
          ],
          [
            -73.9984064,
            40.7354458
          ],
          [
            -73.9984432,
            40.7353959
          ],
          [
            -73.9986727,
            40.7350838
          ],
          [
            -73.9987918,
            40.7349213
          ],
          [
            -73.9988635,
            40.7348352
          ],
          [
            -73.9989256,
            40.7347555
          ],
          [
            -73.9989184,
            40.7347471
          ],
          [
            -73.9993217,
            40.7342012
          ],
          [
            -73.9993535,
            40.7341229
          ],
          [
            -73.9993761,
            40.7340852
          ],
          [
            -73.9993946,
            40.7340562
          ],
          [
            -73.9995173,
            40.7338635
          ],
          [
            -73.9995419,
            40.7338547
          ],
          [
            -73.9995896,
            40.7338159
          ],
          [
            -73.9996853,
            40.7337382
          ],
          [
            -73.9996777,
            40.7337146
          ],
          [
            -74.0001544,
            40.7330444
          ],
          [
            -74.0001914,
            40.7329901
          ],
          [
            -74.0002332,
            40.7329289
          ],
          [
            -74.0005965,
            40.7324282
          ],
          [
            -74.0005982,
            40.7324291
          ],
          [
            -74.0006352,
            40.7323777
          ],
          [
            -74.0006733,
            40.7323247
          ],
          [
            -74.0010351,
            40.7318256
          ],
          [
            -74.0010787,
            40.7317628
          ],
          [
            -74.0011205,
            40.7317027
          ],
          [
            -74.0014817,
            40.7311912
          ],
          [
            -74.0015657,
            40.7310675
          ],
          [
            -74.0018204,
            40.7306107
          ],
          [
            -74.0018353,
            40.730584
          ],
          [
            -74.0018695,
            40.730522
          ],
          [
            -74.0018965,
            40.7304732
          ],
          [
            -74.0019147,
            40.7304404
          ],
          [
            -74.002163,
            40.7299932
          ],
          [
            -74.0021721,
            40.7299831
          ],
          [
            -74.0021887,
            40.7299741
          ],
          [
            -74.0021981,
            40.7299564
          ],
          [
            -74.0022293,
            40.7298974
          ],
          [
            -74.0022569,
            40.7298454
          ],
          [
            -74.0022657,
            40.7298287
          ],
          [
            -74.0022875,
            40.7297787
          ],
          [
            -74.0023007,
            40.7297661
          ],
          [
            -74.0023034,
            40.729757
          ],
          [
            -74.0023169,
            40.7297288
          ],
          [
            -74.0023457,
            40.7296703
          ],
          [
            -74.0023474,
            40.7296576
          ],
          [
            -74.0028639,
            40.728582
          ],
          [
            -74.0028764,
            40.7285557
          ],
          [
            -74.0028981,
            40.7285147
          ],
          [
            -74.0029258,
            40.7284622
          ],
          [
            -74.0029371,
            40.7284438
          ],
          [
            -74.0029505,
            40.7284221
          ],
          [
            -74.0029681,
            40.7283859
          ],
          [
            -74.0029907,
            40.7283414
          ],
          [
            -74.0030044,
            40.7283159
          ],
          [
            -74.0030511,
            40.7283209
          ],
          [
            -74.0030874,
            40.7283272
          ],
          [
            -74.0031394,
            40.7283363
          ],
          [
            -74.0031746,
            40.7283396
          ],
          [
            -74.0032702,
            40.7277499
          ],
          [
            -74.0032791,
            40.7277304
          ],
          [
            -74.003303,
            40.7276779
          ],
          [
            -74.0033219,
            40.7276365
          ],
          [
            -74.0033292,
            40.7276206
          ],
          [
            -74.0035451,
            40.7270479
          ],
          [
            -74.0035536,
            40.7270298
          ],
          [
            -74.003581,
            40.7269709
          ],
          [
            -74.0036009,
            40.7269282
          ],
          [
            -74.0036139,
            40.7269004
          ],
          [
            -74.0038638,
            40.7263342
          ],
          [
            -74.0038689,
            40.7263221
          ],
          [
            -74.0038926,
            40.7262656
          ],
          [
            -74.0039084,
            40.7262301
          ],
          [
            -74.0039191,
            40.7262025
          ],
          [
            -74.0040872,
            40.7257647
          ],
          [
            -74.0041578,
            40.7255959
          ],
          [
            -74.0041649,
            40.7255788
          ],
          [
            -74.0041846,
            40.7255275
          ],
          [
            -74.0041987,
            40.725485
          ],
          [
            -74.0042113,
            40.725464
          ],
          [
            -74.0044367,
            40.7249029
          ],
          [
            -74.0046106,
            40.7244639
          ],
          [
            -74.0046314,
            40.7244233
          ],
          [
            -74.004658,
            40.7243328
          ],
          [
            -74.0046617,
            40.7243231
          ],
          [
            -74.004691,
            40.724241
          ],
          [
            -74.0047199,
            40.72417
          ],
          [
            -74.0047259,
            40.7241551
          ],
          [
            -74.0049035,
            40.723732
          ],
          [
            -74.0049084,
            40.7237203
          ],
          [
            -74.0049363,
            40.7236561
          ],
          [
            -74.0049596,
            40.7236026
          ],
          [
            -74.0049665,
            40.7235812
          ],
          [
            -74.0051651,
            40.7230885
          ],
          [
            -74.0051804,
            40.7230694
          ],
          [
            -74.0051966,
            40.7230294
          ],
          [
            -74.0052232,
            40.7229635
          ],
          [
            -74.0052316,
            40.7229422
          ],
          [
            -74.0053339,
            40.7226899
          ],
          [
            -74.0055107,
            40.7222538
          ],
          [
            -74.0055169,
            40.7222347
          ],
          [
            -74.0055211,
            40.7222157
          ],
          [
            -74.0055298,
            40.7221592
          ],
          [
            -74.005535,
            40.7221276
          ],
          [
            -74.0055222,
            40.7219973
          ],
          [
            -74.0055148,
            40.7219216
          ],
          [
            -74.0055077,
            40.7218487
          ],
          [
            -74.0054916,
            40.7218073
          ],
          [
            -74.0054809,
            40.7217841
          ],
          [
            -74.0054656,
            40.7217258
          ],
          [
            -74.0054509,
            40.7216697
          ],
          [
            -74.0054497,
            40.7216425
          ],
          [
            -74.0053888,
            40.7211025
          ],
          [
            -74.005388,
            40.7210897
          ],
          [
            -74.0053859,
            40.7210442
          ],
          [
            -74.0053841,
            40.7210049
          ],
          [
            -74.0053836,
            40.7209893
          ],
          [
            -74.0053743,
            40.7207327
          ],
          [
            -74.0053709,
            40.7206262
          ],
          [
            -74.005398,
            40.7205898
          ],
          [
            -74.0053776,
            40.7205562
          ],
          [
            -74.0053427,
            40.7205037
          ],
          [
            -74.0053104,
            40.720455
          ],
          [
            -74.0052919,
            40.7204516
          ],
          [
            -74.0052787,
            40.7202769
          ],
          [
            -74.0052788,
            40.7202345
          ],
          [
            -74.0052959,
            40.7200578
          ],
          [
            -74.0052986,
            40.7200415
          ],
          [
            -74.0053033,
            40.7200254
          ],
          [
            -74.0053193,
            40.7199862
          ],
          [
            -74.0053252,
            40.7199711
          ],
          [
            -74.005318,
            40.7199165
          ],
          [
            -74.0053086,
            40.7198446
          ],
          [
            -74.0053339,
            40.719837
          ],
          [
            -74.005316,
            40.7194097
          ],
          [
            -74.0053081,
            40.7191333
          ],
          [
            -74.0052946,
            40.7191257
          ],
          [
            -74.0052869,
            40.7190668
          ],
          [
            -74.0052802,
            40.7190172
          ],
          [
            -74.0053035,
            40.7189987
          ],
          [
            -74.0053395,
            40.7187312
          ],
          [
            -74.0053613,
            40.718643
          ],
          [
            -74.0054361,
            40.7183917
          ],
          [
            -74.0054136,
            40.7183818
          ],
          [
            -74.0054378,
            40.7183264
          ],
          [
            -74.0054579,
            40.7182803
          ],
          [
            -74.0054694,
            40.7182778
          ],
          [
            -74.005478,
            40.7182759
          ],
          [
            -74.0058576,
            40.717779
          ],
          [
            -74.0058954,
            40.7177315
          ],
          [
            -74.0059327,
            40.7176846
          ],
          [
            -74.0063273,
            40.7171853
          ],
          [
            -74.0063651,
            40.7171368
          ],
          [
            -74.0064153,
            40.7170722
          ],
          [
            -74.0067724,
            40.7166293
          ],
          [
            -74.0068013,
            40.7165937
          ],
          [
            -74.0068184,
            40.7165726
          ],
          [
            -74.0068313,
            40.7165567
          ],
          [
            -74.0071737,
            40.7161111
          ],
          [
            -74.0071851,
            40.7160967
          ],
          [
            -74.0072097,
            40.7160658
          ],
          [
            -74.0072486,
            40.7160168
          ],
          [
            -74.0072608,
            40.7160014
          ],
          [
            -74.0076169,
            40.7155426
          ],
          [
            -74.0076248,
            40.7155325
          ],
          [
            -74.0076585,
            40.7154894
          ],
          [
            -74.0076923,
            40.7154462
          ],
          [
            -74.0077039,
            40.7154313
          ],
          [
            -74.0080097,
            40.7150431
          ],
          [
            -74.0080174,
            40.7150343
          ],
          [
            -74.0080605,
            40.7149853
          ],
          [
            -74.0080935,
            40.7149477
          ],
          [
            -74.0081056,
            40.7149339
          ],
          [
            -74.0083947,
            40.7145574
          ],
          [
            -74.0084273,
            40.7145151
          ],
          [
            -74.0084351,
            40.7145071
          ],
          [
            -74.0084528,
            40.7144945
          ],
          [
            -74.0084621,
            40.7144858
          ],
          [
            -74.0084762,
            40.7144683
          ],
          [
            -74.0085142,
            40.7144201
          ],
          [
            -74.0085438,
            40.7143824
          ],
          [
            -74.0085597,
            40.7143624
          ],
          [
            -74.0085645,
            40.7143524
          ],
          [
            -74.0085683,
            40.7143342
          ],
          [
            -74.0085733,
            40.7143225
          ],
          [
            -74.0086074,
            40.7142818
          ],
          [
            -74.0089123,
            40.7139184
          ],
          [
            -74.0089261,
            40.7139016
          ],
          [
            -74.0089559,
            40.7138544
          ],
          [
            -74.0089812,
            40.7138143
          ],
          [
            -74.0089944,
            40.7137972
          ],
          [
            -74.0090573,
            40.7137158
          ],
          [
            -74.0092919,
            40.7134119
          ],
          [
            -74.0093017,
            40.7134017
          ],
          [
            -74.009312,
            40.713391
          ],
          [
            -74.0093276,
            40.7133787
          ],
          [
            -74.0093427,
            40.713369
          ],
          [
            -74.0093521,
            40.7133606
          ],
          [
            -74.0093849,
            40.7133134
          ],
          [
            -74.0094073,
            40.713281
          ],
          [
            -74.0094239,
            40.713258
          ],
          [
            -74.0097455,
            40.7128492
          ],
          [
            -74.0097587,
            40.7128327
          ],
          [
            -74.0097957,
            40.7127865
          ],
          [
            -74.0098307,
            40.7127427
          ],
          [
            -74.00984,
            40.712727
          ],
          [
            -74.0098554,
            40.7126975
          ],
          [
            -74.0098894,
            40.7126548
          ],
          [
            -74.0099903,
            40.7125276
          ],
          [
            -74.0102231,
            40.712195
          ],
          [
            -74.0102379,
            40.7121694
          ],
          [
            -74.0102441,
            40.7121376
          ],
          [
            -74.0102527,
            40.7120914
          ],
          [
            -74.0102984,
            40.7120829
          ],
          [
            -74.0104566,
            40.7117633
          ],
          [
            -74.0105211,
            40.7116331
          ],
          [
            -74.0105333,
            40.7116083
          ],
          [
            -74.0105534,
            40.7115913
          ],
          [
            -74.0106057,
            40.71153
          ],
          [
            -74.0106201,
            40.7115084
          ],
          [
            -74.0108358,
            40.7111841
          ],
          [
            -74.0108811,
            40.711116
          ],
          [
            -74.0109029,
            40.7110833
          ],
          [
            -74.0109379,
            40.7110306
          ],
          [
            -74.0109525,
            40.7110088
          ],
          [
            -74.0112637,
            40.7105393
          ],
          [
            -74.0112922,
            40.7104989
          ],
          [
            -74.0113255,
            40.7104488
          ],
          [
            -74.0113605,
            40.7103963
          ],
          [
            -74.0113844,
            40.7103609
          ],
          [
            -74.0114305,
            40.7102918
          ],
          [
            -74.0117361,
            40.7098371
          ],
          [
            -74.011751,
            40.7098098
          ],
          [
            -74.01176,
            40.7097518
          ],
          [
            -74.0117718,
            40.7096919
          ],
          [
            -74.011753,
            40.7096738
          ],
          [
            -74.0117304,
            40.7096522
          ],
          [
            -74.0117216,
            40.7096437
          ],
          [
            -74.0116926,
            40.7096159
          ],
          [
            -74.0116553,
            40.7095801
          ],
          [
            -74.0118223,
            40.7093377
          ],
          [
            -74.0118366,
            40.7093169
          ],
          [
            -74.0118502,
            40.7092778
          ],
          [
            -74.0118585,
            40.7092515
          ],
          [
            -74.0118685,
            40.7092375
          ],
          [
            -74.0119068,
            40.7091859
          ],
          [
            -74.0119328,
            40.7091509
          ],
          [
            -74.011957,
            40.7091183
          ],
          [
            -74.0119946,
            40.7090677
          ],
          [
            -74.0119983,
            40.7090626
          ],
          [
            -74.0120151,
            40.7090406
          ],
          [
            -74.0120316,
            40.7090192
          ],
          [
            -74.012032,
            40.7090034
          ],
          [
            -74.0120799,
            40.7089322
          ],
          [
            -74.0121905,
            40.7087558
          ],
          [
            -74.0121455,
            40.7087392
          ],
          [
            -74.0121008,
            40.7087228
          ],
          [
            -74.0120906,
            40.7087176
          ],
          [
            -74.0120823,
            40.70871
          ],
          [
            -74.012072,
            40.7086939
          ],
          [
            -74.0120694,
            40.708671
          ],
          [
            -74.0120411,
            40.7086664
          ],
          [
            -74.0120069,
            40.708657
          ],
          [
            -74.0119991,
            40.7086549
          ],
          [
            -74.0119197,
            40.7086098
          ],
          [
            -74.0118754,
            40.7085889
          ],
          [
            -74.0118403,
            40.7085699
          ],
          [
            -74.0118553,
            40.7084999
          ],
          [
            -74.0118746,
            40.7084526
          ],
          [
            -74.0119054,
            40.7083913
          ],
          [
            -74.0119401,
            40.7083359
          ],
          [
            -74.0119277,
            40.7083036
          ],
          [
            -74.0119189,
            40.7082761
          ],
          [
            -74.0119197,
            40.7081699
          ],
          [
            -74.0119249,
            40.7081513
          ],
          [
            -74.0119295,
            40.7081292
          ],
          [
            -74.0119217,
            40.7081108
          ],
          [
            -74.0119078,
            40.7081009
          ],
          [
            -74.0119,
            40.7080975
          ],
          [
            -74.0118342,
            40.7080664
          ],
          [
            -74.0118601,
            40.7080335
          ],
          [
            -74.0117164,
            40.7079681
          ],
          [
            -74.0118079,
            40.7078481
          ],
          [
            -74.0118861,
            40.7077455
          ],
          [
            -74.0118637,
            40.7077356
          ],
          [
            -74.0118483,
            40.7077287
          ],
          [
            -74.0119341,
            40.7076174
          ],
          [
            -74.0119943,
            40.7075392
          ],
          [
            -74.0120057,
            40.7075241
          ],
          [
            -74.0120109,
            40.7075173
          ],
          [
            -74.0120278,
            40.7074947
          ],
          [
            -74.0120523,
            40.7074618
          ],
          [
            -74.0120607,
            40.7074506
          ],
          [
            -74.0125591,
            40.7068457
          ],
          [
            -74.0125658,
            40.7068377
          ],
          [
            -74.012584,
            40.7068154
          ],
          [
            -74.0125922,
            40.7068054
          ],
          [
            -74.0126009,
            40.7067942
          ],
          [
            -74.0126187,
            40.7067726
          ],
          [
            -74.0126307,
            40.7067573
          ],
          [
            -74.0133204,
            40.7059518
          ],
          [
            -74.0133354,
            40.7059342
          ],
          [
            -74.0133432,
            40.7059254
          ],
          [
            -74.0133512,
            40.7059056
          ],
          [
            -74.0133632,
            40.7058758
          ],
          [
            -74.0133522,
            40.705869
          ],
          [
            -74.0133188,
            40.7058483
          ],
          [
            -74.0132833,
            40.7058267
          ],
          [
            -74.0132686,
            40.7058176
          ],
          [
            -74.0133,
            40.7057794
          ],
          [
            -74.0133145,
            40.7057616
          ],
          [
            -74.0133445,
            40.7057251
          ],
          [
            -74.0133896,
            40.70567
          ],
          [
            -74.0134021,
            40.7056531
          ],
          [
            -74.0135326,
            40.7053492
          ],
          [
            -74.0135342,
            40.7053422
          ],
          [
            -74.0135495,
            40.7053434
          ],
          [
            -74.0135927,
            40.7053396
          ],
          [
            -74.0136236,
            40.7053266
          ],
          [
            -74.0136795,
            40.7052919
          ],
          [
            -74.0137274,
            40.7052547
          ],
          [
            -74.0137878,
            40.7052002
          ],
          [
            -74.0138509,
            40.7051229
          ],
          [
            -74.0138757,
            40.7050901
          ],
          [
            -74.0138965,
            40.7050551
          ],
          [
            -74.0139142,
            40.7050246
          ],
          [
            -74.0139307,
            40.7049857
          ],
          [
            -74.0139373,
            40.7049481
          ],
          [
            -74.0139369,
            40.7049197
          ],
          [
            -74.0139448,
            40.704909
          ],
          [
            -74.0139603,
            40.7048781
          ],
          [
            -74.0139926,
            40.7047891
          ],
          [
            -74.0140139,
            40.7047368
          ],
          [
            -74.0140355,
            40.704698
          ],
          [
            -74.0140592,
            40.7046623
          ],
          [
            -74.0140902,
            40.7046218
          ],
          [
            -74.0141025,
            40.7046027
          ],
          [
            -74.014108,
            40.7045922
          ],
          [
            -74.0141128,
            40.7045796
          ],
          [
            -74.0141146,
            40.7045696
          ],
          [
            -74.0141159,
            40.7045539
          ],
          [
            -74.0141192,
            40.7045211
          ],
          [
            -74.0141248,
            40.7044532
          ],
          [
            -74.0141527,
            40.7042993
          ],
          [
            -74.0142383,
            40.7038282
          ],
          [
            -74.0142638,
            40.703663
          ],
          [
            -74.0142631,
            40.7036578
          ],
          [
            -74.0142601,
            40.7036507
          ],
          [
            -74.0142598,
            40.703646
          ],
          [
            -74.0142753,
            40.7036168
          ],
          [
            -74.0143022,
            40.7035663
          ],
          [
            -74.0142814,
            40.7035561
          ],
          [
            -74.0142991,
            40.7034318
          ],
          [
            -74.01433,
            40.7032322
          ],
          [
            -74.0143529,
            40.7032153
          ],
          [
            -74.0143278,
            40.703166
          ],
          [
            -74.0143031,
            40.7031173
          ],
          [
            -74.0144186,
            40.7031005
          ],
          [
            -74.0145016,
            40.7030884
          ],
          [
            -74.0145338,
            40.7030842
          ],
          [
            -74.0145067,
            40.7030075
          ],
          [
            -74.0144717,
            40.7029231
          ],
          [
            -74.0144371,
            40.7028594
          ],
          [
            -74.0144144,
            40.7028198
          ],
          [
            -74.0143761,
            40.702763
          ],
          [
            -74.0143132,
            40.7026909
          ],
          [
            -74.0142388,
            40.7026191
          ],
          [
            -74.0141786,
            40.7025575
          ],
          [
            -74.0142132,
            40.7025259
          ],
          [
            -74.0142475,
            40.7024869
          ],
          [
            -74.0142616,
            40.7024663
          ],
          [
            -74.0142779,
            40.7024424
          ],
          [
            -74.0143108,
            40.7023904
          ],
          [
            -74.0143366,
            40.7023414
          ],
          [
            -74.0143702,
            40.7022894
          ],
          [
            -74.0144078,
            40.7022344
          ],
          [
            -74.014448,
            40.7021924
          ],
          [
            -74.0144882,
            40.7021539
          ],
          [
            -74.0145305,
            40.7021215
          ],
          [
            -74.0145787,
            40.702081
          ],
          [
            -74.0146605,
            40.7019989
          ],
          [
            -74.0146769,
            40.7019825
          ],
          [
            -74.014763,
            40.7018952
          ],
          [
            -74.0148791,
            40.7017776
          ],
          [
            -74.0148628,
            40.7017641
          ],
          [
            -74.0148503,
            40.7017426
          ],
          [
            -74.0148476,
            40.7017192
          ],
          [
            -74.0148549,
            40.7016964
          ],
          [
            -74.0148708,
            40.7016772
          ],
          [
            -74.0148937,
            40.7016627
          ],
          [
            -74.0149214,
            40.7016542
          ],
          [
            -74.0149512,
            40.7016527
          ],
          [
            -74.0149801,
            40.7016583
          ],
          [
            -74.0150054,
            40.7016703
          ],
          [
            -74.0150484,
            40.7016388
          ],
          [
            -74.0151551,
            40.7015688
          ],
          [
            -74.0152387,
            40.7015068
          ],
          [
            -74.0153326,
            40.701443
          ],
          [
            -74.0153948,
            40.7014008
          ],
          [
            -74.0154267,
            40.7013909
          ],
          [
            -74.0154565,
            40.7013876
          ],
          [
            -74.0154894,
            40.7013938
          ],
          [
            -74.0155216,
            40.7014059
          ],
          [
            -74.0155698,
            40.7013751
          ],
          [
            -74.0155751,
            40.7013718
          ],
          [
            -74.0155924,
            40.7013585
          ],
          [
            -74.0156109,
            40.7013443
          ],
          [
            -74.0158253,
            40.7015143
          ],
          [
            -74.0160434,
            40.7017026
          ],
          [
            -74.0160745,
            40.7016814
          ]
        ]
      }
    },
    {
      "type": "Feature",
      "properties": {
        "scenario": "HARD - Battery Park tip, huge target",
        "shape": "round",
        "target_miles": 12.0,
        "distance_m": 19344.803990018914,
        "candidate_index": 1
      },
      "geometry": {
        "type": "LineString",
        "coordinates": [
          [
            -74.0160745,
            40.7016814
          ],
          [
            -74.0160434,
            40.7017026
          ],
          [
            -74.0158253,
            40.7015143
          ],
          [
            -74.0156109,
            40.7013443
          ],
          [
            -74.0155924,
            40.7013585
          ],
          [
            -74.0155751,
            40.7013718
          ],
          [
            -74.0155698,
            40.7013751
          ],
          [
            -74.0155216,
            40.7014059
          ],
          [
            -74.0154894,
            40.7013938
          ],
          [
            -74.0154565,
            40.7013876
          ],
          [
            -74.0154267,
            40.7013909
          ],
          [
            -74.0153948,
            40.7014008
          ],
          [
            -74.0153326,
            40.701443
          ],
          [
            -74.0152387,
            40.7015068
          ],
          [
            -74.0151551,
            40.7015688
          ],
          [
            -74.0150484,
            40.7016388
          ],
          [
            -74.0150054,
            40.7016703
          ],
          [
            -74.0149801,
            40.7016583
          ],
          [
            -74.0149512,
            40.7016527
          ],
          [
            -74.0149214,
            40.7016542
          ],
          [
            -74.0148937,
            40.7016627
          ],
          [
            -74.0148708,
            40.7016772
          ],
          [
            -74.0148549,
            40.7016964
          ],
          [
            -74.0148476,
            40.7017192
          ],
          [
            -74.0148503,
            40.7017426
          ],
          [
            -74.0148628,
            40.7017641
          ],
          [
            -74.0148791,
            40.7017776
          ],
          [
            -74.014763,
            40.7018952
          ],
          [
            -74.0146769,
            40.7019825
          ],
          [
            -74.0146605,
            40.7019989
          ],
          [
            -74.0145787,
            40.702081
          ],
          [
            -74.0145305,
            40.7021215
          ],
          [
            -74.0144882,
            40.7021539
          ],
          [
            -74.014448,
            40.7021924
          ],
          [
            -74.0144078,
            40.7022344
          ],
          [
            -74.0143702,
            40.7022894
          ],
          [
            -74.0143366,
            40.7023414
          ],
          [
            -74.0143108,
            40.7023904
          ],
          [
            -74.0142779,
            40.7024424
          ],
          [
            -74.0142616,
            40.7024663
          ],
          [
            -74.0142475,
            40.7024869
          ],
          [
            -74.0142132,
            40.7025259
          ],
          [
            -74.0141786,
            40.7025575
          ],
          [
            -74.0141419,
            40.7025201
          ],
          [
            -74.0140373,
            40.7024018
          ],
          [
            -74.0139708,
            40.7023335
          ],
          [
            -74.0139382,
            40.7023708
          ],
          [
            -74.0138706,
            40.702451
          ],
          [
            -74.0138195,
            40.7025117
          ],
          [
            -74.0138055,
            40.7025272
          ],
          [
            -74.0137532,
            40.7024928
          ],
          [
            -74.0137406,
            40.7024854
          ],
          [
            -74.0137158,
            40.7024729
          ],
          [
            -74.0136858,
            40.7024623
          ],
          [
            -74.0136503,
            40.7024545
          ],
          [
            -74.0136098,
            40.7024528
          ],
          [
            -74.0135428,
            40.7024559
          ],
          [
            -74.0130911,
            40.7024861
          ],
          [
            -74.0130356,
            40.7024922
          ],
          [
            -74.0129909,
            40.7025003
          ],
          [
            -74.0129469,
            40.7025114
          ],
          [
            -74.0129285,
            40.7025191
          ],
          [
            -74.0129106,
            40.7025262
          ],
          [
            -74.0128618,
            40.7025405
          ],
          [
            -74.0128225,
            40.7025521
          ],
          [
            -74.0127703,
            40.7025713
          ],
          [
            -74.0128004,
            40.702725
          ],
          [
            -74.0127958,
            40.7027411
          ],
          [
            -74.0124357,
            40.7028346
          ],
          [
            -74.0124248,
            40.7028373
          ],
          [
            -74.0123832,
            40.702847
          ],
          [
            -74.0123461,
            40.7028557
          ],
          [
            -74.0123319,
            40.7028593
          ],
          [
            -74.0116383,
            40.7030433
          ],
          [
            -74.011615,
            40.70305
          ],
          [
            -74.0115958,
            40.7030551
          ],
          [
            -74.0115398,
            40.7030692
          ],
          [
            -74.0114653,
            40.7030879
          ],
          [
            -74.0114383,
            40.7030945
          ],
          [
            -74.0108573,
            40.7032454
          ],
          [
            -74.0106064,
            40.7033106
          ],
          [
            -74.0105783,
            40.703317
          ],
          [
            -74.0104569,
            40.7033446
          ],
          [
            -74.0103491,
            40.7033689
          ],
          [
            -74.0102883,
            40.7033874
          ],
          [
            -74.0102399,
            40.7034026
          ],
          [
            -74.0102212,
            40.7034143
          ],
          [
            -74.0096695,
            40.7037773
          ],
          [
            -74.0091197,
            40.704139
          ],
          [
            -74.0091033,
            40.7041491
          ],
          [
            -74.0091023,
            40.7041497
          ],
          [
            -74.0090816,
            40.7041623
          ],
          [
            -74.0090437,
            40.7041846
          ],
          [
            -74.0089703,
            40.7042298
          ],
          [
            -74.0089563,
            40.70425
          ],
          [
            -74.0089444,
            40.7042638
          ],
          [
            -74.0089272,
            40.7042796
          ],
          [
            -74.0089056,
            40.704298
          ],
          [
            -74.0083049,
            40.7047095
          ],
          [
            -74.0082968,
            40.7047151
          ],
          [
            -74.0082545,
            40.7047445
          ],
          [
            -74.008206,
            40.704778
          ],
          [
            -74.0081876,
            40.704791
          ],
          [
            -74.0081408,
            40.7048235
          ],
          [
            -74.0080864,
            40.704862
          ],
          [
            -74.007572,
            40.7052187
          ],
          [
            -74.0075495,
            40.7052343
          ],
          [
            -74.0075197,
            40.7052532
          ],
          [
            -74.0074944,
            40.7052646
          ],
          [
            -74.0074683,
            40.7052764
          ],
          [
            -74.0074176,
            40.7052992
          ],
          [
            -74.0074335,
            40.7053095
          ],
          [
            -74.0069006,
            40.7056849
          ],
          [
            -74.0068893,
            40.7056927
          ],
          [
            -74.0068646,
            40.7057058
          ],
          [
            -74.0068382,
            40.7057198
          ],
          [
            -74.0068228,
            40.7057309
          ],
          [
            -74.0061913,
            40.7061714
          ],
          [
            -74.0061698,
            40.7061687
          ],
          [
            -74.0061509,
            40.7061835
          ],
          [
            -74.0061082,
            40.7062155
          ],
          [
            -74.0060608,
            40.706251
          ],
          [
            -74.0060502,
            40.7062582
          ],
          [
            -74.0060527,
            40.7062713
          ],
          [
            -74.0058148,
            40.7064345
          ],
          [
            -74.005807,
            40.7064398
          ],
          [
            -74.0057889,
            40.7064562
          ],
          [
            -74.0057704,
            40.7064731
          ],
          [
            -74.0057599,
            40.7064808
          ],
          [
            -74.0057383,
            40.7064968
          ],
          [
            -74.005178,
            40.7069102
          ],
          [
            -74.0051294,
            40.706945
          ],
          [
            -74.0050716,
            40.7069795
          ],
          [
            -74.005013,
            40.7070128
          ],
          [
            -74.0049882,
            40.707028
          ],
          [
            -74.0042871,
            40.7074424
          ],
          [
            -74.0042637,
            40.707462
          ],
          [
            -74.0042266,
            40.7075056
          ],
          [
            -74.0042149,
            40.7075161
          ],
          [
            -74.0041961,
            40.7075278
          ],
          [
            -74.0041354,
            40.7075744
          ],
          [
            -74.004073,
            40.707622
          ],
          [
            -74.0040635,
            40.7076261
          ],
          [
            -74.0040395,
            40.7076331
          ],
          [
            -74.004028,
            40.7076387
          ],
          [
            -74.0040098,
            40.7076517
          ],
          [
            -74.0039848,
            40.7076761
          ],
          [
            -74.0039409,
            40.7077198
          ],
          [
            -74.0036056,
            40.7080673
          ],
          [
            -74.0035862,
            40.7080862
          ],
          [
            -74.0035769,
            40.7080953
          ],
          [
            -74.0035208,
            40.7081502
          ],
          [
            -74.0034852,
            40.7081826
          ],
          [
            -74.003472,
            40.7081946
          ],
          [
            -74.0034365,
            40.7082241
          ],
          [
            -74.0034134,
            40.7082432
          ],
          [
            -74.0032417,
            40.7083934
          ],
          [
            -74.0030883,
            40.7085241
          ],
          [
            -74.0030352,
            40.7085692
          ],
          [
            -74.0030247,
            40.7085781
          ],
          [
            -74.0030133,
            40.7085879
          ],
          [
            -74.0030009,
            40.7085982
          ],
          [
            -74.0029884,
            40.7086085
          ],
          [
            -74.0026869,
            40.7088578
          ],
          [
            -74.0026559,
            40.7088817
          ],
          [
            -74.0025613,
            40.7089548
          ],
          [
            -74.0021437,
            40.7092736
          ],
          [
            -74.0018322,
            40.7095114
          ],
          [
            -74.0018118,
            40.7095292
          ],
          [
            -74.0017841,
            40.7095851
          ],
          [
            -74.0017612,
            40.7096314
          ],
          [
            -74.0017265,
            40.7096603
          ],
          [
            -74.0017143,
            40.7096705
          ],
          [
            -74.0016837,
            40.7096952
          ],
          [
            -74.0016569,
            40.7097179
          ],
          [
            -74.0016386,
            40.709735
          ],
          [
            -74.0015336,
            40.7098333
          ],
          [
            -74.0014543,
            40.7099175
          ],
          [
            -74.0014301,
            40.7099432
          ],
          [
            -74.001406,
            40.7099722
          ],
          [
            -74.0013865,
            40.7099957
          ],
          [
            -74.0013702,
            40.7100176
          ],
          [
            -74.0013586,
            40.7100332
          ],
          [
            -74.001353,
            40.7100516
          ],
          [
            -74.0013499,
            40.7100756
          ],
          [
            -74.0013491,
            40.7100887
          ],
          [
            -74.0013531,
            40.7100994
          ],
          [
            -74.0013553,
            40.7101118
          ],
          [
            -74.0013516,
            40.7101222
          ],
          [
            -74.0013342,
            40.7101466
          ],
          [
            -74.0013057,
            40.7101868
          ],
          [
            -74.0012524,
            40.7102618
          ],
          [
            -74.0012101,
            40.7103207
          ],
          [
            -74.001176,
            40.7103642
          ],
          [
            -74.0008,
            40.7108667
          ],
          [
            -74.000779,
            40.7108981
          ],
          [
            -74.000766,
            40.7109265
          ],
          [
            -74.0007592,
            40.7109485
          ],
          [
            -74.0007562,
            40.7109618
          ],
          [
            -74.0007542,
            40.7109914
          ],
          [
            -74.0007205,
            40.7109908
          ],
          [
            -74.0006074,
            40.7110832
          ],
          [
            -74.0005155,
            40.7111583
          ],
          [
            -74.0004961,
            40.7111748
          ],
          [
            -74.0000209,
            40.7116379
          ],
          [
            -74.0000008,
            40.7116626
          ],
          [
            -73.999993,
            40.7116752
          ],
          [
            -73.9999829,
            40.7116895
          ],
          [
            -73.9999011,
            40.7117721
          ],
          [
            -73.9998295,
            40.7118444
          ],
          [
            -73.9998082,
            40.7118653
          ],
          [
            -73.9997387,
            40.7118694
          ],
          [
            -73.9996149,
            40.7118861
          ],
          [
            -73.9994982,
            40.7119019
          ],
          [
            -73.9994543,
            40.7119005
          ],
          [
            -73.9989167,
            40.7124385
          ],
          [
            -73.9988906,
            40.7124624
          ],
          [
            -73.9988632,
            40.7124968
          ],
          [
            -73.9988304,
            40.712538
          ],
          [
            -73.9988192,
            40.7125495
          ],
          [
            -73.9986567,
            40.7127056
          ],
          [
            -73.9984059,
            40.7129465
          ],
          [
            -73.9982114,
            40.713126
          ],
          [
            -73.9982017,
            40.7131359
          ],
          [
            -73.9981935,
            40.7131444
          ],
          [
            -73.9981482,
            40.7131879
          ],
          [
            -73.9980888,
            40.7132485
          ],
          [
            -73.9980675,
            40.7132667
          ],
          [
            -73.9980633,
            40.7132922
          ],
          [
            -73.9980425,
            40.7134185
          ],
          [
            -73.9980235,
            40.7135332
          ],
          [
            -73.9980206,
            40.7135505
          ],
          [
            -73.9979988,
            40.7135641
          ],
          [
            -73.9979081,
            40.7136069
          ],
          [
            -73.9978146,
            40.713651
          ],
          [
            -73.9977925,
            40.7136668
          ],
          [
            -73.9976944,
            40.7137351
          ],
          [
            -73.9974805,
            40.7138853
          ],
          [
            -73.997473,
            40.7138959
          ],
          [
            -73.997434,
            40.713939
          ],
          [
            -73.997424,
            40.7139518
          ],
          [
            -73.997392,
            40.7139967
          ],
          [
            -73.9973424,
            40.7139968
          ],
          [
            -73.997314,
            40.7139967
          ],
          [
            -73.997282,
            40.7139971
          ],
          [
            -73.9949585,
            40.714166
          ],
          [
            -73.9949233,
            40.7141677
          ],
          [
            -73.9948906,
            40.7141695
          ],
          [
            -73.9948121,
            40.714174
          ],
          [
            -73.994749,
            40.7141759
          ],
          [
            -73.9947286,
            40.7141774
          ],
          [
            -73.9947212,
            40.7141779
          ],
          [
            -73.9942722,
            40.7142095
          ],
          [
            -73.9942451,
            40.7142116
          ],
          [
            -73.9942219,
            40.7142135
          ],
          [
            -73.994116,
            40.7142198
          ],
          [
            -73.9940548,
            40.7142234
          ],
          [
            -73.9939897,
            40.7142272
          ],
          [
            -73.9939421,
            40.71423
          ],
          [
            -73.99391,
            40.7142317
          ],
          [
            -73.9938737,
            40.7142344
          ],
          [
            -73.9938753,
            40.7142553
          ],
          [
            -73.9938668,
            40.7142927
          ],
          [
            -73.9938548,
            40.7143447
          ],
          [
            -73.993849,
            40.7143567
          ],
          [
            -73.9938294,
            40.7143548
          ],
          [
            -73.9938076,
            40.7143539
          ],
          [
            -73.993423,
            40.7143813
          ],
          [
            -73.9931085,
            40.7144023
          ],
          [
            -73.9930878,
            40.714417
          ],
          [
            -73.9930746,
            40.7144328
          ],
          [
            -73.9930719,
            40.7144359
          ],
          [
            -73.9927395,
            40.715072
          ],
          [
            -73.992736,
            40.7150785
          ],
          [
            -73.9927046,
            40.7151446
          ],
          [
            -73.9926676,
            40.7152225
          ],
          [
            -73.9926652,
            40.7152278
          ],
          [
            -73.9921575,
            40.7162256
          ],
          [
            -73.9921475,
            40.7162452
          ],
          [
            -73.9921307,
            40.7162779
          ],
          [
            -73.992113,
            40.7163124
          ],
          [
            -73.9921037,
            40.7163307
          ],
          [
            -73.9918474,
            40.7168319
          ],
          [
            -73.9915657,
            40.717382
          ],
          [
            -73.9915535,
            40.7174042
          ],
          [
            -73.9915268,
            40.7174587
          ],
          [
            -73.9915036,
            40.7175093
          ],
          [
            -73.9914914,
            40.7175331
          ],
          [
            -73.9910827,
            40.7183291
          ],
          [
            -73.9910759,
            40.7183405
          ],
          [
            -73.9910608,
            40.7183743
          ],
          [
            -73.9910393,
            40.7184228
          ],
          [
            -73.9910324,
            40.7184367
          ],
          [
            -73.9906738,
            40.7191135
          ],
          [
            -73.990661,
            40.7191379
          ],
          [
            -73.9906219,
            40.7192072
          ],
          [
            -73.9906079,
            40.719234
          ],
          [
            -73.9905681,
            40.7193142
          ],
          [
            -73.9905492,
            40.71935
          ],
          [
            -73.9905132,
            40.719422
          ],
          [
            -73.9905011,
            40.7194458
          ],
          [
            -73.990343,
            40.7197551
          ],
          [
            -73.9899562,
            40.7205147
          ],
          [
            -73.9899471,
            40.7205337
          ],
          [
            -73.9899338,
            40.7205559
          ],
          [
            -73.9899126,
            40.7206002
          ],
          [
            -73.9899034,
            40.720618
          ],
          [
            -73.9894063,
            40.7215702
          ],
          [
            -73.9893786,
            40.721666
          ],
          [
            -73.9893742,
            40.7216888
          ],
          [
            -73.9893649,
            40.7217102
          ],
          [
            -73.989347,
            40.7217519
          ],
          [
            -73.9893419,
            40.7217764
          ],
          [
            -73.9890996,
            40.7224002
          ],
          [
            -73.988956,
            40.7227752
          ],
          [
            -73.9889232,
            40.7228561
          ],
          [
            -73.9889166,
            40.7228785
          ],
          [
            -73.9888832,
            40.7229373
          ],
          [
            -73.9888502,
            40.7229954
          ],
          [
            -73.9888341,
            40.7230186
          ],
          [
            -73.988814,
            40.7230393
          ],
          [
            -73.988768,
            40.7230866
          ],
          [
            -73.9887413,
            40.7231133
          ],
          [
            -73.9886004,
            40.7232679
          ],
          [
            -73.9885903,
            40.7232919
          ],
          [
            -73.9885739,
            40.7233294
          ],
          [
            -73.9885509,
            40.723381
          ],
          [
            -73.9885452,
            40.7233963
          ],
          [
            -73.9881557,
            40.7239369
          ],
          [
            -73.9881426,
            40.7239551
          ],
          [
            -73.9881105,
            40.7239933
          ],
          [
            -73.9880855,
            40.7240295
          ],
          [
            -73.9880741,
            40.7240455
          ],
          [
            -73.9876811,
            40.7245853
          ],
          [
            -73.9876647,
            40.7246078
          ],
          [
            -73.9876385,
            40.7246415
          ],
          [
            -73.9876056,
            40.7246887
          ],
          [
            -73.9875999,
            40.7246971
          ],
          [
            -73.9872427,
            40.7251998
          ],
          [
            -73.987197,
            40.7252627
          ],
          [
            -73.9871624,
            40.725297
          ],
          [
            -73.9867982,
            40.7257894
          ],
          [
            -73.9867869,
            40.7258046
          ],
          [
            -73.9867538,
            40.7258525
          ],
          [
            -73.9867257,
            40.7258911
          ],
          [
            -73.9867111,
            40.7259111
          ],
          [
            -73.9863504,
            40.7264118
          ],
          [
            -73.9863098,
            40.7264657
          ],
          [
            -73.9862674,
            40.7265216
          ],
          [
            -73.9859317,
            40.7269926
          ],
          [
            -73.9858913,
            40.7270468
          ],
          [
            -73.9858518,
            40.7270998
          ],
          [
            -73.9854771,
            40.7276036
          ],
          [
            -73.9854389,
            40.7276552
          ],
          [
            -73.9853988,
            40.7277094
          ],
          [
            -73.9850487,
            40.728194
          ],
          [
            -73.985002,
            40.7282578
          ],
          [
            -73.9849687,
            40.7283033
          ],
          [
            -73.9846192,
            40.7287914
          ],
          [
            -73.9845838,
            40.7288408
          ],
          [
            -73.9845438,
            40.7288939
          ],
          [
            -73.9841838,
            40.7293879
          ],
          [
            -73.984149,
            40.7294356
          ],
          [
            -73.9841055,
            40.7294954
          ],
          [
            -73.9837256,
            40.7300205
          ],
          [
            -73.9836809,
            40.7300802
          ],
          [
            -73.9836411,
            40.7301331
          ],
          [
            -73.9832478,
            40.73066
          ],
          [
            -73.9832102,
            40.730715
          ],
          [
            -73.9831692,
            40.7307748
          ],
          [
            -73.9827745,
            40.7313166
          ],
          [
            -73.982757,
            40.7313239
          ],
          [
            -73.9827492,
            40.7313346
          ],
          [
            -73.982696,
            40.7314072
          ],
          [
            -73.9826509,
            40.7314688
          ],
          [
            -73.982645,
            40.7314769
          ],
          [
            -73.9826475,
            40.731491
          ],
          [
            -73.9822499,
            40.7320415
          ],
          [
            -73.9822437,
            40.73205
          ],
          [
            -73.9822129,
            40.732093
          ],
          [
            -73.9821828,
            40.7321347
          ],
          [
            -73.9821645,
            40.7321596
          ],
          [
            -73.9817864,
            40.7326729
          ],
          [
            -73.9817426,
            40.7327377
          ],
          [
            -73.9817028,
            40.7328024
          ],
          [
            -73.9813663,
            40.7332649
          ],
          [
            -73.9813186,
            40.7333281
          ],
          [
            -73.9812814,
            40.7333774
          ],
          [
            -73.9809371,
            40.7338523
          ],
          [
            -73.9809254,
            40.7338678
          ],
          [
            -73.980896,
            40.7339069
          ],
          [
            -73.9808595,
            40.7339554
          ],
          [
            -73.9808515,
            40.733966
          ],
          [
            -73.9805039,
            40.7344407
          ],
          [
            -73.9804664,
            40.734492
          ],
          [
            -73.9804231,
            40.7345512
          ],
          [
            -73.9800772,
            40.7350198
          ],
          [
            -73.9800387,
            40.7350803
          ],
          [
            -73.9800026,
            40.7351371
          ],
          [
            -73.9796533,
            40.7356095
          ],
          [
            -73.9796042,
            40.7356738
          ],
          [
            -73.9795665,
            40.7357242
          ],
          [
            -73.9791967,
            40.736225
          ],
          [
            -73.9791579,
            40.7362804
          ],
          [
            -73.9791146,
            40.7363403
          ],
          [
            -73.9787534,
            40.7368574
          ],
          [
            -73.9787401,
            40.7368756
          ],
          [
            -73.978682,
            40.7369551
          ],
          [
            -73.9786205,
            40.7370393
          ],
          [
            -73.9786103,
            40.7370534
          ],
          [
            -73.9782396,
            40.7375535
          ],
          [
            -73.9782238,
            40.7375757
          ],
          [
            -73.9781925,
            40.7376196
          ],
          [
            -73.9781675,
            40.7376535
          ],
          [
            -73.9781506,
            40.7376764
          ],
          [
            -73.9777825,
            40.7381753
          ],
          [
            -73.9777394,
            40.7382353
          ],
          [
            -73.9776963,
            40.7382939
          ],
          [
            -73.9773296,
            40.7387917
          ],
          [
            -73.9772864,
            40.7388536
          ],
          [
            -73.977242,
            40.7389171
          ],
          [
            -73.9768966,
            40.7393917
          ],
          [
            -73.9768773,
            40.7394181
          ],
          [
            -73.97684,
            40.739469
          ],
          [
            -73.9768066,
            40.7395145
          ],
          [
            -73.9767973,
            40.7395272
          ],
          [
            -73.9767888,
            40.7395388
          ],
          [
            -73.9764307,
            40.7400288
          ],
          [
            -73.9763837,
            40.7400929
          ],
          [
            -73.976343,
            40.7401486
          ],
          [
            -73.9759793,
            40.740646
          ],
          [
            -73.975935,
            40.7407056
          ],
          [
            -73.9758909,
            40.7407649
          ],
          [
            -73.9755271,
            40.7412592
          ],
          [
            -73.9754659,
            40.7413461
          ],
          [
            -73.9754105,
            40.7414248
          ],
          [
            -73.9748306,
            40.7422236
          ],
          [
            -73.9744227,
            40.7427857
          ],
          [
            -73.9742051,
            40.7430747
          ],
          [
            -73.9741507,
            40.743148
          ],
          [
            -73.9740939,
            40.7432246
          ],
          [
            -73.9737177,
            40.7437437
          ],
          [
            -73.9737028,
            40.7437643
          ],
          [
            -73.9736483,
            40.7438456
          ],
          [
            -73.9736117,
            40.7439001
          ],
          [
            -73.9735797,
            40.7439444
          ],
          [
            -73.9732143,
            40.7444438
          ],
          [
            -73.9731678,
            40.7445135
          ],
          [
            -73.9731106,
            40.7445993
          ],
          [
            -73.9727676,
            40.7450687
          ],
          [
            -73.9727204,
            40.7451301
          ],
          [
            -73.9726711,
            40.7451989
          ],
          [
            -73.9723029,
            40.7456848
          ],
          [
            -73.9722599,
            40.7457452
          ],
          [
            -73.9722171,
            40.7458054
          ],
          [
            -73.971866,
            40.7462948
          ],
          [
            -73.9718209,
            40.7463608
          ],
          [
            -73.971779,
            40.7464221
          ],
          [
            -73.9716561,
            40.7465908
          ],
          [
            -73.9714056,
            40.746922
          ],
          [
            -73.971359,
            40.7469892
          ],
          [
            -73.9713254,
            40.7470375
          ],
          [
            -73.9709654,
            40.7475369
          ],
          [
            -73.9709393,
            40.7476207
          ],
          [
            -73.9709202,
            40.747682
          ],
          [
            -73.9709142,
            40.7476908
          ],
          [
            -73.9705676,
            40.7481588
          ],
          [
            -73.970559,
            40.7482844
          ],
          [
            -73.9701493,
            40.7488154
          ],
          [
            -73.9701462,
            40.7488284
          ],
          [
            -73.970123,
            40.7488512
          ],
          [
            -73.9700536,
            40.7489203
          ],
          [
            -73.9699802,
            40.7489913
          ],
          [
            -73.9699541,
            40.7490169
          ],
          [
            -73.9699792,
            40.7490857
          ],
          [
            -73.9697152,
            40.7494516
          ],
          [
            -73.9695151,
            40.749486
          ],
          [
            -73.9694771,
            40.7495376
          ],
          [
            -73.9694122,
            40.7496302
          ],
          [
            -73.969067,
            40.7501226
          ],
          [
            -73.9690554,
            40.7501391
          ],
          [
            -73.9690237,
            40.7501792
          ],
          [
            -73.9689868,
            40.7502261
          ],
          [
            -73.9689721,
            40.750245
          ],
          [
            -73.9686139,
            40.7507403
          ],
          [
            -73.9686034,
            40.7507549
          ],
          [
            -73.9685918,
            40.7507713
          ],
          [
            -73.9685658,
            40.7508123
          ],
          [
            -73.96854,
            40.750853
          ],
          [
            -73.9685273,
            40.7508719
          ],
          [
            -73.9681602,
            40.7513751
          ],
          [
            -73.9681461,
            40.751394
          ],
          [
            -73.9681142,
            40.751437
          ],
          [
            -73.9680847,
            40.7514796
          ],
          [
            -73.968074,
            40.7514951
          ],
          [
            -73.9678844,
            40.7517665
          ],
          [
            -73.9678422,
            40.7518749
          ],
          [
            -73.9677798,
            40.752026
          ],
          [
            -73.9677623,
            40.7520315
          ],
          [
            -73.9677417,
            40.752079
          ],
          [
            -73.9677179,
            40.7521342
          ],
          [
            -73.9674872,
            40.7524608
          ],
          [
            -73.967347,
            40.7526553
          ],
          [
            -73.967294,
            40.7527353
          ],
          [
            -73.9672552,
            40.7527849
          ],
          [
            -73.9672417,
            40.7527904
          ],
          [
            -73.9670584,
            40.7528727
          ],
          [
            -73.9667879,
            40.753256
          ],
          [
            -73.9667489,
            40.7533112
          ],
          [
            -73.9667094,
            40.753367
          ],
          [
            -73.9663352,
            40.7538812
          ],
          [
            -73.9662951,
            40.7539322
          ],
          [
            -73.966247,
            40.7539934
          ],
          [
            -73.965875,
            40.7545093
          ],
          [
            -73.9658386,
            40.754559
          ],
          [
            -73.9657902,
            40.7546251
          ],
          [
            -73.9654224,
            40.7551348
          ],
          [
            -73.9653751,
            40.7551996
          ],
          [
            -73.9653352,
            40.7552543
          ],
          [
            -73.9649705,
            40.7557541
          ],
          [
            -73.9649202,
            40.7558231
          ],
          [
            -73.964875,
            40.7558852
          ],
          [
            -73.9645161,
            40.7563888
          ],
          [
            -73.9644695,
            40.7564528
          ],
          [
            -73.9644331,
            40.7565029
          ],
          [
            -73.9640526,
            40.7570131
          ],
          [
            -73.964002,
            40.7570821
          ],
          [
            -73.9639632,
            40.7571349
          ],
          [
            -73.9636101,
            40.7576394
          ],
          [
            -73.9635653,
            40.7577027
          ],
          [
            -73.963524,
            40.757761
          ],
          [
            -73.9631293,
            40.7582654
          ],
          [
            -73.9630553,
            40.7583688
          ],
          [
            -73.9629864,
            40.7584651
          ],
          [
            -73.9626127,
            40.7589847
          ],
          [
            -73.9625684,
            40.7590453
          ],
          [
            -73.9625236,
            40.7591058
          ],
          [
            -73.9621524,
            40.7596158
          ],
          [
            -73.9621397,
            40.7596325
          ],
          [
            -73.9620929,
            40.759689
          ],
          [
            -73.9620498,
            40.7597415
          ],
          [
            -73.9620384,
            40.7597551
          ],
          [
            -73.9617109,
            40.7602278
          ],
          [
            -73.9617026,
            40.7602399
          ],
          [
            -73.9616933,
            40.7602534
          ],
          [
            -73.9616495,
            40.7603118
          ],
          [
            -73.9616256,
            40.7603449
          ],
          [
            -73.9616211,
            40.7603506
          ],
          [
            -73.9612444,
            40.7608704
          ],
          [
            -73.9612055,
            40.7609241
          ],
          [
            -73.9611641,
            40.760981
          ],
          [
            -73.9607828,
            40.7614857
          ],
          [
            -73.9607342,
            40.761549
          ],
          [
            -73.9606931,
            40.7616026
          ],
          [
            -73.9603294,
            40.7621174
          ],
          [
            -73.9603159,
            40.7621354
          ],
          [
            -73.9602832,
            40.7621788
          ],
          [
            -73.96024,
            40.7622364
          ],
          [
            -73.9598727,
            40.7627482
          ],
          [
            -73.9598351,
            40.7627989
          ],
          [
            -73.9597912,
            40.762858
          ],
          [
            -73.9594109,
            40.763374
          ],
          [
            -73.9593724,
            40.7634264
          ],
          [
            -73.9593321,
            40.7634819
          ],
          [
            -73.9589565,
            40.7639973
          ],
          [
            -73.9589158,
            40.7640551
          ],
          [
            -73.9588753,
            40.7641086
          ],
          [
            -73.9585006,
            40.7646221
          ],
          [
            -73.958486,
            40.7646452
          ],
          [
            -73.9584577,
            40.7646815
          ],
          [
            -73.9584322,
            40.7647149
          ],
          [
            -73.9584142,
            40.7647406
          ],
          [
            -73.9580432,
            40.7652473
          ],
          [
            -73.958003,
            40.7653033
          ],
          [
            -73.9579668,
            40.7653538
          ],
          [
            -73.9575842,
            40.7658784
          ],
          [
            -73.9575471,
            40.7659291
          ],
          [
            -73.9575026,
            40.7659901
          ],
          [
            -73.957132,
            40.766498
          ],
          [
            -73.9570925,
            40.7665522
          ],
          [
            -73.9570482,
            40.7666129
          ],
          [
            -73.9566716,
            40.767129
          ],
          [
            -73.9566268,
            40.7671911
          ],
          [
            -73.9565901,
            40.7672419
          ],
          [
            -73.956202,
            40.7677657
          ],
          [
            -73.9561353,
            40.7678628
          ],
          [
            -73.9560672,
            40.767961
          ],
          [
            -73.9558798,
            40.768215
          ],
          [
            -73.9556772,
            40.7684872
          ],
          [
            -73.9556359,
            40.7685431
          ],
          [
            -73.9555903,
            40.7686048
          ],
          [
            -73.9552175,
            40.7691254
          ],
          [
            -73.9552056,
            40.7691416
          ],
          [
            -73.9551783,
            40.7691791
          ],
          [
            -73.9551454,
            40.7692276
          ],
          [
            -73.9551312,
            40.769247
          ],
          [
            -73.957239,
            40.7701267
          ],
          [
            -73.9572449,
            40.7701193
          ],
          [
            -73.9572817,
            40.7700666
          ],
          [
            -73.9573086,
            40.7700282
          ],
          [
            -73.9573207,
            40.7700117
          ],
          [
            -73.9577,
            40.7694889
          ],
          [
            -73.9577356,
            40.7694395
          ],
          [
            -73.9577758,
            40.7693836
          ],
          [
            -73.9581732,
            40.7688421
          ],
          [
            -73.958187,
            40.7688216
          ],
          [
            -73.9582391,
            40.7687509
          ],
          [
            -73.9582892,
            40.768684
          ],
          [
            -73.9583023,
            40.768667
          ],
          [
            -73.9586957,
            40.7681259
          ],
          [
            -73.9587314,
            40.7680779
          ],
          [
            -73.9587771,
            40.7680163
          ],
          [
            -73.9591534,
            40.7675036
          ],
          [
            -73.9592144,
            40.7674465
          ],
          [
            -73.9592552,
            40.7674041
          ],
          [
            -73.9593754,
            40.7674511
          ],
          [
            -73.9594902,
            40.767496
          ],
          [
            -73.9598659,
            40.7669837
          ],
          [
            -73.959909,
            40.7669247
          ],
          [
            -73.9599497,
            40.7668691
          ],
          [
            -73.9603197,
            40.7663627
          ],
          [
            -73.9603657,
            40.7662998
          ],
          [
            -73.960407,
            40.7662432
          ],
          [
            -73.9607789,
            40.7657336
          ],
          [
            -73.9608247,
            40.7656703
          ],
          [
            -73.9608637,
            40.7656165
          ],
          [
            -73.9612323,
            40.765103
          ],
          [
            -73.9612531,
            40.7650823
          ],
          [
            -73.9612799,
            40.7650488
          ],
          [
            -73.9613114,
            40.7650093
          ],
          [
            -73.9613255,
            40.7649924
          ],
          [
            -73.9613413,
            40.7649735
          ],
          [
            -73.9613592,
            40.7649519
          ],
          [
            -73.9613811,
            40.7649254
          ],
          [
            -73.9613913,
            40.764911
          ],
          [
            -73.9616973,
            40.7644803
          ],
          [
            -73.9617383,
            40.7644224
          ],
          [
            -73.9617772,
            40.7643674
          ],
          [
            -73.9621408,
            40.7638555
          ],
          [
            -73.9621865,
            40.7637931
          ],
          [
            -73.9622245,
            40.7637423
          ],
          [
            -73.9626117,
            40.7632257
          ],
          [
            -73.9626513,
            40.7631704
          ],
          [
            -73.9626887,
            40.7631182
          ],
          [
            -73.9630621,
            40.762597
          ],
          [
            -73.9630703,
            40.7625856
          ],
          [
            -73.9630984,
            40.7625463
          ],
          [
            -73.9631314,
            40.7625023
          ],
          [
            -73.9631444,
            40.7624849
          ],
          [
            -73.9635197,
            40.7619756
          ],
          [
            -73.9635372,
            40.7619522
          ],
          [
            -73.963562,
            40.7619188
          ],
          [
            -73.9635917,
            40.761879
          ],
          [
            -73.9636025,
            40.7618645
          ],
          [
            -73.9639833,
            40.7613534
          ],
          [
            -73.9639938,
            40.761339
          ],
          [
            -73.9640272,
            40.7612934
          ],
          [
            -73.9640544,
            40.7612562
          ],
          [
            -73.9640668,
            40.7612399
          ],
          [
            -73.9641837,
            40.7610852
          ],
          [
            -73.9644395,
            40.7607468
          ],
          [
            -73.9644495,
            40.7607338
          ],
          [
            -73.964462,
            40.7607173
          ],
          [
            -73.964487,
            40.760678
          ],
          [
            -73.9645145,
            40.7606352
          ],
          [
            -73.9645299,
            40.7606143
          ],
          [
            -73.9648966,
            40.7601011
          ],
          [
            -73.9649085,
            40.7600842
          ],
          [
            -73.9649346,
            40.7600474
          ],
          [
            -73.964962,
            40.7600088
          ],
          [
            -73.9649743,
            40.7599915
          ],
          [
            -73.9653627,
            40.75946
          ],
          [
            -73.9653768,
            40.7594431
          ],
          [
            -73.9654329,
            40.75937
          ],
          [
            -73.9654862,
            40.7592962
          ],
          [
            -73.9655027,
            40.7592736
          ],
          [
            -73.9658849,
            40.7587517
          ],
          [
            -73.9659221,
            40.7587002
          ],
          [
            -73.9659694,
            40.7586347
          ],
          [
            -73.9663422,
            40.7581303
          ],
          [
            -73.9663765,
            40.7580824
          ],
          [
            -73.966435,
            40.7580005
          ],
          [
            -73.9667958,
            40.7574992
          ],
          [
            -73.9668393,
            40.7574405
          ],
          [
            -73.9668781,
            40.7573882
          ],
          [
            -73.9672499,
            40.7568738
          ],
          [
            -73.9672879,
            40.7568217
          ],
          [
            -73.9673345,
            40.756758
          ],
          [
            -73.9677088,
            40.7562396
          ],
          [
            -73.96774,
            40.7561971
          ],
          [
            -73.9677863,
            40.7561342
          ],
          [
            -73.9681638,
            40.7556244
          ],
          [
            -73.968174,
            40.7556083
          ],
          [
            -73.968204,
            40.7555625
          ],
          [
            -73.9682404,
            40.7555074
          ],
          [
            -73.9686298,
            40.7549988
          ],
          [
            -73.9686723,
            40.7549416
          ],
          [
            -73.9687144,
            40.7548849
          ],
          [
            -73.9690713,
            40.754372
          ],
          [
            -73.9691178,
            40.75431
          ],
          [
            -73.9691584,
            40.7542558
          ],
          [
            -73.9695282,
            40.7537417
          ],
          [
            -73.9695712,
            40.7536831
          ],
          [
            -73.9696119,
            40.7536274
          ],
          [
            -73.9699866,
            40.7531201
          ],
          [
            -73.9699996,
            40.7531025
          ],
          [
            -73.9700261,
            40.7530662
          ],
          [
            -73.9700526,
            40.7530299
          ],
          [
            -73.9700687,
            40.7530078
          ],
          [
            -73.9704436,
            40.7524941
          ],
          [
            -73.9704541,
            40.7524798
          ],
          [
            -73.970484,
            40.7524392
          ],
          [
            -73.9705168,
            40.7523946
          ],
          [
            -73.9705316,
            40.7523743
          ],
          [
            -73.9709044,
            40.7518644
          ],
          [
            -73.9709122,
            40.7518538
          ],
          [
            -73.970946,
            40.7518048
          ],
          [
            -73.9709657,
            40.7517762
          ],
          [
            -73.9709791,
            40.7517579
          ],
          [
            -73.9713565,
            40.7512429
          ],
          [
            -73.9713666,
            40.7512292
          ],
          [
            -73.9714004,
            40.7511798
          ],
          [
            -73.9714276,
            40.7511399
          ],
          [
            -73.971437,
            40.7511271
          ],
          [
            -73.9718139,
            40.750614
          ],
          [
            -73.9718217,
            40.7506034
          ],
          [
            -73.9718522,
            40.7505632
          ],
          [
            -73.9718859,
            40.7505189
          ],
          [
            -73.9718977,
            40.7505031
          ],
          [
            -73.9722826,
            40.7499886
          ],
          [
            -73.9723474,
            40.7498967
          ],
          [
            -73.9724194,
            40.7497939
          ],
          [
            -73.9727831,
            40.7492725
          ],
          [
            -73.9728227,
            40.7492176
          ],
          [
            -73.9728692,
            40.7491532
          ],
          [
            -73.9732372,
            40.74866
          ],
          [
            -73.9732786,
            40.7486022
          ],
          [
            -73.9733236,
            40.7485414
          ],
          [
            -73.9736884,
            40.7480402
          ],
          [
            -73.9737248,
            40.7479908
          ],
          [
            -73.9737756,
            40.7479204
          ],
          [
            -73.9741374,
            40.7474233
          ],
          [
            -73.9741895,
            40.7473517
          ],
          [
            -73.9742224,
            40.7473065
          ],
          [
            -73.9745876,
            40.7468138
          ],
          [
            -73.9745981,
            40.7467996
          ],
          [
            -73.9746343,
            40.7467451
          ],
          [
            -73.9746687,
            40.7466933
          ],
          [
            -73.974679,
            40.7466791
          ],
          [
            -73.9746897,
            40.7466644
          ],
          [
            -73.9748344,
            40.7464657
          ],
          [
            -73.9750402,
            40.7461851
          ],
          [
            -73.9750812,
            40.7461268
          ],
          [
            -73.9751264,
            40.7460625
          ],
          [
            -73.9754799,
            40.7455765
          ],
          [
            -73.9755276,
            40.745511
          ],
          [
            -73.9755784,
            40.7454411
          ],
          [
            -73.9759469,
            40.7449346
          ],
          [
            -73.9759692,
            40.7449037
          ],
          [
            -73.9760122,
            40.7448447
          ],
          [
            -73.9760848,
            40.744745
          ],
          [
            -73.9764569,
            40.7442315
          ],
          [
            -73.9765003,
            40.7441726
          ],
          [
            -73.9765436,
            40.7441137
          ],
          [
            -73.9769051,
            40.7436183
          ],
          [
            -73.9769483,
            40.7435591
          ],
          [
            -73.9769912,
            40.7435003
          ],
          [
            -73.9773593,
            40.7429957
          ],
          [
            -73.9773988,
            40.742942
          ],
          [
            -73.9774442,
            40.7428802
          ],
          [
            -73.9778157,
            40.7423843
          ],
          [
            -73.9778305,
            40.7423645
          ],
          [
            -73.9778579,
            40.7423274
          ],
          [
            -73.9778857,
            40.7422898
          ],
          [
            -73.9779008,
            40.7422683
          ],
          [
            -73.9782575,
            40.7417616
          ],
          [
            -73.9782925,
            40.7417137
          ],
          [
            -73.9783493,
            40.7416358
          ],
          [
            -73.9787128,
            40.7411476
          ],
          [
            -73.9787534,
            40.7410898
          ],
          [
            -73.9787984,
            40.7410258
          ],
          [
            -73.979167,
            40.7405237
          ],
          [
            -73.9791786,
            40.7405079
          ],
          [
            -73.9792056,
            40.7404704
          ],
          [
            -73.9792309,
            40.7404351
          ],
          [
            -73.9792471,
            40.7404143
          ],
          [
            -73.9796166,
            40.7399073
          ],
          [
            -73.9796547,
            40.739855
          ],
          [
            -73.9796993,
            40.7397937
          ],
          [
            -73.980063,
            40.7392924
          ],
          [
            -73.9801047,
            40.739235
          ],
          [
            -73.9801484,
            40.7391748
          ],
          [
            -73.9805178,
            40.7386714
          ],
          [
            -73.9805609,
            40.7386116
          ],
          [
            -73.9806028,
            40.7385534
          ],
          [
            -73.9807631,
            40.7383379
          ],
          [
            -73.9809831,
            40.7380423
          ],
          [
            -73.9810438,
            40.7379436
          ],
          [
            -73.9811028,
            40.7378476
          ],
          [
            -73.9814607,
            40.7373297
          ],
          [
            -73.981508,
            40.7372711
          ],
          [
            -73.9815492,
            40.7372165
          ],
          [
            -73.9819239,
            40.7367177
          ],
          [
            -73.9819633,
            40.736662
          ],
          [
            -73.9820105,
            40.7365954
          ],
          [
            -73.9823447,
            40.7361269
          ],
          [
            -73.9823806,
            40.736078
          ],
          [
            -73.9824278,
            40.7360138
          ],
          [
            -73.9827793,
            40.7355379
          ],
          [
            -73.9828167,
            40.7354887
          ],
          [
            -73.9828593,
            40.7354283
          ],
          [
            -73.9832015,
            40.7349489
          ],
          [
            -73.9832087,
            40.7349397
          ],
          [
            -73.9832382,
            40.7349019
          ],
          [
            -73.9832661,
            40.734866
          ],
          [
            -73.9832837,
            40.7348435
          ],
          [
            -73.9836234,
            40.7343737
          ],
          [
            -73.9836387,
            40.7343532
          ],
          [
            -73.9836682,
            40.7343136
          ],
          [
            -73.9836929,
            40.7342804
          ],
          [
            -73.9837103,
            40.734257
          ],
          [
            -73.9840973,
            40.7337253
          ],
          [
            -73.9845183,
            40.7331463
          ],
          [
            -73.9845626,
            40.7330844
          ],
          [
            -73.9846015,
            40.73303
          ],
          [
            -73.9850038,
            40.7324875
          ],
          [
            -73.9850686,
            40.7324009
          ],
          [
            -73.9851336,
            40.732314
          ],
          [
            -73.9855339,
            40.7317675
          ],
          [
            -73.985566,
            40.7317251
          ],
          [
            -73.9856106,
            40.7316572
          ],
          [
            -73.9860032,
            40.7311269
          ],
          [
            -73.9860408,
            40.7310765
          ],
          [
            -73.9860819,
            40.7310214
          ],
          [
            -73.9864638,
            40.7304885
          ],
          [
            -73.9865022,
            40.7304356
          ],
          [
            -73.9865458,
            40.7303755
          ],
          [
            -73.9867282,
            40.7301169
          ],
          [
            -73.9868876,
            40.7298866
          ],
          [
            -73.9869306,
            40.7298275
          ],
          [
            -73.9869721,
            40.7297706
          ],
          [
            -73.9873375,
            40.729939
          ],
          [
            -73.9884495,
            40.7298783
          ],
          [
            -73.9885915,
            40.7298707
          ],
          [
            -73.9886113,
            40.7298429
          ],
          [
            -73.9886281,
            40.72985
          ],
          [
            -73.9886645,
            40.7298654
          ],
          [
            -73.9886848,
            40.729874
          ],
          [
            -73.9887151,
            40.7298868
          ],
          [
            -73.988761,
            40.7298805
          ],
          [
            -73.988819,
            40.729874
          ],
          [
            -73.9889355,
            40.7298569
          ],
          [
            -73.9889664,
            40.7298527
          ],
          [
            -73.9895377,
            40.729817
          ],
          [
            -73.9897165,
            40.7295653
          ],
          [
            -73.9898544,
            40.7296369
          ],
          [
            -73.9899561,
            40.7296897
          ],
          [
            -73.9899837,
            40.7297024
          ],
          [
            -73.9903545,
            40.729814
          ],
          [
            -73.9906356,
            40.7299309
          ],
          [
            -73.9907129,
            40.729965
          ],
          [
            -73.9907707,
            40.7299918
          ],
          [
            -73.9907912,
            40.7299999
          ],
          [
            -73.9909907,
            40.7300777
          ],
          [
            -73.9910011,
            40.7300824
          ],
          [
            -73.9910494,
            40.7300986
          ],
          [
            -73.9911447,
            40.7301253
          ],
          [
            -73.9912127,
            40.7300871
          ],
          [
            -73.9912836,
            40.7300461
          ],
          [
            -73.9914566,
            40.7299318
          ],
          [
            -73.9915432,
            40.7298803
          ],
          [
            -73.9916137,
            40.7298392
          ],
          [
            -73.9916695,
            40.7298066
          ],
          [
            -73.9928143,
            40.7299801
          ],
          [
            -73.9931373,
            40.7295937
          ],
          [
            -73.9932259,
            40.7294869
          ],
          [
            -73.9936092,
            40.7290303
          ],
          [
            -73.9937076,
            40.7289127
          ],
          [
            -73.9941191,
            40.728421
          ],
          [
            -73.9941668,
            40.72837
          ],
          [
            -73.9942097,
            40.7283241
          ],
          [
            -73.9946076,
            40.7278598
          ],
          [
            -73.994654,
            40.7278007
          ],
          [
            -73.9947093,
            40.7277319
          ],
          [
            -73.9951424,
            40.7272271
          ],
          [
            -73.9951879,
            40.7271714
          ],
          [
            -73.995236,
            40.7271128
          ],
          [
            -73.9957114,
            40.7265403
          ],
          [
            -73.9957236,
            40.726526
          ],
          [
            -73.9957583,
            40.7264847
          ],
          [
            -73.9957866,
            40.7264513
          ],
          [
            -73.9958012,
            40.7264338
          ],
          [
            -73.9965435,
            40.7255461
          ],
          [
            -73.9965652,
            40.7255207
          ],
          [
            -73.9966034,
            40.7254756
          ],
          [
            -73.9966625,
            40.7254059
          ],
          [
            -73.9966745,
            40.7253917
          ],
          [
            -73.9967033,
            40.7253584
          ],
          [
            -73.9967445,
            40.7253107
          ],
          [
            -73.9967636,
            40.7252881
          ],
          [
            -73.9976479,
            40.7242478
          ],
          [
            -73.9976575,
            40.7242366
          ],
          [
            -73.9976706,
            40.7242206
          ],
          [
            -73.997692,
            40.7241957
          ],
          [
            -73.997718,
            40.7241654
          ],
          [
            -73.9977286,
            40.7241528
          ],
          [
            -73.9986848,
            40.723023
          ],
          [
            -73.9987216,
            40.7229818
          ],
          [
            -73.9987588,
            40.72294
          ],
          [
            -73.9997113,
            40.7218009
          ],
          [
            -73.9997607,
            40.7217413
          ],
          [
            -73.9998183,
            40.7216715
          ],
          [
            -74.0005258,
            40.7208372
          ],
          [
            -74.0005745,
            40.7207765
          ],
          [
            -74.0006247,
            40.720716
          ],
          [
            -74.0006526,
            40.720706
          ],
          [
            -74.001309,
            40.7199261
          ],
          [
            -74.0013174,
            40.719924
          ],
          [
            -74.0013194,
            40.7199235
          ],
          [
            -74.0013497,
            40.7198879
          ],
          [
            -74.0013756,
            40.7198574
          ],
          [
            -74.0013832,
            40.7198484
          ],
          [
            -74.0017321,
            40.719438
          ],
          [
            -74.0017469,
            40.7194202
          ],
          [
            -74.0018063,
            40.7193447
          ],
          [
            -74.0018644,
            40.7192707
          ],
          [
            -74.001884,
            40.7192488
          ],
          [
            -74.0024136,
            40.7186334
          ],
          [
            -74.0024447,
            40.7186004
          ],
          [
            -74.0024913,
            40.7185508
          ],
          [
            -74.0029231,
            40.7180266
          ],
          [
            -74.002951,
            40.7179916
          ],
          [
            -74.0029935,
            40.7179445
          ],
          [
            -74.0029971,
            40.7179369
          ],
          [
            -74.0030404,
            40.7178852
          ],
          [
            -74.0034032,
            40.7174528
          ],
          [
            -74.0034433,
            40.7174049
          ],
          [
            -74.003473,
            40.7173695
          ],
          [
            -74.0038947,
            40.7168767
          ],
          [
            -74.003944,
            40.7168275
          ],
          [
            -74.0039819,
            40.7167905
          ],
          [
            -74.0041241,
            40.7166154
          ],
          [
            -74.0043967,
            40.7163067
          ],
          [
            -74.0044347,
            40.7162598
          ],
          [
            -74.0044913,
            40.7161935
          ],
          [
            -74.0048403,
            40.7157868
          ],
          [
            -74.0048595,
            40.715764
          ],
          [
            -74.004926,
            40.7156843
          ],
          [
            -74.0052789,
            40.7152626
          ],
          [
            -74.0052981,
            40.7152405
          ],
          [
            -74.0053345,
            40.7151976
          ],
          [
            -74.0053651,
            40.7151615
          ],
          [
            -74.0053788,
            40.715145
          ],
          [
            -74.0057486,
            40.7146971
          ],
          [
            -74.0057614,
            40.7146812
          ],
          [
            -74.0057952,
            40.7146394
          ],
          [
            -74.0058307,
            40.7146033
          ],
          [
            -74.0058428,
            40.714589
          ],
          [
            -74.0061569,
            40.7142008
          ],
          [
            -74.0061729,
            40.71418
          ],
          [
            -74.0062038,
            40.7141268
          ],
          [
            -74.0062494,
            40.7140483
          ],
          [
            -74.0062522,
            40.7140233
          ],
          [
            -74.0062673,
            40.7139871
          ],
          [
            -74.0062913,
            40.7139519
          ],
          [
            -74.0065663,
            40.7136136
          ],
          [
            -74.0066056,
            40.7135674
          ],
          [
            -74.0066915,
            40.7134648
          ],
          [
            -74.0069772,
            40.713129
          ],
          [
            -74.0070993,
            40.712987
          ],
          [
            -74.0071137,
            40.7129691
          ],
          [
            -74.0071417,
            40.7129367
          ],
          [
            -74.0071712,
            40.7129027
          ],
          [
            -74.0072034,
            40.7128636
          ],
          [
            -74.0074665,
            40.7125557
          ],
          [
            -74.0075329,
            40.7124762
          ],
          [
            -74.007602,
            40.7123993
          ],
          [
            -74.0079545,
            40.7120178
          ],
          [
            -74.0079776,
            40.7119928
          ],
          [
            -74.0080108,
            40.7119565
          ],
          [
            -74.0080524,
            40.7119042
          ],
          [
            -74.0081095,
            40.7118326
          ],
          [
            -74.0084041,
            40.7114792
          ],
          [
            -74.0084348,
            40.711442
          ],
          [
            -74.0084613,
            40.7114102
          ],
          [
            -74.0084813,
            40.7113873
          ],
          [
            -74.0085162,
            40.7113473
          ],
          [
            -74.0085272,
            40.7113281
          ],
          [
            -74.0085455,
            40.7112961
          ],
          [
            -74.0085649,
            40.7112623
          ],
          [
            -74.0085936,
            40.7112532
          ],
          [
            -74.0086131,
            40.711246
          ],
          [
            -74.0086219,
            40.7112406
          ],
          [
            -74.0086302,
            40.7112342
          ],
          [
            -74.0086378,
            40.7112259
          ],
          [
            -74.0086498,
            40.7112128
          ],
          [
            -74.0089246,
            40.710905
          ],
          [
            -74.0089385,
            40.7108895
          ],
          [
            -74.0089735,
            40.71085
          ],
          [
            -74.0090045,
            40.7108173
          ],
          [
            -74.0090232,
            40.7107963
          ],
          [
            -74.0090588,
            40.7107551
          ],
          [
            -74.0093074,
            40.710468
          ],
          [
            -74.0093293,
            40.7104427
          ],
          [
            -74.0094359,
            40.7103186
          ],
          [
            -74.0094489,
            40.710304
          ],
          [
            -74.0094709,
            40.7102785
          ],
          [
            -74.0094949,
            40.7102506
          ],
          [
            -74.0095104,
            40.7102321
          ],
          [
            -74.009866,
            40.7098277
          ],
          [
            -74.0098817,
            40.7098268
          ],
          [
            -74.0099093,
            40.7097932
          ],
          [
            -74.0099193,
            40.709781
          ],
          [
            -74.0099471,
            40.7097471
          ],
          [
            -74.0099338,
            40.7097279
          ],
          [
            -74.0099476,
            40.7097114
          ],
          [
            -74.0103844,
            40.7092082
          ],
          [
            -74.0104096,
            40.7091782
          ],
          [
            -74.0104162,
            40.7091699
          ],
          [
            -74.0104416,
            40.7091252
          ],
          [
            -74.0104646,
            40.7090846
          ],
          [
            -74.0104831,
            40.7090631
          ],
          [
            -74.0106881,
            40.7088252
          ],
          [
            -74.0107124,
            40.7087971
          ],
          [
            -74.0107387,
            40.7087666
          ],
          [
            -74.0107494,
            40.7087543
          ],
          [
            -74.0107682,
            40.7087402
          ],
          [
            -74.0107968,
            40.7087186
          ],
          [
            -74.0107987,
            40.7087032
          ],
          [
            -74.0109588,
            40.7085102
          ],
          [
            -74.0111298,
            40.7083039
          ],
          [
            -74.0111402,
            40.7082917
          ],
          [
            -74.0111584,
            40.708271
          ],
          [
            -74.0111803,
            40.7082462
          ],
          [
            -74.0111892,
            40.708236
          ],
          [
            -74.0115991,
            40.707752
          ],
          [
            -74.0116042,
            40.7077465
          ],
          [
            -74.0116259,
            40.7077215
          ],
          [
            -74.0116611,
            40.7076793
          ],
          [
            -74.0116866,
            40.707651
          ],
          [
            -74.0117254,
            40.707605
          ],
          [
            -74.0117932,
            40.7075239
          ],
          [
            -74.0118386,
            40.7074695
          ],
          [
            -74.0119016,
            40.7073917
          ],
          [
            -74.012063,
            40.7071914
          ],
          [
            -74.0123478,
            40.706838
          ],
          [
            -74.0123737,
            40.7068495
          ],
          [
            -74.012405,
            40.7068473
          ],
          [
            -74.0124419,
            40.7068446
          ],
          [
            -74.0124891,
            40.7068412
          ],
          [
            -74.0125367,
            40.7068378
          ],
          [
            -74.0125591,
            40.7068457
          ],
          [
            -74.0125658,
            40.7068377
          ],
          [
            -74.012584,
            40.7068154
          ],
          [
            -74.0125922,
            40.7068054
          ],
          [
            -74.0126009,
            40.7067942
          ],
          [
            -74.0126187,
            40.7067726
          ],
          [
            -74.0126307,
            40.7067573
          ],
          [
            -74.0133204,
            40.7059518
          ],
          [
            -74.0133354,
            40.7059342
          ],
          [
            -74.0133432,
            40.7059254
          ],
          [
            -74.0133512,
            40.7059056
          ],
          [
            -74.0133632,
            40.7058758
          ],
          [
            -74.0133856,
            40.7058725
          ],
          [
            -74.0134145,
            40.7058387
          ],
          [
            -74.0135917,
            40.7056284
          ],
          [
            -74.0136896,
            40.7055039
          ],
          [
            -74.0138613,
            40.7052899
          ],
          [
            -74.0139793,
            40.7051344
          ],
          [
            -74.0140671,
            40.7049971
          ],
          [
            -74.0141322,
            40.7048482
          ],
          [
            -74.0141506,
            40.704808
          ],
          [
            -74.0141655,
            40.7047817
          ],
          [
            -74.0141869,
            40.7047623
          ],
          [
            -74.0142134,
            40.7047529
          ],
          [
            -74.0142418,
            40.70475
          ],
          [
            -74.0142694,
            40.7047427
          ],
          [
            -74.0142843,
            40.7047329
          ],
          [
            -74.0143023,
            40.7047095
          ],
          [
            -74.0143363,
            40.7046641
          ],
          [
            -74.0143659,
            40.7046247
          ],
          [
            -74.0143829,
            40.704602
          ],
          [
            -74.0144028,
            40.7045754
          ],
          [
            -74.0144235,
            40.7045479
          ],
          [
            -74.0144435,
            40.7045217
          ],
          [
            -74.014414,
            40.7045062
          ],
          [
            -74.0143892,
            40.7044793
          ],
          [
            -74.0143842,
            40.7044715
          ],
          [
            -74.0143721,
            40.7044429
          ],
          [
            -74.0143636,
            40.7044049
          ],
          [
            -74.0143622,
            40.7043847
          ],
          [
            -74.0143709,
            40.7043388
          ],
          [
            -74.0144012,
            40.7042144
          ],
          [
            -74.0144469,
            40.7039836
          ],
          [
            -74.014556,
            40.7040087
          ],
          [
            -74.0145826,
            40.7040158
          ],
          [
            -74.0146512,
            40.704028
          ],
          [
            -74.0146958,
            40.7040263
          ],
          [
            -74.0147372,
            40.7040149
          ],
          [
            -74.0147693,
            40.7039965
          ],
          [
            -74.0148093,
            40.703966
          ],
          [
            -74.0148623,
            40.703913
          ],
          [
            -74.0149305,
            40.7038477
          ],
          [
            -74.0150018,
            40.7037901
          ],
          [
            -74.0150737,
            40.7037446
          ],
          [
            -74.0151538,
            40.7037025
          ],
          [
            -74.0152474,
            40.7036633
          ],
          [
            -74.0153431,
            40.7036295
          ],
          [
            -74.0154363,
            40.7036023
          ],
          [
            -74.0155284,
            40.7035822
          ],
          [
            -74.015621,
            40.7035688
          ],
          [
            -74.0156975,
            40.7035624
          ],
          [
            -74.0157812,
            40.7035592
          ],
          [
            -74.0158757,
            40.703558
          ],
          [
            -74.0159468,
            40.7035563
          ],
          [
            -74.0160285,
            40.7035588
          ],
          [
            -74.0161273,
            40.7035725
          ],
          [
            -74.0161253,
            40.7035145
          ],
          [
            -74.0161355,
            40.7034528
          ],
          [
            -74.0161644,
            40.7033979
          ],
          [
            -74.0161831,
            40.7033629
          ],
          [
            -74.0162024,
            40.7033338
          ],
          [
            -74.016221,
            40.7033117
          ],
          [
            -74.016277,
            40.703245
          ],
          [
            -74.0162827,
            40.7031704
          ],
          [
            -74.0162776,
            40.7031256
          ],
          [
            -74.016261,
            40.7030333
          ],
          [
            -74.016252,
            40.7029799
          ],
          [
            -74.0162368,
            40.7029193
          ],
          [
            -74.0162109,
            40.7028531
          ],
          [
            -74.0161839,
            40.7027898
          ],
          [
            -74.0162053,
            40.7027552
          ],
          [
            -74.0162463,
            40.7027083
          ],
          [
            -74.0163078,
            40.7026584
          ],
          [
            -74.0163728,
            40.7026217
          ],
          [
            -74.0164155,
            40.7026023
          ],
          [
            -74.0163849,
            40.7025517
          ],
          [
            -74.0163355,
            40.7024726
          ],
          [
            -74.016317,
            40.7024429
          ],
          [
            -74.0162429,
            40.7023375
          ],
          [
            -74.0162033,
            40.7022851
          ],
          [
            -74.0162919,
            40.7022655
          ],
          [
            -74.0163666,
            40.7022541
          ],
          [
            -74.0163886,
            40.7022477
          ],
          [
            -74.0164107,
            40.7022397
          ],
          [
            -74.0164444,
            40.7022259
          ],
          [
            -74.0163632,
            40.7021082
          ],
          [
            -74.0163581,
            40.7020917
          ],
          [
            -74.0163632,
            40.7020766
          ],
          [
            -74.0163759,
            40.7020662
          ],
          [
            -74.0163975,
            40.7020562
          ],
          [
            -74.0162979,
            40.7019492
          ],
          [
            -74.0161585,
            40.7018056
          ],
          [
            -74.0160434,
            40.7017026
          ],
          [
            -74.0160745,
            40.7016814
          ]
        ]
      }
    },
    {
      "type": "Feature",
      "properties": {
        "scenario": "HARD - Battery Park tip, huge target",
        "shape": "round",
        "target_miles": 12.0,
        "distance_m": 19372.846445681505,
        "candidate_index": 2
      },
      "geometry": {
        "type": "LineString",
        "coordinates": [
          [
            -74.0160745,
            40.7016814
          ],
          [
            -74.0160434,
            40.7017026
          ],
          [
            -74.0161585,
            40.7018056
          ],
          [
            -74.0162979,
            40.7019492
          ],
          [
            -74.0163975,
            40.7020562
          ],
          [
            -74.016432,
            40.7020933
          ],
          [
            -74.0167975,
            40.7024925
          ],
          [
            -74.0170844,
            40.7028238
          ],
          [
            -74.0171574,
            40.702908
          ],
          [
            -74.0172058,
            40.7029639
          ],
          [
            -74.0172082,
            40.7029743
          ],
          [
            -74.0172023,
            40.7029848
          ],
          [
            -74.0171444,
            40.7030596
          ],
          [
            -74.0170907,
            40.7031304
          ],
          [
            -74.0171356,
            40.703168
          ],
          [
            -74.0171728,
            40.7032131
          ],
          [
            -74.0172241,
            40.7032857
          ],
          [
            -74.0172712,
            40.7033631
          ],
          [
            -74.01729,
            40.7034113
          ],
          [
            -74.0172959,
            40.7034486
          ],
          [
            -74.0172938,
            40.703488
          ],
          [
            -74.0172832,
            40.7035375
          ],
          [
            -74.0172669,
            40.7035893
          ],
          [
            -74.0172957,
            40.7035944
          ],
          [
            -74.0173053,
            40.7035963
          ],
          [
            -74.0173739,
            40.7036076
          ],
          [
            -74.0173934,
            40.7036129
          ],
          [
            -74.0174051,
            40.7036199
          ],
          [
            -74.0174137,
            40.703633
          ],
          [
            -74.0174151,
            40.7036375
          ],
          [
            -74.0174213,
            40.7036576
          ],
          [
            -74.0174274,
            40.7036942
          ],
          [
            -74.0174325,
            40.7037493
          ],
          [
            -74.017434,
            40.7038017
          ],
          [
            -74.0174314,
            40.7038317
          ],
          [
            -74.01743,
            40.7038472
          ],
          [
            -74.0174229,
            40.7038969
          ],
          [
            -74.0174137,
            40.7039362
          ],
          [
            -74.0173998,
            40.7039715
          ],
          [
            -74.017366,
            40.7040063
          ],
          [
            -74.017328,
            40.7040405
          ],
          [
            -74.0172822,
            40.7040752
          ],
          [
            -74.0172293,
            40.7041067
          ],
          [
            -74.0171814,
            40.7041262
          ],
          [
            -74.0172136,
            40.7041713
          ],
          [
            -74.0172246,
            40.704188
          ],
          [
            -74.0172382,
            40.7042072
          ],
          [
            -74.0172986,
            40.7042924
          ],
          [
            -74.0172492,
            40.7043165
          ],
          [
            -74.0172107,
            40.7043487
          ],
          [
            -74.017199,
            40.7043586
          ],
          [
            -74.0171656,
            40.7044082
          ],
          [
            -74.01715,
            40.7044598
          ],
          [
            -74.0171476,
            40.7045079
          ],
          [
            -74.0171483,
            40.7045382
          ],
          [
            -74.0171705,
            40.7046173
          ],
          [
            -74.0172106,
            40.7046727
          ],
          [
            -74.0172679,
            40.7047185
          ],
          [
            -74.0172421,
            40.7047831
          ],
          [
            -74.0172285,
            40.7048171
          ],
          [
            -74.0172033,
            40.7048771
          ],
          [
            -74.0171794,
            40.704933
          ],
          [
            -74.0171567,
            40.7049892
          ],
          [
            -74.0171488,
            40.7050094
          ],
          [
            -74.0168779,
            40.7057044
          ],
          [
            -74.0168284,
            40.7058314
          ],
          [
            -74.0166097,
            40.7063931
          ],
          [
            -74.0165584,
            40.7065238
          ],
          [
            -74.016331,
            40.7071044
          ],
          [
            -74.0162921,
            40.7072047
          ],
          [
            -74.0161911,
            40.7074661
          ],
          [
            -74.0161792,
            40.7074896
          ],
          [
            -74.016162,
            40.7075131
          ],
          [
            -74.0161523,
            40.7075263
          ],
          [
            -74.0161459,
            40.707541
          ],
          [
            -74.0160908,
            40.7076805
          ],
          [
            -74.0160762,
            40.7077175
          ],
          [
            -74.0160706,
            40.7077293
          ],
          [
            -74.0160644,
            40.7077421
          ],
          [
            -74.0160553,
            40.7077569
          ],
          [
            -74.0160381,
            40.7077835
          ],
          [
            -74.015998,
            40.707838
          ],
          [
            -74.0159568,
            40.7078938
          ],
          [
            -74.0159462,
            40.7079146
          ],
          [
            -74.0156852,
            40.7086075
          ],
          [
            -74.0156218,
            40.7087715
          ],
          [
            -74.015572,
            40.7089054
          ],
          [
            -74.0155172,
            40.709067
          ],
          [
            -74.0154854,
            40.709164
          ],
          [
            -74.0154298,
            40.7093503
          ],
          [
            -74.0153825,
            40.7095281
          ],
          [
            -74.0153295,
            40.7097398
          ],
          [
            -74.0153205,
            40.7097663
          ],
          [
            -74.0153081,
            40.7097939
          ],
          [
            -74.0152814,
            40.7098495
          ],
          [
            -74.0152494,
            40.7099159
          ],
          [
            -74.0152424,
            40.7099333
          ],
          [
            -74.0152363,
            40.7099556
          ],
          [
            -74.0152361,
            40.7099782
          ],
          [
            -74.0152406,
            40.7100009
          ],
          [
            -74.0152877,
            40.710166
          ],
          [
            -74.0152398,
            40.7103131
          ],
          [
            -74.0151906,
            40.7104642
          ],
          [
            -74.0150817,
            40.7108054
          ],
          [
            -74.0150703,
            40.7108316
          ],
          [
            -74.0150558,
            40.710857
          ],
          [
            -74.0150312,
            40.7108908
          ],
          [
            -74.0150258,
            40.710898
          ],
          [
            -74.0149765,
            40.7109638
          ],
          [
            -74.0149689,
            40.7109741
          ],
          [
            -74.0149459,
            40.711007
          ],
          [
            -74.014927,
            40.7110457
          ],
          [
            -74.0149173,
            40.7110714
          ],
          [
            -74.0149065,
            40.7111148
          ],
          [
            -74.0148875,
            40.7112092
          ],
          [
            -74.0148703,
            40.7112946
          ],
          [
            -74.0148663,
            40.7113177
          ],
          [
            -74.0148654,
            40.7113446
          ],
          [
            -74.0148566,
            40.7115375
          ],
          [
            -74.0148525,
            40.7116435
          ],
          [
            -74.0148493,
            40.7116696
          ],
          [
            -74.0148436,
            40.7117001
          ],
          [
            -74.0148346,
            40.7117307
          ],
          [
            -74.0147472,
            40.7120678
          ],
          [
            -74.0146611,
            40.7123937
          ],
          [
            -74.0146522,
            40.7124187
          ],
          [
            -74.0146217,
            40.7124926
          ],
          [
            -74.0146168,
            40.7125081
          ],
          [
            -74.0145948,
            40.7125862
          ],
          [
            -74.0145753,
            40.7126559
          ],
          [
            -74.0145594,
            40.7127137
          ],
          [
            -74.0144629,
            40.7130648
          ],
          [
            -74.014428,
            40.7131916
          ],
          [
            -74.0143462,
            40.7134773
          ],
          [
            -74.0143127,
            40.7135827
          ],
          [
            -74.0142965,
            40.7136269
          ],
          [
            -74.0142732,
            40.7136814
          ],
          [
            -74.0142455,
            40.7137322
          ],
          [
            -74.0142318,
            40.7137559
          ],
          [
            -74.0142098,
            40.7137873
          ],
          [
            -74.0142015,
            40.7138008
          ],
          [
            -74.0141924,
            40.7138162
          ],
          [
            -74.0141864,
            40.7138307
          ],
          [
            -74.0141677,
            40.7138875
          ],
          [
            -74.0141528,
            40.7139327
          ],
          [
            -74.0141491,
            40.7139476
          ],
          [
            -74.0141466,
            40.7139644
          ],
          [
            -74.0141533,
            40.7139841
          ],
          [
            -74.014169,
            40.7140075
          ],
          [
            -74.0141924,
            40.7140342
          ],
          [
            -74.014208,
            40.7140621
          ],
          [
            -74.0142127,
            40.7140864
          ],
          [
            -74.0142087,
            40.7141122
          ],
          [
            -74.0141839,
            40.7141948
          ],
          [
            -74.0141164,
            40.7144549
          ],
          [
            -74.0140142,
            40.7148285
          ],
          [
            -74.0139253,
            40.7151758
          ],
          [
            -74.0139112,
            40.7151953
          ],
          [
            -74.0138901,
            40.7152069
          ],
          [
            -74.013877,
            40.7152123
          ],
          [
            -74.0138599,
            40.7152173
          ],
          [
            -74.0138331,
            40.7152213
          ],
          [
            -74.0138088,
            40.7152272
          ],
          [
            -74.0137969,
            40.7152347
          ],
          [
            -74.01379,
            40.7152412
          ],
          [
            -74.0137862,
            40.7152498
          ],
          [
            -74.0137651,
            40.7153175
          ],
          [
            -74.0137425,
            40.7153901
          ],
          [
            -74.0137352,
            40.715417
          ],
          [
            -74.013459,
            40.7164781
          ],
          [
            -74.0134527,
            40.7164964
          ],
          [
            -74.0134413,
            40.7165167
          ],
          [
            -74.0134368,
            40.7165279
          ],
          [
            -74.0134321,
            40.7165438
          ],
          [
            -74.0134164,
            40.7165984
          ],
          [
            -74.013401,
            40.7166515
          ],
          [
            -74.0133963,
            40.7166892
          ],
          [
            -74.0133921,
            40.7167187
          ],
          [
            -74.0132669,
            40.7172198
          ],
          [
            -74.0132514,
            40.7172631
          ],
          [
            -74.0132419,
            40.7172904
          ],
          [
            -74.0132263,
            40.717349
          ],
          [
            -74.0132102,
            40.7174104
          ],
          [
            -74.0132085,
            40.7174205
          ],
          [
            -74.0132074,
            40.7174328
          ],
          [
            -74.0132096,
            40.7174461
          ],
          [
            -74.0132126,
            40.7174563
          ],
          [
            -74.013217,
            40.7174722
          ],
          [
            -74.0132191,
            40.7174841
          ],
          [
            -74.0132202,
            40.7174977
          ],
          [
            -74.0132241,
            40.7175278
          ],
          [
            -74.0132222,
            40.7175456
          ],
          [
            -74.0132194,
            40.7175704
          ],
          [
            -74.0132089,
            40.7176141
          ],
          [
            -74.0131899,
            40.7176933
          ],
          [
            -74.0132681,
            40.7177275
          ],
          [
            -74.0133238,
            40.7177524
          ],
          [
            -74.0132958,
            40.7178602
          ],
          [
            -74.0131924,
            40.7182804
          ],
          [
            -74.013182,
            40.7183177
          ],
          [
            -74.0130842,
            40.7186677
          ],
          [
            -74.0130746,
            40.718703
          ],
          [
            -74.0130698,
            40.7187227
          ],
          [
            -74.0130257,
            40.7189361
          ],
          [
            -74.0130039,
            40.7190441
          ],
          [
            -74.0129865,
            40.7191307
          ],
          [
            -74.0129685,
            40.7192204
          ],
          [
            -74.0129451,
            40.7193323
          ],
          [
            -74.0128589,
            40.7197518
          ],
          [
            -74.0128596,
            40.7197611
          ],
          [
            -74.0128675,
            40.7197803
          ],
          [
            -74.0128732,
            40.7197965
          ],
          [
            -74.0128739,
            40.7198065
          ],
          [
            -74.0128371,
            40.719977
          ],
          [
            -74.0128357,
            40.7200233
          ],
          [
            -74.0128472,
            40.7200656
          ],
          [
            -74.0128725,
            40.7201205
          ],
          [
            -74.0129243,
            40.720228
          ],
          [
            -74.012939,
            40.7202574
          ],
          [
            -74.0129475,
            40.7202923
          ],
          [
            -74.0129482,
            40.7203289
          ],
          [
            -74.0129032,
            40.720556
          ],
          [
            -74.0128343,
            40.7209042
          ],
          [
            -74.0128214,
            40.720945
          ],
          [
            -74.0128125,
            40.720966
          ],
          [
            -74.0127995,
            40.7209839
          ],
          [
            -74.0127455,
            40.7210525
          ],
          [
            -74.0127282,
            40.7210745
          ],
          [
            -74.0125903,
            40.7212505
          ],
          [
            -74.0125621,
            40.7212864
          ],
          [
            -74.0125309,
            40.7214322
          ],
          [
            -74.0125241,
            40.721466
          ],
          [
            -74.0125193,
            40.7214885
          ],
          [
            -74.0125179,
            40.7214939
          ],
          [
            -74.012511,
            40.7215206
          ],
          [
            -74.0124658,
            40.7216445
          ],
          [
            -74.0124572,
            40.7216745
          ],
          [
            -74.0124548,
            40.7216861
          ],
          [
            -74.0123282,
            40.7222923
          ],
          [
            -74.0123237,
            40.7223136
          ],
          [
            -74.0123066,
            40.7223957
          ],
          [
            -74.0122888,
            40.7224812
          ],
          [
            -74.0122845,
            40.7225016
          ],
          [
            -74.0122582,
            40.7226255
          ],
          [
            -74.0121903,
            40.722955
          ],
          [
            -74.0121699,
            40.7230502
          ],
          [
            -74.0120707,
            40.7235567
          ],
          [
            -74.0120603,
            40.7236101
          ],
          [
            -74.0120271,
            40.7237744
          ],
          [
            -74.0119002,
            40.7244018
          ],
          [
            -74.0118927,
            40.7244519
          ],
          [
            -74.0118389,
            40.7247537
          ],
          [
            -74.0118018,
            40.7249643
          ],
          [
            -74.0117691,
            40.7251489
          ],
          [
            -74.0117492,
            40.7252449
          ],
          [
            -74.0117297,
            40.7253392
          ],
          [
            -74.011706,
            40.7254539
          ],
          [
            -74.0116458,
            40.7257449
          ],
          [
            -74.0116163,
            40.7259011
          ],
          [
            -74.0116057,
            40.7259573
          ],
          [
            -74.0115306,
            40.7262919
          ],
          [
            -74.0115222,
            40.7263424
          ],
          [
            -74.0115133,
            40.7264072
          ],
          [
            -74.0115057,
            40.7264944
          ],
          [
            -74.0113517,
            40.7280277
          ],
          [
            -74.0113415,
            40.7281385
          ],
          [
            -74.0113396,
            40.728175
          ],
          [
            -74.0113412,
            40.7282327
          ],
          [
            -74.0113431,
            40.7282651
          ],
          [
            -74.0113464,
            40.7283105
          ],
          [
            -74.0113442,
            40.7283523
          ],
          [
            -74.0113024,
            40.7287789
          ],
          [
            -74.0112933,
            40.7288718
          ],
          [
            -74.0112682,
            40.7291281
          ],
          [
            -74.0112585,
            40.7292281
          ],
          [
            -74.0112537,
            40.7292768
          ],
          [
            -74.0112091,
            40.7297322
          ],
          [
            -74.0111741,
            40.7298781
          ],
          [
            -74.0111106,
            40.7304218
          ],
          [
            -74.0111075,
            40.7304486
          ],
          [
            -74.0110995,
            40.7305251
          ],
          [
            -74.0110925,
            40.7305829
          ],
          [
            -74.0110819,
            40.7307287
          ],
          [
            -74.0110657,
            40.7309477
          ],
          [
            -74.0110547,
            40.7310969
          ],
          [
            -74.011044,
            40.731241
          ],
          [
            -74.0110325,
            40.7313834
          ],
          [
            -74.011027,
            40.7314575
          ],
          [
            -74.0110059,
            40.7318311
          ],
          [
            -74.0110003,
            40.731878
          ],
          [
            -74.010952,
            40.7322878
          ],
          [
            -74.0109246,
            40.7325126
          ],
          [
            -74.0109022,
            40.7327092
          ],
          [
            -74.0108812,
            40.7330161
          ],
          [
            -74.0108786,
            40.7330522
          ],
          [
            -74.0108633,
            40.7332687
          ],
          [
            -74.0108611,
            40.7332998
          ],
          [
            -74.01086,
            40.7333516
          ],
          [
            -74.0108389,
            40.7335931
          ],
          [
            -74.0108317,
            40.7336348
          ],
          [
            -74.0108132,
            40.7337536
          ],
          [
            -74.010809,
            40.7337835
          ],
          [
            -74.0107802,
            40.7340422
          ],
          [
            -74.0107738,
            40.7341046
          ],
          [
            -74.0107572,
            40.7342654
          ],
          [
            -74.0107362,
            40.7344578
          ],
          [
            -74.0106916,
            40.7348671
          ],
          [
            -74.0106641,
            40.7352182
          ],
          [
            -74.0106456,
            40.7354422
          ],
          [
            -74.010596,
            40.7360503
          ],
          [
            -74.0105935,
            40.7360911
          ],
          [
            -74.0105751,
            40.7363183
          ],
          [
            -74.0105734,
            40.7363547
          ],
          [
            -74.010477,
            40.7374945
          ],
          [
            -74.0104736,
            40.7375761
          ],
          [
            -74.0104332,
            40.7380805
          ],
          [
            -74.0104229,
            40.7382096
          ],
          [
            -74.0104111,
            40.7383452
          ],
          [
            -74.0104046,
            40.7384193
          ],
          [
            -74.0103964,
            40.7385146
          ],
          [
            -74.0102771,
            40.7385184
          ],
          [
            -74.0102526,
            40.7385198
          ],
          [
            -74.0101984,
            40.7385229
          ],
          [
            -74.0101203,
            40.7385265
          ],
          [
            -74.0101263,
            40.7386083
          ],
          [
            -74.0101313,
            40.7386895
          ],
          [
            -74.010134,
            40.7387597
          ],
          [
            -74.0101335,
            40.7388366
          ],
          [
            -74.0101294,
            40.7389128
          ],
          [
            -74.010121,
            40.7390026
          ],
          [
            -74.0101075,
            40.7390936
          ],
          [
            -74.0100889,
            40.73918
          ],
          [
            -74.0100641,
            40.7392655
          ],
          [
            -74.0100615,
            40.7392753
          ],
          [
            -74.01004,
            40.7393421
          ],
          [
            -74.0100303,
            40.7393712
          ],
          [
            -74.0100148,
            40.7394132
          ],
          [
            -74.0099924,
            40.739468
          ],
          [
            -74.0099583,
            40.7395441
          ],
          [
            -74.0099198,
            40.7396226
          ],
          [
            -74.0098802,
            40.7396925
          ],
          [
            -74.0098194,
            40.7397954
          ],
          [
            -74.0095291,
            40.7402628
          ],
          [
            -74.009484,
            40.7403355
          ],
          [
            -74.0094297,
            40.7404267
          ],
          [
            -74.0094006,
            40.7404761
          ],
          [
            -74.0093738,
            40.7405258
          ],
          [
            -74.009347,
            40.7405814
          ],
          [
            -74.0093154,
            40.7406549
          ],
          [
            -74.0092838,
            40.7407343
          ],
          [
            -74.0092516,
            40.740819
          ],
          [
            -74.0092176,
            40.740919
          ],
          [
            -74.0091889,
            40.7410192
          ],
          [
            -74.0091667,
            40.7411118
          ],
          [
            -74.0091342,
            40.741267
          ],
          [
            -74.0090814,
            40.7415084
          ],
          [
            -74.0090673,
            40.7415747
          ],
          [
            -74.0090412,
            40.7416979
          ],
          [
            -74.0089315,
            40.7422283
          ],
          [
            -74.0089056,
            40.7423533
          ],
          [
            -74.0088733,
            40.7425139
          ],
          [
            -74.0088432,
            40.742646
          ],
          [
            -74.0088277,
            40.7427224
          ],
          [
            -74.0087977,
            40.7428796
          ],
          [
            -74.0087605,
            40.7430609
          ],
          [
            -74.0087459,
            40.7431307
          ],
          [
            -74.0087238,
            40.7431397
          ],
          [
            -74.0086989,
            40.7431473
          ],
          [
            -74.0086737,
            40.7431515
          ],
          [
            -74.0086454,
            40.7431553
          ],
          [
            -74.0086147,
            40.7431579
          ],
          [
            -74.0085816,
            40.7431593
          ],
          [
            -74.0085446,
            40.7431598
          ],
          [
            -74.0085153,
            40.7433149
          ],
          [
            -74.0084087,
            40.7438876
          ],
          [
            -74.0083937,
            40.7439767
          ],
          [
            -74.0082935,
            40.7445268
          ],
          [
            -74.0082819,
            40.7445922
          ],
          [
            -74.0082088,
            40.7445908
          ],
          [
            -74.0081815,
            40.7445823
          ],
          [
            -74.0081671,
            40.7446509
          ],
          [
            -74.0081558,
            40.744709
          ],
          [
            -74.0080494,
            40.7452421
          ],
          [
            -74.0080237,
            40.745343
          ],
          [
            -74.0080073,
            40.7454078
          ],
          [
            -74.0079012,
            40.7459831
          ],
          [
            -74.0078886,
            40.7460556
          ],
          [
            -74.0078766,
            40.746125
          ],
          [
            -74.007778,
            40.7466846
          ],
          [
            -74.0077752,
            40.7467087
          ],
          [
            -74.0077686,
            40.7467641
          ],
          [
            -74.0077614,
            40.7468247
          ],
          [
            -74.0077561,
            40.7468637
          ],
          [
            -74.0076464,
            40.7474019
          ],
          [
            -74.0076437,
            40.7474194
          ],
          [
            -74.0076367,
            40.7474643
          ],
          [
            -74.0076251,
            40.7475224
          ],
          [
            -74.0076215,
            40.7475414
          ],
          [
            -74.0075615,
            40.7478946
          ],
          [
            -74.007403,
            40.7481119
          ],
          [
            -74.0073867,
            40.7481338
          ],
          [
            -74.0073534,
            40.7481784
          ],
          [
            -74.007327,
            40.7482132
          ],
          [
            -74.0073144,
            40.7482299
          ],
          [
            -74.0069407,
            40.7487378
          ],
          [
            -74.0069184,
            40.7487702
          ],
          [
            -74.0068728,
            40.7488366
          ],
          [
            -74.0068274,
            40.7489029
          ],
          [
            -74.0068076,
            40.7489317
          ],
          [
            -74.0064443,
            40.7494282
          ],
          [
            -74.0064164,
            40.7494642
          ],
          [
            -74.00639,
            40.7495028
          ],
          [
            -74.006411,
            40.7495202
          ],
          [
            -74.0064242,
            40.7495388
          ],
          [
            -74.0064291,
            40.749562
          ],
          [
            -74.0064213,
            40.7495878
          ],
          [
            -74.0064122,
            40.7496184
          ],
          [
            -74.0061983,
            40.749944
          ],
          [
            -74.006123,
            40.7501036
          ],
          [
            -74.0060705,
            40.7501781
          ],
          [
            -74.0060184,
            40.7502532
          ],
          [
            -74.0056794,
            40.7507364
          ],
          [
            -74.0056216,
            40.7508082
          ],
          [
            -74.0055814,
            40.7508562
          ],
          [
            -74.0055515,
            40.7508967
          ],
          [
            -74.0052189,
            40.7513469
          ],
          [
            -74.0051771,
            40.7514035
          ],
          [
            -74.0051306,
            40.7514677
          ],
          [
            -74.0047723,
            40.7519621
          ],
          [
            -74.0047222,
            40.7520312
          ],
          [
            -74.0046799,
            40.7520896
          ],
          [
            -74.0043229,
            40.7525905
          ],
          [
            -74.0042686,
            40.7526648
          ],
          [
            -74.0042328,
            40.7527133
          ],
          [
            -74.0042032,
            40.7527536
          ],
          [
            -74.0041852,
            40.7527782
          ],
          [
            -74.0038677,
            40.7532103
          ],
          [
            -74.0038197,
            40.7532765
          ],
          [
            -74.0037877,
            40.7533206
          ],
          [
            -74.003561,
            40.7536336
          ],
          [
            -74.0033527,
            40.7539315
          ],
          [
            -74.0029219,
            40.7545211
          ],
          [
            -74.0025168,
            40.7550723
          ],
          [
            -74.0024796,
            40.7551246
          ],
          [
            -74.0024354,
            40.7551857
          ],
          [
            -74.0020393,
            40.7557011
          ],
          [
            -74.0019763,
            40.7557816
          ],
          [
            -74.0018983,
            40.7558786
          ],
          [
            -74.001794,
            40.7560193
          ],
          [
            -74.0015307,
            40.7563747
          ],
          [
            -74.0014663,
            40.7564645
          ],
          [
            -74.0014335,
            40.7565065
          ],
          [
            -74.0010726,
            40.7569984
          ],
          [
            -74.0010329,
            40.7570547
          ],
          [
            -74.0009837,
            40.7571235
          ],
          [
            -74.0007462,
            40.7574514
          ],
          [
            -74.0006257,
            40.757618
          ],
          [
            -74.0005846,
            40.7576744
          ],
          [
            -74.0005354,
            40.7577415
          ],
          [
            -74.00017,
            40.7582408
          ],
          [
            -74.0001285,
            40.7582961
          ],
          [
            -74.0000836,
            40.758361
          ],
          [
            -74.0000689,
            40.7583812
          ],
          [
            -73.9997299,
            40.7588485
          ],
          [
            -73.9996835,
            40.7589139
          ],
          [
            -73.9996111,
            40.7589702
          ],
          [
            -73.9995356,
            40.7590266
          ],
          [
            -73.9994546,
            40.7591402
          ],
          [
            -73.9992778,
            40.7593883
          ],
          [
            -73.999254,
            40.7594072
          ],
          [
            -73.9992326,
            40.7594178
          ],
          [
            -73.9992068,
            40.7594216
          ],
          [
            -73.9991844,
            40.7594191
          ],
          [
            -73.9991563,
            40.759414
          ],
          [
            -73.9991095,
            40.7594854
          ],
          [
            -73.9990723,
            40.7595421
          ],
          [
            -73.9987104,
            40.7600417
          ],
          [
            -73.998662,
            40.760104
          ],
          [
            -73.9986122,
            40.7601681
          ],
          [
            -73.9982489,
            40.7606646
          ],
          [
            -73.9981661,
            40.7607743
          ],
          [
            -73.9980903,
            40.7608745
          ],
          [
            -73.9977268,
            40.7613849
          ],
          [
            -73.9976845,
            40.7614434
          ],
          [
            -73.9976397,
            40.7615055
          ],
          [
            -73.9972711,
            40.7620023
          ],
          [
            -73.9972263,
            40.762065
          ],
          [
            -73.99718,
            40.7621297
          ],
          [
            -73.9968171,
            40.7626443
          ],
          [
            -73.9967809,
            40.7626942
          ],
          [
            -73.9967337,
            40.7627592
          ],
          [
            -73.9963611,
            40.7632748
          ],
          [
            -73.9963275,
            40.7633224
          ],
          [
            -73.9962807,
            40.7633889
          ],
          [
            -73.995907,
            40.763888
          ],
          [
            -73.9958654,
            40.7639441
          ],
          [
            -73.9958206,
            40.7640044
          ],
          [
            -73.9954559,
            40.7645192
          ],
          [
            -73.9954161,
            40.7645737
          ],
          [
            -73.9953724,
            40.7646335
          ],
          [
            -73.9951598,
            40.7649209
          ],
          [
            -73.9949929,
            40.7651465
          ],
          [
            -73.9949519,
            40.7652017
          ],
          [
            -73.9949101,
            40.7652579
          ],
          [
            -73.9945366,
            40.7657728
          ],
          [
            -73.9945212,
            40.7657892
          ],
          [
            -73.9944918,
            40.765831
          ],
          [
            -73.9944634,
            40.7658712
          ],
          [
            -73.994452,
            40.7658875
          ],
          [
            -73.9941602,
            40.7662941
          ],
          [
            -73.9940806,
            40.766405
          ],
          [
            -73.994071,
            40.7664151
          ],
          [
            -73.9940449,
            40.7664512
          ],
          [
            -73.9940089,
            40.766501
          ],
          [
            -73.9939999,
            40.7665127
          ],
          [
            -73.9936344,
            40.7670175
          ],
          [
            -73.9936248,
            40.7670293
          ],
          [
            -73.9936083,
            40.7670387
          ],
          [
            -73.9935717,
            40.7670831
          ],
          [
            -73.9935405,
            40.7671208
          ],
          [
            -73.993534,
            40.7671304
          ],
          [
            -73.9931709,
            40.7676505
          ],
          [
            -73.9931547,
            40.7676684
          ],
          [
            -73.9931306,
            40.7677045
          ],
          [
            -73.9930958,
            40.7677567
          ],
          [
            -73.99309,
            40.7677679
          ],
          [
            -73.9927189,
            40.7682719
          ],
          [
            -73.9927023,
            40.7682899
          ],
          [
            -73.992676,
            40.7683252
          ],
          [
            -73.992638,
            40.7683761
          ],
          [
            -73.9926224,
            40.7684008
          ],
          [
            -73.9922417,
            40.7689063
          ],
          [
            -73.9922339,
            40.7689157
          ],
          [
            -73.992205,
            40.7689645
          ],
          [
            -73.9921815,
            40.7690044
          ],
          [
            -73.992173,
            40.7690164
          ],
          [
            -73.9918056,
            40.7695353
          ],
          [
            -73.9917971,
            40.7695474
          ],
          [
            -73.9917655,
            40.769585
          ],
          [
            -73.991725,
            40.7696331
          ],
          [
            -73.9917112,
            40.7696518
          ],
          [
            -73.9913303,
            40.7701648
          ],
          [
            -73.9913138,
            40.7701871
          ],
          [
            -73.9912635,
            40.7702607
          ],
          [
            -73.9912099,
            40.7703392
          ],
          [
            -73.9911973,
            40.7703565
          ],
          [
            -73.9908185,
            40.7708757
          ],
          [
            -73.9908058,
            40.7708932
          ],
          [
            -73.9907801,
            40.7709309
          ],
          [
            -73.9907451,
            40.7709822
          ],
          [
            -73.9907348,
            40.7709979
          ],
          [
            -73.9903643,
            40.7714967
          ],
          [
            -73.990349,
            40.7715173
          ],
          [
            -73.990321,
            40.7715584
          ],
          [
            -73.9902901,
            40.7716038
          ],
          [
            -73.9902763,
            40.7716226
          ],
          [
            -73.9899078,
            40.7721238
          ],
          [
            -73.9898908,
            40.7721463
          ],
          [
            -73.9898664,
            40.7721818
          ],
          [
            -73.9898338,
            40.7722293
          ],
          [
            -73.9898167,
            40.772253
          ],
          [
            -73.9894535,
            40.7727559
          ],
          [
            -73.9894392,
            40.7727757
          ],
          [
            -73.9894102,
            40.7728129
          ],
          [
            -73.9893799,
            40.7728519
          ],
          [
            -73.9893625,
            40.7728756
          ],
          [
            -73.9889892,
            40.7733859
          ],
          [
            -73.9889071,
            40.7734982
          ],
          [
            -73.9885327,
            40.7740099
          ],
          [
            -73.9885194,
            40.774028
          ],
          [
            -73.9884934,
            40.7740641
          ],
          [
            -73.9884651,
            40.7741035
          ],
          [
            -73.9884496,
            40.7741233
          ],
          [
            -73.9880991,
            40.7746078
          ],
          [
            -73.9880779,
            40.7746357
          ],
          [
            -73.9880668,
            40.7746519
          ],
          [
            -73.9880423,
            40.7746861
          ],
          [
            -73.9880059,
            40.7747369
          ],
          [
            -73.9879917,
            40.7747556
          ],
          [
            -73.9876252,
            40.775254
          ],
          [
            -73.9876117,
            40.7752717
          ],
          [
            -73.9875786,
            40.7753178
          ],
          [
            -73.9875465,
            40.7753625
          ],
          [
            -73.987537,
            40.7753788
          ],
          [
            -73.9872009,
            40.7758518
          ],
          [
            -73.987171,
            40.7758915
          ],
          [
            -73.9871104,
            40.7759698
          ],
          [
            -73.9870528,
            40.7760444
          ],
          [
            -73.9867986,
            40.7763921
          ],
          [
            -73.9867462,
            40.7764638
          ],
          [
            -73.9864259,
            40.7769018
          ],
          [
            -73.9863755,
            40.7769707
          ],
          [
            -73.9861687,
            40.7772536
          ],
          [
            -73.9860455,
            40.7774221
          ],
          [
            -73.986019,
            40.7774591
          ],
          [
            -73.9859361,
            40.7775742
          ],
          [
            -73.9858528,
            40.7776885
          ],
          [
            -73.9858149,
            40.7777407
          ],
          [
            -73.9857924,
            40.7777717
          ],
          [
            -73.9853645,
            40.7783488
          ],
          [
            -73.9853338,
            40.7783931
          ],
          [
            -73.9853181,
            40.7784207
          ],
          [
            -73.9852967,
            40.7784582
          ],
          [
            -73.9852641,
            40.7785055
          ],
          [
            -73.9848964,
            40.7790261
          ],
          [
            -73.9848826,
            40.7790409
          ],
          [
            -73.9848584,
            40.7790766
          ],
          [
            -73.9848286,
            40.7791207
          ],
          [
            -73.9848141,
            40.7791393
          ],
          [
            -73.9844236,
            40.7796663
          ],
          [
            -73.9844074,
            40.7796882
          ],
          [
            -73.9843533,
            40.7797614
          ],
          [
            -73.9842995,
            40.7798342
          ],
          [
            -73.984285,
            40.7798539
          ],
          [
            -73.9838957,
            40.7803849
          ],
          [
            -73.9838805,
            40.7804056
          ],
          [
            -73.9838547,
            40.7804401
          ],
          [
            -73.983824,
            40.7804812
          ],
          [
            -73.9838117,
            40.7804977
          ],
          [
            -73.9834238,
            40.7810222
          ],
          [
            -73.9817377,
            40.7803183
          ],
          [
            -73.9819083,
            40.7797016
          ],
          [
            -73.9819144,
            40.7796793
          ],
          [
            -73.9819284,
            40.7796254
          ],
          [
            -73.9819378,
            40.779589
          ],
          [
            -73.9819453,
            40.7795634
          ],
          [
            -73.9821255,
            40.7789462
          ],
          [
            -73.9821314,
            40.778918
          ],
          [
            -73.9821527,
            40.7788322
          ],
          [
            -73.9821743,
            40.7787401
          ],
          [
            -73.9821796,
            40.7787198
          ],
          [
            -73.9822856,
            40.7781167
          ],
          [
            -73.9822911,
            40.7780792
          ],
          [
            -73.9822917,
            40.7780549
          ],
          [
            -73.9822916,
            40.7779951
          ],
          [
            -73.9822916,
            40.7779438
          ],
          [
            -73.982296,
            40.777903
          ],
          [
            -73.9822994,
            40.7778169
          ],
          [
            -73.9822757,
            40.777705
          ],
          [
            -73.9822573,
            40.7776183
          ],
          [
            -73.9822385,
            40.7776153
          ],
          [
            -73.9822754,
            40.7772928
          ],
          [
            -73.9822811,
            40.7772733
          ],
          [
            -73.982314,
            40.7772635
          ],
          [
            -73.9823204,
            40.7771869
          ],
          [
            -73.9823237,
            40.7771481
          ],
          [
            -73.9823256,
            40.7771221
          ],
          [
            -73.9823407,
            40.776966
          ],
          [
            -73.9823652,
            40.7764819
          ],
          [
            -73.982368,
            40.7764531
          ],
          [
            -73.9823631,
            40.7763909
          ],
          [
            -73.9823592,
            40.7763406
          ],
          [
            -73.9823578,
            40.7763158
          ],
          [
            -73.9823929,
            40.7756638
          ],
          [
            -73.9823931,
            40.7756423
          ],
          [
            -73.9823937,
            40.7755854
          ],
          [
            -73.9823942,
            40.7755298
          ],
          [
            -73.9823944,
            40.7755074
          ],
          [
            -73.9824181,
            40.7748565
          ],
          [
            -73.9824241,
            40.7748348
          ],
          [
            -73.9824247,
            40.7747754
          ],
          [
            -73.9824251,
            40.7747348
          ],
          [
            -73.982425,
            40.7747082
          ],
          [
            -73.982447,
            40.7740502
          ],
          [
            -73.9824499,
            40.774022
          ],
          [
            -73.9824514,
            40.7739793
          ],
          [
            -73.9824531,
            40.7739291
          ],
          [
            -73.9824532,
            40.7739
          ],
          [
            -73.9824453,
            40.7736277
          ],
          [
            -73.9824469,
            40.7732316
          ],
          [
            -73.9824472,
            40.7732095
          ],
          [
            -73.9824472,
            40.7731435
          ],
          [
            -73.9824473,
            40.7730716
          ],
          [
            -73.9824501,
            40.7730476
          ],
          [
            -73.9824421,
            40.772929
          ],
          [
            -73.9824425,
            40.7728296
          ],
          [
            -73.9824387,
            40.7727815
          ],
          [
            -73.9824356,
            40.7727404
          ],
          [
            -73.9824299,
            40.7727099
          ],
          [
            -73.9824246,
            40.7726813
          ],
          [
            -73.9824244,
            40.7726779
          ],
          [
            -73.9824255,
            40.7726746
          ],
          [
            -73.9826797,
            40.7723292
          ],
          [
            -73.9826954,
            40.7723077
          ],
          [
            -73.9827093,
            40.7722887
          ],
          [
            -73.9828601,
            40.7720827
          ],
          [
            -73.983013,
            40.7718762
          ],
          [
            -73.9830255,
            40.7718594
          ],
          [
            -73.9830364,
            40.7718442
          ],
          [
            -73.9833494,
            40.7714068
          ],
          [
            -73.9833725,
            40.7713743
          ],
          [
            -73.9833982,
            40.7713381
          ],
          [
            -73.9834781,
            40.771237
          ],
          [
            -73.9834906,
            40.7712182
          ],
          [
            -73.9835434,
            40.7711527
          ],
          [
            -73.9835883,
            40.7710969
          ],
          [
            -73.9835993,
            40.7710823
          ],
          [
            -73.9839498,
            40.7706072
          ],
          [
            -73.9839891,
            40.7705536
          ],
          [
            -73.984043,
            40.7704802
          ],
          [
            -73.9842999,
            40.7701299
          ],
          [
            -73.9843808,
            40.7700178
          ],
          [
            -73.9843966,
            40.7699956
          ],
          [
            -73.9844358,
            40.7699252
          ],
          [
            -73.9844723,
            40.7698654
          ],
          [
            -73.9844839,
            40.7698469
          ],
          [
            -73.9844983,
            40.7698266
          ],
          [
            -73.9848472,
            40.7693358
          ],
          [
            -73.9848562,
            40.7693231
          ],
          [
            -73.9848912,
            40.7692819
          ],
          [
            -73.9849329,
            40.7692328
          ],
          [
            -73.9849464,
            40.7692125
          ],
          [
            -73.9853147,
            40.7687111
          ],
          [
            -73.9853274,
            40.7686951
          ],
          [
            -73.9853619,
            40.7686483
          ],
          [
            -73.9853896,
            40.7686106
          ],
          [
            -73.9854043,
            40.7685916
          ],
          [
            -73.9857875,
            40.7680767
          ],
          [
            -73.9858037,
            40.7680525
          ],
          [
            -73.9858553,
            40.7679739
          ],
          [
            -73.9859029,
            40.7679013
          ],
          [
            -73.98592,
            40.7678782
          ],
          [
            -73.9863056,
            40.7673645
          ],
          [
            -73.9863142,
            40.7673531
          ],
          [
            -73.986349,
            40.7673068
          ],
          [
            -73.9863788,
            40.7672673
          ],
          [
            -73.9863931,
            40.7672473
          ],
          [
            -73.9867583,
            40.7667376
          ],
          [
            -73.9867699,
            40.7667214
          ],
          [
            -73.9867929,
            40.7666893
          ],
          [
            -73.9868312,
            40.7666358
          ],
          [
            -73.986848,
            40.7666188
          ],
          [
            -73.9872167,
            40.7661086
          ],
          [
            -73.9872343,
            40.7661046
          ],
          [
            -73.987265,
            40.7660519
          ],
          [
            -73.9872885,
            40.7660114
          ],
          [
            -73.9873018,
            40.7659992
          ],
          [
            -73.9876804,
            40.7654857
          ],
          [
            -73.9876883,
            40.7654685
          ],
          [
            -73.9877173,
            40.7654274
          ],
          [
            -73.9877418,
            40.7653927
          ],
          [
            -73.9877561,
            40.7653821
          ],
          [
            -73.9881358,
            40.7648587
          ],
          [
            -73.9881393,
            40.7648454
          ],
          [
            -73.9881641,
            40.764809
          ],
          [
            -73.9881992,
            40.7647576
          ],
          [
            -73.9882135,
            40.764744
          ],
          [
            -73.9885893,
            40.7642367
          ],
          [
            -73.9886041,
            40.7642167
          ],
          [
            -73.9886322,
            40.7641734
          ],
          [
            -73.988654,
            40.7641397
          ],
          [
            -73.9886669,
            40.7641218
          ],
          [
            -73.9890397,
            40.7636041
          ],
          [
            -73.9890806,
            40.7635481
          ],
          [
            -73.9891236,
            40.7634892
          ],
          [
            -73.9894996,
            40.7629808
          ],
          [
            -73.9895435,
            40.7629214
          ],
          [
            -73.989583,
            40.7628681
          ],
          [
            -73.9899433,
            40.7623488
          ],
          [
            -73.9899894,
            40.7622876
          ],
          [
            -73.9900257,
            40.7622394
          ],
          [
            -73.990412,
            40.7617305
          ],
          [
            -73.9904585,
            40.7616665
          ],
          [
            -73.9904951,
            40.7616162
          ],
          [
            -73.9908763,
            40.7610948
          ],
          [
            -73.9909113,
            40.7610442
          ],
          [
            -73.9909455,
            40.7609947
          ],
          [
            -73.9913129,
            40.7604702
          ],
          [
            -73.9913577,
            40.7604105
          ],
          [
            -73.9913966,
            40.7603587
          ],
          [
            -73.991782,
            40.7598455
          ],
          [
            -73.991824,
            40.7597874
          ],
          [
            -73.9918648,
            40.7597312
          ],
          [
            -73.9922423,
            40.759225
          ],
          [
            -73.9922848,
            40.7591642
          ],
          [
            -73.9923302,
            40.7590994
          ],
          [
            -73.9927059,
            40.7585944
          ],
          [
            -73.9927823,
            40.7584903
          ],
          [
            -73.9928454,
            40.7584043
          ],
          [
            -73.9931357,
            40.7579924
          ],
          [
            -73.9931927,
            40.7579174
          ],
          [
            -73.9932234,
            40.7578787
          ],
          [
            -73.9932869,
            40.7577875
          ],
          [
            -73.9936565,
            40.7572682
          ],
          [
            -73.9937024,
            40.7572079
          ],
          [
            -73.9937473,
            40.7571488
          ],
          [
            -73.994114,
            40.7566458
          ],
          [
            -73.9941539,
            40.7565892
          ],
          [
            -73.9941968,
            40.7565281
          ],
          [
            -73.9945644,
            40.7560306
          ],
          [
            -73.9946203,
            40.7559556
          ],
          [
            -73.9946513,
            40.7559148
          ],
          [
            -73.9950208,
            40.7554198
          ],
          [
            -73.9950303,
            40.7554049
          ],
          [
            -73.9950639,
            40.7553545
          ],
          [
            -73.9950915,
            40.7553131
          ],
          [
            -73.9950999,
            40.7553017
          ],
          [
            -73.9953106,
            40.7550141
          ],
          [
            -73.9953495,
            40.7549406
          ],
          [
            -73.9953812,
            40.754883
          ],
          [
            -73.9954445,
            40.7547972
          ],
          [
            -73.99547,
            40.7547625
          ],
          [
            -73.9954914,
            40.7547328
          ],
          [
            -73.9955328,
            40.7546753
          ],
          [
            -73.9955509,
            40.7546705
          ],
          [
            -73.9957798,
            40.754357
          ],
          [
            -73.9958038,
            40.7543244
          ],
          [
            -73.9959007,
            40.7541927
          ],
          [
            -73.9959089,
            40.7541816
          ],
          [
            -73.9959184,
            40.7541684
          ],
          [
            -73.9959227,
            40.7541623
          ],
          [
            -73.9959536,
            40.7541194
          ],
          [
            -73.9959984,
            40.7540579
          ],
          [
            -73.9963752,
            40.753548
          ],
          [
            -73.9964409,
            40.7534591
          ],
          [
            -73.9965183,
            40.7533543
          ],
          [
            -73.9968891,
            40.7528452
          ],
          [
            -73.9969007,
            40.7528289
          ],
          [
            -73.99693,
            40.7527878
          ],
          [
            -73.99695,
            40.7527607
          ],
          [
            -73.9969785,
            40.7527204
          ],
          [
            -73.9969888,
            40.7527111
          ],
          [
            -73.9970173,
            40.7526948
          ],
          [
            -73.9970337,
            40.7526814
          ],
          [
            -73.9970605,
            40.7526437
          ],
          [
            -73.9971145,
            40.7525679
          ],
          [
            -73.9971571,
            40.7525083
          ],
          [
            -73.9972018,
            40.7524457
          ],
          [
            -73.9972548,
            40.7523715
          ],
          [
            -73.9972974,
            40.7523117
          ],
          [
            -73.9973358,
            40.7522578
          ],
          [
            -73.9973943,
            40.7521766
          ],
          [
            -73.997447,
            40.7521034
          ],
          [
            -73.9975586,
            40.7519487
          ],
          [
            -73.9976333,
            40.7518449
          ],
          [
            -73.9977483,
            40.7516854
          ],
          [
            -73.9977552,
            40.7516697
          ],
          [
            -73.9977704,
            40.7516218
          ],
          [
            -73.997777,
            40.7516085
          ],
          [
            -73.9977858,
            40.7515962
          ],
          [
            -73.9978245,
            40.751552
          ],
          [
            -73.9978671,
            40.7515007
          ],
          [
            -73.9978725,
            40.7514941
          ],
          [
            -73.9978754,
            40.7514906
          ],
          [
            -73.9980845,
            40.7512052
          ],
          [
            -73.9981314,
            40.7511447
          ],
          [
            -73.9981427,
            40.7511291
          ],
          [
            -73.9981652,
            40.7510965
          ],
          [
            -73.9981881,
            40.7510613
          ],
          [
            -73.9982102,
            40.7510316
          ],
          [
            -73.9982216,
            40.7510162
          ],
          [
            -73.998263,
            40.7509535
          ],
          [
            -73.998319,
            40.7508711
          ],
          [
            -73.9982123,
            40.7508269
          ],
          [
            -73.998574,
            40.7503296
          ],
          [
            -73.9986119,
            40.7502754
          ],
          [
            -73.998663,
            40.7502063
          ],
          [
            -73.9987745,
            40.7502475
          ],
          [
            -73.9991395,
            40.7497476
          ],
          [
            -73.9991776,
            40.7496973
          ],
          [
            -73.9992165,
            40.7496443
          ],
          [
            -73.9992551,
            40.7495914
          ],
          [
            -73.9994071,
            40.7493831
          ],
          [
            -73.9995476,
            40.7491904
          ],
          [
            -73.9995914,
            40.7491304
          ],
          [
            -73.999688,
            40.748998
          ],
          [
            -73.9997294,
            40.7489412
          ],
          [
            -74.0000375,
            40.7485189
          ],
          [
            -74.0000727,
            40.7484707
          ],
          [
            -74.0001232,
            40.7484014
          ],
          [
            -74.000486,
            40.7479041
          ],
          [
            -74.0005268,
            40.7478443
          ],
          [
            -74.0005708,
            40.7477762
          ],
          [
            -74.0009416,
            40.7472813
          ],
          [
            -74.0009822,
            40.7472251
          ],
          [
            -74.0010235,
            40.7471678
          ],
          [
            -74.0013711,
            40.7466732
          ],
          [
            -74.0014032,
            40.7466466
          ],
          [
            -74.0014088,
            40.7466386
          ],
          [
            -74.0014588,
            40.746567
          ],
          [
            -74.0015273,
            40.7464694
          ],
          [
            -74.0019067,
            40.7459499
          ],
          [
            -74.00195,
            40.7458934
          ],
          [
            -74.0019957,
            40.7458337
          ],
          [
            -74.0023585,
            40.7453279
          ],
          [
            -74.0023935,
            40.7452769
          ],
          [
            -74.0024431,
            40.7452068
          ],
          [
            -74.002622,
            40.744952
          ],
          [
            -74.0027897,
            40.7447469
          ],
          [
            -74.0028332,
            40.7446805
          ],
          [
            -74.0028705,
            40.7446235
          ],
          [
            -74.0031995,
            40.7441498
          ],
          [
            -74.003243,
            40.7440929
          ],
          [
            -74.0032918,
            40.744029
          ],
          [
            -74.0036386,
            40.7435709
          ],
          [
            -74.0036781,
            40.7435168
          ],
          [
            -74.0037244,
            40.7434535
          ],
          [
            -74.0040679,
            40.7429871
          ],
          [
            -74.0041101,
            40.7429294
          ],
          [
            -74.0041559,
            40.7428667
          ],
          [
            -74.0042652,
            40.742716
          ],
          [
            -74.0043858,
            40.7425498
          ],
          [
            -74.0044948,
            40.7423917
          ],
          [
            -74.0045351,
            40.742332
          ],
          [
            -74.0045681,
            40.7422831
          ],
          [
            -74.0049564,
            40.741761
          ],
          [
            -74.0049922,
            40.7417111
          ],
          [
            -74.0050382,
            40.7416468
          ],
          [
            -74.0054377,
            40.7411072
          ],
          [
            -74.0054596,
            40.741075
          ],
          [
            -74.0055025,
            40.7410123
          ],
          [
            -74.0055423,
            40.7409536
          ],
          [
            -74.005566,
            40.7409187
          ],
          [
            -74.0055305,
            40.7409031
          ],
          [
            -74.0054951,
            40.7408875
          ],
          [
            -74.005454,
            40.7408694
          ],
          [
            -74.0054251,
            40.7408566
          ],
          [
            -74.0057625,
            40.7403387
          ],
          [
            -74.0057765,
            40.7403034
          ],
          [
            -74.0057873,
            40.7402864
          ],
          [
            -74.0058139,
            40.7402491
          ],
          [
            -74.0058418,
            40.7402098
          ],
          [
            -74.0058573,
            40.7401894
          ],
          [
            -74.0062915,
            40.7396176
          ],
          [
            -74.0063611,
            40.7395174
          ],
          [
            -74.0063643,
            40.7394837
          ],
          [
            -74.0063674,
            40.7394538
          ],
          [
            -74.006372,
            40.7394042
          ],
          [
            -74.0063752,
            40.7393642
          ],
          [
            -74.0063771,
            40.7393482
          ],
          [
            -74.0063861,
            40.7388406
          ],
          [
            -74.0063835,
            40.7388243
          ],
          [
            -74.0063775,
            40.7388185
          ],
          [
            -74.0063812,
            40.7387624
          ],
          [
            -74.0063842,
            40.7387163
          ],
          [
            -74.0063928,
            40.738203
          ],
          [
            -74.0063921,
            40.7381852
          ],
          [
            -74.0063944,
            40.7381509
          ],
          [
            -74.0063972,
            40.7381157
          ],
          [
            -74.006396,
            40.7380983
          ],
          [
            -74.0064109,
            40.7376216
          ],
          [
            -74.0063991,
            40.7376174
          ],
          [
            -74.0063987,
            40.7375556
          ],
          [
            -74.0063986,
            40.7374962
          ],
          [
            -74.0064111,
            40.7374963
          ],
          [
            -74.006421,
            40.737025
          ],
          [
            -74.0064101,
            40.7370187
          ],
          [
            -74.0064204,
            40.7369659
          ],
          [
            -74.0064301,
            40.7369159
          ],
          [
            -74.0065157,
            40.7365153
          ],
          [
            -74.0065253,
            40.7364899
          ],
          [
            -74.00653,
            40.7364517
          ],
          [
            -74.0065361,
            40.7364159
          ],
          [
            -74.0065342,
            40.7364021
          ],
          [
            -74.006539,
            40.7363988
          ],
          [
            -74.0065449,
            40.7363931
          ],
          [
            -74.0065478,
            40.7363881
          ],
          [
            -74.0066892,
            40.7358366
          ],
          [
            -74.0066882,
            40.7358253
          ],
          [
            -74.0066797,
            40.7358161
          ],
          [
            -74.0066858,
            40.7357493
          ],
          [
            -74.0066934,
            40.7356854
          ],
          [
            -74.0067276,
            40.7356802
          ],
          [
            -74.0068708,
            40.7351247
          ],
          [
            -74.0068717,
            40.7351087
          ],
          [
            -74.0068694,
            40.7350949
          ],
          [
            -74.0068619,
            40.7350875
          ],
          [
            -74.0068768,
            40.7350255
          ],
          [
            -74.0068879,
            40.7349792
          ],
          [
            -74.0068972,
            40.7349745
          ],
          [
            -74.0069048,
            40.7349662
          ],
          [
            -74.0069074,
            40.7349574
          ],
          [
            -74.0070449,
            40.7344082
          ],
          [
            -74.0070457,
            40.7343955
          ],
          [
            -74.0070433,
            40.7343837
          ],
          [
            -74.0070406,
            40.7343744
          ],
          [
            -74.0070521,
            40.7343217
          ],
          [
            -74.007064,
            40.7342667
          ],
          [
            -74.0070767,
            40.7342649
          ],
          [
            -74.0072189,
            40.7336957
          ],
          [
            -74.0072199,
            40.7336838
          ],
          [
            -74.0072179,
            40.7336764
          ],
          [
            -74.0072114,
            40.7336737
          ],
          [
            -74.0072046,
            40.7336711
          ],
          [
            -74.0072309,
            40.7335933
          ],
          [
            -74.007244,
            40.7335547
          ],
          [
            -74.0072958,
            40.7333598
          ],
          [
            -74.0073777,
            40.732975
          ],
          [
            -74.0073809,
            40.7329601
          ],
          [
            -74.0073942,
            40.7329212
          ],
          [
            -74.0074106,
            40.7328774
          ],
          [
            -74.0074172,
            40.7328524
          ],
          [
            -74.0076803,
            40.73185
          ],
          [
            -74.0076928,
            40.731832
          ],
          [
            -74.0077059,
            40.7317831
          ],
          [
            -74.007719,
            40.7317343
          ],
          [
            -74.0077135,
            40.7317141
          ],
          [
            -74.0078819,
            40.7311351
          ],
          [
            -74.0079009,
            40.7310683
          ],
          [
            -74.0079198,
            40.7310018
          ],
          [
            -74.008081,
            40.7304198
          ],
          [
            -74.008102,
            40.7303498
          ],
          [
            -74.0081216,
            40.7302843
          ],
          [
            -74.0082753,
            40.7296908
          ],
          [
            -74.008293,
            40.729636
          ],
          [
            -74.0083127,
            40.7295566
          ],
          [
            -74.0084783,
            40.728988
          ],
          [
            -74.0084934,
            40.7289119
          ],
          [
            -74.0085083,
            40.7288363
          ],
          [
            -74.0086034,
            40.7282628
          ],
          [
            -74.0086182,
            40.7281879
          ],
          [
            -74.0086305,
            40.7281253
          ],
          [
            -74.0087337,
            40.7275601
          ],
          [
            -74.0087325,
            40.7275473
          ],
          [
            -74.0087226,
            40.7275305
          ],
          [
            -74.0087368,
            40.72746
          ],
          [
            -74.0087479,
            40.7274048
          ],
          [
            -74.0087638,
            40.7273944
          ],
          [
            -74.0088598,
            40.7268067
          ],
          [
            -74.0088702,
            40.7267454
          ],
          [
            -74.0088804,
            40.7266848
          ],
          [
            -74.0089885,
            40.7260463
          ],
          [
            -74.0089965,
            40.7259933
          ],
          [
            -74.0090086,
            40.7259139
          ],
          [
            -74.009201,
            40.7247825
          ],
          [
            -74.0092056,
            40.7247528
          ],
          [
            -74.0092173,
            40.7247095
          ],
          [
            -74.0092409,
            40.7246213
          ],
          [
            -74.0092664,
            40.7245262
          ],
          [
            -74.0092598,
            40.724509
          ],
          [
            -74.0093192,
            40.7241665
          ],
          [
            -74.0093228,
            40.7241481
          ],
          [
            -74.0093347,
            40.7240945
          ],
          [
            -74.009349,
            40.7240301
          ],
          [
            -74.0093521,
            40.7240124
          ],
          [
            -74.0094452,
            40.7235025
          ],
          [
            -74.0094484,
            40.7234847
          ],
          [
            -74.0094543,
            40.723432
          ],
          [
            -74.0094592,
            40.7233877
          ],
          [
            -74.009465,
            40.7233714
          ],
          [
            -74.0095541,
            40.7228434
          ],
          [
            -74.0095546,
            40.7228355
          ],
          [
            -74.0095618,
            40.7227859
          ],
          [
            -74.0095707,
            40.7227237
          ],
          [
            -74.0095745,
            40.7227102
          ],
          [
            -74.0096676,
            40.7221953
          ],
          [
            -74.009682,
            40.7221311
          ],
          [
            -74.0096966,
            40.7220658
          ],
          [
            -74.0097896,
            40.7215256
          ],
          [
            -74.0097982,
            40.7215218
          ],
          [
            -74.0098091,
            40.7214703
          ],
          [
            -74.0098201,
            40.7214187
          ],
          [
            -74.0098047,
            40.7214012
          ],
          [
            -74.0099052,
            40.7208234
          ],
          [
            -74.0099255,
            40.7208114
          ],
          [
            -74.0099345,
            40.7207586
          ],
          [
            -74.0099459,
            40.7206917
          ],
          [
            -74.0099332,
            40.7206799
          ],
          [
            -74.0100195,
            40.7201702
          ],
          [
            -74.0100242,
            40.7201487
          ],
          [
            -74.0100306,
            40.7201153
          ],
          [
            -74.0100437,
            40.7200465
          ],
          [
            -74.0100477,
            40.7200237
          ],
          [
            -74.0101348,
            40.7195121
          ],
          [
            -74.0101386,
            40.7194898
          ],
          [
            -74.0101471,
            40.7194358
          ],
          [
            -74.0101536,
            40.7193945
          ],
          [
            -74.0101563,
            40.7193766
          ],
          [
            -74.0102423,
            40.718855
          ],
          [
            -74.0102455,
            40.7188392
          ],
          [
            -74.0102606,
            40.7187958
          ],
          [
            -74.0102823,
            40.7187332
          ],
          [
            -74.0102622,
            40.7187172
          ],
          [
            -74.0103597,
            40.7181759
          ],
          [
            -74.0103634,
            40.7181561
          ],
          [
            -74.0103765,
            40.7181014
          ],
          [
            -74.0103863,
            40.7180604
          ],
          [
            -74.0103938,
            40.7180314
          ],
          [
            -74.0105287,
            40.7175251
          ],
          [
            -74.0105333,
            40.7175069
          ],
          [
            -74.0105455,
            40.7174537
          ],
          [
            -74.0105553,
            40.717411
          ],
          [
            -74.0105605,
            40.7173916
          ],
          [
            -74.0106722,
            40.7169325
          ],
          [
            -74.0106779,
            40.7169131
          ],
          [
            -74.0106879,
            40.7168718
          ],
          [
            -74.0107014,
            40.7168163
          ],
          [
            -74.010706,
            40.7167991
          ],
          [
            -74.0108328,
            40.7163276
          ],
          [
            -74.0108394,
            40.7163048
          ],
          [
            -74.0108485,
            40.7162697
          ],
          [
            -74.0108673,
            40.7161983
          ],
          [
            -74.0108704,
            40.7161867
          ],
          [
            -74.0110137,
            40.7156447
          ],
          [
            -74.011019,
            40.7156221
          ],
          [
            -74.0110326,
            40.7155685
          ],
          [
            -74.0110456,
            40.7155167
          ],
          [
            -74.0110517,
            40.715491
          ],
          [
            -74.0111937,
            40.7149561
          ],
          [
            -74.0111987,
            40.7149355
          ],
          [
            -74.0112122,
            40.7148765
          ],
          [
            -74.0112222,
            40.7148331
          ],
          [
            -74.0112325,
            40.7147908
          ],
          [
            -74.0113711,
            40.7143092
          ],
          [
            -74.011378,
            40.714284
          ],
          [
            -74.0113876,
            40.7142465
          ],
          [
            -74.0114016,
            40.7141881
          ],
          [
            -74.0114085,
            40.7141666
          ],
          [
            -74.011545,
            40.7136638
          ],
          [
            -74.0115459,
            40.7136384
          ],
          [
            -74.0115456,
            40.713635
          ],
          [
            -74.0115412,
            40.7135827
          ],
          [
            -74.011535,
            40.7135137
          ],
          [
            -74.0115341,
            40.7134952
          ],
          [
            -74.011517,
            40.7134874
          ],
          [
            -74.0115584,
            40.7133251
          ],
          [
            -74.0115775,
            40.7133136
          ],
          [
            -74.0115937,
            40.7132998
          ],
          [
            -74.0116065,
            40.713284
          ],
          [
            -74.0116155,
            40.7132668
          ],
          [
            -74.0116204,
            40.7132487
          ],
          [
            -74.0116211,
            40.7132301
          ],
          [
            -74.0116175,
            40.7132118
          ],
          [
            -74.0116097,
            40.7131943
          ],
          [
            -74.0115981,
            40.713178
          ],
          [
            -74.0116686,
            40.7129124
          ],
          [
            -74.0116963,
            40.7128889
          ],
          [
            -74.0116639,
            40.7128716
          ],
          [
            -74.0115953,
            40.7128311
          ],
          [
            -74.0115353,
            40.7127961
          ],
          [
            -74.011478,
            40.7127684
          ],
          [
            -74.0114803,
            40.7127597
          ],
          [
            -74.0114796,
            40.7127468
          ],
          [
            -74.0114761,
            40.7126991
          ],
          [
            -74.0114727,
            40.712652
          ],
          [
            -74.011483,
            40.7126342
          ],
          [
            -74.0115173,
            40.7125749
          ],
          [
            -74.0115267,
            40.7125586
          ],
          [
            -74.0115437,
            40.7125292
          ],
          [
            -74.0117432,
            40.7121846
          ],
          [
            -74.0117634,
            40.7121508
          ],
          [
            -74.0117887,
            40.7121191
          ],
          [
            -74.0118288,
            40.7120747
          ],
          [
            -74.0118442,
            40.7120493
          ],
          [
            -74.0118616,
            40.7120243
          ],
          [
            -74.0119056,
            40.7119643
          ],
          [
            -74.0119119,
            40.7119476
          ],
          [
            -74.0119426,
            40.7118585
          ],
          [
            -74.012057,
            40.7115288
          ],
          [
            -74.0120786,
            40.7114665
          ],
          [
            -74.0121789,
            40.7111776
          ],
          [
            -74.0122817,
            40.7108816
          ],
          [
            -74.012294,
            40.7108473
          ],
          [
            -74.012311,
            40.7108059
          ],
          [
            -74.0123445,
            40.7107261
          ],
          [
            -74.0124518,
            40.7104705
          ],
          [
            -74.0125649,
            40.7102006
          ],
          [
            -74.0125743,
            40.7101726
          ],
          [
            -74.0125942,
            40.7101126
          ],
          [
            -74.0126141,
            40.7100515
          ],
          [
            -74.0126041,
            40.7100326
          ],
          [
            -74.0127441,
            40.7097118
          ],
          [
            -74.012748,
            40.7097027
          ],
          [
            -74.0127486,
            40.7097014
          ],
          [
            -74.0127584,
            40.7096786
          ],
          [
            -74.0127689,
            40.7096543
          ],
          [
            -74.012776,
            40.7096363
          ],
          [
            -74.0128988,
            40.7093493
          ],
          [
            -74.0129009,
            40.7093443
          ],
          [
            -74.0129105,
            40.7093221
          ],
          [
            -74.0129196,
            40.7093009
          ],
          [
            -74.0129216,
            40.7092963
          ],
          [
            -74.0129708,
            40.7091818
          ],
          [
            -74.0130221,
            40.7090624
          ],
          [
            -74.0134787,
            40.708
          ],
          [
            -74.013485,
            40.7079859
          ],
          [
            -74.0134894,
            40.707973
          ],
          [
            -74.0134991,
            40.70795
          ],
          [
            -74.0135105,
            40.707923
          ],
          [
            -74.0135181,
            40.7079058
          ],
          [
            -74.0138628,
            40.7071658
          ],
          [
            -74.0138689,
            40.7071512
          ],
          [
            -74.0138759,
            40.7071266
          ],
          [
            -74.0138946,
            40.7070614
          ],
          [
            -74.0139099,
            40.7070081
          ],
          [
            -74.0139105,
            40.7069992
          ],
          [
            -74.01391,
            40.7069917
          ],
          [
            -74.0139087,
            40.7069815
          ],
          [
            -74.0139045,
            40.7069645
          ],
          [
            -74.0138821,
            40.7068888
          ],
          [
            -74.0139027,
            40.7068799
          ],
          [
            -74.013924,
            40.7068668
          ],
          [
            -74.0139498,
            40.7068473
          ],
          [
            -74.013972,
            40.7068271
          ],
          [
            -74.0139904,
            40.7068038
          ],
          [
            -74.0140062,
            40.706777
          ],
          [
            -74.0140166,
            40.7067525
          ],
          [
            -74.0140237,
            40.7067296
          ],
          [
            -74.0140497,
            40.7067236
          ],
          [
            -74.0140775,
            40.706715
          ],
          [
            -74.0141029,
            40.7067033
          ],
          [
            -74.0141249,
            40.7066901
          ],
          [
            -74.0141483,
            40.7066729
          ],
          [
            -74.0141654,
            40.7066554
          ],
          [
            -74.0141775,
            40.7066401
          ],
          [
            -74.0141909,
            40.7066151
          ],
          [
            -74.0141971,
            40.7065942
          ],
          [
            -74.0142012,
            40.7065677
          ],
          [
            -74.0142043,
            40.7065349
          ],
          [
            -74.0142109,
            40.7065109
          ],
          [
            -74.0142121,
            40.7065095
          ],
          [
            -74.0142407,
            40.7064822
          ],
          [
            -74.0142839,
            40.7064588
          ],
          [
            -74.0143178,
            40.7064363
          ],
          [
            -74.0143337,
            40.7064197
          ],
          [
            -74.014347,
            40.7064022
          ],
          [
            -74.0143569,
            40.7063842
          ],
          [
            -74.0143666,
            40.706363
          ],
          [
            -74.0143801,
            40.7063356
          ],
          [
            -74.0144082,
            40.7062866
          ],
          [
            -74.0144322,
            40.7062467
          ],
          [
            -74.0144094,
            40.7062375
          ],
          [
            -74.0143485,
            40.7062168
          ],
          [
            -74.0142775,
            40.7061927
          ],
          [
            -74.0142729,
            40.7061829
          ],
          [
            -74.0148087,
            40.7049258
          ],
          [
            -74.014828,
            40.7048785
          ],
          [
            -74.0148363,
            40.7048582
          ],
          [
            -74.014852,
            40.7048114
          ],
          [
            -74.0148671,
            40.7047666
          ],
          [
            -74.0148771,
            40.7047367
          ],
          [
            -74.014887,
            40.7047069
          ],
          [
            -74.0148975,
            40.7046753
          ],
          [
            -74.0149135,
            40.7046288
          ],
          [
            -74.0147095,
            40.7045854
          ],
          [
            -74.01462,
            40.7045672
          ],
          [
            -74.0145403,
            40.7045503
          ],
          [
            -74.0144942,
            40.704539
          ],
          [
            -74.0144657,
            40.7045303
          ],
          [
            -74.0144435,
            40.7045217
          ],
          [
            -74.014414,
            40.7045062
          ],
          [
            -74.0143892,
            40.7044793
          ],
          [
            -74.0143842,
            40.7044715
          ],
          [
            -74.0143721,
            40.7044429
          ],
          [
            -74.0143636,
            40.7044049
          ],
          [
            -74.0143622,
            40.7043847
          ],
          [
            -74.0143709,
            40.7043388
          ],
          [
            -74.0144012,
            40.7042144
          ],
          [
            -74.0144469,
            40.7039836
          ],
          [
            -74.0144662,
            40.7038646
          ],
          [
            -74.0145006,
            40.7036793
          ],
          [
            -74.0145164,
            40.7035776
          ],
          [
            -74.0145553,
            40.7033701
          ],
          [
            -74.0145625,
            40.7033203
          ],
          [
            -74.0145649,
            40.70327
          ],
          [
            -74.0145639,
            40.7032386
          ],
          [
            -74.0145538,
            40.7031606
          ],
          [
            -74.0145338,
            40.7030842
          ],
          [
            -74.0145067,
            40.7030075
          ],
          [
            -74.0144717,
            40.7029231
          ],
          [
            -74.0144371,
            40.7028594
          ],
          [
            -74.0144144,
            40.7028198
          ],
          [
            -74.0143761,
            40.702763
          ],
          [
            -74.0143132,
            40.7026909
          ],
          [
            -74.0142388,
            40.7026191
          ],
          [
            -74.0141786,
            40.7025575
          ],
          [
            -74.0142132,
            40.7025259
          ],
          [
            -74.0142475,
            40.7024869
          ],
          [
            -74.0142616,
            40.7024663
          ],
          [
            -74.0142779,
            40.7024424
          ],
          [
            -74.0143108,
            40.7023904
          ],
          [
            -74.0143366,
            40.7023414
          ],
          [
            -74.0143702,
            40.7022894
          ],
          [
            -74.0144078,
            40.7022344
          ],
          [
            -74.014448,
            40.7021924
          ],
          [
            -74.0144882,
            40.7021539
          ],
          [
            -74.0145305,
            40.7021215
          ],
          [
            -74.0145787,
            40.702081
          ],
          [
            -74.0146605,
            40.7019989
          ],
          [
            -74.0146769,
            40.7019825
          ],
          [
            -74.014763,
            40.7018952
          ],
          [
            -74.0148791,
            40.7017776
          ],
          [
            -74.0148628,
            40.7017641
          ],
          [
            -74.0148503,
            40.7017426
          ],
          [
            -74.0148476,
            40.7017192
          ],
          [
            -74.0148549,
            40.7016964
          ],
          [
            -74.0148708,
            40.7016772
          ],
          [
            -74.0148937,
            40.7016627
          ],
          [
            -74.0149214,
            40.7016542
          ],
          [
            -74.0149512,
            40.7016527
          ],
          [
            -74.0149801,
            40.7016583
          ],
          [
            -74.0150054,
            40.7016703
          ],
          [
            -74.0150484,
            40.7016388
          ],
          [
            -74.0151551,
            40.7015688
          ],
          [
            -74.0152387,
            40.7015068
          ],
          [
            -74.0153326,
            40.701443
          ],
          [
            -74.0153948,
            40.7014008
          ],
          [
            -74.0154267,
            40.7013909
          ],
          [
            -74.0154565,
            40.7013876
          ],
          [
            -74.0154894,
            40.7013938
          ],
          [
            -74.0155216,
            40.7014059
          ],
          [
            -74.0155698,
            40.7013751
          ],
          [
            -74.0155751,
            40.7013718
          ],
          [
            -74.0155924,
            40.7013585
          ],
          [
            -74.0156109,
            40.7013443
          ],
          [
            -74.0158253,
            40.7015143
          ],
          [
            -74.0160434,
            40.7017026
          ],
          [
            -74.0160745,
            40.7016814
          ]
        ]
      }
    },
    {
      "type": "Feature",
      "properties": {
        "scenario": "HARD - Battery Park tip, huge target",
        "shape": "round",
        "target_miles": 12.0,
        "distance_m": 19455.787385773427,
        "candidate_index": 3
      },
      "geometry": {
        "type": "LineString",
        "coordinates": [
          [
            -74.0160745,
            40.7016814
          ],
          [
            -74.0160434,
            40.7017026
          ],
          [
            -74.0161585,
            40.7018056
          ],
          [
            -74.0162979,
            40.7019492
          ],
          [
            -74.0163975,
            40.7020562
          ],
          [
            -74.0163759,
            40.7020662
          ],
          [
            -74.0163632,
            40.7020766
          ],
          [
            -74.0163581,
            40.7020917
          ],
          [
            -74.0163632,
            40.7021082
          ],
          [
            -74.0164444,
            40.7022259
          ],
          [
            -74.0164107,
            40.7022397
          ],
          [
            -74.0163886,
            40.7022477
          ],
          [
            -74.0163666,
            40.7022541
          ],
          [
            -74.0162919,
            40.7022655
          ],
          [
            -74.0162033,
            40.7022851
          ],
          [
            -74.0162429,
            40.7023375
          ],
          [
            -74.016317,
            40.7024429
          ],
          [
            -74.0163355,
            40.7024726
          ],
          [
            -74.0163849,
            40.7025517
          ],
          [
            -74.0164155,
            40.7026023
          ],
          [
            -74.0163728,
            40.7026217
          ],
          [
            -74.0163078,
            40.7026584
          ],
          [
            -74.0162463,
            40.7027083
          ],
          [
            -74.0162053,
            40.7027552
          ],
          [
            -74.0161839,
            40.7027898
          ],
          [
            -74.0162109,
            40.7028531
          ],
          [
            -74.0162368,
            40.7029193
          ],
          [
            -74.016252,
            40.7029799
          ],
          [
            -74.016261,
            40.7030333
          ],
          [
            -74.0162776,
            40.7031256
          ],
          [
            -74.0162827,
            40.7031704
          ],
          [
            -74.016277,
            40.703245
          ],
          [
            -74.016221,
            40.7033117
          ],
          [
            -74.0162024,
            40.7033338
          ],
          [
            -74.0161831,
            40.7033629
          ],
          [
            -74.0161644,
            40.7033979
          ],
          [
            -74.0161355,
            40.7034528
          ],
          [
            -74.0161253,
            40.7035145
          ],
          [
            -74.0161273,
            40.7035725
          ],
          [
            -74.0160285,
            40.7035588
          ],
          [
            -74.0159468,
            40.7035563
          ],
          [
            -74.0158757,
            40.703558
          ],
          [
            -74.0157812,
            40.7035592
          ],
          [
            -74.0156975,
            40.7035624
          ],
          [
            -74.015621,
            40.7035688
          ],
          [
            -74.0155284,
            40.7035822
          ],
          [
            -74.0154363,
            40.7036023
          ],
          [
            -74.0153431,
            40.7036295
          ],
          [
            -74.0152474,
            40.7036633
          ],
          [
            -74.0151538,
            40.7037025
          ],
          [
            -74.0150737,
            40.7037446
          ],
          [
            -74.0150018,
            40.7037901
          ],
          [
            -74.0149305,
            40.7038477
          ],
          [
            -74.0148623,
            40.703913
          ],
          [
            -74.0148093,
            40.703966
          ],
          [
            -74.0147693,
            40.7039965
          ],
          [
            -74.0147372,
            40.7040149
          ],
          [
            -74.0146958,
            40.7040263
          ],
          [
            -74.0146512,
            40.704028
          ],
          [
            -74.0145826,
            40.7040158
          ],
          [
            -74.014556,
            40.7040087
          ],
          [
            -74.0144469,
            40.7039836
          ],
          [
            -74.0144012,
            40.7042144
          ],
          [
            -74.0143709,
            40.7043388
          ],
          [
            -74.0143622,
            40.7043847
          ],
          [
            -74.0143636,
            40.7044049
          ],
          [
            -74.0143721,
            40.7044429
          ],
          [
            -74.0143842,
            40.7044715
          ],
          [
            -74.0143892,
            40.7044793
          ],
          [
            -74.014414,
            40.7045062
          ],
          [
            -74.0144435,
            40.7045217
          ],
          [
            -74.0144235,
            40.7045479
          ],
          [
            -74.0144028,
            40.7045754
          ],
          [
            -74.0143829,
            40.704602
          ],
          [
            -74.0143659,
            40.7046247
          ],
          [
            -74.0143363,
            40.7046641
          ],
          [
            -74.0143023,
            40.7047095
          ],
          [
            -74.0142843,
            40.7047329
          ],
          [
            -74.0142694,
            40.7047427
          ],
          [
            -74.0142418,
            40.70475
          ],
          [
            -74.0142134,
            40.7047529
          ],
          [
            -74.0141869,
            40.7047623
          ],
          [
            -74.0141655,
            40.7047817
          ],
          [
            -74.0141506,
            40.704808
          ],
          [
            -74.0141322,
            40.7048482
          ],
          [
            -74.0140671,
            40.7049971
          ],
          [
            -74.0139793,
            40.7051344
          ],
          [
            -74.0138613,
            40.7052899
          ],
          [
            -74.0136896,
            40.7055039
          ],
          [
            -74.0135917,
            40.7056284
          ],
          [
            -74.0134145,
            40.7058387
          ],
          [
            -74.0133856,
            40.7058725
          ],
          [
            -74.0133632,
            40.7058758
          ],
          [
            -74.0133512,
            40.7059056
          ],
          [
            -74.0133432,
            40.7059254
          ],
          [
            -74.0133354,
            40.7059342
          ],
          [
            -74.0133204,
            40.7059518
          ],
          [
            -74.0126307,
            40.7067573
          ],
          [
            -74.0126187,
            40.7067726
          ],
          [
            -74.0126009,
            40.7067942
          ],
          [
            -74.0125922,
            40.7068054
          ],
          [
            -74.012584,
            40.7068154
          ],
          [
            -74.0125658,
            40.7068377
          ],
          [
            -74.0125591,
            40.7068457
          ],
          [
            -74.0120607,
            40.7074506
          ],
          [
            -74.0120523,
            40.7074618
          ],
          [
            -74.0120278,
            40.7074947
          ],
          [
            -74.0120109,
            40.7075173
          ],
          [
            -74.0120057,
            40.7075241
          ],
          [
            -74.0119943,
            40.7075392
          ],
          [
            -74.0119341,
            40.7076174
          ],
          [
            -74.0118483,
            40.7077287
          ],
          [
            -74.0117685,
            40.7078291
          ],
          [
            -74.0116741,
            40.7079488
          ],
          [
            -74.0113635,
            40.7083281
          ],
          [
            -74.0113041,
            40.7083979
          ],
          [
            -74.0111288,
            40.7086054
          ],
          [
            -74.0111212,
            40.7086149
          ],
          [
            -74.0111056,
            40.7086326
          ],
          [
            -74.0110866,
            40.7086542
          ],
          [
            -74.0110811,
            40.7086614
          ],
          [
            -74.0109619,
            40.708818
          ],
          [
            -74.0109442,
            40.7088407
          ],
          [
            -74.0109328,
            40.7088578
          ],
          [
            -74.0109286,
            40.7088642
          ],
          [
            -74.0109134,
            40.7088871
          ],
          [
            -74.0108967,
            40.7089072
          ],
          [
            -74.0107604,
            40.7090704
          ],
          [
            -74.0107103,
            40.7091304
          ],
          [
            -74.0106886,
            40.7091564
          ],
          [
            -74.0106482,
            40.7092023
          ],
          [
            -74.0105981,
            40.7092592
          ],
          [
            -74.0105882,
            40.7092717
          ],
          [
            -74.0105591,
            40.709305
          ],
          [
            -74.0104792,
            40.7093981
          ],
          [
            -74.0103728,
            40.7095221
          ],
          [
            -74.0102705,
            40.7096412
          ],
          [
            -74.010149,
            40.7097827
          ],
          [
            -74.0101321,
            40.7097945
          ],
          [
            -74.0101169,
            40.7098019
          ],
          [
            -74.0100982,
            40.7098053
          ],
          [
            -74.0100611,
            40.7098463
          ],
          [
            -74.0100217,
            40.7098901
          ],
          [
            -74.0100184,
            40.7099048
          ],
          [
            -74.0100109,
            40.7099177
          ],
          [
            -74.0096446,
            40.7103684
          ],
          [
            -74.0096237,
            40.7103941
          ],
          [
            -74.0096079,
            40.7104135
          ],
          [
            -74.0095945,
            40.7104301
          ],
          [
            -74.0095734,
            40.7104539
          ],
          [
            -74.0095406,
            40.7104917
          ],
          [
            -74.0095289,
            40.7105058
          ],
          [
            -74.0092054,
            40.7108883
          ],
          [
            -74.009191,
            40.7109093
          ],
          [
            -74.009167,
            40.710948
          ],
          [
            -74.0091485,
            40.7109798
          ],
          [
            -74.0091341,
            40.7109972
          ],
          [
            -74.009042,
            40.7111047
          ],
          [
            -74.009007,
            40.7111458
          ],
          [
            -74.0089136,
            40.7112554
          ],
          [
            -74.0088807,
            40.7112945
          ],
          [
            -74.0087923,
            40.7114003
          ],
          [
            -74.0087766,
            40.7114176
          ],
          [
            -74.0087432,
            40.7114565
          ],
          [
            -74.0087117,
            40.7114928
          ],
          [
            -74.0087018,
            40.7115046
          ],
          [
            -74.0086754,
            40.7115354
          ],
          [
            -74.0082713,
            40.7120059
          ],
          [
            -74.008259,
            40.7120206
          ],
          [
            -74.0082296,
            40.7120565
          ],
          [
            -74.0081907,
            40.7121037
          ],
          [
            -74.0081708,
            40.7121278
          ],
          [
            -74.0078503,
            40.7125149
          ],
          [
            -74.0078337,
            40.7125349
          ],
          [
            -74.007782,
            40.7125955
          ],
          [
            -74.0077323,
            40.7126522
          ],
          [
            -74.0077135,
            40.7126743
          ],
          [
            -74.0077028,
            40.7126878
          ],
          [
            -74.0076988,
            40.7126924
          ],
          [
            -74.0073873,
            40.7130577
          ],
          [
            -74.0073707,
            40.7130786
          ],
          [
            -74.0073505,
            40.7131034
          ],
          [
            -74.0072987,
            40.713163
          ],
          [
            -74.0072902,
            40.7131727
          ],
          [
            -74.0069201,
            40.7136176
          ],
          [
            -74.0069038,
            40.7136355
          ],
          [
            -74.0068719,
            40.7136712
          ],
          [
            -74.0068302,
            40.7137179
          ],
          [
            -74.0068145,
            40.7137366
          ],
          [
            -74.0064636,
            40.7141681
          ],
          [
            -74.0064463,
            40.7141883
          ],
          [
            -74.0064152,
            40.7142247
          ],
          [
            -74.0063713,
            40.714276
          ],
          [
            -74.0063571,
            40.7142926
          ],
          [
            -74.0060242,
            40.7146779
          ],
          [
            -74.0060166,
            40.7146874
          ],
          [
            -74.0059853,
            40.7147261
          ],
          [
            -74.005952,
            40.7147673
          ],
          [
            -74.0059378,
            40.7147849
          ],
          [
            -74.0055675,
            40.71523
          ],
          [
            -74.0055542,
            40.7152463
          ],
          [
            -74.0055222,
            40.7152835
          ],
          [
            -74.0054845,
            40.7153274
          ],
          [
            -74.0054683,
            40.7153468
          ],
          [
            -74.0051059,
            40.7157708
          ],
          [
            -74.0050957,
            40.7157831
          ],
          [
            -74.0050772,
            40.7158063
          ],
          [
            -74.0050536,
            40.7158357
          ],
          [
            -74.0050475,
            40.7158433
          ],
          [
            -74.0046722,
            40.7162831
          ],
          [
            -74.0046533,
            40.7163065
          ],
          [
            -74.0046314,
            40.7163338
          ],
          [
            -74.0045837,
            40.7163931
          ],
          [
            -74.0041716,
            40.7168792
          ],
          [
            -74.004134,
            40.7169207
          ],
          [
            -74.0040918,
            40.7169671
          ],
          [
            -74.0036615,
            40.717457
          ],
          [
            -74.0036309,
            40.7174949
          ],
          [
            -74.0035924,
            40.7175425
          ],
          [
            -74.0031742,
            40.7180276
          ],
          [
            -74.0031329,
            40.7180752
          ],
          [
            -74.003099,
            40.7181143
          ],
          [
            -74.0026757,
            40.7186258
          ],
          [
            -74.0026294,
            40.7186852
          ],
          [
            -74.0025993,
            40.7187239
          ],
          [
            -74.0022854,
            40.7190998
          ],
          [
            -74.002222,
            40.7191756
          ],
          [
            -74.0021933,
            40.7192062
          ],
          [
            -74.0021573,
            40.7192446
          ],
          [
            -74.0020592,
            40.7193574
          ],
          [
            -74.0020496,
            40.7193685
          ],
          [
            -74.0020474,
            40.719371
          ],
          [
            -74.0020343,
            40.7193861
          ],
          [
            -74.0019672,
            40.7194629
          ],
          [
            -74.0019016,
            40.7195378
          ],
          [
            -74.0018908,
            40.71955
          ],
          [
            -74.0015516,
            40.7199483
          ],
          [
            -74.0015616,
            40.7199542
          ],
          [
            -74.0015511,
            40.7199668
          ],
          [
            -74.0015249,
            40.7199979
          ],
          [
            -74.0015028,
            40.7200243
          ],
          [
            -74.0014905,
            40.7200389
          ],
          [
            -74.0014814,
            40.7200344
          ],
          [
            -74.0007844,
            40.7208485
          ],
          [
            -74.0007387,
            40.7209058
          ],
          [
            -74.0006953,
            40.7209603
          ],
          [
            -74.0005493,
            40.7211334
          ],
          [
            -74.0000077,
            40.7217767
          ],
          [
            -73.9999528,
            40.7218415
          ],
          [
            -73.9998957,
            40.7219093
          ],
          [
            -73.9989501,
            40.7230283
          ],
          [
            -73.9989134,
            40.7230721
          ],
          [
            -73.9988734,
            40.7231197
          ],
          [
            -73.9979186,
            40.7242524
          ],
          [
            -73.9979086,
            40.7242651
          ],
          [
            -73.99789,
            40.7242872
          ],
          [
            -73.9978637,
            40.7243183
          ],
          [
            -73.9978515,
            40.7243321
          ],
          [
            -73.9969956,
            40.7253481
          ],
          [
            -73.9969797,
            40.7253667
          ],
          [
            -73.996936,
            40.7254177
          ],
          [
            -73.9969009,
            40.7254587
          ],
          [
            -73.9968745,
            40.7254894
          ],
          [
            -73.9968366,
            40.7255345
          ],
          [
            -73.9967984,
            40.72558
          ],
          [
            -73.9967809,
            40.7255987
          ],
          [
            -73.9959896,
            40.7265248
          ],
          [
            -73.9959781,
            40.7265383
          ],
          [
            -73.9959456,
            40.7265761
          ],
          [
            -73.9959276,
            40.726597
          ],
          [
            -73.9959016,
            40.7266267
          ],
          [
            -73.9954067,
            40.7272052
          ],
          [
            -73.9953095,
            40.7273189
          ],
          [
            -73.9948989,
            40.7277994
          ],
          [
            -73.9948591,
            40.7278512
          ],
          [
            -73.994827,
            40.727893
          ],
          [
            -73.9943763,
            40.7284081
          ],
          [
            -73.9943408,
            40.7284557
          ],
          [
            -73.9942945,
            40.7285179
          ],
          [
            -73.9938898,
            40.7289968
          ],
          [
            -73.9938425,
            40.7290555
          ],
          [
            -73.9937923,
            40.7291177
          ],
          [
            -73.9934058,
            40.729577
          ],
          [
            -73.9933606,
            40.7296289
          ],
          [
            -73.993314,
            40.7296822
          ],
          [
            -73.9930034,
            40.7300585
          ],
          [
            -73.9928806,
            40.7302068
          ],
          [
            -73.9925614,
            40.7305923
          ],
          [
            -73.9925149,
            40.7306408
          ],
          [
            -73.9924687,
            40.7306891
          ],
          [
            -73.9920641,
            40.7311615
          ],
          [
            -73.9920153,
            40.73122
          ],
          [
            -73.9919735,
            40.7312701
          ],
          [
            -73.9916093,
            40.7317219
          ],
          [
            -73.9916039,
            40.7317426
          ],
          [
            -73.9915724,
            40.7317902
          ],
          [
            -73.9915458,
            40.7318443
          ],
          [
            -73.9915435,
            40.7318541
          ],
          [
            -73.9914072,
            40.7324384
          ],
          [
            -73.991395,
            40.7324936
          ],
          [
            -73.991381,
            40.7325562
          ],
          [
            -73.9912379,
            40.7331932
          ],
          [
            -73.9912243,
            40.7332605
          ],
          [
            -73.9912148,
            40.7333202
          ],
          [
            -73.9910636,
            40.7339633
          ],
          [
            -73.9910508,
            40.7340225
          ],
          [
            -73.9910371,
            40.7340854
          ],
          [
            -73.9908989,
            40.7347471
          ],
          [
            -73.9908861,
            40.7347738
          ],
          [
            -73.9908687,
            40.7348018
          ],
          [
            -73.9908476,
            40.7348347
          ],
          [
            -73.9908239,
            40.7348717
          ],
          [
            -73.9908054,
            40.7349007
          ],
          [
            -73.9907891,
            40.7349233
          ],
          [
            -73.9910989,
            40.7350583
          ],
          [
            -73.9911173,
            40.7350664
          ],
          [
            -73.9911469,
            40.7351135
          ],
          [
            -73.9911673,
            40.7351628
          ],
          [
            -73.9911845,
            40.7352188
          ],
          [
            -73.9911967,
            40.7352685
          ],
          [
            -73.9912081,
            40.735347
          ],
          [
            -73.9912106,
            40.7353885
          ],
          [
            -73.9912107,
            40.735434
          ],
          [
            -73.9912039,
            40.7355023
          ],
          [
            -73.9911925,
            40.7355661
          ],
          [
            -73.9911721,
            40.7356374
          ],
          [
            -73.9911323,
            40.7357504
          ],
          [
            -73.9910916,
            40.7358415
          ],
          [
            -73.9911498,
            40.7358649
          ],
          [
            -73.9911168,
            40.7359087
          ],
          [
            -73.9909684,
            40.7361056
          ],
          [
            -73.9908041,
            40.7363237
          ],
          [
            -73.9907215,
            40.7364333
          ],
          [
            -73.990672,
            40.7364998
          ],
          [
            -73.9906269,
            40.7365597
          ],
          [
            -73.99048,
            40.7367549
          ],
          [
            -73.9903953,
            40.7368675
          ],
          [
            -73.9903049,
            40.7369875
          ],
          [
            -73.9902837,
            40.7370157
          ],
          [
            -73.9902534,
            40.7370423
          ],
          [
            -73.9902235,
            40.7370686
          ],
          [
            -73.9902057,
            40.7370842
          ],
          [
            -73.9901984,
            40.7371276
          ],
          [
            -73.9901745,
            40.7372013
          ],
          [
            -73.9900447,
            40.7376992
          ],
          [
            -73.9900295,
            40.7377602
          ],
          [
            -73.990013,
            40.7378263
          ],
          [
            -73.9898724,
            40.7383901
          ],
          [
            -73.9898575,
            40.7384501
          ],
          [
            -73.9898404,
            40.7385109
          ],
          [
            -73.9896858,
            40.7390714
          ],
          [
            -73.9896682,
            40.739134
          ],
          [
            -73.9896465,
            40.7392111
          ],
          [
            -73.9895064,
            40.739765
          ],
          [
            -73.989502,
            40.7397824
          ],
          [
            -73.9894885,
            40.7398396
          ],
          [
            -73.9894826,
            40.7398612
          ],
          [
            -73.9894788,
            40.7398754
          ],
          [
            -73.9894748,
            40.7398883
          ],
          [
            -73.9892809,
            40.7404776
          ],
          [
            -73.9892757,
            40.7405015
          ],
          [
            -73.9892673,
            40.740525
          ],
          [
            -73.9892636,
            40.7405438
          ],
          [
            -73.9892526,
            40.7405872
          ],
          [
            -73.9892452,
            40.740618
          ],
          [
            -73.989108,
            40.7410732
          ],
          [
            -73.9890674,
            40.7412044
          ],
          [
            -73.9890885,
            40.741214
          ],
          [
            -73.9891305,
            40.7412317
          ],
          [
            -73.9891117,
            40.7412624
          ],
          [
            -73.9890652,
            40.741334
          ],
          [
            -73.9890108,
            40.7414177
          ],
          [
            -73.9889912,
            40.7414456
          ],
          [
            -73.9889825,
            40.741463
          ],
          [
            -73.9889749,
            40.741481
          ],
          [
            -73.9889576,
            40.7415585
          ],
          [
            -73.988947,
            40.7416061
          ],
          [
            -73.9889124,
            40.7417499
          ],
          [
            -73.988846,
            40.7419904
          ],
          [
            -73.988823,
            40.742058
          ],
          [
            -73.9887947,
            40.742141
          ],
          [
            -73.9887736,
            40.7421935
          ],
          [
            -73.9887345,
            40.7422909
          ],
          [
            -73.9885433,
            40.7427028
          ],
          [
            -73.9885131,
            40.7427706
          ],
          [
            -73.9884869,
            40.7428196
          ],
          [
            -73.9884293,
            40.7429191
          ],
          [
            -73.98813,
            40.7433468
          ],
          [
            -73.9881153,
            40.7433684
          ],
          [
            -73.9880841,
            40.7434109
          ],
          [
            -73.9880609,
            40.7434426
          ],
          [
            -73.9880452,
            40.7434636
          ],
          [
            -73.9876757,
            40.7439591
          ],
          [
            -73.9876316,
            40.7440192
          ],
          [
            -73.9875908,
            40.7440749
          ],
          [
            -73.9872201,
            40.7445806
          ],
          [
            -73.9871844,
            40.7446294
          ],
          [
            -73.9871375,
            40.7446933
          ],
          [
            -73.9867701,
            40.7451944
          ],
          [
            -73.9867617,
            40.7452059
          ],
          [
            -73.9867281,
            40.7452518
          ],
          [
            -73.9866863,
            40.7453088
          ],
          [
            -73.9863177,
            40.7458117
          ],
          [
            -73.986306,
            40.7458276
          ],
          [
            -73.9862735,
            40.745872
          ],
          [
            -73.9862422,
            40.7459146
          ],
          [
            -73.9862358,
            40.7459234
          ],
          [
            -73.9858673,
            40.746426
          ],
          [
            -73.985825,
            40.7464815
          ],
          [
            -73.9857826,
            40.7465372
          ],
          [
            -73.9854206,
            40.7470489
          ],
          [
            -73.9853813,
            40.7471064
          ],
          [
            -73.9853427,
            40.7471642
          ],
          [
            -73.9849821,
            40.747668
          ],
          [
            -73.9849357,
            40.7477308
          ],
          [
            -73.9848923,
            40.7477895
          ],
          [
            -73.9845097,
            40.7483059
          ],
          [
            -73.9844881,
            40.7483351
          ],
          [
            -73.9844327,
            40.7484061
          ],
          [
            -73.984393,
            40.7484571
          ],
          [
            -73.9843752,
            40.7484827
          ],
          [
            -73.9840041,
            40.7490022
          ],
          [
            -73.9839935,
            40.7490162
          ],
          [
            -73.9839633,
            40.7490594
          ],
          [
            -73.9839399,
            40.7490929
          ],
          [
            -73.9839222,
            40.7491168
          ],
          [
            -73.98355,
            40.7496116
          ],
          [
            -73.9835332,
            40.749635
          ],
          [
            -73.9835029,
            40.7496794
          ],
          [
            -73.9834734,
            40.7497224
          ],
          [
            -73.9834619,
            40.7497384
          ],
          [
            -73.9831134,
            40.7502229
          ],
          [
            -73.9830876,
            40.7502584
          ],
          [
            -73.9830618,
            40.7502938
          ],
          [
            -73.9830245,
            40.7503451
          ],
          [
            -73.9830091,
            40.7503663
          ],
          [
            -73.9826659,
            40.750848
          ],
          [
            -73.9826481,
            40.7508714
          ],
          [
            -73.9826164,
            40.7509131
          ],
          [
            -73.9825749,
            40.7509677
          ],
          [
            -73.9825627,
            40.7509837
          ],
          [
            -73.9821905,
            40.7514736
          ],
          [
            -73.9821795,
            40.7514886
          ],
          [
            -73.9821502,
            40.7515285
          ],
          [
            -73.9821142,
            40.7515776
          ],
          [
            -73.9821006,
            40.7515961
          ],
          [
            -73.9817509,
            40.752094
          ],
          [
            -73.9817365,
            40.7521144
          ],
          [
            -73.981705,
            40.7521547
          ],
          [
            -73.981673,
            40.7521956
          ],
          [
            -73.9816574,
            40.7522169
          ],
          [
            -73.9812962,
            40.7527082
          ],
          [
            -73.9812818,
            40.7527279
          ],
          [
            -73.9812565,
            40.7527636
          ],
          [
            -73.9812229,
            40.7528111
          ],
          [
            -73.9812078,
            40.7528338
          ],
          [
            -73.9808226,
            40.7533479
          ],
          [
            -73.9808066,
            40.7533695
          ],
          [
            -73.9807591,
            40.753435
          ],
          [
            -73.9807111,
            40.7535012
          ],
          [
            -73.9806912,
            40.7535286
          ],
          [
            -73.980313,
            40.7540501
          ],
          [
            -73.9802998,
            40.754067
          ],
          [
            -73.9802737,
            40.7541158
          ],
          [
            -73.980249,
            40.7541603
          ],
          [
            -73.9802395,
            40.7541768
          ],
          [
            -73.9798567,
            40.7546765
          ],
          [
            -73.9798206,
            40.754731
          ],
          [
            -73.9797744,
            40.7548008
          ],
          [
            -73.9794106,
            40.7553
          ],
          [
            -73.9793656,
            40.75536
          ],
          [
            -73.9793256,
            40.7554132
          ],
          [
            -73.9789517,
            40.755923
          ],
          [
            -73.9789038,
            40.7559876
          ],
          [
            -73.9788633,
            40.7560423
          ],
          [
            -73.9784933,
            40.7565563
          ],
          [
            -73.9784518,
            40.7566138
          ],
          [
            -73.9784113,
            40.7566699
          ],
          [
            -73.9780409,
            40.7571811
          ],
          [
            -73.9780014,
            40.7572366
          ],
          [
            -73.9779583,
            40.7572972
          ],
          [
            -73.9775847,
            40.7578011
          ],
          [
            -73.9775643,
            40.7578286
          ],
          [
            -73.9775426,
            40.7578596
          ],
          [
            -73.9775069,
            40.7579104
          ],
          [
            -73.9774956,
            40.7579265
          ],
          [
            -73.9771224,
            40.7584377
          ],
          [
            -73.9771057,
            40.758461
          ],
          [
            -73.9770798,
            40.7584906
          ],
          [
            -73.9770492,
            40.7585256
          ],
          [
            -73.9770296,
            40.758553
          ],
          [
            -73.9766638,
            40.7590584
          ],
          [
            -73.9766492,
            40.7590805
          ],
          [
            -73.9766229,
            40.7591205
          ],
          [
            -73.9765892,
            40.759177
          ],
          [
            -73.9762085,
            40.7596883
          ],
          [
            -73.9761647,
            40.7597511
          ],
          [
            -73.9761265,
            40.7598058
          ],
          [
            -73.9757578,
            40.7603203
          ],
          [
            -73.9757267,
            40.7603581
          ],
          [
            -73.9756768,
            40.760419
          ],
          [
            -73.9753023,
            40.7609463
          ],
          [
            -73.9752661,
            40.7609992
          ],
          [
            -73.9752281,
            40.7610548
          ],
          [
            -73.9748326,
            40.7615674
          ],
          [
            -73.9747966,
            40.7616211
          ],
          [
            -73.9747543,
            40.7616842
          ],
          [
            -73.9743854,
            40.7621863
          ],
          [
            -73.9743475,
            40.7622384
          ],
          [
            -73.9742957,
            40.7623096
          ],
          [
            -73.9741354,
            40.7625279
          ],
          [
            -73.9739164,
            40.7628263
          ],
          [
            -73.9738494,
            40.7629197
          ],
          [
            -73.9737736,
            40.7630254
          ],
          [
            -73.9734012,
            40.7635352
          ],
          [
            -73.9734001,
            40.7635348
          ],
          [
            -73.9733503,
            40.7636003
          ],
          [
            -73.9733237,
            40.7636352
          ],
          [
            -73.9733109,
            40.7636522
          ],
          [
            -73.9732524,
            40.7637307
          ],
          [
            -73.9731209,
            40.7639087
          ],
          [
            -73.9729896,
            40.7640866
          ],
          [
            -73.9729368,
            40.764158
          ],
          [
            -73.9729231,
            40.7641759
          ],
          [
            -73.9729016,
            40.7642235
          ],
          [
            -73.9728576,
            40.7642837
          ],
          [
            -73.9724906,
            40.7647876
          ],
          [
            -73.9724785,
            40.7648038
          ],
          [
            -73.972435,
            40.7648615
          ],
          [
            -73.9724036,
            40.7649122
          ],
          [
            -73.972499,
            40.7649989
          ],
          [
            -73.9725865,
            40.7650835
          ],
          [
            -73.9723901,
            40.7653593
          ],
          [
            -73.9722686,
            40.765524
          ],
          [
            -73.9722321,
            40.7655735
          ],
          [
            -73.9724415,
            40.7656607
          ],
          [
            -73.9723631,
            40.7658024
          ],
          [
            -73.9723576,
            40.7658135
          ],
          [
            -73.9723514,
            40.7658283
          ],
          [
            -73.9723461,
            40.7658437
          ],
          [
            -73.9723182,
            40.7659392
          ],
          [
            -73.9722919,
            40.7660573
          ],
          [
            -73.972275,
            40.7661791
          ],
          [
            -73.9722677,
            40.7662886
          ],
          [
            -73.9722655,
            40.766395
          ],
          [
            -73.9722576,
            40.7664958
          ],
          [
            -73.97225,
            40.7665687
          ],
          [
            -73.9722412,
            40.7666055
          ],
          [
            -73.9722328,
            40.7666398
          ],
          [
            -73.9722276,
            40.7666551
          ],
          [
            -73.9722223,
            40.7666686
          ],
          [
            -73.9722091,
            40.7666937
          ],
          [
            -73.9721959,
            40.7667159
          ],
          [
            -73.9716894,
            40.7674278
          ],
          [
            -73.9715822,
            40.7675752
          ],
          [
            -73.9712527,
            40.7680097
          ],
          [
            -73.9711878,
            40.7681
          ],
          [
            -73.9711732,
            40.7681203
          ],
          [
            -73.9711521,
            40.7681479
          ],
          [
            -73.9711439,
            40.7681708
          ],
          [
            -73.9711421,
            40.7681809
          ],
          [
            -73.9711421,
            40.7681885
          ],
          [
            -73.9711439,
            40.7681991
          ],
          [
            -73.9711468,
            40.7682096
          ],
          [
            -73.9711568,
            40.7682374
          ],
          [
            -73.9711593,
            40.7682478
          ],
          [
            -73.9711601,
            40.7682517
          ],
          [
            -73.9711602,
            40.7682561
          ],
          [
            -73.9711593,
            40.7682632
          ],
          [
            -73.9711581,
            40.7682695
          ],
          [
            -73.9711547,
            40.7682818
          ],
          [
            -73.971148,
            40.7682957
          ],
          [
            -73.9711406,
            40.768308
          ],
          [
            -73.971129,
            40.7683226
          ],
          [
            -73.9710056,
            40.7684616
          ],
          [
            -73.9709917,
            40.7684799
          ],
          [
            -73.9709804,
            40.7684989
          ],
          [
            -73.9709646,
            40.7685308
          ],
          [
            -73.9709551,
            40.7685501
          ],
          [
            -73.9709484,
            40.7685707
          ],
          [
            -73.9709451,
            40.7685908
          ],
          [
            -73.9709435,
            40.7686099
          ],
          [
            -73.9709448,
            40.7686475
          ],
          [
            -73.97096,
            40.76885
          ],
          [
            -73.9709392,
            40.7689811
          ],
          [
            -73.9709248,
            40.7690547
          ],
          [
            -73.9709235,
            40.7690652
          ],
          [
            -73.9709236,
            40.769074
          ],
          [
            -73.9708525,
            40.7691281
          ],
          [
            -73.9707782,
            40.7692007
          ],
          [
            -73.9707133,
            40.7692773
          ],
          [
            -73.9706477,
            40.7693399
          ],
          [
            -73.9705728,
            40.7694006
          ],
          [
            -73.9704614,
            40.7694792
          ],
          [
            -73.9702944,
            40.76959
          ],
          [
            -73.970231,
            40.7696686
          ],
          [
            -73.9701612,
            40.7697986
          ],
          [
            -73.9701108,
            40.7699368
          ],
          [
            -73.9700251,
            40.770184
          ],
          [
            -73.9699482,
            40.7702747
          ],
          [
            -73.9698595,
            40.7703922
          ],
          [
            -73.969992,
            40.7706151
          ],
          [
            -73.9700215,
            40.7706896
          ],
          [
            -73.9700541,
            40.7707986
          ],
          [
            -73.9700677,
            40.7708766
          ],
          [
            -73.970079,
            40.7709455
          ],
          [
            -73.9700766,
            40.7710177
          ],
          [
            -73.9700655,
            40.7710785
          ],
          [
            -73.9700455,
            40.7711433
          ],
          [
            -73.9700116,
            40.7712119
          ],
          [
            -73.969978,
            40.7712571
          ],
          [
            -73.9699315,
            40.7712934
          ],
          [
            -73.9698713,
            40.771332
          ],
          [
            -73.9697979,
            40.7713612
          ],
          [
            -73.9698691,
            40.7714209
          ],
          [
            -73.9697575,
            40.7714705
          ],
          [
            -73.9696667,
            40.7715192
          ],
          [
            -73.9695924,
            40.7715658
          ],
          [
            -73.9695237,
            40.7716124
          ],
          [
            -73.9694595,
            40.7716649
          ],
          [
            -73.9693979,
            40.7717181
          ],
          [
            -73.969348,
            40.7717699
          ],
          [
            -73.969302,
            40.7718178
          ],
          [
            -73.9692617,
            40.7718654
          ],
          [
            -73.9692207,
            40.7719209
          ],
          [
            -73.96919,
            40.7719651
          ],
          [
            -73.9691398,
            40.7720529
          ],
          [
            -73.9690979,
            40.7721237
          ],
          [
            -73.9690082,
            40.772286
          ],
          [
            -73.9689208,
            40.7724535
          ],
          [
            -73.9689017,
            40.7725013
          ],
          [
            -73.9688837,
            40.7725492
          ],
          [
            -73.9688596,
            40.772614
          ],
          [
            -73.9688388,
            40.7726792
          ],
          [
            -73.9688227,
            40.7727433
          ],
          [
            -73.9688102,
            40.7728065
          ],
          [
            -73.9688031,
            40.7728591
          ],
          [
            -73.9687984,
            40.7729028
          ],
          [
            -73.9687959,
            40.7729517
          ],
          [
            -73.9687976,
            40.7729965
          ],
          [
            -73.9688021,
            40.7730334
          ],
          [
            -73.9688161,
            40.7731022
          ],
          [
            -73.9688406,
            40.7731665
          ],
          [
            -73.9688801,
            40.773246
          ],
          [
            -73.9689059,
            40.7732876
          ],
          [
            -73.9689396,
            40.7733434
          ],
          [
            -73.9690513,
            40.7735153
          ],
          [
            -73.9690827,
            40.773565
          ],
          [
            -73.9691035,
            40.7736053
          ],
          [
            -73.9691185,
            40.7736378
          ],
          [
            -73.9691222,
            40.7736457
          ],
          [
            -73.9691398,
            40.7737056
          ],
          [
            -73.9691508,
            40.7737465
          ],
          [
            -73.96916,
            40.7738022
          ],
          [
            -73.9691638,
            40.7738784
          ],
          [
            -73.9691627,
            40.7739476
          ],
          [
            -73.9691566,
            40.7740236
          ],
          [
            -73.9691464,
            40.7740914
          ],
          [
            -73.9691331,
            40.7741422
          ],
          [
            -73.969115,
            40.7741883
          ],
          [
            -73.9690947,
            40.7742303
          ],
          [
            -73.9690607,
            40.7742783
          ],
          [
            -73.9690263,
            40.7743215
          ],
          [
            -73.9688914,
            40.7744673
          ],
          [
            -73.968826,
            40.7745372
          ],
          [
            -73.9686348,
            40.7747449
          ],
          [
            -73.9685622,
            40.774815
          ],
          [
            -73.9685108,
            40.7748581
          ],
          [
            -73.9684496,
            40.7749022
          ],
          [
            -73.968378,
            40.7749501
          ],
          [
            -73.9682812,
            40.775008
          ],
          [
            -73.9682112,
            40.775049
          ],
          [
            -73.9681122,
            40.7751015
          ],
          [
            -73.9680195,
            40.7751433
          ],
          [
            -73.9677168,
            40.7752702
          ],
          [
            -73.9676573,
            40.7752997
          ],
          [
            -73.9675684,
            40.7753471
          ],
          [
            -73.9675887,
            40.7754011
          ],
          [
            -73.9676205,
            40.7754752
          ],
          [
            -73.9676352,
            40.77551
          ],
          [
            -73.9676523,
            40.7755372
          ],
          [
            -73.9676719,
            40.7755586
          ],
          [
            -73.9677083,
            40.7755884
          ],
          [
            -73.9676423,
            40.775606
          ],
          [
            -73.9675981,
            40.7756487
          ],
          [
            -73.9675899,
            40.7756951
          ],
          [
            -73.9675205,
            40.7757472
          ],
          [
            -73.9675562,
            40.7758411
          ],
          [
            -73.9675932,
            40.7759175
          ],
          [
            -73.9676566,
            40.776031
          ],
          [
            -73.9676903,
            40.7761169
          ],
          [
            -73.96772,
            40.7761325
          ],
          [
            -73.9677466,
            40.7761351
          ],
          [
            -73.9677639,
            40.7761351
          ],
          [
            -73.9678,
            40.7761293
          ],
          [
            -73.967847,
            40.776126
          ],
          [
            -73.9678799,
            40.7761285
          ],
          [
            -73.9679034,
            40.7761286
          ],
          [
            -73.9679358,
            40.7761406
          ],
          [
            -73.9679611,
            40.7761666
          ],
          [
            -73.967973,
            40.776192
          ],
          [
            -73.96799,
            40.7762298
          ],
          [
            -73.9680455,
            40.7762203
          ],
          [
            -73.9680787,
            40.7762179
          ],
          [
            -73.9681132,
            40.7762124
          ],
          [
            -73.9681869,
            40.7762027
          ],
          [
            -73.9682393,
            40.7761897
          ],
          [
            -73.9682664,
            40.7761788
          ],
          [
            -73.9683038,
            40.7761616
          ],
          [
            -73.9683385,
            40.7761417
          ],
          [
            -73.9683562,
            40.7761326
          ],
          [
            -73.9683738,
            40.7761235
          ],
          [
            -73.9683965,
            40.7760808
          ],
          [
            -73.968541,
            40.7758438
          ],
          [
            -73.9685567,
            40.7757742
          ],
          [
            -73.9685523,
            40.7757554
          ],
          [
            -73.9685338,
            40.7756755
          ],
          [
            -73.9685111,
            40.7756024
          ],
          [
            -73.9684783,
            40.7754717
          ],
          [
            -73.9684699,
            40.7754207
          ],
          [
            -73.9684785,
            40.7753626
          ],
          [
            -73.9684739,
            40.7753097
          ],
          [
            -73.9684587,
            40.7752533
          ],
          [
            -73.9684143,
            40.7751236
          ],
          [
            -73.9686053,
            40.7750238
          ],
          [
            -73.9688326,
            40.7748863
          ],
          [
            -73.9691376,
            40.7747271
          ],
          [
            -73.9691908,
            40.7747136
          ],
          [
            -73.9692469,
            40.7746993
          ],
          [
            -73.969362,
            40.774706
          ],
          [
            -73.9694433,
            40.774706
          ],
          [
            -73.9695465,
            40.7746961
          ],
          [
            -73.9696338,
            40.7746784
          ],
          [
            -73.9696929,
            40.774665
          ],
          [
            -73.9697396,
            40.7746465
          ],
          [
            -73.9697969,
            40.7746187
          ],
          [
            -73.9698572,
            40.7745835
          ],
          [
            -73.9699781,
            40.7744948
          ],
          [
            -73.9700632,
            40.7744436
          ],
          [
            -73.9701791,
            40.7743933
          ],
          [
            -73.9703625,
            40.7743251
          ],
          [
            -73.9704526,
            40.7743043
          ],
          [
            -73.9705137,
            40.774291
          ],
          [
            -73.9705841,
            40.7743003
          ],
          [
            -73.9706011,
            40.7742435
          ],
          [
            -73.9706402,
            40.7741932
          ],
          [
            -73.9706976,
            40.7741544
          ],
          [
            -73.9707591,
            40.7741326
          ],
          [
            -73.9708261,
            40.7741241
          ],
          [
            -73.9708936,
            40.7741297
          ],
          [
            -73.9709195,
            40.7740903
          ],
          [
            -73.9709358,
            40.7740639
          ],
          [
            -73.9709457,
            40.7740493
          ],
          [
            -73.9710678,
            40.7740787
          ],
          [
            -73.9711687,
            40.7740159
          ],
          [
            -73.9712255,
            40.773867
          ],
          [
            -73.9712391,
            40.7738243
          ],
          [
            -73.9712558,
            40.7737813
          ],
          [
            -73.9712771,
            40.7737354
          ],
          [
            -73.9713009,
            40.7736773
          ],
          [
            -73.9713888,
            40.7734684
          ],
          [
            -73.9714016,
            40.7734346
          ],
          [
            -73.9715118,
            40.773454
          ],
          [
            -73.9716112,
            40.7734718
          ],
          [
            -73.9716079,
            40.7734434
          ],
          [
            -73.9716133,
            40.7734199
          ],
          [
            -73.9716265,
            40.7733934
          ],
          [
            -73.9716444,
            40.7733599
          ],
          [
            -73.9716638,
            40.7733241
          ],
          [
            -73.9716961,
            40.7733001
          ],
          [
            -73.9717342,
            40.7732748
          ],
          [
            -73.9717618,
            40.7732531
          ],
          [
            -73.9717972,
            40.7732133
          ],
          [
            -73.9718343,
            40.7731375
          ],
          [
            -73.9718603,
            40.7730429
          ],
          [
            -73.9719016,
            40.7729825
          ],
          [
            -73.972022,
            40.7728063
          ],
          [
            -73.9721718,
            40.7727495
          ],
          [
            -73.9722329,
            40.7726723
          ],
          [
            -73.9722749,
            40.7726418
          ],
          [
            -73.9723328,
            40.7725884
          ],
          [
            -73.9725076,
            40.7724351
          ],
          [
            -73.9726702,
            40.7725137
          ],
          [
            -73.9727896,
            40.7723398
          ],
          [
            -73.9728522,
            40.7722489
          ],
          [
            -73.9729414,
            40.7721221
          ],
          [
            -73.9731865,
            40.7718012
          ],
          [
            -73.9732958,
            40.771638
          ],
          [
            -73.9733631,
            40.7715019
          ],
          [
            -73.9734068,
            40.7714017
          ],
          [
            -73.9734338,
            40.7713173
          ],
          [
            -73.9734521,
            40.771243
          ],
          [
            -73.9734715,
            40.7711546
          ],
          [
            -73.9734968,
            40.7710373
          ],
          [
            -73.9735524,
            40.770682
          ],
          [
            -73.9735667,
            40.7705927
          ],
          [
            -73.9735701,
            40.7705452
          ],
          [
            -73.9735807,
            40.7704523
          ],
          [
            -73.9735852,
            40.7704226
          ],
          [
            -73.9735948,
            40.7703946
          ],
          [
            -73.9736162,
            40.77035
          ],
          [
            -73.9736468,
            40.7703033
          ],
          [
            -73.973675,
            40.7702712
          ],
          [
            -73.9737158,
            40.7702429
          ],
          [
            -73.9737732,
            40.7702068
          ],
          [
            -73.9738273,
            40.7701794
          ],
          [
            -73.9739018,
            40.7701472
          ],
          [
            -73.9739797,
            40.770116
          ],
          [
            -73.9740479,
            40.7701132
          ],
          [
            -73.9742222,
            40.7700579
          ],
          [
            -73.9743566,
            40.7700157
          ],
          [
            -73.974285,
            40.769953
          ],
          [
            -73.9742767,
            40.7699191
          ],
          [
            -73.9742628,
            40.7698827
          ],
          [
            -73.9742177,
            40.7698234
          ],
          [
            -73.9743045,
            40.7698016
          ],
          [
            -73.9744368,
            40.7697531
          ],
          [
            -73.9745405,
            40.7696814
          ],
          [
            -73.9747904,
            40.769491
          ],
          [
            -73.9749403,
            40.769347
          ],
          [
            -73.9750768,
            40.76922
          ],
          [
            -73.9751958,
            40.769082
          ],
          [
            -73.9752724,
            40.7689808
          ],
          [
            -73.975355,
            40.7688575
          ],
          [
            -73.9755031,
            40.7686267
          ],
          [
            -73.9756852,
            40.7683342
          ],
          [
            -73.9757338,
            40.7682562
          ],
          [
            -73.9758942,
            40.7679782
          ],
          [
            -73.9760673,
            40.7676629
          ],
          [
            -73.976015,
            40.7676091
          ],
          [
            -73.9759975,
            40.7675624
          ],
          [
            -73.9759925,
            40.7675362
          ],
          [
            -73.975969,
            40.7674418
          ],
          [
            -73.9759522,
            40.7673612
          ],
          [
            -73.9759315,
            40.7672376
          ],
          [
            -73.9759007,
            40.7671811
          ],
          [
            -73.9759153,
            40.7670921
          ],
          [
            -73.9759304,
            40.7670322
          ],
          [
            -73.9759414,
            40.766979
          ],
          [
            -73.9759721,
            40.7669091
          ],
          [
            -73.9760585,
            40.7667849
          ],
          [
            -73.9760456,
            40.7667409
          ],
          [
            -73.9760369,
            40.7667036
          ],
          [
            -73.9760225,
            40.7666414
          ],
          [
            -73.976013,
            40.7665712
          ],
          [
            -73.9760166,
            40.7665279
          ],
          [
            -73.9760194,
            40.766494
          ],
          [
            -73.9760315,
            40.7664588
          ],
          [
            -73.976065,
            40.7663852
          ],
          [
            -73.9761127,
            40.7663082
          ],
          [
            -73.9761045,
            40.7662821
          ],
          [
            -73.9760875,
            40.7662564
          ],
          [
            -73.9760721,
            40.7662312
          ],
          [
            -73.9760531,
            40.7662016
          ],
          [
            -73.9760524,
            40.766173
          ],
          [
            -73.9760845,
            40.7661509
          ],
          [
            -73.976149,
            40.7660985
          ],
          [
            -73.9761231,
            40.7660434
          ],
          [
            -73.976092,
            40.7659575
          ],
          [
            -73.976082,
            40.7658595
          ],
          [
            -73.9760852,
            40.7658017
          ],
          [
            -73.9760902,
            40.7657687
          ],
          [
            -73.9761245,
            40.7656295
          ],
          [
            -73.976153,
            40.7655176
          ],
          [
            -73.9765327,
            40.7650069
          ],
          [
            -73.9765434,
            40.7649914
          ],
          [
            -73.9765741,
            40.7649489
          ],
          [
            -73.9765991,
            40.7649099
          ],
          [
            -73.9766122,
            40.7648906
          ],
          [
            -73.9769862,
            40.7643688
          ],
          [
            -73.977061,
            40.7642673
          ],
          [
            -73.9771301,
            40.7641736
          ],
          [
            -73.9775186,
            40.7636691
          ],
          [
            -73.9775686,
            40.7635973
          ],
          [
            -73.9776016,
            40.7635499
          ],
          [
            -73.9779712,
            40.763037
          ],
          [
            -73.9780088,
            40.7629865
          ],
          [
            -73.9780476,
            40.7629342
          ],
          [
            -73.978058,
            40.7629204
          ],
          [
            -73.9784358,
            40.7624135
          ],
          [
            -73.9784491,
            40.7623953
          ],
          [
            -73.9784842,
            40.7623469
          ],
          [
            -73.9785051,
            40.7623178
          ],
          [
            -73.9785264,
            40.7622889
          ],
          [
            -73.9788775,
            40.7617846
          ],
          [
            -73.9788938,
            40.7617611
          ],
          [
            -73.9789271,
            40.7617165
          ],
          [
            -73.9789642,
            40.7616655
          ],
          [
            -73.9793268,
            40.7611485
          ],
          [
            -73.979366,
            40.7610949
          ],
          [
            -73.9794154,
            40.7610272
          ],
          [
            -73.9797814,
            40.760526
          ],
          [
            -73.9798278,
            40.7604668
          ],
          [
            -73.9798749,
            40.7604067
          ],
          [
            -73.980145,
            40.7600429
          ],
          [
            -73.9802433,
            40.7599106
          ],
          [
            -73.9802853,
            40.7598546
          ],
          [
            -73.9803353,
            40.7597879
          ],
          [
            -73.9805701,
            40.7594645
          ],
          [
            -73.9807099,
            40.7592742
          ],
          [
            -73.9807195,
            40.7592611
          ],
          [
            -73.9807504,
            40.7592183
          ],
          [
            -73.9807792,
            40.7591783
          ],
          [
            -73.9807906,
            40.7591627
          ],
          [
            -73.9811626,
            40.7586501
          ],
          [
            -73.9812057,
            40.7585881
          ],
          [
            -73.9812324,
            40.7585504
          ],
          [
            -73.9812473,
            40.7585288
          ],
          [
            -73.9816164,
            40.7580213
          ],
          [
            -73.981638,
            40.7579934
          ],
          [
            -73.9816625,
            40.7579598
          ],
          [
            -73.9816804,
            40.757936
          ],
          [
            -73.9817029,
            40.7579059
          ],
          [
            -73.982077,
            40.7574006
          ],
          [
            -73.9821235,
            40.757335
          ],
          [
            -73.9821726,
            40.7572659
          ],
          [
            -73.982533,
            40.7567804
          ],
          [
            -73.9825776,
            40.7567152
          ],
          [
            -73.9826164,
            40.7566586
          ],
          [
            -73.9830008,
            40.7561428
          ],
          [
            -73.9830373,
            40.7560874
          ],
          [
            -73.9830784,
            40.7560312
          ],
          [
            -73.9834531,
            40.7555216
          ],
          [
            -73.9834958,
            40.7554619
          ],
          [
            -73.9835233,
            40.7554235
          ],
          [
            -73.9835391,
            40.7554014
          ],
          [
            -73.9838821,
            40.7549002
          ],
          [
            -73.9839069,
            40.7548793
          ],
          [
            -73.9839313,
            40.7548587
          ],
          [
            -73.9839843,
            40.7547859
          ],
          [
            -73.9840278,
            40.7547261
          ],
          [
            -73.9840368,
            40.7547149
          ],
          [
            -73.9840441,
            40.7547058
          ],
          [
            -73.9840777,
            40.754664
          ],
          [
            -73.984433,
            40.7541859
          ],
          [
            -73.9844642,
            40.7541371
          ],
          [
            -73.9845118,
            40.7540674
          ],
          [
            -73.984864,
            40.7535668
          ],
          [
            -73.9848698,
            40.7535585
          ],
          [
            -73.9849087,
            40.7535033
          ],
          [
            -73.9849367,
            40.7534635
          ],
          [
            -73.984949,
            40.7534466
          ],
          [
            -73.9853185,
            40.7529389
          ],
          [
            -73.9853572,
            40.7528878
          ],
          [
            -73.9854033,
            40.7528238
          ],
          [
            -73.9857749,
            40.7523199
          ],
          [
            -73.9858161,
            40.7522618
          ],
          [
            -73.9858566,
            40.7522048
          ],
          [
            -73.9862151,
            40.7517109
          ],
          [
            -73.986267,
            40.7516424
          ],
          [
            -73.9863046,
            40.7515928
          ],
          [
            -73.9866932,
            40.7510888
          ],
          [
            -73.9867294,
            40.7510408
          ],
          [
            -73.9867702,
            40.7509865
          ],
          [
            -73.9867536,
            40.7509617
          ],
          [
            -73.9871284,
            40.7504652
          ],
          [
            -73.9871362,
            40.7504548
          ],
          [
            -73.9871766,
            40.7504121
          ],
          [
            -73.9872101,
            40.7503766
          ],
          [
            -73.9872155,
            40.7503686
          ],
          [
            -73.9875064,
            40.7499563
          ],
          [
            -73.9875924,
            40.7498354
          ],
          [
            -73.987607,
            40.7498152
          ],
          [
            -73.9876472,
            40.7497588
          ],
          [
            -73.9876887,
            40.7497007
          ],
          [
            -73.9877082,
            40.7496755
          ],
          [
            -73.9878102,
            40.749527
          ],
          [
            -73.9878386,
            40.7494857
          ],
          [
            -73.9878548,
            40.7494517
          ],
          [
            -73.9878683,
            40.7494135
          ],
          [
            -73.9878741,
            40.7493826
          ],
          [
            -73.9879301,
            40.7490652
          ],
          [
            -73.9879335,
            40.749046
          ],
          [
            -73.9879345,
            40.7490264
          ],
          [
            -73.9879356,
            40.748996
          ],
          [
            -73.987938,
            40.7489641
          ],
          [
            -73.9879411,
            40.7489386
          ],
          [
            -73.9879439,
            40.7489203
          ],
          [
            -73.9879686,
            40.7489308
          ],
          [
            -73.9880315,
            40.7489576
          ],
          [
            -73.9881074,
            40.7489899
          ],
          [
            -73.9881595,
            40.7490121
          ],
          [
            -73.9882189,
            40.7488927
          ],
          [
            -73.9883242,
            40.7486508
          ],
          [
            -73.9883489,
            40.7486558
          ],
          [
            -73.9883756,
            40.7486573
          ],
          [
            -73.9884012,
            40.7486549
          ],
          [
            -73.9884234,
            40.7486503
          ],
          [
            -73.9884381,
            40.7486467
          ],
          [
            -73.9884554,
            40.7486402
          ],
          [
            -73.9884687,
            40.748632
          ],
          [
            -73.9884819,
            40.7486203
          ],
          [
            -73.9885234,
            40.7485647
          ],
          [
            -73.9885406,
            40.7485471
          ],
          [
            -73.9885674,
            40.7485247
          ],
          [
            -73.9885737,
            40.7484842
          ],
          [
            -73.9885867,
            40.7484675
          ],
          [
            -73.9886293,
            40.7484121
          ],
          [
            -73.9889966,
            40.7479002
          ],
          [
            -73.9890375,
            40.7478451
          ],
          [
            -73.9890843,
            40.7477822
          ],
          [
            -73.989446,
            40.747284
          ],
          [
            -73.9894889,
            40.7472246
          ],
          [
            -73.9895332,
            40.747164
          ],
          [
            -73.9898933,
            40.7466651
          ],
          [
            -73.9899342,
            40.7466093
          ],
          [
            -73.9899765,
            40.7465516
          ],
          [
            -73.9903447,
            40.746043
          ],
          [
            -73.9903898,
            40.7459835
          ],
          [
            -73.9904345,
            40.7459245
          ],
          [
            -73.9907914,
            40.7454256
          ],
          [
            -73.990837,
            40.7453655
          ],
          [
            -73.9908815,
            40.7453068
          ],
          [
            -73.9912371,
            40.7448159
          ],
          [
            -73.9912767,
            40.744764
          ],
          [
            -73.9913269,
            40.744698
          ],
          [
            -73.9916911,
            40.7441985
          ],
          [
            -73.9917375,
            40.7441297
          ],
          [
            -73.9917731,
            40.7440768
          ],
          [
            -73.9921452,
            40.7435905
          ],
          [
            -73.9921985,
            40.7435182
          ],
          [
            -73.9922399,
            40.7434619
          ],
          [
            -73.9925968,
            40.7429451
          ],
          [
            -73.9926657,
            40.7428505
          ],
          [
            -73.9927407,
            40.7427475
          ],
          [
            -73.9931075,
            40.74224
          ],
          [
            -73.9931578,
            40.7421766
          ],
          [
            -73.9932005,
            40.7421228
          ],
          [
            -73.9935725,
            40.7416305
          ],
          [
            -73.9936077,
            40.7415775
          ],
          [
            -73.9936519,
            40.741511
          ],
          [
            -73.9939941,
            40.7410341
          ],
          [
            -73.994038,
            40.7409761
          ],
          [
            -73.9940765,
            40.7409253
          ],
          [
            -73.9944282,
            40.7404526
          ],
          [
            -73.9944715,
            40.7403911
          ],
          [
            -73.9945048,
            40.7403437
          ],
          [
            -73.9948512,
            40.7398697
          ],
          [
            -73.9948947,
            40.7398082
          ],
          [
            -73.9949291,
            40.7397595
          ],
          [
            -73.9952838,
            40.7392818
          ],
          [
            -73.9953276,
            40.7392221
          ],
          [
            -73.9953634,
            40.7391733
          ],
          [
            -73.995698,
            40.7386925
          ],
          [
            -73.9957428,
            40.7386308
          ],
          [
            -73.9957807,
            40.7385786
          ],
          [
            -73.9961638,
            40.7380566
          ],
          [
            -73.9962124,
            40.7379919
          ],
          [
            -73.9962495,
            40.7379424
          ],
          [
            -73.9966371,
            40.737411
          ],
          [
            -73.9967083,
            40.7373078
          ],
          [
            -73.9967676,
            40.7372214
          ],
          [
            -73.9971687,
            40.7366778
          ],
          [
            -73.9972169,
            40.7366158
          ],
          [
            -73.9972578,
            40.7365631
          ],
          [
            -73.9976331,
            40.7360345
          ],
          [
            -73.9976754,
            40.7359773
          ],
          [
            -73.9977141,
            40.7359248
          ],
          [
            -73.9981035,
            40.7353958
          ],
          [
            -73.9981465,
            40.7353375
          ],
          [
            -73.9981842,
            40.7352863
          ],
          [
            -73.9985515,
            40.7347889
          ],
          [
            -73.998588,
            40.7347385
          ],
          [
            -73.9986239,
            40.7346888
          ],
          [
            -73.9989568,
            40.7342339
          ],
          [
            -73.9990116,
            40.7341556
          ],
          [
            -73.9990521,
            40.7340987
          ],
          [
            -73.9993964,
            40.7336229
          ],
          [
            -73.9994109,
            40.7336033
          ],
          [
            -73.9994282,
            40.7335801
          ],
          [
            -73.9994428,
            40.7335594
          ],
          [
            -73.9994887,
            40.7334944
          ],
          [
            -73.9997223,
            40.7331775
          ],
          [
            -73.9998597,
            40.7329894
          ],
          [
            -73.9998879,
            40.7329508
          ],
          [
            -73.9998976,
            40.7329375
          ],
          [
            -73.9999418,
            40.732868
          ],
          [
            -73.9999715,
            40.7328212
          ],
          [
            -74.0003561,
            40.7323187
          ],
          [
            -74.0004024,
            40.7322618
          ],
          [
            -74.0004394,
            40.7322142
          ],
          [
            -74.0007897,
            40.7317149
          ],
          [
            -74.0008377,
            40.731649
          ],
          [
            -74.0008799,
            40.731591
          ],
          [
            -74.0009543,
            40.7314888
          ],
          [
            -74.001206,
            40.7311469
          ],
          [
            -74.0012426,
            40.7310971
          ],
          [
            -74.0012588,
            40.731074
          ],
          [
            -74.001299,
            40.731009
          ],
          [
            -74.0013289,
            40.7309605
          ],
          [
            -74.0015,
            40.7306421
          ],
          [
            -74.0015482,
            40.7305559
          ],
          [
            -74.0015556,
            40.7305423
          ],
          [
            -74.0015665,
            40.7305214
          ],
          [
            -74.0015731,
            40.7305088
          ],
          [
            -74.0015844,
            40.7304823
          ],
          [
            -74.0020099,
            40.7297467
          ],
          [
            -74.0020202,
            40.7297134
          ],
          [
            -74.0020303,
            40.7296922
          ],
          [
            -74.0020454,
            40.7296603
          ],
          [
            -74.0020721,
            40.7296038
          ],
          [
            -74.0020882,
            40.7295699
          ],
          [
            -74.0021102,
            40.7295531
          ],
          [
            -74.0021432,
            40.7295147
          ],
          [
            -74.0021677,
            40.7294623
          ],
          [
            -74.0022155,
            40.7293601
          ],
          [
            -74.002262,
            40.7292605
          ],
          [
            -74.0024384,
            40.7288832
          ],
          [
            -74.0026342,
            40.7284702
          ],
          [
            -74.0026431,
            40.7284515
          ],
          [
            -74.0026719,
            40.7284155
          ],
          [
            -74.00269,
            40.728393
          ],
          [
            -74.0027056,
            40.7283735
          ],
          [
            -74.0027215,
            40.7283536
          ],
          [
            -74.0027516,
            40.728316
          ],
          [
            -74.0027597,
            40.7282926
          ],
          [
            -74.0027677,
            40.7282693
          ],
          [
            -74.0027662,
            40.728233
          ],
          [
            -74.0027642,
            40.7281848
          ],
          [
            -74.0027622,
            40.7281558
          ],
          [
            -74.0029826,
            40.7277198
          ],
          [
            -74.0029898,
            40.7277005
          ],
          [
            -74.0030089,
            40.7276497
          ],
          [
            -74.0030199,
            40.7276205
          ],
          [
            -74.0030308,
            40.7275913
          ],
          [
            -74.0032603,
            40.7270083
          ],
          [
            -74.0032663,
            40.726995
          ],
          [
            -74.0032898,
            40.7269425
          ],
          [
            -74.0033082,
            40.7269014
          ],
          [
            -74.0033209,
            40.7268731
          ],
          [
            -74.0034641,
            40.7265342
          ],
          [
            -74.003561,
            40.7263
          ],
          [
            -74.0035851,
            40.7262418
          ],
          [
            -74.0036087,
            40.7261846
          ],
          [
            -74.0038577,
            40.7255836
          ],
          [
            -74.0038649,
            40.7255662
          ],
          [
            -74.0038887,
            40.7255003
          ],
          [
            -74.003905,
            40.7254564
          ],
          [
            -74.0039194,
            40.7254179
          ],
          [
            -74.0041419,
            40.7248357
          ],
          [
            -74.0043297,
            40.7243716
          ],
          [
            -74.0044103,
            40.7241724
          ],
          [
            -74.0043889,
            40.7241571
          ],
          [
            -74.0043771,
            40.7241484
          ],
          [
            -74.0043318,
            40.7241143
          ],
          [
            -74.0043054,
            40.7240933
          ],
          [
            -74.0042908,
            40.7240801
          ],
          [
            -74.0043294,
            40.7240295
          ],
          [
            -74.0043537,
            40.7239986
          ],
          [
            -74.0043697,
            40.7239776
          ],
          [
            -74.0046156,
            40.7236807
          ],
          [
            -74.0046257,
            40.723664
          ],
          [
            -74.0046503,
            40.723605
          ],
          [
            -74.0046701,
            40.7235575
          ],
          [
            -74.0046802,
            40.7235338
          ],
          [
            -74.004896,
            40.7230238
          ],
          [
            -74.0049036,
            40.7230059
          ],
          [
            -74.0049216,
            40.7229617
          ],
          [
            -74.004941,
            40.7229131
          ],
          [
            -74.0049468,
            40.7228963
          ],
          [
            -74.0051119,
            40.7224895
          ],
          [
            -74.0052185,
            40.7222289
          ],
          [
            -74.0052298,
            40.7222011
          ],
          [
            -74.005244,
            40.7221512
          ],
          [
            -74.0052561,
            40.7221077
          ],
          [
            -74.0052605,
            40.7220867
          ],
          [
            -74.0052622,
            40.7220657
          ],
          [
            -74.005264,
            40.7220407
          ],
          [
            -74.0052623,
            40.7220208
          ],
          [
            -74.005257,
            40.7220001
          ],
          [
            -74.0052433,
            40.7219628
          ],
          [
            -74.0051705,
            40.7219089
          ],
          [
            -74.0051915,
            40.7218894
          ],
          [
            -74.0051918,
            40.721768
          ],
          [
            -74.005192,
            40.721699
          ],
          [
            -74.0051922,
            40.7215979
          ],
          [
            -74.0051823,
            40.7215659
          ],
          [
            -74.0051653,
            40.7215004
          ],
          [
            -74.0051587,
            40.721468
          ],
          [
            -74.0050903,
            40.7209035
          ],
          [
            -74.0051068,
            40.7208586
          ],
          [
            -74.0051009,
            40.720801
          ],
          [
            -74.0050855,
            40.7206574
          ],
          [
            -74.005067,
            40.720643
          ],
          [
            -74.0050674,
            40.7206386
          ],
          [
            -74.0050649,
            40.7206321
          ],
          [
            -74.0050588,
            40.7206286
          ],
          [
            -74.0050662,
            40.7206185
          ],
          [
            -74.0050678,
            40.7205833
          ],
          [
            -74.0050712,
            40.7205124
          ],
          [
            -74.0050699,
            40.720489
          ],
          [
            -74.0051017,
            40.7204884
          ],
          [
            -74.0051906,
            40.720468
          ],
          [
            -74.0052612,
            40.7204517
          ],
          [
            -74.0052757,
            40.7204484
          ],
          [
            -74.0052919,
            40.7204516
          ],
          [
            -74.0053673,
            40.7203528
          ],
          [
            -74.0053923,
            40.7203244
          ],
          [
            -74.0053888,
            40.7203131
          ],
          [
            -74.0053904,
            40.720298
          ],
          [
            -74.0053942,
            40.7202872
          ],
          [
            -74.0054729,
            40.7201588
          ],
          [
            -74.0055223,
            40.7200875
          ],
          [
            -74.0055298,
            40.7200758
          ],
          [
            -74.0055168,
            40.7200701
          ],
          [
            -74.0055251,
            40.7200574
          ],
          [
            -74.0055509,
            40.7200246
          ],
          [
            -74.0055912,
            40.7199734
          ],
          [
            -74.0056026,
            40.7199597
          ],
          [
            -74.0059882,
            40.71945
          ],
          [
            -74.0060212,
            40.7194068
          ],
          [
            -74.0060548,
            40.7193627
          ],
          [
            -74.0064643,
            40.7188575
          ],
          [
            -74.0064738,
            40.7188453
          ],
          [
            -74.0065082,
            40.7188135
          ],
          [
            -74.0065377,
            40.7187863
          ],
          [
            -74.0065303,
            40.7187628
          ],
          [
            -74.0069169,
            40.7182754
          ],
          [
            -74.0069286,
            40.7182607
          ],
          [
            -74.0069621,
            40.7182221
          ],
          [
            -74.0069913,
            40.7181884
          ],
          [
            -74.0070028,
            40.7181732
          ],
          [
            -74.0072371,
            40.7178647
          ],
          [
            -74.007388,
            40.7176661
          ],
          [
            -74.0074249,
            40.7176186
          ],
          [
            -74.0074709,
            40.7175596
          ],
          [
            -74.0078283,
            40.7171098
          ],
          [
            -74.0078553,
            40.7170752
          ],
          [
            -74.0078666,
            40.7170607
          ],
          [
            -74.0078779,
            40.7170462
          ],
          [
            -74.0082212,
            40.716593
          ],
          [
            -74.0082307,
            40.7165816
          ],
          [
            -74.008256,
            40.7165509
          ],
          [
            -74.008298,
            40.7165003
          ],
          [
            -74.0083131,
            40.7164821
          ],
          [
            -74.0086744,
            40.7160283
          ],
          [
            -74.008704,
            40.7160292
          ],
          [
            -74.0087393,
            40.7159819
          ],
          [
            -74.0087723,
            40.7159378
          ],
          [
            -74.0087701,
            40.7159209
          ],
          [
            -74.0090648,
            40.7155408
          ],
          [
            -74.0090728,
            40.7155316
          ],
          [
            -74.009098,
            40.7155263
          ],
          [
            -74.0091326,
            40.7154769
          ],
          [
            -74.0091635,
            40.715433
          ],
          [
            -74.0091669,
            40.7154281
          ],
          [
            -74.0091528,
            40.7154086
          ],
          [
            -74.0091594,
            40.7154005
          ],
          [
            -74.009517,
            40.7149633
          ],
          [
            -74.0095286,
            40.7149492
          ],
          [
            -74.0095684,
            40.7149004
          ],
          [
            -74.0095981,
            40.714864
          ],
          [
            -74.0096125,
            40.7148464
          ],
          [
            -74.0099665,
            40.7143988
          ],
          [
            -74.0099857,
            40.7144005
          ],
          [
            -74.0100342,
            40.7143407
          ],
          [
            -74.0100613,
            40.7143073
          ],
          [
            -74.0100801,
            40.7142832
          ],
          [
            -74.0104099,
            40.7138611
          ],
          [
            -74.0104233,
            40.7138436
          ],
          [
            -74.0104531,
            40.7138031
          ],
          [
            -74.0104816,
            40.7137646
          ],
          [
            -74.0104966,
            40.7137441
          ],
          [
            -74.0107904,
            40.7133874
          ],
          [
            -74.010808,
            40.713371
          ],
          [
            -74.010828,
            40.7133565
          ],
          [
            -74.0108419,
            40.713348
          ],
          [
            -74.0108602,
            40.713336
          ],
          [
            -74.010911,
            40.7132947
          ],
          [
            -74.0109548,
            40.713259
          ],
          [
            -74.0109678,
            40.7132469
          ],
          [
            -74.0110228,
            40.7131944
          ],
          [
            -74.0114728,
            40.7127767
          ],
          [
            -74.011478,
            40.7127684
          ],
          [
            -74.0114803,
            40.7127597
          ],
          [
            -74.0114796,
            40.7127468
          ],
          [
            -74.0114761,
            40.7126991
          ],
          [
            -74.0114727,
            40.712652
          ],
          [
            -74.011483,
            40.7126342
          ],
          [
            -74.0115173,
            40.7125749
          ],
          [
            -74.0115267,
            40.7125586
          ],
          [
            -74.0115437,
            40.7125292
          ],
          [
            -74.0117432,
            40.7121846
          ],
          [
            -74.0117634,
            40.7121508
          ],
          [
            -74.0117887,
            40.7121191
          ],
          [
            -74.0118288,
            40.7120747
          ],
          [
            -74.0118442,
            40.7120493
          ],
          [
            -74.0118616,
            40.7120243
          ],
          [
            -74.0119056,
            40.7119643
          ],
          [
            -74.0119119,
            40.7119476
          ],
          [
            -74.0119426,
            40.7118585
          ],
          [
            -74.012057,
            40.7115288
          ],
          [
            -74.0120786,
            40.7114665
          ],
          [
            -74.0121789,
            40.7111776
          ],
          [
            -74.0122817,
            40.7108816
          ],
          [
            -74.012294,
            40.7108473
          ],
          [
            -74.012311,
            40.7108059
          ],
          [
            -74.0123445,
            40.7107261
          ],
          [
            -74.0124518,
            40.7104705
          ],
          [
            -74.0125649,
            40.7102006
          ],
          [
            -74.0125743,
            40.7101726
          ],
          [
            -74.0125942,
            40.7101126
          ],
          [
            -74.0126141,
            40.7100515
          ],
          [
            -74.0126041,
            40.7100326
          ],
          [
            -74.0127441,
            40.7097118
          ],
          [
            -74.012748,
            40.7097027
          ],
          [
            -74.0127486,
            40.7097014
          ],
          [
            -74.0127584,
            40.7096786
          ],
          [
            -74.0127689,
            40.7096543
          ],
          [
            -74.012776,
            40.7096363
          ],
          [
            -74.0128988,
            40.7093493
          ],
          [
            -74.0129009,
            40.7093443
          ],
          [
            -74.0129105,
            40.7093221
          ],
          [
            -74.0129196,
            40.7093009
          ],
          [
            -74.0129216,
            40.7092963
          ],
          [
            -74.0129708,
            40.7091818
          ],
          [
            -74.0130221,
            40.7090624
          ],
          [
            -74.0134787,
            40.708
          ],
          [
            -74.013485,
            40.7079859
          ],
          [
            -74.0134894,
            40.707973
          ],
          [
            -74.0134991,
            40.70795
          ],
          [
            -74.0135105,
            40.707923
          ],
          [
            -74.0135181,
            40.7079058
          ],
          [
            -74.0138628,
            40.7071658
          ],
          [
            -74.0138689,
            40.7071512
          ],
          [
            -74.0138759,
            40.7071266
          ],
          [
            -74.0138946,
            40.7070614
          ],
          [
            -74.0139099,
            40.7070081
          ],
          [
            -74.0139105,
            40.7069992
          ],
          [
            -74.01391,
            40.7069917
          ],
          [
            -74.0139087,
            40.7069815
          ],
          [
            -74.0139045,
            40.7069645
          ],
          [
            -74.0138821,
            40.7068888
          ],
          [
            -74.0139027,
            40.7068799
          ],
          [
            -74.013924,
            40.7068668
          ],
          [
            -74.0139498,
            40.7068473
          ],
          [
            -74.013972,
            40.7068271
          ],
          [
            -74.0139904,
            40.7068038
          ],
          [
            -74.0140062,
            40.706777
          ],
          [
            -74.0140166,
            40.7067525
          ],
          [
            -74.0140237,
            40.7067296
          ],
          [
            -74.0140497,
            40.7067236
          ],
          [
            -74.0140775,
            40.706715
          ],
          [
            -74.0141029,
            40.7067033
          ],
          [
            -74.0141249,
            40.7066901
          ],
          [
            -74.0141483,
            40.7066729
          ],
          [
            -74.0141654,
            40.7066554
          ],
          [
            -74.0141775,
            40.7066401
          ],
          [
            -74.0141909,
            40.7066151
          ],
          [
            -74.0141971,
            40.7065942
          ],
          [
            -74.0142012,
            40.7065677
          ],
          [
            -74.0142043,
            40.7065349
          ],
          [
            -74.0142109,
            40.7065109
          ],
          [
            -74.0142121,
            40.7065095
          ],
          [
            -74.0142407,
            40.7064822
          ],
          [
            -74.0142839,
            40.7064588
          ],
          [
            -74.0143178,
            40.7064363
          ],
          [
            -74.0143337,
            40.7064197
          ],
          [
            -74.014347,
            40.7064022
          ],
          [
            -74.0143569,
            40.7063842
          ],
          [
            -74.0143666,
            40.706363
          ],
          [
            -74.0143801,
            40.7063356
          ],
          [
            -74.0144082,
            40.7062866
          ],
          [
            -74.0144322,
            40.7062467
          ],
          [
            -74.0144094,
            40.7062375
          ],
          [
            -74.0143485,
            40.7062168
          ],
          [
            -74.0142775,
            40.7061927
          ],
          [
            -74.0142729,
            40.7061829
          ],
          [
            -74.0148087,
            40.7049258
          ],
          [
            -74.014828,
            40.7048785
          ],
          [
            -74.0146232,
            40.7048259
          ],
          [
            -74.014409,
            40.7047709
          ],
          [
            -74.0143549,
            40.704757
          ],
          [
            -74.014316,
            40.7047446
          ],
          [
            -74.0142843,
            40.7047329
          ],
          [
            -74.0142361,
            40.7047038
          ],
          [
            -74.0141638,
            40.7046491
          ],
          [
            -74.0141226,
            40.7046179
          ],
          [
            -74.0141025,
            40.7046027
          ],
          [
            -74.014108,
            40.7045922
          ],
          [
            -74.0141128,
            40.7045796
          ],
          [
            -74.0141146,
            40.7045696
          ],
          [
            -74.0141159,
            40.7045539
          ],
          [
            -74.0141192,
            40.7045211
          ],
          [
            -74.0141248,
            40.7044532
          ],
          [
            -74.0141527,
            40.7042993
          ],
          [
            -74.0142383,
            40.7038282
          ],
          [
            -74.0142638,
            40.703663
          ],
          [
            -74.0142631,
            40.7036578
          ],
          [
            -74.0142601,
            40.7036507
          ],
          [
            -74.0142598,
            40.703646
          ],
          [
            -74.0142753,
            40.7036168
          ],
          [
            -74.0143022,
            40.7035663
          ],
          [
            -74.0142814,
            40.7035561
          ],
          [
            -74.0142991,
            40.7034318
          ],
          [
            -74.01433,
            40.7032322
          ],
          [
            -74.0143529,
            40.7032153
          ],
          [
            -74.0143278,
            40.703166
          ],
          [
            -74.0143031,
            40.7031173
          ],
          [
            -74.0144186,
            40.7031005
          ],
          [
            -74.0145016,
            40.7030884
          ],
          [
            -74.0145338,
            40.7030842
          ],
          [
            -74.0145067,
            40.7030075
          ],
          [
            -74.0144717,
            40.7029231
          ],
          [
            -74.0144371,
            40.7028594
          ],
          [
            -74.0144144,
            40.7028198
          ],
          [
            -74.0143761,
            40.702763
          ],
          [
            -74.0143132,
            40.7026909
          ],
          [
            -74.0142388,
            40.7026191
          ],
          [
            -74.0141786,
            40.7025575
          ],
          [
            -74.0142132,
            40.7025259
          ],
          [
            -74.0142475,
            40.7024869
          ],
          [
            -74.0142616,
            40.7024663
          ],
          [
            -74.0142779,
            40.7024424
          ],
          [
            -74.0143108,
            40.7023904
          ],
          [
            -74.0143366,
            40.7023414
          ],
          [
            -74.0143702,
            40.7022894
          ],
          [
            -74.0144078,
            40.7022344
          ],
          [
            -74.014448,
            40.7021924
          ],
          [
            -74.0144882,
            40.7021539
          ],
          [
            -74.0145305,
            40.7021215
          ],
          [
            -74.0145787,
            40.702081
          ],
          [
            -74.0146605,
            40.7019989
          ],
          [
            -74.0146769,
            40.7019825
          ],
          [
            -74.014763,
            40.7018952
          ],
          [
            -74.0148791,
            40.7017776
          ],
          [
            -74.0148628,
            40.7017641
          ],
          [
            -74.0148503,
            40.7017426
          ],
          [
            -74.0148476,
            40.7017192
          ],
          [
            -74.0148549,
            40.7016964
          ],
          [
            -74.0148708,
            40.7016772
          ],
          [
            -74.0148937,
            40.7016627
          ],
          [
            -74.0149214,
            40.7016542
          ],
          [
            -74.0149512,
            40.7016527
          ],
          [
            -74.0149801,
            40.7016583
          ],
          [
            -74.0150054,
            40.7016703
          ],
          [
            -74.0150484,
            40.7016388
          ],
          [
            -74.0151551,
            40.7015688
          ],
          [
            -74.0152387,
            40.7015068
          ],
          [
            -74.0153326,
            40.701443
          ],
          [
            -74.0153948,
            40.7014008
          ],
          [
            -74.0154267,
            40.7013909
          ],
          [
            -74.0154565,
            40.7013876
          ],
          [
            -74.0154894,
            40.7013938
          ],
          [
            -74.0155216,
            40.7014059
          ],
          [
            -74.0155698,
            40.7013751
          ],
          [
            -74.0155751,
            40.7013718
          ],
          [
            -74.0155924,
            40.7013585
          ],
          [
            -74.0156109,
            40.7013443
          ],
          [
            -74.0158253,
            40.7015143
          ],
          [
            -74.0160434,
            40.7017026
          ],
          [
            -74.0160745,
            40.7016814
          ]
        ]
      }
    },
    {
      "type": "Feature",
      "properties": {
        "scenario": "HARD - Battery Park tip, huge target",
        "shape": "round",
        "target_miles": 12.0,
        "distance_m": 19228.78944955086,
        "candidate_index": 4
      },
      "geometry": {
        "type": "LineString",
        "coordinates": [
          [
            -74.0160745,
            40.7016814
          ],
          [
            -74.0160434,
            40.7017026
          ],
          [
            -74.0161585,
            40.7018056
          ],
          [
            -74.0162979,
            40.7019492
          ],
          [
            -74.0163975,
            40.7020562
          ],
          [
            -74.016432,
            40.7020933
          ],
          [
            -74.0167975,
            40.7024925
          ],
          [
            -74.0170844,
            40.7028238
          ],
          [
            -74.0171574,
            40.702908
          ],
          [
            -74.0172058,
            40.7029639
          ],
          [
            -74.0172082,
            40.7029743
          ],
          [
            -74.0172023,
            40.7029848
          ],
          [
            -74.0171444,
            40.7030596
          ],
          [
            -74.0170907,
            40.7031304
          ],
          [
            -74.0171356,
            40.703168
          ],
          [
            -74.0171728,
            40.7032131
          ],
          [
            -74.0172241,
            40.7032857
          ],
          [
            -74.0172712,
            40.7033631
          ],
          [
            -74.01729,
            40.7034113
          ],
          [
            -74.0172959,
            40.7034486
          ],
          [
            -74.0172938,
            40.703488
          ],
          [
            -74.0172832,
            40.7035375
          ],
          [
            -74.0172669,
            40.7035893
          ],
          [
            -74.0172957,
            40.7035944
          ],
          [
            -74.0173053,
            40.7035963
          ],
          [
            -74.0173739,
            40.7036076
          ],
          [
            -74.0173934,
            40.7036129
          ],
          [
            -74.0174051,
            40.7036199
          ],
          [
            -74.0174137,
            40.703633
          ],
          [
            -74.0174151,
            40.7036375
          ],
          [
            -74.0174213,
            40.7036576
          ],
          [
            -74.0174274,
            40.7036942
          ],
          [
            -74.0174325,
            40.7037493
          ],
          [
            -74.017434,
            40.7038017
          ],
          [
            -74.0174314,
            40.7038317
          ],
          [
            -74.01743,
            40.7038472
          ],
          [
            -74.0174229,
            40.7038969
          ],
          [
            -74.0174137,
            40.7039362
          ],
          [
            -74.0173998,
            40.7039715
          ],
          [
            -74.017366,
            40.7040063
          ],
          [
            -74.017328,
            40.7040405
          ],
          [
            -74.0172822,
            40.7040752
          ],
          [
            -74.0172293,
            40.7041067
          ],
          [
            -74.0171814,
            40.7041262
          ],
          [
            -74.0172136,
            40.7041713
          ],
          [
            -74.0172246,
            40.704188
          ],
          [
            -74.0172382,
            40.7042072
          ],
          [
            -74.0172986,
            40.7042924
          ],
          [
            -74.0172492,
            40.7043165
          ],
          [
            -74.0172107,
            40.7043487
          ],
          [
            -74.017199,
            40.7043586
          ],
          [
            -74.0171656,
            40.7044082
          ],
          [
            -74.01715,
            40.7044598
          ],
          [
            -74.0171476,
            40.7045079
          ],
          [
            -74.0171483,
            40.7045382
          ],
          [
            -74.0171705,
            40.7046173
          ],
          [
            -74.0172106,
            40.7046727
          ],
          [
            -74.0172679,
            40.7047185
          ],
          [
            -74.0172421,
            40.7047831
          ],
          [
            -74.0172285,
            40.7048171
          ],
          [
            -74.0172033,
            40.7048771
          ],
          [
            -74.0171794,
            40.704933
          ],
          [
            -74.0171567,
            40.7049892
          ],
          [
            -74.0171488,
            40.7050094
          ],
          [
            -74.0168779,
            40.7057044
          ],
          [
            -74.0168284,
            40.7058314
          ],
          [
            -74.0166097,
            40.7063931
          ],
          [
            -74.0165584,
            40.7065238
          ],
          [
            -74.016331,
            40.7071044
          ],
          [
            -74.0162921,
            40.7072047
          ],
          [
            -74.0161911,
            40.7074661
          ],
          [
            -74.0161792,
            40.7074896
          ],
          [
            -74.016162,
            40.7075131
          ],
          [
            -74.0161523,
            40.7075263
          ],
          [
            -74.0161459,
            40.707541
          ],
          [
            -74.0160908,
            40.7076805
          ],
          [
            -74.0160762,
            40.7077175
          ],
          [
            -74.0160706,
            40.7077293
          ],
          [
            -74.0160644,
            40.7077421
          ],
          [
            -74.0160553,
            40.7077569
          ],
          [
            -74.0160381,
            40.7077835
          ],
          [
            -74.015998,
            40.707838
          ],
          [
            -74.0159568,
            40.7078938
          ],
          [
            -74.0159462,
            40.7079146
          ],
          [
            -74.0156852,
            40.7086075
          ],
          [
            -74.0156218,
            40.7087715
          ],
          [
            -74.015572,
            40.7089054
          ],
          [
            -74.0155172,
            40.709067
          ],
          [
            -74.0154854,
            40.709164
          ],
          [
            -74.0154298,
            40.7093503
          ],
          [
            -74.0153825,
            40.7095281
          ],
          [
            -74.0153295,
            40.7097398
          ],
          [
            -74.0153205,
            40.7097663
          ],
          [
            -74.0153081,
            40.7097939
          ],
          [
            -74.0152814,
            40.7098495
          ],
          [
            -74.0152494,
            40.7099159
          ],
          [
            -74.0152424,
            40.7099333
          ],
          [
            -74.0152363,
            40.7099556
          ],
          [
            -74.0151756,
            40.709952
          ],
          [
            -74.0151008,
            40.7099463
          ],
          [
            -74.0149975,
            40.7099397
          ],
          [
            -74.0148871,
            40.7099325
          ],
          [
            -74.0147943,
            40.7099265
          ],
          [
            -74.0147031,
            40.7099206
          ],
          [
            -74.0146017,
            40.7099141
          ],
          [
            -74.0145411,
            40.7099094
          ],
          [
            -74.0143899,
            40.7103061
          ],
          [
            -74.0143845,
            40.7103204
          ],
          [
            -74.0143853,
            40.7103829
          ],
          [
            -74.014386,
            40.7104328
          ],
          [
            -74.0143728,
            40.7104706
          ],
          [
            -74.0142754,
            40.7107566
          ],
          [
            -74.0142611,
            40.7107984
          ],
          [
            -74.0142516,
            40.7108263
          ],
          [
            -74.0142418,
            40.7108696
          ],
          [
            -74.0142223,
            40.7109562
          ],
          [
            -74.0142145,
            40.7109907
          ],
          [
            -74.0142113,
            40.7110017
          ],
          [
            -74.0142116,
            40.7110127
          ],
          [
            -74.0142131,
            40.7110184
          ],
          [
            -74.014215,
            40.7110267
          ],
          [
            -74.0142159,
            40.7110296
          ],
          [
            -74.0142168,
            40.7110326
          ],
          [
            -74.014217,
            40.7110422
          ],
          [
            -74.0142152,
            40.7110574
          ],
          [
            -74.0142118,
            40.7110806
          ],
          [
            -74.0142114,
            40.7110839
          ],
          [
            -74.0142084,
            40.7111013
          ],
          [
            -74.0142043,
            40.7111249
          ],
          [
            -74.0142022,
            40.7111368
          ],
          [
            -74.014201,
            40.7111436
          ],
          [
            -74.0141995,
            40.7111528
          ],
          [
            -74.0141955,
            40.7111757
          ],
          [
            -74.0141928,
            40.711191
          ],
          [
            -74.0141923,
            40.7111942
          ],
          [
            -74.0141897,
            40.7112089
          ],
          [
            -74.0141857,
            40.7112322
          ],
          [
            -74.0141831,
            40.711247
          ],
          [
            -74.0141826,
            40.7112503
          ],
          [
            -74.0141801,
            40.711265
          ],
          [
            -74.0141761,
            40.7112878
          ],
          [
            -74.0141734,
            40.7113032
          ],
          [
            -74.0141729,
            40.7113065
          ],
          [
            -74.0141704,
            40.711321
          ],
          [
            -74.0141663,
            40.7113443
          ],
          [
            -74.014162,
            40.7113693
          ],
          [
            -74.0141614,
            40.7113724
          ],
          [
            -74.0141576,
            40.7113945
          ],
          [
            -74.0141534,
            40.7114181
          ],
          [
            -74.0141467,
            40.7114567
          ],
          [
            -74.0141427,
            40.7114795
          ],
          [
            -74.0141386,
            40.7115036
          ],
          [
            -74.0141331,
            40.7115352
          ],
          [
            -74.0141325,
            40.7115384
          ],
          [
            -74.0141272,
            40.7115691
          ],
          [
            -74.0141232,
            40.711592
          ],
          [
            -74.0141188,
            40.7116176
          ],
          [
            -74.0141182,
            40.7116209
          ],
          [
            -74.0141172,
            40.7116267
          ],
          [
            -74.0141135,
            40.7116478
          ],
          [
            -74.0141121,
            40.711656
          ],
          [
            -74.0141093,
            40.7116706
          ],
          [
            -74.0141052,
            40.7116916
          ],
          [
            -74.0141046,
            40.7116947
          ],
          [
            -74.0140993,
            40.7117216
          ],
          [
            -74.0140949,
            40.7117441
          ],
          [
            -74.014092,
            40.7117592
          ],
          [
            -74.0140915,
            40.7117625
          ],
          [
            -74.0140886,
            40.7117767
          ],
          [
            -74.0140842,
            40.7117994
          ],
          [
            -74.0140812,
            40.7118145
          ],
          [
            -74.0140807,
            40.7118178
          ],
          [
            -74.0140778,
            40.711832
          ],
          [
            -74.0140734,
            40.7118546
          ],
          [
            -74.0140705,
            40.7118698
          ],
          [
            -74.0140699,
            40.711873
          ],
          [
            -74.0140671,
            40.7118873
          ],
          [
            -74.0140626,
            40.71191
          ],
          [
            -74.0140582,
            40.7119327
          ],
          [
            -74.0140538,
            40.7119552
          ],
          [
            -74.0140494,
            40.711978
          ],
          [
            -74.0140452,
            40.7119994
          ],
          [
            -74.0140412,
            40.7120199
          ],
          [
            -74.0140368,
            40.7120424
          ],
          [
            -74.0140331,
            40.7120618
          ],
          [
            -74.0140293,
            40.712081
          ],
          [
            -74.0140243,
            40.7121039
          ],
          [
            -74.01402,
            40.7121223
          ],
          [
            -74.0140178,
            40.7121318
          ],
          [
            -74.0140154,
            40.7121417
          ],
          [
            -74.0140102,
            40.7121641
          ],
          [
            -74.0140065,
            40.7121798
          ],
          [
            -74.0140057,
            40.7121829
          ],
          [
            -74.0140022,
            40.7121978
          ],
          [
            -74.0139969,
            40.7122201
          ],
          [
            -74.0139931,
            40.7122364
          ],
          [
            -74.0139924,
            40.7122396
          ],
          [
            -74.0139881,
            40.7122575
          ],
          [
            -74.0139828,
            40.7122798
          ],
          [
            -74.0139764,
            40.7123047
          ],
          [
            -74.0139757,
            40.7123078
          ],
          [
            -74.01397,
            40.7123281
          ],
          [
            -74.013964,
            40.7123501
          ],
          [
            -74.0139553,
            40.7123822
          ],
          [
            -74.0139544,
            40.7123852
          ],
          [
            -74.0139473,
            40.7124112
          ],
          [
            -74.0139413,
            40.7124332
          ],
          [
            -74.0139322,
            40.7124668
          ],
          [
            -74.0139314,
            40.7124697
          ],
          [
            -74.0139243,
            40.7124959
          ],
          [
            -74.0139183,
            40.7125177
          ],
          [
            -74.0139143,
            40.7125325
          ],
          [
            -74.0139112,
            40.7125439
          ],
          [
            -74.0139106,
            40.7125468
          ],
          [
            -74.0139035,
            40.712573
          ],
          [
            -74.0138974,
            40.7125951
          ],
          [
            -74.0138921,
            40.7126152
          ],
          [
            -74.013891,
            40.7126185
          ],
          [
            -74.0138854,
            40.7126389
          ],
          [
            -74.0138794,
            40.7126609
          ],
          [
            -74.0138711,
            40.7126912
          ],
          [
            -74.0138644,
            40.712716
          ],
          [
            -74.0138604,
            40.7127306
          ],
          [
            -74.0138562,
            40.7127457
          ],
          [
            -74.0138502,
            40.7127677
          ],
          [
            -74.0138455,
            40.7127848
          ],
          [
            -74.0138431,
            40.7127937
          ],
          [
            -74.0138361,
            40.7128193
          ],
          [
            -74.0138299,
            40.7128409
          ],
          [
            -74.0138226,
            40.7128663
          ],
          [
            -74.0138195,
            40.7128783
          ],
          [
            -74.0138182,
            40.7128871
          ],
          [
            -74.0138193,
            40.7128981
          ],
          [
            -74.0138226,
            40.7129087
          ],
          [
            -74.0138242,
            40.7129139
          ],
          [
            -74.0138274,
            40.7129312
          ],
          [
            -74.0138249,
            40.7129439
          ],
          [
            -74.0136116,
            40.7135301
          ],
          [
            -74.0135904,
            40.7135984
          ],
          [
            -74.0135765,
            40.713637
          ],
          [
            -74.0135638,
            40.7136704
          ],
          [
            -74.0135334,
            40.7137465
          ],
          [
            -74.0133005,
            40.7142768
          ],
          [
            -74.0132894,
            40.7143021
          ],
          [
            -74.0132752,
            40.7143564
          ],
          [
            -74.013262,
            40.7144066
          ],
          [
            -74.0132579,
            40.7144236
          ],
          [
            -74.0131257,
            40.7149689
          ],
          [
            -74.0130956,
            40.7150966
          ],
          [
            -74.0130893,
            40.7151227
          ],
          [
            -74.0130693,
            40.7151992
          ],
          [
            -74.0130528,
            40.7152626
          ],
          [
            -74.0130453,
            40.7152948
          ],
          [
            -74.0130394,
            40.7153204
          ],
          [
            -74.0130142,
            40.71543
          ],
          [
            -74.0130077,
            40.7154582
          ],
          [
            -74.0128196,
            40.7162765
          ],
          [
            -74.0128099,
            40.7163151
          ],
          [
            -74.0127968,
            40.7163698
          ],
          [
            -74.0127837,
            40.7164243
          ],
          [
            -74.0127784,
            40.716449
          ],
          [
            -74.0126573,
            40.7169775
          ],
          [
            -74.0126485,
            40.7170162
          ],
          [
            -74.0126316,
            40.7170775
          ],
          [
            -74.0126166,
            40.7171319
          ],
          [
            -74.0126149,
            40.7171437
          ],
          [
            -74.0126164,
            40.7171582
          ],
          [
            -74.0126191,
            40.7171714
          ],
          [
            -74.0126179,
            40.7171845
          ],
          [
            -74.0126098,
            40.7172166
          ],
          [
            -74.0126031,
            40.7172374
          ],
          [
            -74.0126,
            40.7172452
          ],
          [
            -74.0125768,
            40.717303
          ],
          [
            -74.0125639,
            40.7173351
          ],
          [
            -74.0125545,
            40.7173666
          ],
          [
            -74.0124729,
            40.7177268
          ],
          [
            -74.0122013,
            40.718914
          ],
          [
            -74.012191,
            40.7189599
          ],
          [
            -74.0121739,
            40.7190286
          ],
          [
            -74.012157,
            40.7190962
          ],
          [
            -74.0121468,
            40.7191417
          ],
          [
            -74.0119351,
            40.7201889
          ],
          [
            -74.0119263,
            40.7202283
          ],
          [
            -74.0119094,
            40.7203038
          ],
          [
            -74.0118955,
            40.7203657
          ],
          [
            -74.0118849,
            40.7204168
          ],
          [
            -74.0117888,
            40.720909
          ],
          [
            -74.0117748,
            40.720978
          ],
          [
            -74.0117377,
            40.7211607
          ],
          [
            -74.0116748,
            40.7214706
          ],
          [
            -74.0116669,
            40.7214878
          ],
          [
            -74.0116507,
            40.7215116
          ],
          [
            -74.0116465,
            40.7215251
          ],
          [
            -74.0116418,
            40.7215533
          ],
          [
            -74.0116311,
            40.7216219
          ],
          [
            -74.0116212,
            40.7216857
          ],
          [
            -74.011618,
            40.7217051
          ],
          [
            -74.0115166,
            40.7222156
          ],
          [
            -74.0115087,
            40.7222538
          ],
          [
            -74.0114998,
            40.7223056
          ],
          [
            -74.0114922,
            40.7223494
          ],
          [
            -74.0114877,
            40.7223777
          ],
          [
            -74.0113876,
            40.7228638
          ],
          [
            -74.0113817,
            40.7228931
          ],
          [
            -74.0113654,
            40.7229631
          ],
          [
            -74.0113536,
            40.7230137
          ],
          [
            -74.0113503,
            40.7230307
          ],
          [
            -74.0112468,
            40.7235369
          ],
          [
            -74.0112417,
            40.7235635
          ],
          [
            -74.0112316,
            40.7236145
          ],
          [
            -74.0112213,
            40.7236663
          ],
          [
            -74.0112181,
            40.7236815
          ],
          [
            -74.0111247,
            40.724175
          ],
          [
            -74.0111187,
            40.7242061
          ],
          [
            -74.0111079,
            40.7242627
          ],
          [
            -74.0110914,
            40.7243573
          ],
          [
            -74.0109374,
            40.7250605
          ],
          [
            -74.0109325,
            40.7250833
          ],
          [
            -74.0109085,
            40.725164
          ],
          [
            -74.0108961,
            40.7252056
          ],
          [
            -74.0108925,
            40.7252251
          ],
          [
            -74.0109053,
            40.7252308
          ],
          [
            -74.0109149,
            40.7252418
          ],
          [
            -74.0109209,
            40.7252586
          ],
          [
            -74.0109229,
            40.7252773
          ],
          [
            -74.0109203,
            40.725297
          ],
          [
            -74.0109042,
            40.7253739
          ],
          [
            -74.0108791,
            40.7254972
          ],
          [
            -74.0108465,
            40.7256548
          ],
          [
            -74.0108413,
            40.7256704
          ],
          [
            -74.0108328,
            40.7256876
          ],
          [
            -74.010825,
            40.7256988
          ],
          [
            -74.0108112,
            40.7257177
          ],
          [
            -74.0107966,
            40.7257686
          ],
          [
            -74.0107621,
            40.7258809
          ],
          [
            -74.0107271,
            40.7260665
          ],
          [
            -74.0107116,
            40.7261603
          ],
          [
            -74.0106982,
            40.7262416
          ],
          [
            -74.0105338,
            40.7279732
          ],
          [
            -74.0104357,
            40.7290077
          ],
          [
            -74.0104267,
            40.7290892
          ],
          [
            -74.01042,
            40.7291613
          ],
          [
            -74.0104154,
            40.7292063
          ],
          [
            -74.0103584,
            40.7297183
          ],
          [
            -74.0103545,
            40.7297548
          ],
          [
            -74.0103484,
            40.7298199
          ],
          [
            -74.0103397,
            40.7298921
          ],
          [
            -74.010286,
            40.7304793
          ],
          [
            -74.0102789,
            40.7305563
          ],
          [
            -74.0102713,
            40.7306357
          ],
          [
            -74.0102167,
            40.7311926
          ],
          [
            -74.0102108,
            40.7312875
          ],
          [
            -74.010202,
            40.7313685
          ],
          [
            -74.0101881,
            40.7315206
          ],
          [
            -74.0101406,
            40.7319407
          ],
          [
            -74.010134,
            40.7320086
          ],
          [
            -74.0101275,
            40.7320749
          ],
          [
            -74.0101071,
            40.7322992
          ],
          [
            -74.0100954,
            40.7324328
          ],
          [
            -74.0100847,
            40.7325687
          ],
          [
            -74.0100367,
            40.7331171
          ],
          [
            -74.010034,
            40.7331598
          ],
          [
            -74.0100293,
            40.7332334
          ],
          [
            -74.0099733,
            40.7338013
          ],
          [
            -74.0099681,
            40.7338723
          ],
          [
            -74.0099621,
            40.7339538
          ],
          [
            -74.0099319,
            40.7342408
          ],
          [
            -74.0099031,
            40.7345179
          ],
          [
            -74.0098973,
            40.734592
          ],
          [
            -74.0098918,
            40.7346459
          ],
          [
            -74.0098477,
            40.7352295
          ],
          [
            -74.0098404,
            40.7353181
          ],
          [
            -74.0098314,
            40.7353895
          ],
          [
            -74.0097838,
            40.7359305
          ],
          [
            -74.0097789,
            40.7360068
          ],
          [
            -74.0097728,
            40.7360722
          ],
          [
            -74.0097028,
            40.7369125
          ],
          [
            -74.0096973,
            40.7369773
          ],
          [
            -74.0096934,
            40.7370237
          ],
          [
            -74.0096684,
            40.7374881
          ],
          [
            -74.009665,
            40.7375667
          ],
          [
            -74.0096619,
            40.7376377
          ],
          [
            -74.0096541,
            40.7381023
          ],
          [
            -74.0096502,
            40.7381115
          ],
          [
            -74.0096433,
            40.7381186
          ],
          [
            -74.0096179,
            40.7381571
          ],
          [
            -74.0096005,
            40.738187
          ],
          [
            -74.0095868,
            40.7382042
          ],
          [
            -74.0095478,
            40.7387187
          ],
          [
            -74.0095623,
            40.738755
          ],
          [
            -74.0095934,
            40.7388328
          ],
          [
            -74.0095471,
            40.7388886
          ],
          [
            -74.0095164,
            40.7392072
          ],
          [
            -74.0095072,
            40.739303
          ],
          [
            -74.0095072,
            40.7393239
          ],
          [
            -74.0095062,
            40.7393473
          ],
          [
            -74.0095053,
            40.739365
          ],
          [
            -74.0095038,
            40.7394105
          ],
          [
            -74.0095027,
            40.7394312
          ],
          [
            -74.0095101,
            40.7395372
          ],
          [
            -74.009335,
            40.7398051
          ],
          [
            -74.0092089,
            40.7398844
          ],
          [
            -74.0089702,
            40.7401587
          ],
          [
            -74.0088718,
            40.7406162
          ],
          [
            -74.0088704,
            40.7406459
          ],
          [
            -74.0088565,
            40.7406876
          ],
          [
            -74.0088505,
            40.7407327
          ],
          [
            -74.0088433,
            40.7407589
          ],
          [
            -74.0087315,
            40.7411261
          ],
          [
            -74.0086153,
            40.7413559
          ],
          [
            -74.0086355,
            40.7413627
          ],
          [
            -74.0086217,
            40.7413809
          ],
          [
            -74.0085957,
            40.7414163
          ],
          [
            -74.0085734,
            40.7414467
          ],
          [
            -74.0085516,
            40.7414773
          ],
          [
            -74.0085287,
            40.7414672
          ],
          [
            -74.0081404,
            40.742027
          ],
          [
            -74.0080814,
            40.7421037
          ],
          [
            -74.0080094,
            40.742195
          ],
          [
            -74.0079864,
            40.7422281
          ],
          [
            -74.0079815,
            40.7422349
          ],
          [
            -74.0076233,
            40.7427299
          ],
          [
            -74.0076141,
            40.7427424
          ],
          [
            -74.007584,
            40.7427833
          ],
          [
            -74.0075501,
            40.7428294
          ],
          [
            -74.0075368,
            40.7428476
          ],
          [
            -74.0071857,
            40.7433794
          ],
          [
            -74.0071451,
            40.743431
          ],
          [
            -74.0070924,
            40.7434979
          ],
          [
            -74.006736,
            40.7439506
          ],
          [
            -74.0066921,
            40.7440112
          ],
          [
            -74.006646,
            40.7440748
          ],
          [
            -74.0063054,
            40.7445406
          ],
          [
            -74.0062974,
            40.7445541
          ],
          [
            -74.0062663,
            40.7445965
          ],
          [
            -74.0062272,
            40.7446497
          ],
          [
            -74.0062102,
            40.7446726
          ],
          [
            -74.0058767,
            40.7451202
          ],
          [
            -74.0058341,
            40.7451783
          ],
          [
            -74.0057863,
            40.7452438
          ],
          [
            -74.0054533,
            40.7456996
          ],
          [
            -74.0054304,
            40.7457317
          ],
          [
            -74.0054075,
            40.7457638
          ],
          [
            -74.0053736,
            40.7458103
          ],
          [
            -74.0053633,
            40.7458244
          ],
          [
            -74.0050333,
            40.7462994
          ],
          [
            -74.0050183,
            40.7463196
          ],
          [
            -74.0049841,
            40.7463654
          ],
          [
            -74.0049534,
            40.7464059
          ],
          [
            -74.0049457,
            40.7464161
          ],
          [
            -74.0045653,
            40.7469246
          ],
          [
            -74.0045498,
            40.7469453
          ],
          [
            -74.0045294,
            40.7469713
          ],
          [
            -74.0044953,
            40.7470147
          ],
          [
            -74.0044807,
            40.7470349
          ],
          [
            -74.0040984,
            40.7475543
          ],
          [
            -74.00408,
            40.7475793
          ],
          [
            -74.0040246,
            40.7476444
          ],
          [
            -74.003976,
            40.7477015
          ],
          [
            -74.003958,
            40.7477273
          ],
          [
            -74.0035971,
            40.7482466
          ],
          [
            -74.0035534,
            40.7483
          ],
          [
            -74.0035141,
            40.7483566
          ],
          [
            -74.0035051,
            40.7483696
          ],
          [
            -74.0031426,
            40.7488668
          ],
          [
            -74.0031048,
            40.748918
          ],
          [
            -74.0030531,
            40.748988
          ],
          [
            -74.0027022,
            40.7494765
          ],
          [
            -74.002644,
            40.7495541
          ],
          [
            -74.0026095,
            40.7496001
          ],
          [
            -74.0022313,
            40.7501024
          ],
          [
            -74.0022076,
            40.7501341
          ],
          [
            -74.0021737,
            40.7501795
          ],
          [
            -74.0021478,
            40.7502142
          ],
          [
            -74.0017838,
            40.7507115
          ],
          [
            -74.0017758,
            40.7507325
          ],
          [
            -74.0017476,
            40.7507722
          ],
          [
            -74.0017145,
            40.7508188
          ],
          [
            -74.0016993,
            40.7508318
          ],
          [
            -74.0013416,
            40.7513328
          ],
          [
            -74.0012928,
            40.7514027
          ],
          [
            -74.0012551,
            40.7514566
          ],
          [
            -74.0008757,
            40.7519736
          ],
          [
            -74.0008737,
            40.7519764
          ],
          [
            -74.0008666,
            40.7519861
          ],
          [
            -74.0008439,
            40.7520169
          ],
          [
            -74.0008207,
            40.7520479
          ],
          [
            -74.00081,
            40.7520625
          ],
          [
            -74.0007858,
            40.7520956
          ],
          [
            -74.0007814,
            40.7521017
          ],
          [
            -74.0007637,
            40.7521259
          ],
          [
            -74.0007181,
            40.7521875
          ],
          [
            -74.0006976,
            40.7522158
          ],
          [
            -74.0006898,
            40.7522267
          ],
          [
            -74.0004396,
            40.7525762
          ],
          [
            -74.0004281,
            40.7525923
          ],
          [
            -74.0004044,
            40.7526355
          ],
          [
            -74.0003766,
            40.7526864
          ],
          [
            -74.0003536,
            40.7526885
          ],
          [
            -73.9995308,
            40.7538067
          ],
          [
            -73.999519,
            40.7538229
          ],
          [
            -73.9995048,
            40.7538451
          ],
          [
            -73.9994891,
            40.7538677
          ],
          [
            -73.9994639,
            40.7539091
          ],
          [
            -73.9994477,
            40.7539322
          ],
          [
            -73.9990744,
            40.7544405
          ],
          [
            -73.9990119,
            40.754533
          ],
          [
            -73.9989417,
            40.754637
          ],
          [
            -73.9985647,
            40.7551431
          ],
          [
            -73.9985245,
            40.7551998
          ],
          [
            -73.9984815,
            40.7552603
          ],
          [
            -73.9983204,
            40.7554794
          ],
          [
            -73.9981232,
            40.7557471
          ],
          [
            -73.9980732,
            40.7558172
          ],
          [
            -73.9980304,
            40.7558772
          ],
          [
            -73.9979773,
            40.7559505
          ],
          [
            -73.9978992,
            40.7560582
          ],
          [
            -73.9978457,
            40.7561321
          ],
          [
            -73.9976775,
            40.7563755
          ],
          [
            -73.9976394,
            40.7564267
          ],
          [
            -73.997579,
            40.7565078
          ],
          [
            -73.9972112,
            40.7569924
          ],
          [
            -73.9971792,
            40.7570381
          ],
          [
            -73.9971244,
            40.7571161
          ],
          [
            -73.9967673,
            40.7576099
          ],
          [
            -73.9967811,
            40.7576291
          ],
          [
            -73.9967577,
            40.7576542
          ],
          [
            -73.996741,
            40.757672
          ],
          [
            -73.9967181,
            40.7576965
          ],
          [
            -73.9966958,
            40.7577203
          ],
          [
            -73.9966818,
            40.7577393
          ],
          [
            -73.9966612,
            40.757767
          ],
          [
            -73.996646,
            40.7577875
          ],
          [
            -73.9966271,
            40.757813
          ],
          [
            -73.9965993,
            40.7578505
          ],
          [
            -73.9963295,
            40.7582116
          ],
          [
            -73.9963197,
            40.7582247
          ],
          [
            -73.9962727,
            40.7582889
          ],
          [
            -73.9962421,
            40.7583307
          ],
          [
            -73.9962291,
            40.7583498
          ],
          [
            -73.9958542,
            40.7588468
          ],
          [
            -73.9957898,
            40.7589407
          ],
          [
            -73.995727,
            40.7590359
          ],
          [
            -73.9954103,
            40.7594736
          ],
          [
            -73.9953417,
            40.7595711
          ],
          [
            -73.9952623,
            40.7596841
          ],
          [
            -73.9948953,
            40.7601952
          ],
          [
            -73.994849,
            40.7602597
          ],
          [
            -73.9948084,
            40.7603162
          ],
          [
            -73.9944429,
            40.7608203
          ],
          [
            -73.9944039,
            40.7608757
          ],
          [
            -73.9943543,
            40.760946
          ],
          [
            -73.9939931,
            40.7614468
          ],
          [
            -73.9939522,
            40.7615025
          ],
          [
            -73.9939092,
            40.7615609
          ],
          [
            -73.993536,
            40.7620771
          ],
          [
            -73.9934932,
            40.7621371
          ],
          [
            -73.9934536,
            40.7621928
          ],
          [
            -73.9930833,
            40.7627073
          ],
          [
            -73.9930479,
            40.7627568
          ],
          [
            -73.9930012,
            40.7628224
          ],
          [
            -73.9926182,
            40.7633203
          ],
          [
            -73.992579,
            40.7633755
          ],
          [
            -73.9925307,
            40.7634435
          ],
          [
            -73.9921622,
            40.7639458
          ],
          [
            -73.9921183,
            40.7640056
          ],
          [
            -73.9920725,
            40.7640681
          ],
          [
            -73.9917137,
            40.76458
          ],
          [
            -73.9916712,
            40.7646382
          ],
          [
            -73.9916248,
            40.7647017
          ],
          [
            -73.9912447,
            40.7652124
          ],
          [
            -73.9912329,
            40.7652284
          ],
          [
            -73.9912103,
            40.7652584
          ],
          [
            -73.9911792,
            40.7652997
          ],
          [
            -73.9911605,
            40.7653215
          ],
          [
            -73.9907984,
            40.7658306
          ],
          [
            -73.9907835,
            40.7658476
          ],
          [
            -73.9907531,
            40.7659013
          ],
          [
            -73.9907304,
            40.7659413
          ],
          [
            -73.990717,
            40.7659575
          ],
          [
            -73.9903429,
            40.7664617
          ],
          [
            -73.9903299,
            40.7664794
          ],
          [
            -73.9903032,
            40.7665169
          ],
          [
            -73.9902769,
            40.7665562
          ],
          [
            -73.9902613,
            40.7665744
          ],
          [
            -73.9898824,
            40.7670854
          ],
          [
            -73.9898741,
            40.7670997
          ],
          [
            -73.9898491,
            40.7671339
          ],
          [
            -73.9898141,
            40.7671862
          ],
          [
            -73.9898058,
            40.7671982
          ],
          [
            -73.9894244,
            40.7677106
          ],
          [
            -73.9894147,
            40.7677286
          ],
          [
            -73.9893758,
            40.7677759
          ],
          [
            -73.9893448,
            40.7678135
          ],
          [
            -73.989336,
            40.7678256
          ],
          [
            -73.9889682,
            40.7683281
          ],
          [
            -73.988965,
            40.7683378
          ],
          [
            -73.98896,
            40.7683535
          ],
          [
            -73.9889264,
            40.7683938
          ],
          [
            -73.9888923,
            40.7684348
          ],
          [
            -73.9888834,
            40.7684471
          ],
          [
            -73.988504,
            40.7689703
          ],
          [
            -73.9884868,
            40.7689939
          ],
          [
            -73.9884355,
            40.7690647
          ],
          [
            -73.9883773,
            40.7691449
          ],
          [
            -73.9883627,
            40.7691672
          ],
          [
            -73.9879906,
            40.7696849
          ],
          [
            -73.9879785,
            40.7697025
          ],
          [
            -73.9879519,
            40.7697409
          ],
          [
            -73.9879182,
            40.7697895
          ],
          [
            -73.9879049,
            40.7698077
          ],
          [
            -73.9877214,
            40.7700587
          ],
          [
            -73.9875353,
            40.7703133
          ],
          [
            -73.987524,
            40.7703287
          ],
          [
            -73.9874965,
            40.770363
          ],
          [
            -73.9874535,
            40.7704166
          ],
          [
            -73.9874402,
            40.7704346
          ],
          [
            -73.9870708,
            40.7709351
          ],
          [
            -73.987057,
            40.7709575
          ],
          [
            -73.9870094,
            40.7710128
          ],
          [
            -73.9869503,
            40.7710807
          ],
          [
            -73.9869409,
            40.7710938
          ],
          [
            -73.9866033,
            40.7715613
          ],
          [
            -73.98659,
            40.7715797
          ],
          [
            -73.9865657,
            40.7716133
          ],
          [
            -73.9865323,
            40.7716595
          ],
          [
            -73.9865221,
            40.7716736
          ],
          [
            -73.9861658,
            40.7721671
          ],
          [
            -73.9861545,
            40.7721827
          ],
          [
            -73.9861133,
            40.772234
          ],
          [
            -73.9860568,
            40.7723044
          ],
          [
            -73.9860446,
            40.7723215
          ],
          [
            -73.9856885,
            40.7728141
          ],
          [
            -73.9856448,
            40.7728745
          ],
          [
            -73.9852371,
            40.7734357
          ],
          [
            -73.985181,
            40.7735103
          ],
          [
            -73.9851334,
            40.7735786
          ],
          [
            -73.9847931,
            40.774037
          ],
          [
            -73.984777,
            40.7740591
          ],
          [
            -73.9847401,
            40.7741143
          ],
          [
            -73.9847111,
            40.7741578
          ],
          [
            -73.9846995,
            40.7741751
          ],
          [
            -73.9843269,
            40.7746868
          ],
          [
            -73.9843092,
            40.7747111
          ],
          [
            -73.9842848,
            40.7747434
          ],
          [
            -73.984254,
            40.7747842
          ],
          [
            -73.9842425,
            40.7748001
          ],
          [
            -73.9838699,
            40.7753162
          ],
          [
            -73.9838558,
            40.7753357
          ],
          [
            -73.9838345,
            40.7753661
          ],
          [
            -73.9838015,
            40.7754076
          ],
          [
            -73.9837847,
            40.77543
          ],
          [
            -73.983418,
            40.7759408
          ],
          [
            -73.9834002,
            40.7759655
          ],
          [
            -73.9833787,
            40.7759955
          ],
          [
            -73.9833478,
            40.7760384
          ],
          [
            -73.9833353,
            40.7760559
          ],
          [
            -73.9829557,
            40.7765627
          ],
          [
            -73.9829368,
            40.7765881
          ],
          [
            -73.9829162,
            40.7766168
          ],
          [
            -73.9828853,
            40.7766598
          ],
          [
            -73.9828698,
            40.7766813
          ],
          [
            -73.9826252,
            40.7770209
          ],
          [
            -73.9825026,
            40.7771927
          ],
          [
            -73.982488,
            40.7772117
          ],
          [
            -73.9824632,
            40.7772449
          ],
          [
            -73.9824179,
            40.7773056
          ],
          [
            -73.9824343,
            40.7773123
          ],
          [
            -73.9824471,
            40.7773231
          ],
          [
            -73.9824464,
            40.7773426
          ],
          [
            -73.9823457,
            40.7774875
          ],
          [
            -73.9822573,
            40.7776183
          ],
          [
            -73.9822385,
            40.7776153
          ],
          [
            -73.9821916,
            40.7776389
          ],
          [
            -73.9821504,
            40.7776596
          ],
          [
            -73.9820742,
            40.7776972
          ],
          [
            -73.9820561,
            40.7778192
          ],
          [
            -73.9820372,
            40.7778132
          ],
          [
            -73.9819731,
            40.7777896
          ],
          [
            -73.9818697,
            40.7777509
          ],
          [
            -73.9818468,
            40.777742
          ],
          [
            -73.9818457,
            40.7777556
          ],
          [
            -73.9818419,
            40.7778035
          ],
          [
            -73.9818375,
            40.7778615
          ],
          [
            -73.9818349,
            40.7778802
          ],
          [
            -73.9817819,
            40.7781988
          ],
          [
            -73.9815773,
            40.7784584
          ],
          [
            -73.9815657,
            40.7784777
          ],
          [
            -73.9815075,
            40.7785561
          ],
          [
            -73.9814503,
            40.7786347
          ],
          [
            -73.9814345,
            40.7786543
          ],
          [
            -73.9810507,
            40.7791931
          ],
          [
            -73.9810408,
            40.7792072
          ],
          [
            -73.9810129,
            40.7792423
          ],
          [
            -73.9809795,
            40.7792844
          ],
          [
            -73.9809663,
            40.7793013
          ],
          [
            -73.9805879,
            40.7798266
          ],
          [
            -73.9805788,
            40.7798393
          ],
          [
            -73.9805549,
            40.779877
          ],
          [
            -73.9805301,
            40.779916
          ],
          [
            -73.9805164,
            40.7799346
          ],
          [
            -73.9805299,
            40.7799405
          ],
          [
            -73.98062,
            40.7799807
          ],
          [
            -73.9806669,
            40.7800016
          ],
          [
            -73.9806871,
            40.7800115
          ],
          [
            -73.9807228,
            40.780029
          ],
          [
            -73.9807618,
            40.7800455
          ],
          [
            -73.9807789,
            40.7800221
          ],
          [
            -73.9808057,
            40.7799835
          ],
          [
            -73.980832,
            40.7799458
          ],
          [
            -73.9808456,
            40.7799269
          ],
          [
            -73.9812175,
            40.7794081
          ],
          [
            -73.9812268,
            40.779396
          ],
          [
            -73.9812663,
            40.7793444
          ],
          [
            -73.9812948,
            40.7793071
          ],
          [
            -73.9813069,
            40.7792911
          ],
          [
            -73.9816881,
            40.7787631
          ],
          [
            -73.9817032,
            40.7787422
          ],
          [
            -73.9817596,
            40.7786634
          ],
          [
            -73.981812,
            40.7785902
          ],
          [
            -73.9818097,
            40.7785764
          ],
          [
            -73.9818059,
            40.7785684
          ],
          [
            -73.9818007,
            40.7785626
          ],
          [
            -73.9817845,
            40.7785505
          ],
          [
            -73.9820254,
            40.7782079
          ],
          [
            -73.9820259,
            40.7781347
          ],
          [
            -73.9820921,
            40.7780453
          ],
          [
            -73.9820717,
            40.7779466
          ],
          [
            -73.982096,
            40.7779122
          ],
          [
            -73.982146,
            40.7778496
          ],
          [
            -73.9821832,
            40.7778034
          ],
          [
            -73.9821916,
            40.7776389
          ],
          [
            -73.9822099,
            40.7772387
          ],
          [
            -73.9822811,
            40.7772733
          ],
          [
            -73.982314,
            40.7772635
          ],
          [
            -73.9823204,
            40.7771869
          ],
          [
            -73.9823237,
            40.7771481
          ],
          [
            -73.9823256,
            40.7771221
          ],
          [
            -73.9823407,
            40.776966
          ],
          [
            -73.9823652,
            40.7764819
          ],
          [
            -73.982368,
            40.7764531
          ],
          [
            -73.9823631,
            40.7763909
          ],
          [
            -73.9823592,
            40.7763406
          ],
          [
            -73.9823578,
            40.7763158
          ],
          [
            -73.9823929,
            40.7756638
          ],
          [
            -73.9823931,
            40.7756423
          ],
          [
            -73.9823937,
            40.7755854
          ],
          [
            -73.9823942,
            40.7755298
          ],
          [
            -73.9823944,
            40.7755074
          ],
          [
            -73.9824181,
            40.7748565
          ],
          [
            -73.9824241,
            40.7748348
          ],
          [
            -73.9824247,
            40.7747754
          ],
          [
            -73.9824251,
            40.7747348
          ],
          [
            -73.982425,
            40.7747082
          ],
          [
            -73.982447,
            40.7740502
          ],
          [
            -73.9824499,
            40.774022
          ],
          [
            -73.9824514,
            40.7739793
          ],
          [
            -73.9824531,
            40.7739291
          ],
          [
            -73.9824532,
            40.7739
          ],
          [
            -73.9824453,
            40.7736277
          ],
          [
            -73.9824469,
            40.7732316
          ],
          [
            -73.9824472,
            40.7732095
          ],
          [
            -73.9824472,
            40.7731435
          ],
          [
            -73.9824473,
            40.7730716
          ],
          [
            -73.9824501,
            40.7730476
          ],
          [
            -73.9824421,
            40.772929
          ],
          [
            -73.9824425,
            40.7728296
          ],
          [
            -73.9824387,
            40.7727815
          ],
          [
            -73.9824356,
            40.7727404
          ],
          [
            -73.9824299,
            40.7727099
          ],
          [
            -73.9824246,
            40.7726813
          ],
          [
            -73.9824244,
            40.7726779
          ],
          [
            -73.9824255,
            40.7726746
          ],
          [
            -73.9826797,
            40.7723292
          ],
          [
            -73.9826954,
            40.7723077
          ],
          [
            -73.9827093,
            40.7722887
          ],
          [
            -73.9828601,
            40.7720827
          ],
          [
            -73.983013,
            40.7718762
          ],
          [
            -73.9830255,
            40.7718594
          ],
          [
            -73.9830364,
            40.7718442
          ],
          [
            -73.9833494,
            40.7714068
          ],
          [
            -73.9833725,
            40.7713743
          ],
          [
            -73.9833982,
            40.7713381
          ],
          [
            -73.9834781,
            40.771237
          ],
          [
            -73.9834906,
            40.7712182
          ],
          [
            -73.9835434,
            40.7711527
          ],
          [
            -73.9835883,
            40.7710969
          ],
          [
            -73.9835993,
            40.7710823
          ],
          [
            -73.9839498,
            40.7706072
          ],
          [
            -73.9839891,
            40.7705536
          ],
          [
            -73.984043,
            40.7704802
          ],
          [
            -73.9842999,
            40.7701299
          ],
          [
            -73.9843808,
            40.7700178
          ],
          [
            -73.9843966,
            40.7699956
          ],
          [
            -73.9844358,
            40.7699252
          ],
          [
            -73.9844723,
            40.7698654
          ],
          [
            -73.9844839,
            40.7698469
          ],
          [
            -73.9844983,
            40.7698266
          ],
          [
            -73.9848472,
            40.7693358
          ],
          [
            -73.9848562,
            40.7693231
          ],
          [
            -73.9848912,
            40.7692819
          ],
          [
            -73.9849329,
            40.7692328
          ],
          [
            -73.9849464,
            40.7692125
          ],
          [
            -73.9853147,
            40.7687111
          ],
          [
            -73.9853274,
            40.7686951
          ],
          [
            -73.9853619,
            40.7686483
          ],
          [
            -73.9853896,
            40.7686106
          ],
          [
            -73.9854043,
            40.7685916
          ],
          [
            -73.9857875,
            40.7680767
          ],
          [
            -73.9858037,
            40.7680525
          ],
          [
            -73.9858553,
            40.7679739
          ],
          [
            -73.9859029,
            40.7679013
          ],
          [
            -73.98592,
            40.7678782
          ],
          [
            -73.9863056,
            40.7673645
          ],
          [
            -73.9863142,
            40.7673531
          ],
          [
            -73.986349,
            40.7673068
          ],
          [
            -73.9863788,
            40.7672673
          ],
          [
            -73.9863931,
            40.7672473
          ],
          [
            -73.9867583,
            40.7667376
          ],
          [
            -73.9867699,
            40.7667214
          ],
          [
            -73.9867929,
            40.7666893
          ],
          [
            -73.9868312,
            40.7666358
          ],
          [
            -73.986848,
            40.7666188
          ],
          [
            -73.9872167,
            40.7661086
          ],
          [
            -73.9872343,
            40.7661046
          ],
          [
            -73.987265,
            40.7660519
          ],
          [
            -73.9872885,
            40.7660114
          ],
          [
            -73.9873018,
            40.7659992
          ],
          [
            -73.9876804,
            40.7654857
          ],
          [
            -73.9876883,
            40.7654685
          ],
          [
            -73.9877173,
            40.7654274
          ],
          [
            -73.9877418,
            40.7653927
          ],
          [
            -73.9877561,
            40.7653821
          ],
          [
            -73.9881358,
            40.7648587
          ],
          [
            -73.9881393,
            40.7648454
          ],
          [
            -73.9881641,
            40.764809
          ],
          [
            -73.9881992,
            40.7647576
          ],
          [
            -73.9882135,
            40.764744
          ],
          [
            -73.9885893,
            40.7642367
          ],
          [
            -73.9886041,
            40.7642167
          ],
          [
            -73.9886322,
            40.7641734
          ],
          [
            -73.988654,
            40.7641397
          ],
          [
            -73.9886669,
            40.7641218
          ],
          [
            -73.9890397,
            40.7636041
          ],
          [
            -73.9890806,
            40.7635481
          ],
          [
            -73.9891236,
            40.7634892
          ],
          [
            -73.9894996,
            40.7629808
          ],
          [
            -73.9895435,
            40.7629214
          ],
          [
            -73.989583,
            40.7628681
          ],
          [
            -73.9899433,
            40.7623488
          ],
          [
            -73.9899894,
            40.7622876
          ],
          [
            -73.9900257,
            40.7622394
          ],
          [
            -73.990412,
            40.7617305
          ],
          [
            -73.9904585,
            40.7616665
          ],
          [
            -73.9904951,
            40.7616162
          ],
          [
            -73.9908763,
            40.7610948
          ],
          [
            -73.9909113,
            40.7610442
          ],
          [
            -73.9909455,
            40.7609947
          ],
          [
            -73.9913129,
            40.7604702
          ],
          [
            -73.9913577,
            40.7604105
          ],
          [
            -73.9913966,
            40.7603587
          ],
          [
            -73.991782,
            40.7598455
          ],
          [
            -73.991824,
            40.7597874
          ],
          [
            -73.9918648,
            40.7597312
          ],
          [
            -73.9922423,
            40.759225
          ],
          [
            -73.9922848,
            40.7591642
          ],
          [
            -73.9923302,
            40.7590994
          ],
          [
            -73.9927059,
            40.7585944
          ],
          [
            -73.9927823,
            40.7584903
          ],
          [
            -73.9928454,
            40.7584043
          ],
          [
            -73.9931357,
            40.7579924
          ],
          [
            -73.9931927,
            40.7579174
          ],
          [
            -73.9932234,
            40.7578787
          ],
          [
            -73.9932869,
            40.7577875
          ],
          [
            -73.9936565,
            40.7572682
          ],
          [
            -73.9937024,
            40.7572079
          ],
          [
            -73.9937473,
            40.7571488
          ],
          [
            -73.994114,
            40.7566458
          ],
          [
            -73.9941539,
            40.7565892
          ],
          [
            -73.9941968,
            40.7565281
          ],
          [
            -73.9945644,
            40.7560306
          ],
          [
            -73.9946203,
            40.7559556
          ],
          [
            -73.9946513,
            40.7559148
          ],
          [
            -73.9950208,
            40.7554198
          ],
          [
            -73.9950303,
            40.7554049
          ],
          [
            -73.9950639,
            40.7553545
          ],
          [
            -73.9950915,
            40.7553131
          ],
          [
            -73.9950999,
            40.7553017
          ],
          [
            -73.9953106,
            40.7550141
          ],
          [
            -73.9953495,
            40.7549406
          ],
          [
            -73.9953812,
            40.754883
          ],
          [
            -73.9954445,
            40.7547972
          ],
          [
            -73.99547,
            40.7547625
          ],
          [
            -73.9954914,
            40.7547328
          ],
          [
            -73.9955328,
            40.7546753
          ],
          [
            -73.9955509,
            40.7546705
          ],
          [
            -73.9957798,
            40.754357
          ],
          [
            -73.9958038,
            40.7543244
          ],
          [
            -73.9959007,
            40.7541927
          ],
          [
            -73.9959089,
            40.7541816
          ],
          [
            -73.9959184,
            40.7541684
          ],
          [
            -73.9959227,
            40.7541623
          ],
          [
            -73.9959536,
            40.7541194
          ],
          [
            -73.9959984,
            40.7540579
          ],
          [
            -73.9963752,
            40.753548
          ],
          [
            -73.9964409,
            40.7534591
          ],
          [
            -73.9965183,
            40.7533543
          ],
          [
            -73.9968891,
            40.7528452
          ],
          [
            -73.9969007,
            40.7528289
          ],
          [
            -73.99693,
            40.7527878
          ],
          [
            -73.99695,
            40.7527607
          ],
          [
            -73.9969785,
            40.7527204
          ],
          [
            -73.9969888,
            40.7527111
          ],
          [
            -73.9970173,
            40.7526948
          ],
          [
            -73.9970337,
            40.7526814
          ],
          [
            -73.9970605,
            40.7526437
          ],
          [
            -73.9971145,
            40.7525679
          ],
          [
            -73.9971571,
            40.7525083
          ],
          [
            -73.9972018,
            40.7524457
          ],
          [
            -73.9972548,
            40.7523715
          ],
          [
            -73.9972974,
            40.7523117
          ],
          [
            -73.9973358,
            40.7522578
          ],
          [
            -73.9973943,
            40.7521766
          ],
          [
            -73.997447,
            40.7521034
          ],
          [
            -73.9975586,
            40.7519487
          ],
          [
            -73.9976333,
            40.7518449
          ],
          [
            -73.9977483,
            40.7516854
          ],
          [
            -73.9977552,
            40.7516697
          ],
          [
            -73.9977704,
            40.7516218
          ],
          [
            -73.997777,
            40.7516085
          ],
          [
            -73.9977858,
            40.7515962
          ],
          [
            -73.9978245,
            40.751552
          ],
          [
            -73.9978671,
            40.7515007
          ],
          [
            -73.9978725,
            40.7514941
          ],
          [
            -73.9978754,
            40.7514906
          ],
          [
            -73.9980845,
            40.7512052
          ],
          [
            -73.9981314,
            40.7511447
          ],
          [
            -73.9981427,
            40.7511291
          ],
          [
            -73.9981652,
            40.7510965
          ],
          [
            -73.9981881,
            40.7510613
          ],
          [
            -73.9982102,
            40.7510316
          ],
          [
            -73.9982216,
            40.7510162
          ],
          [
            -73.998263,
            40.7509535
          ],
          [
            -73.998319,
            40.7508711
          ],
          [
            -73.9982123,
            40.7508269
          ],
          [
            -73.998574,
            40.7503296
          ],
          [
            -73.9986119,
            40.7502754
          ],
          [
            -73.998663,
            40.7502063
          ],
          [
            -73.9987745,
            40.7502475
          ],
          [
            -73.9991395,
            40.7497476
          ],
          [
            -73.9991776,
            40.7496973
          ],
          [
            -73.9992165,
            40.7496443
          ],
          [
            -73.9992551,
            40.7495914
          ],
          [
            -73.9994071,
            40.7493831
          ],
          [
            -73.9995476,
            40.7491904
          ],
          [
            -73.9995914,
            40.7491304
          ],
          [
            -73.999688,
            40.748998
          ],
          [
            -73.9997294,
            40.7489412
          ],
          [
            -74.0000375,
            40.7485189
          ],
          [
            -74.0000727,
            40.7484707
          ],
          [
            -74.0001232,
            40.7484014
          ],
          [
            -74.000486,
            40.7479041
          ],
          [
            -74.0005268,
            40.7478443
          ],
          [
            -74.0005708,
            40.7477762
          ],
          [
            -74.0009416,
            40.7472813
          ],
          [
            -74.0009822,
            40.7472251
          ],
          [
            -74.0010235,
            40.7471678
          ],
          [
            -74.0013711,
            40.7466732
          ],
          [
            -74.0014032,
            40.7466466
          ],
          [
            -74.0014088,
            40.7466386
          ],
          [
            -74.0014588,
            40.746567
          ],
          [
            -74.0015273,
            40.7464694
          ],
          [
            -74.0019067,
            40.7459499
          ],
          [
            -74.00195,
            40.7458934
          ],
          [
            -74.0019957,
            40.7458337
          ],
          [
            -74.0023585,
            40.7453279
          ],
          [
            -74.0023935,
            40.7452769
          ],
          [
            -74.0024431,
            40.7452068
          ],
          [
            -74.002622,
            40.744952
          ],
          [
            -74.0027897,
            40.7447469
          ],
          [
            -74.0028332,
            40.7446805
          ],
          [
            -74.0028705,
            40.7446235
          ],
          [
            -74.0031995,
            40.7441498
          ],
          [
            -74.003243,
            40.7440929
          ],
          [
            -74.0032918,
            40.744029
          ],
          [
            -74.0036386,
            40.7435709
          ],
          [
            -74.0036781,
            40.7435168
          ],
          [
            -74.0037244,
            40.7434535
          ],
          [
            -74.0040679,
            40.7429871
          ],
          [
            -74.0041101,
            40.7429294
          ],
          [
            -74.0041559,
            40.7428667
          ],
          [
            -74.0042652,
            40.742716
          ],
          [
            -74.0043858,
            40.7425498
          ],
          [
            -74.0044948,
            40.7423917
          ],
          [
            -74.0045351,
            40.742332
          ],
          [
            -74.0045681,
            40.7422831
          ],
          [
            -74.0049564,
            40.741761
          ],
          [
            -74.0049922,
            40.7417111
          ],
          [
            -74.0050382,
            40.7416468
          ],
          [
            -74.0054377,
            40.7411072
          ],
          [
            -74.0054596,
            40.741075
          ],
          [
            -74.0055025,
            40.7410123
          ],
          [
            -74.0055423,
            40.7409536
          ],
          [
            -74.005566,
            40.7409187
          ],
          [
            -74.0055305,
            40.7409031
          ],
          [
            -74.0054951,
            40.7408875
          ],
          [
            -74.005454,
            40.7408694
          ],
          [
            -74.0054251,
            40.7408566
          ],
          [
            -74.0057625,
            40.7403387
          ],
          [
            -74.0057765,
            40.7403034
          ],
          [
            -74.0057873,
            40.7402864
          ],
          [
            -74.0058139,
            40.7402491
          ],
          [
            -74.0058418,
            40.7402098
          ],
          [
            -74.0058573,
            40.7401894
          ],
          [
            -74.0062915,
            40.7396176
          ],
          [
            -74.0063611,
            40.7395174
          ],
          [
            -74.0063643,
            40.7394837
          ],
          [
            -74.0063674,
            40.7394538
          ],
          [
            -74.006372,
            40.7394042
          ],
          [
            -74.0063752,
            40.7393642
          ],
          [
            -74.0063771,
            40.7393482
          ],
          [
            -74.0063861,
            40.7388406
          ],
          [
            -74.0063835,
            40.7388243
          ],
          [
            -74.0063775,
            40.7388185
          ],
          [
            -74.0063812,
            40.7387624
          ],
          [
            -74.0063842,
            40.7387163
          ],
          [
            -74.0063928,
            40.738203
          ],
          [
            -74.0063921,
            40.7381852
          ],
          [
            -74.0063944,
            40.7381509
          ],
          [
            -74.0063972,
            40.7381157
          ],
          [
            -74.006396,
            40.7380983
          ],
          [
            -74.0064109,
            40.7376216
          ],
          [
            -74.0063991,
            40.7376174
          ],
          [
            -74.0063987,
            40.7375556
          ],
          [
            -74.0063986,
            40.7374962
          ],
          [
            -74.0064111,
            40.7374963
          ],
          [
            -74.006421,
            40.737025
          ],
          [
            -74.0064101,
            40.7370187
          ],
          [
            -74.0064204,
            40.7369659
          ],
          [
            -74.0064301,
            40.7369159
          ],
          [
            -74.0065157,
            40.7365153
          ],
          [
            -74.0065253,
            40.7364899
          ],
          [
            -74.00653,
            40.7364517
          ],
          [
            -74.0065361,
            40.7364159
          ],
          [
            -74.0065342,
            40.7364021
          ],
          [
            -74.006539,
            40.7363988
          ],
          [
            -74.0065449,
            40.7363931
          ],
          [
            -74.0065478,
            40.7363881
          ],
          [
            -74.0066892,
            40.7358366
          ],
          [
            -74.0066882,
            40.7358253
          ],
          [
            -74.0066797,
            40.7358161
          ],
          [
            -74.0066858,
            40.7357493
          ],
          [
            -74.0066934,
            40.7356854
          ],
          [
            -74.0067276,
            40.7356802
          ],
          [
            -74.0068708,
            40.7351247
          ],
          [
            -74.0068717,
            40.7351087
          ],
          [
            -74.0068694,
            40.7350949
          ],
          [
            -74.0068619,
            40.7350875
          ],
          [
            -74.0068768,
            40.7350255
          ],
          [
            -74.0068879,
            40.7349792
          ],
          [
            -74.0068972,
            40.7349745
          ],
          [
            -74.0069048,
            40.7349662
          ],
          [
            -74.0069074,
            40.7349574
          ],
          [
            -74.0070449,
            40.7344082
          ],
          [
            -74.0070457,
            40.7343955
          ],
          [
            -74.0070433,
            40.7343837
          ],
          [
            -74.0070406,
            40.7343744
          ],
          [
            -74.0070521,
            40.7343217
          ],
          [
            -74.007064,
            40.7342667
          ],
          [
            -74.0070767,
            40.7342649
          ],
          [
            -74.0072189,
            40.7336957
          ],
          [
            -74.0072199,
            40.7336838
          ],
          [
            -74.0072179,
            40.7336764
          ],
          [
            -74.0072114,
            40.7336737
          ],
          [
            -74.0072046,
            40.7336711
          ],
          [
            -74.0072309,
            40.7335933
          ],
          [
            -74.007244,
            40.7335547
          ],
          [
            -74.0072958,
            40.7333598
          ],
          [
            -74.0073777,
            40.732975
          ],
          [
            -74.0073809,
            40.7329601
          ],
          [
            -74.0073942,
            40.7329212
          ],
          [
            -74.0074106,
            40.7328774
          ],
          [
            -74.0074172,
            40.7328524
          ],
          [
            -74.0076803,
            40.73185
          ],
          [
            -74.0076928,
            40.731832
          ],
          [
            -74.0077059,
            40.7317831
          ],
          [
            -74.007719,
            40.7317343
          ],
          [
            -74.0077135,
            40.7317141
          ],
          [
            -74.0078819,
            40.7311351
          ],
          [
            -74.0079009,
            40.7310683
          ],
          [
            -74.0079198,
            40.7310018
          ],
          [
            -74.008081,
            40.7304198
          ],
          [
            -74.008102,
            40.7303498
          ],
          [
            -74.0081216,
            40.7302843
          ],
          [
            -74.0082753,
            40.7296908
          ],
          [
            -74.008293,
            40.729636
          ],
          [
            -74.0083127,
            40.7295566
          ],
          [
            -74.0084783,
            40.728988
          ],
          [
            -74.0084934,
            40.7289119
          ],
          [
            -74.0085083,
            40.7288363
          ],
          [
            -74.0086034,
            40.7282628
          ],
          [
            -74.0086182,
            40.7281879
          ],
          [
            -74.0086305,
            40.7281253
          ],
          [
            -74.0087337,
            40.7275601
          ],
          [
            -74.0087325,
            40.7275473
          ],
          [
            -74.0087226,
            40.7275305
          ],
          [
            -74.0087368,
            40.72746
          ],
          [
            -74.0087479,
            40.7274048
          ],
          [
            -74.0087638,
            40.7273944
          ],
          [
            -74.0088598,
            40.7268067
          ],
          [
            -74.0088702,
            40.7267454
          ],
          [
            -74.0088804,
            40.7266848
          ],
          [
            -74.0089885,
            40.7260463
          ],
          [
            -74.0089965,
            40.7259933
          ],
          [
            -74.0090086,
            40.7259139
          ],
          [
            -74.009201,
            40.7247825
          ],
          [
            -74.0092056,
            40.7247528
          ],
          [
            -74.0092173,
            40.7247095
          ],
          [
            -74.0092409,
            40.7246213
          ],
          [
            -74.0092664,
            40.7245262
          ],
          [
            -74.0092598,
            40.724509
          ],
          [
            -74.0093192,
            40.7241665
          ],
          [
            -74.0093228,
            40.7241481
          ],
          [
            -74.0093347,
            40.7240945
          ],
          [
            -74.009349,
            40.7240301
          ],
          [
            -74.0093521,
            40.7240124
          ],
          [
            -74.0094452,
            40.7235025
          ],
          [
            -74.0094484,
            40.7234847
          ],
          [
            -74.0094543,
            40.723432
          ],
          [
            -74.0094592,
            40.7233877
          ],
          [
            -74.009465,
            40.7233714
          ],
          [
            -74.0095541,
            40.7228434
          ],
          [
            -74.0095546,
            40.7228355
          ],
          [
            -74.0095618,
            40.7227859
          ],
          [
            -74.0095707,
            40.7227237
          ],
          [
            -74.0095745,
            40.7227102
          ],
          [
            -74.0096676,
            40.7221953
          ],
          [
            -74.009682,
            40.7221311
          ],
          [
            -74.0096966,
            40.7220658
          ],
          [
            -74.0097896,
            40.7215256
          ],
          [
            -74.0097982,
            40.7215218
          ],
          [
            -74.0098091,
            40.7214703
          ],
          [
            -74.0098201,
            40.7214187
          ],
          [
            -74.0098047,
            40.7214012
          ],
          [
            -74.0099052,
            40.7208234
          ],
          [
            -74.0099255,
            40.7208114
          ],
          [
            -74.0099345,
            40.7207586
          ],
          [
            -74.0099459,
            40.7206917
          ],
          [
            -74.0099332,
            40.7206799
          ],
          [
            -74.0100195,
            40.7201702
          ],
          [
            -74.0100242,
            40.7201487
          ],
          [
            -74.0100306,
            40.7201153
          ],
          [
            -74.0100437,
            40.7200465
          ],
          [
            -74.0100477,
            40.7200237
          ],
          [
            -74.0101348,
            40.7195121
          ],
          [
            -74.0101386,
            40.7194898
          ],
          [
            -74.0101471,
            40.7194358
          ],
          [
            -74.0101536,
            40.7193945
          ],
          [
            -74.0101563,
            40.7193766
          ],
          [
            -74.0102423,
            40.718855
          ],
          [
            -74.0102455,
            40.7188392
          ],
          [
            -74.0102606,
            40.7187958
          ],
          [
            -74.0102823,
            40.7187332
          ],
          [
            -74.0102622,
            40.7187172
          ],
          [
            -74.0103597,
            40.7181759
          ],
          [
            -74.0103634,
            40.7181561
          ],
          [
            -74.0103765,
            40.7181014
          ],
          [
            -74.0103863,
            40.7180604
          ],
          [
            -74.0103938,
            40.7180314
          ],
          [
            -74.0105287,
            40.7175251
          ],
          [
            -74.0105333,
            40.7175069
          ],
          [
            -74.0105455,
            40.7174537
          ],
          [
            -74.0105553,
            40.717411
          ],
          [
            -74.0105605,
            40.7173916
          ],
          [
            -74.0106722,
            40.7169325
          ],
          [
            -74.0106779,
            40.7169131
          ],
          [
            -74.0106879,
            40.7168718
          ],
          [
            -74.0107014,
            40.7168163
          ],
          [
            -74.010706,
            40.7167991
          ],
          [
            -74.0108328,
            40.7163276
          ],
          [
            -74.0108394,
            40.7163048
          ],
          [
            -74.0108485,
            40.7162697
          ],
          [
            -74.0108673,
            40.7161983
          ],
          [
            -74.0108704,
            40.7161867
          ],
          [
            -74.0110137,
            40.7156447
          ],
          [
            -74.011019,
            40.7156221
          ],
          [
            -74.0110326,
            40.7155685
          ],
          [
            -74.0110456,
            40.7155167
          ],
          [
            -74.0110517,
            40.715491
          ],
          [
            -74.0111937,
            40.7149561
          ],
          [
            -74.0111987,
            40.7149355
          ],
          [
            -74.0112122,
            40.7148765
          ],
          [
            -74.0112222,
            40.7148331
          ],
          [
            -74.0112325,
            40.7147908
          ],
          [
            -74.0113711,
            40.7143092
          ],
          [
            -74.011378,
            40.714284
          ],
          [
            -74.0113876,
            40.7142465
          ],
          [
            -74.0114016,
            40.7141881
          ],
          [
            -74.0114085,
            40.7141666
          ],
          [
            -74.011545,
            40.7136638
          ],
          [
            -74.0115459,
            40.7136384
          ],
          [
            -74.0115456,
            40.713635
          ],
          [
            -74.0115412,
            40.7135827
          ],
          [
            -74.011535,
            40.7135137
          ],
          [
            -74.0115341,
            40.7134952
          ],
          [
            -74.011517,
            40.7134874
          ],
          [
            -74.0115584,
            40.7133251
          ],
          [
            -74.0115775,
            40.7133136
          ],
          [
            -74.0115937,
            40.7132998
          ],
          [
            -74.0116065,
            40.713284
          ],
          [
            -74.0116155,
            40.7132668
          ],
          [
            -74.0116204,
            40.7132487
          ],
          [
            -74.0116211,
            40.7132301
          ],
          [
            -74.0116175,
            40.7132118
          ],
          [
            -74.0116097,
            40.7131943
          ],
          [
            -74.0115981,
            40.713178
          ],
          [
            -74.0116686,
            40.7129124
          ],
          [
            -74.0116963,
            40.7128889
          ],
          [
            -74.0116639,
            40.7128716
          ],
          [
            -74.0115953,
            40.7128311
          ],
          [
            -74.0115353,
            40.7127961
          ],
          [
            -74.011478,
            40.7127684
          ],
          [
            -74.0114803,
            40.7127597
          ],
          [
            -74.0114796,
            40.7127468
          ],
          [
            -74.0114761,
            40.7126991
          ],
          [
            -74.0114727,
            40.712652
          ],
          [
            -74.011483,
            40.7126342
          ],
          [
            -74.0115173,
            40.7125749
          ],
          [
            -74.0115267,
            40.7125586
          ],
          [
            -74.0115437,
            40.7125292
          ],
          [
            -74.0117432,
            40.7121846
          ],
          [
            -74.0117634,
            40.7121508
          ],
          [
            -74.0117887,
            40.7121191
          ],
          [
            -74.0118288,
            40.7120747
          ],
          [
            -74.0118442,
            40.7120493
          ],
          [
            -74.0118616,
            40.7120243
          ],
          [
            -74.0119056,
            40.7119643
          ],
          [
            -74.0119119,
            40.7119476
          ],
          [
            -74.0119426,
            40.7118585
          ],
          [
            -74.012057,
            40.7115288
          ],
          [
            -74.0120786,
            40.7114665
          ],
          [
            -74.0121789,
            40.7111776
          ],
          [
            -74.0122817,
            40.7108816
          ],
          [
            -74.012294,
            40.7108473
          ],
          [
            -74.012311,
            40.7108059
          ],
          [
            -74.0123445,
            40.7107261
          ],
          [
            -74.0124518,
            40.7104705
          ],
          [
            -74.0125649,
            40.7102006
          ],
          [
            -74.0125743,
            40.7101726
          ],
          [
            -74.0125942,
            40.7101126
          ],
          [
            -74.0126141,
            40.7100515
          ],
          [
            -74.0126041,
            40.7100326
          ],
          [
            -74.0127441,
            40.7097118
          ],
          [
            -74.012748,
            40.7097027
          ],
          [
            -74.0127486,
            40.7097014
          ],
          [
            -74.0127584,
            40.7096786
          ],
          [
            -74.0127689,
            40.7096543
          ],
          [
            -74.012776,
            40.7096363
          ],
          [
            -74.0128988,
            40.7093493
          ],
          [
            -74.0129009,
            40.7093443
          ],
          [
            -74.0129105,
            40.7093221
          ],
          [
            -74.0129196,
            40.7093009
          ],
          [
            -74.0129216,
            40.7092963
          ],
          [
            -74.0129708,
            40.7091818
          ],
          [
            -74.0130221,
            40.7090624
          ],
          [
            -74.0134787,
            40.708
          ],
          [
            -74.013485,
            40.7079859
          ],
          [
            -74.0134894,
            40.707973
          ],
          [
            -74.0134991,
            40.70795
          ],
          [
            -74.0135105,
            40.707923
          ],
          [
            -74.0135181,
            40.7079058
          ],
          [
            -74.0138628,
            40.7071658
          ],
          [
            -74.0138689,
            40.7071512
          ],
          [
            -74.0138759,
            40.7071266
          ],
          [
            -74.0138946,
            40.7070614
          ],
          [
            -74.0139099,
            40.7070081
          ],
          [
            -74.0139105,
            40.7069992
          ],
          [
            -74.01391,
            40.7069917
          ],
          [
            -74.0139087,
            40.7069815
          ],
          [
            -74.0139045,
            40.7069645
          ],
          [
            -74.0138821,
            40.7068888
          ],
          [
            -74.0139027,
            40.7068799
          ],
          [
            -74.013924,
            40.7068668
          ],
          [
            -74.0139498,
            40.7068473
          ],
          [
            -74.013972,
            40.7068271
          ],
          [
            -74.0139904,
            40.7068038
          ],
          [
            -74.0140062,
            40.706777
          ],
          [
            -74.0140166,
            40.7067525
          ],
          [
            -74.0140237,
            40.7067296
          ],
          [
            -74.0140497,
            40.7067236
          ],
          [
            -74.0140775,
            40.706715
          ],
          [
            -74.0141029,
            40.7067033
          ],
          [
            -74.0141249,
            40.7066901
          ],
          [
            -74.0141483,
            40.7066729
          ],
          [
            -74.0141654,
            40.7066554
          ],
          [
            -74.0141775,
            40.7066401
          ],
          [
            -74.0141909,
            40.7066151
          ],
          [
            -74.0141971,
            40.7065942
          ],
          [
            -74.0142012,
            40.7065677
          ],
          [
            -74.0142043,
            40.7065349
          ],
          [
            -74.0142109,
            40.7065109
          ],
          [
            -74.0142121,
            40.7065095
          ],
          [
            -74.0142407,
            40.7064822
          ],
          [
            -74.0142839,
            40.7064588
          ],
          [
            -74.0143178,
            40.7064363
          ],
          [
            -74.0143337,
            40.7064197
          ],
          [
            -74.014347,
            40.7064022
          ],
          [
            -74.0143569,
            40.7063842
          ],
          [
            -74.0143666,
            40.706363
          ],
          [
            -74.0143801,
            40.7063356
          ],
          [
            -74.0144082,
            40.7062866
          ],
          [
            -74.0144322,
            40.7062467
          ],
          [
            -74.0144094,
            40.7062375
          ],
          [
            -74.0143485,
            40.7062168
          ],
          [
            -74.0142775,
            40.7061927
          ],
          [
            -74.0142729,
            40.7061829
          ],
          [
            -74.0148087,
            40.7049258
          ],
          [
            -74.014828,
            40.7048785
          ],
          [
            -74.0148363,
            40.7048582
          ],
          [
            -74.014852,
            40.7048114
          ],
          [
            -74.0148671,
            40.7047666
          ],
          [
            -74.0148771,
            40.7047367
          ],
          [
            -74.014887,
            40.7047069
          ],
          [
            -74.0148975,
            40.7046753
          ],
          [
            -74.0149135,
            40.7046288
          ],
          [
            -74.0147095,
            40.7045854
          ],
          [
            -74.01462,
            40.7045672
          ],
          [
            -74.0145403,
            40.7045503
          ],
          [
            -74.0144942,
            40.704539
          ],
          [
            -74.0144657,
            40.7045303
          ],
          [
            -74.0144435,
            40.7045217
          ],
          [
            -74.014414,
            40.7045062
          ],
          [
            -74.0143892,
            40.7044793
          ],
          [
            -74.0143842,
            40.7044715
          ],
          [
            -74.0143721,
            40.7044429
          ],
          [
            -74.0143636,
            40.7044049
          ],
          [
            -74.0143622,
            40.7043847
          ],
          [
            -74.0143709,
            40.7043388
          ],
          [
            -74.0144012,
            40.7042144
          ],
          [
            -74.0144469,
            40.7039836
          ],
          [
            -74.0144662,
            40.7038646
          ],
          [
            -74.0145006,
            40.7036793
          ],
          [
            -74.0145164,
            40.7035776
          ],
          [
            -74.0145553,
            40.7033701
          ],
          [
            -74.0145625,
            40.7033203
          ],
          [
            -74.0145649,
            40.70327
          ],
          [
            -74.0145639,
            40.7032386
          ],
          [
            -74.0145538,
            40.7031606
          ],
          [
            -74.0145338,
            40.7030842
          ],
          [
            -74.0145067,
            40.7030075
          ],
          [
            -74.0144717,
            40.7029231
          ],
          [
            -74.0144371,
            40.7028594
          ],
          [
            -74.0144144,
            40.7028198
          ],
          [
            -74.0143761,
            40.702763
          ],
          [
            -74.0143132,
            40.7026909
          ],
          [
            -74.0142388,
            40.7026191
          ],
          [
            -74.0141786,
            40.7025575
          ],
          [
            -74.0142132,
            40.7025259
          ],
          [
            -74.0142475,
            40.7024869
          ],
          [
            -74.0142616,
            40.7024663
          ],
          [
            -74.0142779,
            40.7024424
          ],
          [
            -74.0143108,
            40.7023904
          ],
          [
            -74.0143366,
            40.7023414
          ],
          [
            -74.0143702,
            40.7022894
          ],
          [
            -74.0144078,
            40.7022344
          ],
          [
            -74.014448,
            40.7021924
          ],
          [
            -74.0144882,
            40.7021539
          ],
          [
            -74.0145305,
            40.7021215
          ],
          [
            -74.0145787,
            40.702081
          ],
          [
            -74.0146605,
            40.7019989
          ],
          [
            -74.0146769,
            40.7019825
          ],
          [
            -74.014763,
            40.7018952
          ],
          [
            -74.0148791,
            40.7017776
          ],
          [
            -74.0148628,
            40.7017641
          ],
          [
            -74.0148503,
            40.7017426
          ],
          [
            -74.0148476,
            40.7017192
          ],
          [
            -74.0148549,
            40.7016964
          ],
          [
            -74.0148708,
            40.7016772
          ],
          [
            -74.0148937,
            40.7016627
          ],
          [
            -74.0149214,
            40.7016542
          ],
          [
            -74.0149512,
            40.7016527
          ],
          [
            -74.0149801,
            40.7016583
          ],
          [
            -74.0150054,
            40.7016703
          ],
          [
            -74.0150484,
            40.7016388
          ],
          [
            -74.0151551,
            40.7015688
          ],
          [
            -74.0152387,
            40.7015068
          ],
          [
            -74.0153326,
            40.701443
          ],
          [
            -74.0153948,
            40.7014008
          ],
          [
            -74.0154267,
            40.7013909
          ],
          [
            -74.0154565,
            40.7013876
          ],
          [
            -74.0154894,
            40.7013938
          ],
          [
            -74.0155216,
            40.7014059
          ],
          [
            -74.0155698,
            40.7013751
          ],
          [
            -74.0155751,
            40.7013718
          ],
          [
            -74.0155924,
            40.7013585
          ],
          [
            -74.0156109,
            40.7013443
          ],
          [
            -74.0158253,
            40.7015143
          ],
          [
            -74.0160434,
            40.7017026
          ],
          [
            -74.0160745,
            40.7016814
          ]
        ]
      }
    }
  ]
}
