{
  "type": "FeatureCollection",
  "features": [
    {
      "type": "Feature",
      "properties": {
        "scenario": "Inwood - Dyckman St | 5.0mi | round | flat | amenity",
        "shape": "round",
        "target_miles": 5.0,
        "distance_m": 8071.90184290723,
        "candidate_index": 0
      },
      "geometry": {
        "type": "LineString",
        "coordinates": [
          [
            -73.9280238,
            40.8654429
          ],
          [
            -73.9279083,
            40.865329
          ],
          [
            -73.9278865,
            40.8653403
          ],
          [
            -73.9278578,
            40.8653587
          ],
          [
            -73.92782,
            40.8653796
          ],
          [
            -73.9278078,
            40.8653879
          ],
          [
            -73.9277915,
            40.865368
          ],
          [
            -73.9277762,
            40.8653645
          ],
          [
            -73.9277609,
            40.8653672
          ],
          [
            -73.9275983,
            40.8654515
          ],
          [
            -73.9275639,
            40.8654692
          ],
          [
            -73.9275597,
            40.8654748
          ],
          [
            -73.9275678,
            40.8654788
          ],
          [
            -73.9275755,
            40.8654801
          ],
          [
            -73.9275671,
            40.8654875
          ],
          [
            -73.9275315,
            40.8655059
          ],
          [
            -73.927465,
            40.865545
          ],
          [
            -73.9274337,
            40.8655634
          ],
          [
            -73.9274042,
            40.8655807
          ],
          [
            -73.927335,
            40.8656213
          ],
          [
            -73.9272887,
            40.8656532
          ],
          [
            -73.9272575,
            40.8656669
          ],
          [
            -73.9260489,
            40.8660937
          ],
          [
            -73.9260229,
            40.8661017
          ],
          [
            -73.9259639,
            40.8661238
          ],
          [
            -73.9259165,
            40.8661365
          ],
          [
            -73.9258843,
            40.8661493
          ],
          [
            -73.9251842,
            40.8664002
          ],
          [
            -73.9258843,
            40.8661493
          ],
          [
            -73.9259165,
            40.8661365
          ],
          [
            -73.9259639,
            40.8661238
          ],
          [
            -73.9260229,
            40.8661017
          ],
          [
            -73.9260489,
            40.8660937
          ],
          [
            -73.9272575,
            40.8656669
          ],
          [
            -73.9272887,
            40.8656532
          ],
          [
            -73.927335,
            40.8656213
          ],
          [
            -73.9274042,
            40.8655807
          ],
          [
            -73.9274337,
            40.8655634
          ],
          [
            -73.927465,
            40.865545
          ],
          [
            -73.9275315,
            40.8655059
          ],
          [
            -73.9275671,
            40.8654875
          ],
          [
            -73.9275755,
            40.8654801
          ],
          [
            -73.9275678,
            40.8654788
          ],
          [
            -73.9275597,
            40.8654748
          ],
          [
            -73.9275639,
            40.8654692
          ],
          [
            -73.9275983,
            40.8654515
          ],
          [
            -73.9277609,
            40.8653672
          ],
          [
            -73.9277762,
            40.8653645
          ],
          [
            -73.9277915,
            40.865368
          ],
          [
            -73.9278078,
            40.8653879
          ],
          [
            -73.92782,
            40.8653796
          ],
          [
            -73.9278578,
            40.8653587
          ],
          [
            -73.9278865,
            40.8653403
          ],
          [
            -73.9279083,
            40.865329
          ],
          [
            -73.9280238,
            40.8654429
          ],
          [
            -73.9279083,
            40.865329
          ],
          [
            -73.9281272,
            40.8652149
          ],
          [
            -73.9282884,
            40.8651302
          ],
          [
            -73.9287266,
            40.8648997
          ],
          [
            -73.9289299,
            40.8647849
          ],
          [
            -73.9290352,
            40.8647226
          ],
          [
            -73.9291886,
            40.8646031
          ],
          [
            -73.929233,
            40.864569
          ],
          [
            -73.9294606,
            40.8643815
          ],
          [
            -73.9296576,
            40.8641904
          ],
          [
            -73.9299818,
            40.8637992
          ],
          [
            -73.9301114,
            40.8635412
          ],
          [
            -73.9301802,
            40.8633541
          ],
          [
            -73.930185,
            40.8633245
          ],
          [
            -73.9301892,
            40.8632989
          ],
          [
            -73.930163,
            40.863064
          ],
          [
            -73.9301101,
            40.8626789
          ],
          [
            -73.9300902,
            40.8625349
          ],
          [
            -73.9301141,
            40.8622388
          ],
          [
            -73.9301695,
            40.8620422
          ],
          [
            -73.9302856,
            40.8617399
          ],
          [
            -73.9304272,
            40.8617899
          ],
          [
            -73.9304969,
            40.8616702
          ],
          [
            -73.9305479,
            40.861657
          ],
          [
            -73.9306109,
            40.8616296
          ],
          [
            -73.9306807,
            40.861587
          ],
          [
            -73.930745,
            40.8615546
          ],
          [
            -73.9309757,
            40.8613361
          ],
          [
            -73.931022,
            40.8612941
          ],
          [
            -73.9310669,
            40.8612979
          ],
          [
            -73.9311192,
            40.8611113
          ],
          [
            -73.9311916,
            40.8611404
          ],
          [
            -73.9312277,
            40.8611389
          ],
          [
            -73.9312615,
            40.8611268
          ],
          [
            -73.9313209,
            40.8610861
          ],
          [
            -73.9313879,
            40.8610364
          ],
          [
            -73.9314625,
            40.8609567
          ],
          [
            -73.9315158,
            40.860893
          ],
          [
            -73.9315679,
            40.860842
          ],
          [
            -73.9316336,
            40.8607806
          ],
          [
            -73.9316773,
            40.8607201
          ],
          [
            -73.9317938,
            40.8604939
          ],
          [
            -73.9318477,
            40.8604341
          ],
          [
            -73.931925,
            40.8603737
          ],
          [
            -73.931975,
            40.8603346
          ],
          [
            -73.9320048,
            40.8602957
          ],
          [
            -73.932022,
            40.8602448
          ],
          [
            -73.9320977,
            40.8601656
          ],
          [
            -73.9321411,
            40.8601067
          ],
          [
            -73.9321842,
            40.8600624
          ],
          [
            -73.9321972,
            40.8600555
          ],
          [
            -73.9322572,
            40.8600429
          ],
          [
            -73.9323025,
            40.8600268
          ],
          [
            -73.9323314,
            40.8599963
          ],
          [
            -73.93235,
            40.8599522
          ],
          [
            -73.9323646,
            40.8599217
          ],
          [
            -73.932371,
            40.8599105
          ],
          [
            -73.932374,
            40.8599054
          ],
          [
            -73.9323912,
            40.8598859
          ],
          [
            -73.9324135,
            40.8598675
          ],
          [
            -73.9324475,
            40.8598469
          ],
          [
            -73.9324564,
            40.8598401
          ],
          [
            -73.9325508,
            40.8597571
          ],
          [
            -73.932653,
            40.8597011
          ],
          [
            -73.932755,
            40.8596746
          ],
          [
            -73.932803,
            40.8596676
          ],
          [
            -73.9328878,
            40.8596265
          ],
          [
            -73.9329585,
            40.8595941
          ],
          [
            -73.9330317,
            40.8595723
          ],
          [
            -73.9331805,
            40.8595503
          ],
          [
            -73.9332758,
            40.8595364
          ],
          [
            -73.9333104,
            40.859527
          ],
          [
            -73.9333441,
            40.8595138
          ],
          [
            -73.9334594,
            40.859453
          ],
          [
            -73.9335874,
            40.8593918
          ],
          [
            -73.9336276,
            40.8593716
          ],
          [
            -73.9336561,
            40.8593088
          ],
          [
            -73.9337298,
            40.8593309
          ],
          [
            -73.9338154,
            40.8591451
          ],
          [
            -73.9338196,
            40.8591396
          ],
          [
            -73.9338244,
            40.859136
          ],
          [
            -73.9338303,
            40.859133
          ],
          [
            -73.9338402,
            40.8591295
          ],
          [
            -73.9338502,
            40.8591271
          ],
          [
            -73.9338613,
            40.8591255
          ],
          [
            -73.933871,
            40.859125
          ],
          [
            -73.9338776,
            40.8591255
          ],
          [
            -73.9338859,
            40.8591269
          ],
          [
            -73.9340432,
            40.8591658
          ],
          [
            -73.9340607,
            40.8591682
          ],
          [
            -73.9340666,
            40.8591659
          ],
          [
            -73.9340721,
            40.8591628
          ],
          [
            -73.9340757,
            40.85916
          ],
          [
            -73.9340789,
            40.8591567
          ],
          [
            -73.9342364,
            40.8589024
          ],
          [
            -73.93433,
            40.8587308
          ],
          [
            -73.9343982,
            40.8585855
          ],
          [
            -73.9345621,
            40.8583496
          ],
          [
            -73.9346771,
            40.858184
          ],
          [
            -73.9346947,
            40.8581606
          ],
          [
            -73.9348878,
            40.8579039
          ],
          [
            -73.9351187,
            40.8575923
          ],
          [
            -73.9352429,
            40.8574248
          ],
          [
            -73.9354512,
            40.8571484
          ],
          [
            -73.9354645,
            40.8571308
          ],
          [
            -73.9355001,
            40.857085
          ],
          [
            -73.9355311,
            40.857045
          ],
          [
            -73.9355427,
            40.8570294
          ],
          [
            -73.9360736,
            40.8563154
          ],
          [
            -73.9361933,
            40.85616
          ],
          [
            -73.9363291,
            40.8559775
          ],
          [
            -73.9365006,
            40.8557599
          ],
          [
            -73.9365953,
            40.8556153
          ],
          [
            -73.9366972,
            40.8553842
          ],
          [
            -73.9367707,
            40.8551572
          ],
          [
            -73.9367841,
            40.8551134
          ],
          [
            -73.9368105,
            40.855029
          ],
          [
            -73.9373065,
            40.8534236
          ],
          [
            -73.9373457,
            40.8532967
          ],
          [
            -73.9374686,
            40.8528974
          ],
          [
            -73.9375016,
            40.8528995
          ],
          [
            -73.9375886,
            40.8529028
          ],
          [
            -73.9376088,
            40.8528373
          ],
          [
            -73.9377997,
            40.8521935
          ],
          [
            -73.9378214,
            40.8521285
          ],
          [
            -73.9378419,
            40.852068
          ],
          [
            -73.9381831,
            40.8511735
          ],
          [
            -73.9382533,
            40.8509905
          ],
          [
            -73.938284,
            40.850909
          ],
          [
            -73.9383147,
            40.8508331
          ],
          [
            -73.9385576,
            40.8502304
          ],
          [
            -73.938627,
            40.8500578
          ],
          [
            -73.9386521,
            40.8499993
          ],
          [
            -73.9386763,
            40.8499391
          ],
          [
            -73.9388049,
            40.8496208
          ],
          [
            -73.9388994,
            40.8493854
          ],
          [
            -73.9389291,
            40.8493131
          ],
          [
            -73.9389575,
            40.8492427
          ],
          [
            -73.9389647,
            40.8492248
          ],
          [
            -73.9390146,
            40.8491014
          ],
          [
            -73.9390645,
            40.8489777
          ],
          [
            -73.9391062,
            40.8488746
          ],
          [
            -73.9391532,
            40.848758
          ],
          [
            -73.9391578,
            40.8487467
          ],
          [
            -73.9391834,
            40.8486832
          ],
          [
            -73.9392228,
            40.8486779
          ],
          [
            -73.9392499,
            40.8486748
          ],
          [
            -73.9392777,
            40.8486739
          ],
          [
            -73.9392998,
            40.8486733
          ],
          [
            -73.939316,
            40.8486231
          ],
          [
            -73.9393314,
            40.8486224
          ],
          [
            -73.9396084,
            40.8479305
          ],
          [
            -73.9396158,
            40.8479122
          ],
          [
            -73.9396343,
            40.8478678
          ],
          [
            -73.9396503,
            40.8478232
          ],
          [
            -73.9396576,
            40.8478057
          ],
          [
            -73.9398699,
            40.8472966
          ],
          [
            -73.9398799,
            40.8472722
          ],
          [
            -73.9398917,
            40.8472341
          ],
          [
            -73.939907,
            40.8471943
          ],
          [
            -73.9399147,
            40.847175
          ],
          [
            -73.9401367,
            40.8466153
          ],
          [
            -73.940185,
            40.8464956
          ],
          [
            -73.9403296,
            40.8461379
          ],
          [
            -73.9403488,
            40.8460905
          ],
          [
            -73.9403789,
            40.846016
          ],
          [
            -73.9405954,
            40.8454781
          ],
          [
            -73.9406026,
            40.8454603
          ],
          [
            -73.9406197,
            40.8454183
          ],
          [
            -73.9406343,
            40.845375
          ],
          [
            -73.9406417,
            40.8453568
          ],
          [
            -73.9408701,
            40.8447988
          ],
          [
            -73.9408787,
            40.8447778
          ],
          [
            -73.9408997,
            40.8447376
          ],
          [
            -73.9409172,
            40.8446975
          ],
          [
            -73.9409278,
            40.8446715
          ],
          [
            -73.9410353,
            40.8444084
          ],
          [
            -73.9411947,
            40.8441566
          ],
          [
            -73.9412098,
            40.8441328
          ],
          [
            -73.9412391,
            40.8440897
          ],
          [
            -73.9412624,
            40.8440553
          ],
          [
            -73.9412764,
            40.8440382
          ],
          [
            -73.9416763,
            40.8435511
          ],
          [
            -73.9416936,
            40.8435289
          ],
          [
            -73.94172,
            40.8434949
          ],
          [
            -73.9417484,
            40.8434583
          ],
          [
            -73.9417622,
            40.8434406
          ],
          [
            -73.9419566,
            40.843195
          ],
          [
            -73.9420934,
            40.8429272
          ],
          [
            -73.9421016,
            40.8429083
          ],
          [
            -73.9421161,
            40.842861
          ],
          [
            -73.9421293,
            40.8428177
          ],
          [
            -73.942135,
            40.8428004
          ],
          [
            -73.9423442,
            40.8422759
          ],
          [
            -73.9423759,
            40.8422003
          ],
          [
            -73.9423968,
            40.8421504
          ],
          [
            -73.9425831,
            40.8416943
          ],
          [
            -73.9428151,
            40.8411259
          ],
          [
            -73.9429599,
            40.8407712
          ],
          [
            -73.9430191,
            40.8406263
          ],
          [
            -73.9431019,
            40.8404054
          ],
          [
            -73.9431301,
            40.8403417
          ],
          [
            -73.9431723,
            40.840362
          ],
          [
            -73.943704,
            40.8406408
          ],
          [
            -73.9438545,
            40.8407197
          ],
          [
            -73.9444531,
            40.8410335
          ],
          [
            -73.9444719,
            40.8410424
          ],
          [
            -73.9444886,
            40.8410508
          ],
          [
            -73.9446359,
            40.8411246
          ],
          [
            -73.944724,
            40.8411687
          ],
          [
            -73.9447555,
            40.8411847
          ],
          [
            -73.9448051,
            40.841139
          ],
          [
            -73.9452691,
            40.8406789
          ],
          [
            -73.945758,
            40.8402076
          ],
          [
            -73.9459149,
            40.8400407
          ],
          [
            -73.9461281,
            40.8397663
          ],
          [
            -73.9462951,
            40.8394868
          ],
          [
            -73.9464299,
            40.8391357
          ],
          [
            -73.9464097,
            40.8391309
          ],
          [
            -73.946299,
            40.8391065
          ],
          [
            -73.9462073,
            40.8390863
          ],
          [
            -73.946197,
            40.8390843
          ],
          [
            -73.9461562,
            40.8390965
          ],
          [
            -73.9461129,
            40.8391028
          ],
          [
            -73.9460644,
            40.8391098
          ],
          [
            -73.9459571,
            40.8391053
          ],
          [
            -73.9458626,
            40.8390718
          ],
          [
            -73.945916,
            40.8390288
          ],
          [
            -73.9458626,
            40.8390718
          ],
          [
            -73.9458109,
            40.8390348
          ],
          [
            -73.9458056,
            40.8389434
          ],
          [
            -73.9458042,
            40.8388704
          ],
          [
            -73.9458485,
            40.8387131
          ],
          [
            -73.9458928,
            40.8386279
          ],
          [
            -73.9459223,
            40.8386
          ],
          [
            -73.9459072,
            40.8385907
          ],
          [
            -73.945901,
            40.8385869
          ],
          [
            -73.9458663,
            40.8386304
          ],
          [
            -73.9458182,
            40.8386149
          ],
          [
            -73.9457767,
            40.8386015
          ],
          [
            -73.9457539,
            40.8385919
          ],
          [
            -73.945644,
            40.8387359
          ],
          [
            -73.9455789,
            40.8388592
          ],
          [
            -73.9455347,
            40.8389561
          ],
          [
            -73.9454837,
            40.8391403
          ],
          [
            -73.9445235,
            40.838737
          ],
          [
            -73.9439411,
            40.8384982
          ],
          [
            -73.9438655,
            40.8384648
          ],
          [
            -73.9438588,
            40.8384902
          ],
          [
            -73.9438526,
            40.8385072
          ],
          [
            -73.94383,
            40.8385695
          ],
          [
            -73.943823,
            40.8385869
          ],
          [
            -73.9438153,
            40.8386078
          ],
          [
            -73.943621,
            40.8390426
          ],
          [
            -73.9436018,
            40.8390468
          ],
          [
            -73.9435103,
            40.8390608
          ],
          [
            -73.943434,
            40.8390725
          ],
          [
            -73.943403,
            40.8390784
          ],
          [
            -73.9433943,
            40.8391011
          ],
          [
            -73.9433817,
            40.8391389
          ],
          [
            -73.9433651,
            40.8391887
          ],
          [
            -73.9433572,
            40.8392095
          ],
          [
            -73.9430383,
            40.8399842
          ],
          [
            -73.9430051,
            40.8400543
          ],
          [
            -73.9429923,
            40.8400813
          ],
          [
            -73.9429655,
            40.8401399
          ],
          [
            -73.9429428,
            40.8401896
          ],
          [
            -73.9429268,
            40.8402309
          ],
          [
            -73.9428899,
            40.8403249
          ],
          [
            -73.9428555,
            40.8404022
          ],
          [
            -73.9427059,
            40.8407858
          ],
          [
            -73.9426698,
            40.8408784
          ],
          [
            -73.9426406,
            40.8409532
          ],
          [
            -73.9424347,
            40.8414528
          ],
          [
            -73.9424161,
            40.8414997
          ],
          [
            -73.9423422,
            40.8417079
          ],
          [
            -73.9422242,
            40.8420095
          ],
          [
            -73.9422123,
            40.8420433
          ],
          [
            -73.9421944,
            40.8421071
          ],
          [
            -73.9421731,
            40.8421719
          ],
          [
            -73.9421617,
            40.842199
          ],
          [
            -73.9419422,
            40.8427107
          ],
          [
            -73.9419377,
            40.8427242
          ],
          [
            -73.9419173,
            40.8427789
          ],
          [
            -73.9419013,
            40.8428216
          ],
          [
            -73.9418929,
            40.8428415
          ],
          [
            -73.9417809,
            40.8430966
          ],
          [
            -73.9416032,
            40.8433279
          ],
          [
            -73.9415896,
            40.8433439
          ],
          [
            -73.9415785,
            40.8433569
          ],
          [
            -73.9415353,
            40.8434074
          ],
          [
            -73.9415033,
            40.8434449
          ],
          [
            -73.9414819,
            40.84347
          ],
          [
            -73.9410859,
            40.8439529
          ],
          [
            -73.9410721,
            40.8439697
          ],
          [
            -73.9410423,
            40.8440071
          ],
          [
            -73.941006,
            40.8440528
          ],
          [
            -73.9409962,
            40.8440709
          ],
          [
            -73.9407199,
            40.844584
          ],
          [
            -73.940708,
            40.8446064
          ],
          [
            -73.940689,
            40.8446485
          ],
          [
            -73.9406701,
            40.8446877
          ],
          [
            -73.9406601,
            40.8447129
          ],
          [
            -73.94044,
            40.8452697
          ],
          [
            -73.9404311,
            40.8452924
          ],
          [
            -73.9404152,
            40.8453302
          ],
          [
            -73.9403966,
            40.8453701
          ],
          [
            -73.940388,
            40.8453923
          ],
          [
            -73.9401723,
            40.8459498
          ],
          [
            -73.9401634,
            40.8459729
          ],
          [
            -73.9401462,
            40.8460149
          ],
          [
            -73.9401293,
            40.8460562
          ],
          [
            -73.9401209,
            40.8460755
          ],
          [
            -73.9399586,
            40.8464476
          ],
          [
            -73.9399504,
            40.8464664
          ],
          [
            -73.9399371,
            40.8465063
          ],
          [
            -73.9399241,
            40.8465454
          ],
          [
            -73.9399155,
            40.8465678
          ],
          [
            -73.9396982,
            40.8471296
          ],
          [
            -73.9396895,
            40.8471519
          ],
          [
            -73.9396708,
            40.8471901
          ],
          [
            -73.9396499,
            40.8472287
          ],
          [
            -73.939641,
            40.8472512
          ],
          [
            -73.9394394,
            40.8477618
          ],
          [
            -73.9394323,
            40.8477799
          ],
          [
            -73.9394188,
            40.8478182
          ],
          [
            -73.9393986,
            40.8478658
          ],
          [
            -73.9393913,
            40.8478861
          ],
          [
            -73.9381633,
            40.8476452
          ],
          [
            -73.9381033,
            40.8478105
          ],
          [
            -73.9380122,
            40.8480152
          ],
          [
            -73.9378708,
            40.848348
          ],
          [
            -73.9378618,
            40.8483692
          ],
          [
            -73.9378374,
            40.848417
          ],
          [
            -73.9378063,
            40.8484759
          ],
          [
            -73.937789,
            40.8484721
          ],
          [
            -73.9377766,
            40.848484
          ],
          [
            -73.9373053,
            40.8489292
          ],
          [
            -73.9372861,
            40.8489466
          ],
          [
            -73.9372341,
            40.8489854
          ],
          [
            -73.9371882,
            40.8490196
          ],
          [
            -73.9371708,
            40.8490347
          ],
          [
            -73.9366019,
            40.8495282
          ],
          [
            -73.9365829,
            40.8495447
          ],
          [
            -73.936544,
            40.8495805
          ],
          [
            -73.9365049,
            40.849617
          ],
          [
            -73.9364835,
            40.8496361
          ],
          [
            -73.9359036,
            40.8501523
          ],
          [
            -73.93589,
            40.8501768
          ],
          [
            -73.9358662,
            40.8502323
          ],
          [
            -73.9358436,
            40.8502852
          ],
          [
            -73.935832,
            40.850308
          ],
          [
            -73.9355992,
            40.8507666
          ],
          [
            -73.935456,
            40.851046
          ],
          [
            -73.9353878,
            40.8511785
          ],
          [
            -73.9353568,
            40.8512388
          ],
          [
            -73.9352638,
            40.8514215
          ],
          [
            -73.9351814,
            40.8515838
          ],
          [
            -73.9349445,
            40.8520477
          ],
          [
            -73.9349357,
            40.8520648
          ],
          [
            -73.9349182,
            40.8521005
          ],
          [
            -73.9348907,
            40.8521504
          ],
          [
            -73.9348807,
            40.8521702
          ],
          [
            -73.9346192,
            40.8526886
          ],
          [
            -73.934546,
            40.852833
          ],
          [
            -73.9344925,
            40.8529386
          ],
          [
            -73.9343618,
            40.8531849
          ],
          [
            -73.934353,
            40.8532016
          ],
          [
            -73.9343331,
            40.8532416
          ],
          [
            -73.9343118,
            40.8532845
          ],
          [
            -73.9343003,
            40.8533061
          ],
          [
            -73.9342593,
            40.8533834
          ],
          [
            -73.9341852,
            40.8535269
          ],
          [
            -73.9341046,
            40.8536828
          ],
          [
            -73.9338828,
            40.8541318
          ],
          [
            -73.933871,
            40.8541556
          ],
          [
            -73.9338538,
            40.8541916
          ],
          [
            -73.9338296,
            40.8542424
          ],
          [
            -73.9338206,
            40.8542694
          ],
          [
            -73.9334782,
            40.8552922
          ],
          [
            -73.9334802,
            40.8553194
          ],
          [
            -73.9334585,
            40.855375
          ],
          [
            -73.9334464,
            40.855406
          ],
          [
            -73.9334435,
            40.8554257
          ],
          [
            -73.9333498,
            40.8556784
          ],
          [
            -73.933084,
            40.8561785
          ],
          [
            -73.9330744,
            40.8561962
          ],
          [
            -73.9329265,
            40.8564813
          ],
          [
            -73.9329157,
            40.8565023
          ],
          [
            -73.9328947,
            40.856546
          ],
          [
            -73.9328726,
            40.8565922
          ],
          [
            -73.9328594,
            40.856613
          ],
          [
            -73.9328251,
            40.8566792
          ],
          [
            -73.9327422,
            40.8568354
          ],
          [
            -73.932221,
            40.8578197
          ],
          [
            -73.9322082,
            40.8578439
          ],
          [
            -73.9321905,
            40.857883
          ],
          [
            -73.9321693,
            40.8579299
          ],
          [
            -73.9321571,
            40.8579521
          ],
          [
            -73.9319893,
            40.8582578
          ],
          [
            -73.9319273,
            40.8583743
          ],
          [
            -73.9318895,
            40.8584453
          ],
          [
            -73.9317951,
            40.8586271
          ],
          [
            -73.9317079,
            40.8587949
          ],
          [
            -73.9316307,
            40.8589521
          ],
          [
            -73.9315491,
            40.8591652
          ],
          [
            -73.9314804,
            40.8593207
          ],
          [
            -73.9314707,
            40.8593476
          ],
          [
            -73.931462,
            40.8593709
          ],
          [
            -73.9314426,
            40.8594224
          ],
          [
            -73.9314371,
            40.8594432
          ],
          [
            -73.9314893,
            40.859495
          ],
          [
            -73.9315202,
            40.8595929
          ],
          [
            -73.9315262,
            40.8596761
          ],
          [
            -73.9315129,
            40.8598064
          ],
          [
            -73.9314411,
            40.8599997
          ],
          [
            -73.9313284,
            40.8602816
          ],
          [
            -73.9312372,
            40.8604713
          ],
          [
            -73.9311273,
            40.8606653
          ],
          [
            -73.9310736,
            40.8607482
          ],
          [
            -73.9309972,
            40.8608719
          ],
          [
            -73.9308429,
            40.8610991
          ],
          [
            -73.9306565,
            40.8613872
          ],
          [
            -73.9304969,
            40.8616702
          ],
          [
            -73.9304272,
            40.8617899
          ],
          [
            -73.9303052,
            40.8622432
          ],
          [
            -73.9303105,
            40.8624278
          ],
          [
            -73.9303441,
            40.8625678
          ],
          [
            -73.9304473,
            40.8627625
          ],
          [
            -73.9305278,
            40.8628842
          ],
          [
            -73.9305841,
            40.8630262
          ],
          [
            -73.9305801,
            40.8631665
          ],
          [
            -73.9305784,
            40.8632085
          ],
          [
            -73.930568,
            40.8632504
          ],
          [
            -73.9305305,
            40.8633315
          ],
          [
            -73.9304355,
            40.863457
          ],
          [
            -73.9303518,
            40.8636463
          ],
          [
            -73.930336,
            40.8636804
          ],
          [
            -73.9302086,
            40.8639137
          ],
          [
            -73.9299431,
            40.8641023
          ],
          [
            -73.9297111,
            40.8643569
          ],
          [
            -73.9295153,
            40.8645587
          ],
          [
            -73.9293432,
            40.8646484
          ],
          [
            -73.9293416,
            40.8647
          ],
          [
            -73.9293811,
            40.8647707
          ],
          [
            -73.9293878,
            40.8648143
          ],
          [
            -73.9293905,
            40.8648488
          ],
          [
            -73.929383,
            40.8649179
          ],
          [
            -73.9292755,
            40.8649926
          ],
          [
            -73.929184,
            40.8649712
          ],
          [
            -73.9291087,
            40.8649648
          ],
          [
            -73.9289434,
            40.8650521
          ],
          [
            -73.9287155,
            40.8651726
          ],
          [
            -73.9286634,
            40.8651991
          ],
          [
            -73.9286767,
            40.8652672
          ],
          [
            -73.9286125,
            40.865279
          ],
          [
            -73.9283945,
            40.8653194
          ],
          [
            -73.9282997,
            40.8653369
          ],
          [
            -73.9281593,
            40.8653787
          ],
          [
            -73.9280238,
            40.8654429
          ]
        ]
      }
    },
    {
      "type": "Feature",
      "properties": {
        "scenario": "Inwood - Dyckman St | 5.0mi | round | flat | amenity",
        "shape": "round",
        "target_miles": 5.0,
        "distance_m": 8044.764865859046,
        "candidate_index": 1
      },
      "geometry": {
        "type": "LineString",
        "coordinates": [
          [
            -73.9280238,
            40.8654429
          ],
          [
            -73.9279083,
            40.865329
          ],
          [
            -73.9281272,
            40.8652149
          ],
          [
            -73.9282884,
            40.8651302
          ],
          [
            -73.9287266,
            40.8648997
          ],
          [
            -73.9289299,
            40.8647849
          ],
          [
            -73.9290352,
            40.8647226
          ],
          [
            -73.9290243,
            40.8647087
          ],
          [
            -73.9289665,
            40.8646215
          ],
          [
            -73.9289166,
            40.8645463
          ],
          [
            -73.9288996,
            40.8645236
          ],
          [
            -73.9290762,
            40.8643694
          ],
          [
            -73.9293105,
            40.8641676
          ],
          [
            -73.9295992,
            40.8638737
          ],
          [
            -73.9297413,
            40.8636925
          ],
          [
            -73.9298366,
            40.863487
          ],
          [
            -73.9298469,
            40.8634625
          ],
          [
            -73.9298727,
            40.8634053
          ],
          [
            -73.9298941,
            40.8633579
          ],
          [
            -73.9298995,
            40.863334
          ],
          [
            -73.9298887,
            40.8631523
          ],
          [
            -73.9298751,
            40.8629806
          ],
          [
            -73.9298668,
            40.8628761
          ],
          [
            -73.9298396,
            40.8627084
          ],
          [
            -73.9297966,
            40.8625066
          ],
          [
            -73.9297507,
            40.8624605
          ],
          [
            -73.9297761,
            40.8624418
          ],
          [
            -73.9298048,
            40.8624191
          ],
          [
            -73.9298324,
            40.8623992
          ],
          [
            -73.9298356,
            40.8623788
          ],
          [
            -73.9298515,
            40.8622743
          ],
          [
            -73.9298558,
            40.8622464
          ],
          [
            -73.929857,
            40.8622239
          ],
          [
            -73.9298608,
            40.8621511
          ],
          [
            -73.9298629,
            40.8621119
          ],
          [
            -73.9298654,
            40.8620801
          ],
          [
            -73.9298733,
            40.8620246
          ],
          [
            -73.9298848,
            40.8619672
          ],
          [
            -73.9299069,
            40.8618983
          ],
          [
            -73.92994,
            40.8618022
          ],
          [
            -73.9301765,
            40.8613758
          ],
          [
            -73.9306046,
            40.8606676
          ],
          [
            -73.930615,
            40.8606505
          ],
          [
            -73.9306397,
            40.8606013
          ],
          [
            -73.9306524,
            40.860576
          ],
          [
            -73.9306637,
            40.8605568
          ],
          [
            -73.9307553,
            40.8604006
          ],
          [
            -73.9308487,
            40.860185
          ],
          [
            -73.9309759,
            40.8598873
          ],
          [
            -73.9310661,
            40.8596741
          ],
          [
            -73.9310771,
            40.8596027
          ],
          [
            -73.9311447,
            40.8594863
          ],
          [
            -73.9311741,
            40.8594122
          ],
          [
            -73.9311788,
            40.8593955
          ],
          [
            -73.9311946,
            40.8593214
          ],
          [
            -73.9312057,
            40.8592692
          ],
          [
            -73.9312161,
            40.8592396
          ],
          [
            -73.9312277,
            40.8591884
          ],
          [
            -73.9312315,
            40.8591582
          ],
          [
            -73.931236,
            40.8591233
          ],
          [
            -73.9312457,
            40.8590902
          ],
          [
            -73.9312485,
            40.8590849
          ],
          [
            -73.9316614,
            40.8582896
          ],
          [
            -73.9316699,
            40.8582739
          ],
          [
            -73.9316921,
            40.8582329
          ],
          [
            -73.9317106,
            40.8581989
          ],
          [
            -73.9317223,
            40.8581768
          ],
          [
            -73.9318851,
            40.8578668
          ],
          [
            -73.9319511,
            40.857737
          ],
          [
            -73.9324746,
            40.856748
          ],
          [
            -73.9324817,
            40.8567346
          ],
          [
            -73.9325079,
            40.8566829
          ],
          [
            -73.9325332,
            40.8566331
          ],
          [
            -73.9325431,
            40.8566138
          ],
          [
            -73.9326357,
            40.8564349
          ],
          [
            -73.9329582,
            40.8558338
          ],
          [
            -73.9330944,
            40.8555739
          ],
          [
            -73.9331577,
            40.8553802
          ],
          [
            -73.9331975,
            40.8552585
          ],
          [
            -73.933535,
            40.8542282
          ],
          [
            -73.9335425,
            40.8542054
          ],
          [
            -73.9335694,
            40.8541399
          ],
          [
            -73.9335901,
            40.8540894
          ],
          [
            -73.9336039,
            40.8540632
          ],
          [
            -73.9339532,
            40.8533973
          ],
          [
            -73.9340432,
            40.8532174
          ],
          [
            -73.9340966,
            40.8531106
          ],
          [
            -73.9342705,
            40.8527543
          ],
          [
            -73.9342824,
            40.8527299
          ],
          [
            -73.9343129,
            40.8526788
          ],
          [
            -73.9343401,
            40.8526178
          ],
          [
            -73.9343533,
            40.8525918
          ],
          [
            -73.9346082,
            40.8520887
          ],
          [
            -73.9344147,
            40.8520076
          ],
          [
            -73.9343564,
            40.8519831
          ],
          [
            -73.9337268,
            40.851719
          ],
          [
            -73.9336922,
            40.8517045
          ],
          [
            -73.9336223,
            40.8516757
          ],
          [
            -73.9335678,
            40.8516512
          ],
          [
            -73.9335383,
            40.8516387
          ],
          [
            -73.9335678,
            40.8516512
          ],
          [
            -73.9336223,
            40.8516757
          ],
          [
            -73.9336922,
            40.8517045
          ],
          [
            -73.9337268,
            40.851719
          ],
          [
            -73.9343564,
            40.8519831
          ],
          [
            -73.9344147,
            40.8520076
          ],
          [
            -73.9346082,
            40.8520887
          ],
          [
            -73.9343533,
            40.8525918
          ],
          [
            -73.9343401,
            40.8526178
          ],
          [
            -73.9343129,
            40.8526788
          ],
          [
            -73.9342824,
            40.8527299
          ],
          [
            -73.9342705,
            40.8527543
          ],
          [
            -73.9340966,
            40.8531106
          ],
          [
            -73.9340432,
            40.8532174
          ],
          [
            -73.9339532,
            40.8533973
          ],
          [
            -73.9336039,
            40.8540632
          ],
          [
            -73.9335901,
            40.8540894
          ],
          [
            -73.9335694,
            40.8541399
          ],
          [
            -73.9335425,
            40.8542054
          ],
          [
            -73.933535,
            40.8542282
          ],
          [
            -73.9331975,
            40.8552585
          ],
          [
            -73.9331577,
            40.8553802
          ],
          [
            -73.9330944,
            40.8555739
          ],
          [
            -73.9329582,
            40.8558338
          ],
          [
            -73.9326357,
            40.8564349
          ],
          [
            -73.9325431,
            40.8566138
          ],
          [
            -73.9325332,
            40.8566331
          ],
          [
            -73.9325079,
            40.8566829
          ],
          [
            -73.9324817,
            40.8567346
          ],
          [
            -73.9324746,
            40.856748
          ],
          [
            -73.9319511,
            40.857737
          ],
          [
            -73.9318851,
            40.8578668
          ],
          [
            -73.9317223,
            40.8581768
          ],
          [
            -73.9317106,
            40.8581989
          ],
          [
            -73.9316921,
            40.8582329
          ],
          [
            -73.9316699,
            40.8582739
          ],
          [
            -73.9316614,
            40.8582896
          ],
          [
            -73.9312485,
            40.8590849
          ],
          [
            -73.9312457,
            40.8590902
          ],
          [
            -73.931236,
            40.8591233
          ],
          [
            -73.9312315,
            40.8591582
          ],
          [
            -73.9312277,
            40.8591884
          ],
          [
            -73.9312161,
            40.8592396
          ],
          [
            -73.9312057,
            40.8592692
          ],
          [
            -73.9311946,
            40.8593214
          ],
          [
            -73.9311788,
            40.8593955
          ],
          [
            -73.9311741,
            40.8594122
          ],
          [
            -73.9311447,
            40.8594863
          ],
          [
            -73.9310771,
            40.8596027
          ],
          [
            -73.9310661,
            40.8596741
          ],
          [
            -73.9309759,
            40.8598873
          ],
          [
            -73.9308487,
            40.860185
          ],
          [
            -73.9307553,
            40.8604006
          ],
          [
            -73.9306637,
            40.8605568
          ],
          [
            -73.9306524,
            40.860576
          ],
          [
            -73.9306397,
            40.8606013
          ],
          [
            -73.930615,
            40.8606505
          ],
          [
            -73.9306046,
            40.8606676
          ],
          [
            -73.9301765,
            40.8613758
          ],
          [
            -73.92994,
            40.8618022
          ],
          [
            -73.9299069,
            40.8618983
          ],
          [
            -73.9298848,
            40.8619672
          ],
          [
            -73.9298733,
            40.8620246
          ],
          [
            -73.9298654,
            40.8620801
          ],
          [
            -73.9298629,
            40.8621119
          ],
          [
            -73.9298608,
            40.8621511
          ],
          [
            -73.929857,
            40.8622239
          ],
          [
            -73.9298558,
            40.8622464
          ],
          [
            -73.9298515,
            40.8622743
          ],
          [
            -73.9298356,
            40.8623788
          ],
          [
            -73.9298324,
            40.8623992
          ],
          [
            -73.9298048,
            40.8624191
          ],
          [
            -73.9297761,
            40.8624418
          ],
          [
            -73.9297507,
            40.8624605
          ],
          [
            -73.9297966,
            40.8625066
          ],
          [
            -73.9298396,
            40.8627084
          ],
          [
            -73.9298668,
            40.8628761
          ],
          [
            -73.9298751,
            40.8629806
          ],
          [
            -73.9298887,
            40.8631523
          ],
          [
            -73.9298995,
            40.863334
          ],
          [
            -73.9298941,
            40.8633579
          ],
          [
            -73.9298727,
            40.8634053
          ],
          [
            -73.9298469,
            40.8634625
          ],
          [
            -73.9298366,
            40.863487
          ],
          [
            -73.9297413,
            40.8636925
          ],
          [
            -73.9295992,
            40.8638737
          ],
          [
            -73.9293105,
            40.8641676
          ],
          [
            -73.9290762,
            40.8643694
          ],
          [
            -73.9288996,
            40.8645236
          ],
          [
            -73.9289166,
            40.8645463
          ],
          [
            -73.9289665,
            40.8646215
          ],
          [
            -73.9290243,
            40.8647087
          ],
          [
            -73.9290352,
            40.8647226
          ],
          [
            -73.9289299,
            40.8647849
          ],
          [
            -73.9287266,
            40.8648997
          ],
          [
            -73.9282884,
            40.8651302
          ],
          [
            -73.9281272,
            40.8652149
          ],
          [
            -73.9279083,
            40.865329
          ],
          [
            -73.9280238,
            40.8654429
          ],
          [
            -73.9279083,
            40.865329
          ],
          [
            -73.9281272,
            40.8652149
          ],
          [
            -73.9282884,
            40.8651302
          ],
          [
            -73.9287266,
            40.8648997
          ],
          [
            -73.9289299,
            40.8647849
          ],
          [
            -73.9290352,
            40.8647226
          ],
          [
            -73.9291886,
            40.8646031
          ],
          [
            -73.929233,
            40.864569
          ],
          [
            -73.9294606,
            40.8643815
          ],
          [
            -73.9296576,
            40.8641904
          ],
          [
            -73.9299818,
            40.8637992
          ],
          [
            -73.9301114,
            40.8635412
          ],
          [
            -73.9301802,
            40.8633541
          ],
          [
            -73.930185,
            40.8633245
          ],
          [
            -73.9301892,
            40.8632989
          ],
          [
            -73.930163,
            40.863064
          ],
          [
            -73.9301101,
            40.8626789
          ],
          [
            -73.9300902,
            40.8625349
          ],
          [
            -73.9301141,
            40.8622388
          ],
          [
            -73.9301695,
            40.8620422
          ],
          [
            -73.9302856,
            40.8617399
          ],
          [
            -73.9304272,
            40.8617899
          ],
          [
            -73.9304969,
            40.8616702
          ],
          [
            -73.9305479,
            40.861657
          ],
          [
            -73.9306109,
            40.8616296
          ],
          [
            -73.9306807,
            40.861587
          ],
          [
            -73.930745,
            40.8615546
          ],
          [
            -73.9309757,
            40.8613361
          ],
          [
            -73.931022,
            40.8612941
          ],
          [
            -73.9310669,
            40.8612979
          ],
          [
            -73.9311192,
            40.8611113
          ],
          [
            -73.9311916,
            40.8611404
          ],
          [
            -73.9312277,
            40.8611389
          ],
          [
            -73.9312615,
            40.8611268
          ],
          [
            -73.9313209,
            40.8610861
          ],
          [
            -73.9313879,
            40.8610364
          ],
          [
            -73.9314625,
            40.8609567
          ],
          [
            -73.9315158,
            40.860893
          ],
          [
            -73.9315679,
            40.860842
          ],
          [
            -73.9316336,
            40.8607806
          ],
          [
            -73.9316773,
            40.8607201
          ],
          [
            -73.9317938,
            40.8604939
          ],
          [
            -73.9318477,
            40.8604341
          ],
          [
            -73.931925,
            40.8603737
          ],
          [
            -73.931975,
            40.8603346
          ],
          [
            -73.9320048,
            40.8602957
          ],
          [
            -73.932022,
            40.8602448
          ],
          [
            -73.9320977,
            40.8601656
          ],
          [
            -73.9321411,
            40.8601067
          ],
          [
            -73.9321842,
            40.8600624
          ],
          [
            -73.9321972,
            40.8600555
          ],
          [
            -73.9322572,
            40.8600429
          ],
          [
            -73.9323025,
            40.8600268
          ],
          [
            -73.9323314,
            40.8599963
          ],
          [
            -73.93235,
            40.8599522
          ],
          [
            -73.9323646,
            40.8599217
          ],
          [
            -73.932371,
            40.8599105
          ],
          [
            -73.932374,
            40.8599054
          ],
          [
            -73.9323912,
            40.8598859
          ],
          [
            -73.9324135,
            40.8598675
          ],
          [
            -73.9324475,
            40.8598469
          ],
          [
            -73.9324564,
            40.8598401
          ],
          [
            -73.9325508,
            40.8597571
          ],
          [
            -73.932653,
            40.8597011
          ],
          [
            -73.932755,
            40.8596746
          ],
          [
            -73.932803,
            40.8596676
          ],
          [
            -73.9328878,
            40.8596265
          ],
          [
            -73.9329585,
            40.8595941
          ],
          [
            -73.9330317,
            40.8595723
          ],
          [
            -73.9331805,
            40.8595503
          ],
          [
            -73.9332758,
            40.8595364
          ],
          [
            -73.9333104,
            40.859527
          ],
          [
            -73.9333441,
            40.8595138
          ],
          [
            -73.9334594,
            40.859453
          ],
          [
            -73.9335874,
            40.8593918
          ],
          [
            -73.9336276,
            40.8593716
          ],
          [
            -73.9336561,
            40.8593088
          ],
          [
            -73.9337298,
            40.8593309
          ],
          [
            -73.9338154,
            40.8591451
          ],
          [
            -73.9338196,
            40.8591396
          ],
          [
            -73.9338244,
            40.859136
          ],
          [
            -73.9338303,
            40.859133
          ],
          [
            -73.9338402,
            40.8591295
          ],
          [
            -73.9338502,
            40.8591271
          ],
          [
            -73.9338613,
            40.8591255
          ],
          [
            -73.933871,
            40.859125
          ],
          [
            -73.9338776,
            40.8591255
          ],
          [
            -73.9338859,
            40.8591269
          ],
          [
            -73.9340432,
            40.8591658
          ],
          [
            -73.9340607,
            40.8591682
          ],
          [
            -73.9340666,
            40.8591659
          ],
          [
            -73.9340721,
            40.8591628
          ],
          [
            -73.9340757,
            40.85916
          ],
          [
            -73.9340789,
            40.8591567
          ],
          [
            -73.9342364,
            40.8589024
          ],
          [
            -73.93433,
            40.8587308
          ],
          [
            -73.9343982,
            40.8585855
          ],
          [
            -73.9345621,
            40.8583496
          ],
          [
            -73.9346771,
            40.858184
          ],
          [
            -73.9346947,
            40.8581606
          ],
          [
            -73.9348878,
            40.8579039
          ],
          [
            -73.9351187,
            40.8575923
          ],
          [
            -73.9352429,
            40.8574248
          ],
          [
            -73.9354512,
            40.8571484
          ],
          [
            -73.9354645,
            40.8571308
          ],
          [
            -73.9355001,
            40.857085
          ],
          [
            -73.9355311,
            40.857045
          ],
          [
            -73.9355427,
            40.8570294
          ],
          [
            -73.9360736,
            40.8563154
          ],
          [
            -73.9361933,
            40.85616
          ],
          [
            -73.9363291,
            40.8559775
          ],
          [
            -73.9365006,
            40.8557599
          ],
          [
            -73.9365953,
            40.8556153
          ],
          [
            -73.9366972,
            40.8553842
          ],
          [
            -73.9367707,
            40.8551572
          ],
          [
            -73.9367841,
            40.8551134
          ],
          [
            -73.9368105,
            40.855029
          ],
          [
            -73.9373065,
            40.8534236
          ],
          [
            -73.9373457,
            40.8532967
          ],
          [
            -73.9374686,
            40.8528974
          ],
          [
            -73.937692,
            40.8521675
          ],
          [
            -73.9376973,
            40.8521501
          ],
          [
            -73.9377149,
            40.8521026
          ],
          [
            -73.9377284,
            40.8520668
          ],
          [
            -73.9377366,
            40.8520448
          ],
          [
            -73.9381435,
            40.8509613
          ],
          [
            -73.9381523,
            40.8509382
          ],
          [
            -73.9381757,
            40.8508788
          ],
          [
            -73.9381962,
            40.8508267
          ],
          [
            -73.9382058,
            40.8508036
          ],
          [
            -73.9385246,
            40.8500382
          ],
          [
            -73.9385326,
            40.8500189
          ],
          [
            -73.9385527,
            40.8499793
          ],
          [
            -73.9385722,
            40.849941
          ],
          [
            -73.9385805,
            40.8499205
          ],
          [
            -73.9387113,
            40.8495985
          ],
          [
            -73.9387968,
            40.8493628
          ],
          [
            -73.9388063,
            40.849338
          ],
          [
            -73.9388238,
            40.8492927
          ],
          [
            -73.9388469,
            40.8492329
          ],
          [
            -73.9388499,
            40.8492259
          ],
          [
            -73.9388518,
            40.8492214
          ],
          [
            -73.9388587,
            40.8492043
          ],
          [
            -73.938958,
            40.8489586
          ],
          [
            -73.9388869,
            40.8489445
          ],
          [
            -73.9387628,
            40.8489214
          ],
          [
            -73.9386991,
            40.8489082
          ],
          [
            -73.938663,
            40.8489954
          ],
          [
            -73.9386503,
            40.848992
          ],
          [
            -73.9386851,
            40.8489055
          ],
          [
            -73.9386991,
            40.8489082
          ],
          [
            -73.9387628,
            40.8489214
          ],
          [
            -73.9388869,
            40.8489445
          ],
          [
            -73.938958,
            40.8489586
          ],
          [
            -73.9390477,
            40.8487366
          ],
          [
            -73.939052,
            40.848726
          ],
          [
            -73.9390542,
            40.8487206
          ],
          [
            -73.9378063,
            40.8484759
          ],
          [
            -73.937789,
            40.8484721
          ],
          [
            -73.9377766,
            40.848484
          ],
          [
            -73.9373053,
            40.8489292
          ],
          [
            -73.9372861,
            40.8489466
          ],
          [
            -73.9372341,
            40.8489854
          ],
          [
            -73.9371882,
            40.8490196
          ],
          [
            -73.9371708,
            40.8490347
          ],
          [
            -73.9366019,
            40.8495282
          ],
          [
            -73.9365829,
            40.8495447
          ],
          [
            -73.936544,
            40.8495805
          ],
          [
            -73.9365049,
            40.849617
          ],
          [
            -73.9364835,
            40.8496361
          ],
          [
            -73.9359036,
            40.8501523
          ],
          [
            -73.93589,
            40.8501768
          ],
          [
            -73.9358662,
            40.8502323
          ],
          [
            -73.9358436,
            40.8502852
          ],
          [
            -73.935832,
            40.850308
          ],
          [
            -73.9355992,
            40.8507666
          ],
          [
            -73.935456,
            40.851046
          ],
          [
            -73.9353878,
            40.8511785
          ],
          [
            -73.9353568,
            40.8512388
          ],
          [
            -73.9352638,
            40.8514215
          ],
          [
            -73.9351814,
            40.8515838
          ],
          [
            -73.9349445,
            40.8520477
          ],
          [
            -73.9349357,
            40.8520648
          ],
          [
            -73.9349182,
            40.8521005
          ],
          [
            -73.9348907,
            40.8521504
          ],
          [
            -73.9348807,
            40.8521702
          ],
          [
            -73.9346192,
            40.8526886
          ],
          [
            -73.934546,
            40.852833
          ],
          [
            -73.9344925,
            40.8529386
          ],
          [
            -73.9343618,
            40.8531849
          ],
          [
            -73.934353,
            40.8532016
          ],
          [
            -73.9343331,
            40.8532416
          ],
          [
            -73.9343118,
            40.8532845
          ],
          [
            -73.9343003,
            40.8533061
          ],
          [
            -73.9342593,
            40.8533834
          ],
          [
            -73.9341852,
            40.8535269
          ],
          [
            -73.9341046,
            40.8536828
          ],
          [
            -73.9338828,
            40.8541318
          ],
          [
            -73.933871,
            40.8541556
          ],
          [
            -73.9338538,
            40.8541916
          ],
          [
            -73.9338296,
            40.8542424
          ],
          [
            -73.9338206,
            40.8542694
          ],
          [
            -73.9334782,
            40.8552922
          ],
          [
            -73.9334802,
            40.8553194
          ],
          [
            -73.9334585,
            40.855375
          ],
          [
            -73.9334464,
            40.855406
          ],
          [
            -73.9334435,
            40.8554257
          ],
          [
            -73.9333498,
            40.8556784
          ],
          [
            -73.933084,
            40.8561785
          ],
          [
            -73.9330744,
            40.8561962
          ],
          [
            -73.9329265,
            40.8564813
          ],
          [
            -73.9329157,
            40.8565023
          ],
          [
            -73.9328947,
            40.856546
          ],
          [
            -73.9328726,
            40.8565922
          ],
          [
            -73.9328594,
            40.856613
          ],
          [
            -73.9328251,
            40.8566792
          ],
          [
            -73.9327422,
            40.8568354
          ],
          [
            -73.932221,
            40.8578197
          ],
          [
            -73.9322082,
            40.8578439
          ],
          [
            -73.9321905,
            40.857883
          ],
          [
            -73.9321693,
            40.8579299
          ],
          [
            -73.9321571,
            40.8579521
          ],
          [
            -73.9319893,
            40.8582578
          ],
          [
            -73.9319273,
            40.8583743
          ],
          [
            -73.9318895,
            40.8584453
          ],
          [
            -73.9317951,
            40.8586271
          ],
          [
            -73.9317079,
            40.8587949
          ],
          [
            -73.9316307,
            40.8589521
          ],
          [
            -73.9315491,
            40.8591652
          ],
          [
            -73.9314804,
            40.8593207
          ],
          [
            -73.9314707,
            40.8593476
          ],
          [
            -73.931462,
            40.8593709
          ],
          [
            -73.9314426,
            40.8594224
          ],
          [
            -73.9314371,
            40.8594432
          ],
          [
            -73.9314893,
            40.859495
          ],
          [
            -73.9315202,
            40.8595929
          ],
          [
            -73.9315262,
            40.8596761
          ],
          [
            -73.9315129,
            40.8598064
          ],
          [
            -73.9314411,
            40.8599997
          ],
          [
            -73.9313284,
            40.8602816
          ],
          [
            -73.9312372,
            40.8604713
          ],
          [
            -73.9311273,
            40.8606653
          ],
          [
            -73.9310736,
            40.8607482
          ],
          [
            -73.9309972,
            40.8608719
          ],
          [
            -73.9308429,
            40.8610991
          ],
          [
            -73.9306565,
            40.8613872
          ],
          [
            -73.9304969,
            40.8616702
          ],
          [
            -73.9304272,
            40.8617899
          ],
          [
            -73.9303052,
            40.8622432
          ],
          [
            -73.9303105,
            40.8624278
          ],
          [
            -73.9303441,
            40.8625678
          ],
          [
            -73.9304473,
            40.8627625
          ],
          [
            -73.9305278,
            40.8628842
          ],
          [
            -73.9305841,
            40.8630262
          ],
          [
            -73.9305801,
            40.8631665
          ],
          [
            -73.9305784,
            40.8632085
          ],
          [
            -73.930568,
            40.8632504
          ],
          [
            -73.9305305,
            40.8633315
          ],
          [
            -73.9304355,
            40.863457
          ],
          [
            -73.9303518,
            40.8636463
          ],
          [
            -73.930336,
            40.8636804
          ],
          [
            -73.9302086,
            40.8639137
          ],
          [
            -73.9299431,
            40.8641023
          ],
          [
            -73.9297111,
            40.8643569
          ],
          [
            -73.9295153,
            40.8645587
          ],
          [
            -73.9293432,
            40.8646484
          ],
          [
            -73.9293416,
            40.8647
          ],
          [
            -73.9293811,
            40.8647707
          ],
          [
            -73.9293878,
            40.8648143
          ],
          [
            -73.9293905,
            40.8648488
          ],
          [
            -73.929383,
            40.8649179
          ],
          [
            -73.9292755,
            40.8649926
          ],
          [
            -73.929184,
            40.8649712
          ],
          [
            -73.9291087,
            40.8649648
          ],
          [
            -73.9289434,
            40.8650521
          ],
          [
            -73.9287155,
            40.8651726
          ],
          [
            -73.9286634,
            40.8651991
          ],
          [
            -73.9286767,
            40.8652672
          ],
          [
            -73.9286125,
            40.865279
          ],
          [
            -73.9283945,
            40.8653194
          ],
          [
            -73.9282997,
            40.8653369
          ],
          [
            -73.9281593,
            40.8653787
          ],
          [
            -73.9280238,
            40.8654429
          ]
        ]
      }
    },
    {
      "type": "Feature",
      "properties": {
        "scenario": "Inwood - Dyckman St | 5.0mi | round | flat | amenity",
        "shape": "round",
        "target_miles": 5.0,
        "distance_m": 8047.584618651503,
        "candidate_index": 2
      },
      "geometry": {
        "type": "LineString",
        "coordinates": [
          [
            -73.9280238,
            40.8654429
          ],
          [
            -73.9279083,
            40.865329
          ],
          [
            -73.9278865,
            40.8653403
          ],
          [
            -73.9278578,
            40.8653587
          ],
          [
            -73.92782,
            40.8653796
          ],
          [
            -73.9278078,
            40.8653879
          ],
          [
            -73.9277915,
            40.865368
          ],
          [
            -73.9277762,
            40.8653645
          ],
          [
            -73.9277609,
            40.8653672
          ],
          [
            -73.9275983,
            40.8654515
          ],
          [
            -73.9275639,
            40.8654692
          ],
          [
            -73.9275597,
            40.8654748
          ],
          [
            -73.9275678,
            40.8654788
          ],
          [
            -73.9275755,
            40.8654801
          ],
          [
            -73.9275671,
            40.8654875
          ],
          [
            -73.9275315,
            40.8655059
          ],
          [
            -73.927465,
            40.865545
          ],
          [
            -73.9274337,
            40.8655634
          ],
          [
            -73.9274042,
            40.8655807
          ],
          [
            -73.927335,
            40.8656213
          ],
          [
            -73.9272887,
            40.8656532
          ],
          [
            -73.9272575,
            40.8656669
          ],
          [
            -73.9260489,
            40.8660937
          ],
          [
            -73.9260229,
            40.8661017
          ],
          [
            -73.9259639,
            40.8661238
          ],
          [
            -73.9259165,
            40.8661365
          ],
          [
            -73.9258843,
            40.8661493
          ],
          [
            -73.9251842,
            40.8664002
          ],
          [
            -73.9251374,
            40.8664146
          ],
          [
            -73.9250706,
            40.8664388
          ],
          [
            -73.9250089,
            40.8664611
          ],
          [
            -73.9249749,
            40.8664767
          ],
          [
            -73.9232783,
            40.8670838
          ],
          [
            -73.9232532,
            40.8670914
          ],
          [
            -73.923175,
            40.8671184
          ],
          [
            -73.9231054,
            40.8671424
          ],
          [
            -73.9230755,
            40.8671543
          ],
          [
            -73.9230655,
            40.8671579
          ],
          [
            -73.9225048,
            40.8673599
          ],
          [
            -73.9224866,
            40.8673665
          ],
          [
            -73.9221477,
            40.8674891
          ],
          [
            -73.9213809,
            40.8677703
          ],
          [
            -73.9213493,
            40.8677803
          ],
          [
            -73.921279,
            40.8678061
          ],
          [
            -73.9212163,
            40.8678258
          ],
          [
            -73.921183,
            40.8678399
          ],
          [
            -73.9208766,
            40.8679499
          ],
          [
            -73.9202559,
            40.868105
          ],
          [
            -73.9199304,
            40.8681899
          ],
          [
            -73.9198938,
            40.868198
          ],
          [
            -73.9198194,
            40.8682186
          ],
          [
            -73.9197517,
            40.8682353
          ],
          [
            -73.9197188,
            40.8682446
          ],
          [
            -73.9191619,
            40.8683891
          ],
          [
            -73.9191706,
            40.8684065
          ],
          [
            -73.9193013,
            40.8686144
          ],
          [
            -73.9192672,
            40.8686156
          ],
          [
            -73.919182,
            40.8685759
          ],
          [
            -73.9191355,
            40.8685639
          ],
          [
            -73.9190968,
            40.8685699
          ],
          [
            -73.919185,
            40.8687444
          ],
          [
            -73.9192127,
            40.8688777
          ],
          [
            -73.9192078,
            40.8689219
          ],
          [
            -73.9191226,
            40.8688987
          ],
          [
            -73.919076,
            40.8689017
          ],
          [
            -73.9190315,
            40.8688995
          ],
          [
            -73.9189038,
            40.8689157
          ],
          [
            -73.9186645,
            40.8690017
          ],
          [
            -73.9183444,
            40.8691757
          ],
          [
            -73.9183428,
            40.8692777
          ],
          [
            -73.9183347,
            40.8694269
          ],
          [
            -73.9182545,
            40.8694638
          ],
          [
            -73.9181743,
            40.8695007
          ],
          [
            -73.9181823,
            40.8695444
          ],
          [
            -73.9181585,
            40.869548
          ],
          [
            -73.9181231,
            40.8695652
          ],
          [
            -73.9181058,
            40.869581
          ],
          [
            -73.9180929,
            40.8696018
          ],
          [
            -73.9180882,
            40.8696332
          ],
          [
            -73.9180095,
            40.8696441
          ],
          [
            -73.9179151,
            40.869674
          ],
          [
            -73.9174284,
            40.8698978
          ],
          [
            -73.9170165,
            40.8701354
          ],
          [
            -73.9170746,
            40.8701863
          ],
          [
            -73.917019,
            40.8702185
          ],
          [
            -73.916993,
            40.8702346
          ],
          [
            -73.9166702,
            40.8704341
          ],
          [
            -73.9165901,
            40.8704836
          ],
          [
            -73.9165142,
            40.870543
          ],
          [
            -73.9164882,
            40.8706497
          ],
          [
            -73.916601,
            40.8706492
          ],
          [
            -73.9164882,
            40.8706497
          ],
          [
            -73.9165142,
            40.870543
          ],
          [
            -73.9165901,
            40.8704836
          ],
          [
            -73.9166702,
            40.8704341
          ],
          [
            -73.916993,
            40.8702346
          ],
          [
            -73.917019,
            40.8702185
          ],
          [
            -73.9170746,
            40.8701863
          ],
          [
            -73.9170165,
            40.8701354
          ],
          [
            -73.9174284,
            40.8698978
          ],
          [
            -73.9179151,
            40.869674
          ],
          [
            -73.9180095,
            40.8696441
          ],
          [
            -73.9180882,
            40.8696332
          ],
          [
            -73.9180929,
            40.8696018
          ],
          [
            -73.9181058,
            40.869581
          ],
          [
            -73.9181231,
            40.8695652
          ],
          [
            -73.9181585,
            40.869548
          ],
          [
            -73.9181823,
            40.8695444
          ],
          [
            -73.9181743,
            40.8695007
          ],
          [
            -73.9182545,
            40.8694638
          ],
          [
            -73.9183347,
            40.8694269
          ],
          [
            -73.9183428,
            40.8692777
          ],
          [
            -73.9183444,
            40.8691757
          ],
          [
            -73.9186645,
            40.8690017
          ],
          [
            -73.9189038,
            40.8689157
          ],
          [
            -73.9190315,
            40.8688995
          ],
          [
            -73.919076,
            40.8689017
          ],
          [
            -73.9191226,
            40.8688987
          ],
          [
            -73.9192078,
            40.8689219
          ],
          [
            -73.9192127,
            40.8688777
          ],
          [
            -73.919185,
            40.8687444
          ],
          [
            -73.9190968,
            40.8685699
          ],
          [
            -73.9191355,
            40.8685639
          ],
          [
            -73.919182,
            40.8685759
          ],
          [
            -73.9192672,
            40.8686156
          ],
          [
            -73.9193013,
            40.8686144
          ],
          [
            -73.9191706,
            40.8684065
          ],
          [
            -73.9191619,
            40.8683891
          ],
          [
            -73.9197188,
            40.8682446
          ],
          [
            -73.9197517,
            40.8682353
          ],
          [
            -73.9198194,
            40.8682186
          ],
          [
            -73.9198938,
            40.868198
          ],
          [
            -73.9199304,
            40.8681899
          ],
          [
            -73.9202559,
            40.868105
          ],
          [
            -73.9208766,
            40.8679499
          ],
          [
            -73.921183,
            40.8678399
          ],
          [
            -73.9212163,
            40.8678258
          ],
          [
            -73.921279,
            40.8678061
          ],
          [
            -73.9213493,
            40.8677803
          ],
          [
            -73.9213809,
            40.8677703
          ],
          [
            -73.9221477,
            40.8674891
          ],
          [
            -73.9224866,
            40.8673665
          ],
          [
            -73.9225048,
            40.8673599
          ],
          [
            -73.9230655,
            40.8671579
          ],
          [
            -73.9230755,
            40.8671543
          ],
          [
            -73.9231054,
            40.8671424
          ],
          [
            -73.923175,
            40.8671184
          ],
          [
            -73.9232532,
            40.8670914
          ],
          [
            -73.9232783,
            40.8670838
          ],
          [
            -73.9249749,
            40.8664767
          ],
          [
            -73.9250089,
            40.8664611
          ],
          [
            -73.9250706,
            40.8664388
          ],
          [
            -73.9251374,
            40.8664146
          ],
          [
            -73.9251842,
            40.8664002
          ],
          [
            -73.9258843,
            40.8661493
          ],
          [
            -73.9259165,
            40.8661365
          ],
          [
            -73.9259639,
            40.8661238
          ],
          [
            -73.9260229,
            40.8661017
          ],
          [
            -73.9260489,
            40.8660937
          ],
          [
            -73.9272575,
            40.8656669
          ],
          [
            -73.9272887,
            40.8656532
          ],
          [
            -73.927335,
            40.8656213
          ],
          [
            -73.9274042,
            40.8655807
          ],
          [
            -73.9274337,
            40.8655634
          ],
          [
            -73.927465,
            40.865545
          ],
          [
            -73.9275315,
            40.8655059
          ],
          [
            -73.9275671,
            40.8654875
          ],
          [
            -73.9275755,
            40.8654801
          ],
          [
            -73.9275678,
            40.8654788
          ],
          [
            -73.9275597,
            40.8654748
          ],
          [
            -73.9275639,
            40.8654692
          ],
          [
            -73.9275983,
            40.8654515
          ],
          [
            -73.9277609,
            40.8653672
          ],
          [
            -73.9277762,
            40.8653645
          ],
          [
            -73.9277915,
            40.865368
          ],
          [
            -73.9278078,
            40.8653879
          ],
          [
            -73.92782,
            40.8653796
          ],
          [
            -73.9278578,
            40.8653587
          ],
          [
            -73.9278865,
            40.8653403
          ],
          [
            -73.9279083,
            40.865329
          ],
          [
            -73.9280238,
            40.8654429
          ],
          [
            -73.9279083,
            40.865329
          ],
          [
            -73.9281272,
            40.8652149
          ],
          [
            -73.9282884,
            40.8651302
          ],
          [
            -73.9287266,
            40.8648997
          ],
          [
            -73.9289299,
            40.8647849
          ],
          [
            -73.9290352,
            40.8647226
          ],
          [
            -73.9291886,
            40.8646031
          ],
          [
            -73.929233,
            40.864569
          ],
          [
            -73.9294606,
            40.8643815
          ],
          [
            -73.9296576,
            40.8641904
          ],
          [
            -73.9299818,
            40.8637992
          ],
          [
            -73.9301114,
            40.8635412
          ],
          [
            -73.9301802,
            40.8633541
          ],
          [
            -73.930185,
            40.8633245
          ],
          [
            -73.9301892,
            40.8632989
          ],
          [
            -73.930163,
            40.863064
          ],
          [
            -73.9301101,
            40.8626789
          ],
          [
            -73.9300902,
            40.8625349
          ],
          [
            -73.9301141,
            40.8622388
          ],
          [
            -73.9301695,
            40.8620422
          ],
          [
            -73.9302856,
            40.8617399
          ],
          [
            -73.9304272,
            40.8617899
          ],
          [
            -73.9304969,
            40.8616702
          ],
          [
            -73.9305479,
            40.861657
          ],
          [
            -73.9306109,
            40.8616296
          ],
          [
            -73.9306807,
            40.861587
          ],
          [
            -73.930745,
            40.8615546
          ],
          [
            -73.9309757,
            40.8613361
          ],
          [
            -73.931022,
            40.8612941
          ],
          [
            -73.9310669,
            40.8612979
          ],
          [
            -73.9311192,
            40.8611113
          ],
          [
            -73.9311916,
            40.8611404
          ],
          [
            -73.9312277,
            40.8611389
          ],
          [
            -73.9312615,
            40.8611268
          ],
          [
            -73.9313209,
            40.8610861
          ],
          [
            -73.9313879,
            40.8610364
          ],
          [
            -73.9314625,
            40.8609567
          ],
          [
            -73.9315158,
            40.860893
          ],
          [
            -73.9315679,
            40.860842
          ],
          [
            -73.9316336,
            40.8607806
          ],
          [
            -73.9316773,
            40.8607201
          ],
          [
            -73.9317938,
            40.8604939
          ],
          [
            -73.9318477,
            40.8604341
          ],
          [
            -73.931925,
            40.8603737
          ],
          [
            -73.931975,
            40.8603346
          ],
          [
            -73.9320048,
            40.8602957
          ],
          [
            -73.932022,
            40.8602448
          ],
          [
            -73.9320977,
            40.8601656
          ],
          [
            -73.9321411,
            40.8601067
          ],
          [
            -73.9321842,
            40.8600624
          ],
          [
            -73.9321972,
            40.8600555
          ],
          [
            -73.9322572,
            40.8600429
          ],
          [
            -73.9323025,
            40.8600268
          ],
          [
            -73.9323314,
            40.8599963
          ],
          [
            -73.93235,
            40.8599522
          ],
          [
            -73.9323646,
            40.8599217
          ],
          [
            -73.932371,
            40.8599105
          ],
          [
            -73.932374,
            40.8599054
          ],
          [
            -73.9323912,
            40.8598859
          ],
          [
            -73.9324135,
            40.8598675
          ],
          [
            -73.9324475,
            40.8598469
          ],
          [
            -73.9324564,
            40.8598401
          ],
          [
            -73.9325508,
            40.8597571
          ],
          [
            -73.932653,
            40.8597011
          ],
          [
            -73.932755,
            40.8596746
          ],
          [
            -73.932803,
            40.8596676
          ],
          [
            -73.9328878,
            40.8596265
          ],
          [
            -73.9329585,
            40.8595941
          ],
          [
            -73.9330317,
            40.8595723
          ],
          [
            -73.9331805,
            40.8595503
          ],
          [
            -73.9332758,
            40.8595364
          ],
          [
            -73.9333104,
            40.859527
          ],
          [
            -73.9333441,
            40.8595138
          ],
          [
            -73.9334594,
            40.859453
          ],
          [
            -73.9335874,
            40.8593918
          ],
          [
            -73.9336276,
            40.8593716
          ],
          [
            -73.9336561,
            40.8593088
          ],
          [
            -73.9337298,
            40.8593309
          ],
          [
            -73.9338154,
            40.8591451
          ],
          [
            -73.9338196,
            40.8591396
          ],
          [
            -73.9338244,
            40.859136
          ],
          [
            -73.9338303,
            40.859133
          ],
          [
            -73.9338402,
            40.8591295
          ],
          [
            -73.9338502,
            40.8591271
          ],
          [
            -73.9338613,
            40.8591255
          ],
          [
            -73.933871,
            40.859125
          ],
          [
            -73.9338776,
            40.8591255
          ],
          [
            -73.9338859,
            40.8591269
          ],
          [
            -73.9340432,
            40.8591658
          ],
          [
            -73.9340607,
            40.8591682
          ],
          [
            -73.9341185,
            40.8591781
          ],
          [
            -73.9341474,
            40.8591845
          ],
          [
            -73.9342337,
            40.8592036
          ],
          [
            -73.9342827,
            40.8592144
          ],
          [
            -73.9343283,
            40.8592223
          ],
          [
            -73.9343375,
            40.8592335
          ],
          [
            -73.9343474,
            40.8592417
          ],
          [
            -73.934366,
            40.8592524
          ],
          [
            -73.934384,
            40.8592604
          ],
          [
            -73.9345615,
            40.8593094
          ],
          [
            -73.9346813,
            40.8593435
          ],
          [
            -73.934721,
            40.859351
          ],
          [
            -73.9347457,
            40.8593517
          ],
          [
            -73.9347703,
            40.8593504
          ],
          [
            -73.9348123,
            40.8593452
          ],
          [
            -73.9348537,
            40.8593326
          ],
          [
            -73.9348894,
            40.8593164
          ],
          [
            -73.9349707,
            40.8592689
          ],
          [
            -73.935075,
            40.8592
          ],
          [
            -73.9351827,
            40.8591229
          ],
          [
            -73.9352447,
            40.8590745
          ],
          [
            -73.9353837,
            40.8589645
          ],
          [
            -73.9356649,
            40.8586748
          ],
          [
            -73.935784,
            40.8585258
          ],
          [
            -73.9358727,
            40.8584018
          ],
          [
            -73.9359488,
            40.8582882
          ],
          [
            -73.936067,
            40.8580696
          ],
          [
            -73.9360984,
            40.8580111
          ],
          [
            -73.9361613,
            40.8578941
          ],
          [
            -73.9361679,
            40.8578811
          ],
          [
            -73.9362508,
            40.8577167
          ],
          [
            -73.9362748,
            40.8576718
          ],
          [
            -73.9363,
            40.8576246
          ],
          [
            -73.9363228,
            40.8575846
          ],
          [
            -73.9363883,
            40.8574808
          ],
          [
            -73.9364527,
            40.8573886
          ],
          [
            -73.9364612,
            40.8573765
          ],
          [
            -73.9365005,
            40.8573312
          ],
          [
            -73.9365344,
            40.8572887
          ],
          [
            -73.9365489,
            40.8572708
          ],
          [
            -73.936799,
            40.8569628
          ],
          [
            -73.9368372,
            40.8569131
          ],
          [
            -73.9369049,
            40.856825
          ],
          [
            -73.9372014,
            40.8564388
          ],
          [
            -73.9373558,
            40.8562375
          ],
          [
            -73.9374733,
            40.8560848
          ],
          [
            -73.9377156,
            40.8557574
          ],
          [
            -73.937818,
            40.8556301
          ],
          [
            -73.937832,
            40.8556126
          ],
          [
            -73.9378545,
            40.8555795
          ],
          [
            -73.9378758,
            40.8555487
          ],
          [
            -73.9379009,
            40.8555131
          ],
          [
            -73.937929,
            40.8554731
          ],
          [
            -73.9379484,
            40.85545
          ],
          [
            -73.9379666,
            40.855428
          ],
          [
            -73.9379876,
            40.8554011
          ],
          [
            -73.9385455,
            40.854688
          ],
          [
            -73.9386194,
            40.854594
          ],
          [
            -73.9388793,
            40.8542636
          ],
          [
            -73.9394373,
            40.8535307
          ],
          [
            -73.9394756,
            40.8534647
          ],
          [
            -73.9397948,
            40.8523848
          ],
          [
            -73.9400457,
            40.8515358
          ],
          [
            -73.9400744,
            40.8514249
          ],
          [
            -73.9400976,
            40.8514254
          ],
          [
            -73.9401453,
            40.8514259
          ],
          [
            -73.9401939,
            40.8514263
          ],
          [
            -73.9402274,
            40.8514251
          ],
          [
            -73.9402558,
            40.8514054
          ],
          [
            -73.9403217,
            40.8513366
          ],
          [
            -73.9403961,
            40.8513344
          ],
          [
            -73.9406758,
            40.8513213
          ],
          [
            -73.940727,
            40.8513202
          ],
          [
            -73.9407815,
            40.8513206
          ],
          [
            -73.940837,
            40.8513234
          ],
          [
            -73.9408902,
            40.851328
          ],
          [
            -73.9409474,
            40.8513342
          ],
          [
            -73.9411264,
            40.8513601
          ],
          [
            -73.9412123,
            40.8513723
          ],
          [
            -73.9412497,
            40.8513603
          ],
          [
            -73.9412763,
            40.8513482
          ],
          [
            -73.9413019,
            40.8513304
          ],
          [
            -73.9413251,
            40.8513057
          ],
          [
            -73.9413506,
            40.8512747
          ],
          [
            -73.9413939,
            40.8512736
          ],
          [
            -73.9414235,
            40.8512777
          ],
          [
            -73.9414821,
            40.8513022
          ],
          [
            -73.941543,
            40.8513358
          ],
          [
            -73.9415971,
            40.8513684
          ],
          [
            -73.9419408,
            40.8516135
          ],
          [
            -73.9420607,
            40.8515348
          ],
          [
            -73.9422871,
            40.8513594
          ],
          [
            -73.9424724,
            40.8511685
          ],
          [
            -73.9426316,
            40.8509383
          ],
          [
            -73.9427205,
            40.8507301
          ],
          [
            -73.942767,
            40.8505433
          ],
          [
            -73.9428374,
            40.8500918
          ],
          [
            -73.9429626,
            40.849152
          ],
          [
            -73.9430242,
            40.8491584
          ],
          [
            -73.9430761,
            40.8491623
          ],
          [
            -73.943098,
            40.849164
          ],
          [
            -73.9431047,
            40.8491806
          ],
          [
            -73.9431038,
            40.8493299
          ],
          [
            -73.9434015,
            40.8493605
          ],
          [
            -73.9436529,
            40.8493543
          ],
          [
            -73.9434357,
            40.8495649
          ],
          [
            -73.9435574,
            40.8495785
          ],
          [
            -73.9436474,
            40.8495882
          ],
          [
            -73.9437874,
            40.8496297
          ],
          [
            -73.9439906,
            40.8496545
          ],
          [
            -73.944149,
            40.8496554
          ],
          [
            -73.9442985,
            40.8496719
          ],
          [
            -73.9443922,
            40.849692
          ],
          [
            -73.9444847,
            40.8497341
          ],
          [
            -73.9446214,
            40.8498231
          ],
          [
            -73.9446371,
            40.8498457
          ],
          [
            -73.9446423,
            40.8498716
          ],
          [
            -73.9446371,
            40.8498457
          ],
          [
            -73.9446214,
            40.8498231
          ],
          [
            -73.9444847,
            40.8497341
          ],
          [
            -73.9443922,
            40.849692
          ],
          [
            -73.9442985,
            40.8496719
          ],
          [
            -73.944149,
            40.8496554
          ],
          [
            -73.9439906,
            40.8496545
          ],
          [
            -73.9437874,
            40.8496297
          ],
          [
            -73.9436474,
            40.8495882
          ],
          [
            -73.9435574,
            40.8495785
          ],
          [
            -73.9434357,
            40.8495649
          ],
          [
            -73.9436529,
            40.8493543
          ],
          [
            -73.9434015,
            40.8493605
          ],
          [
            -73.9431038,
            40.8493299
          ],
          [
            -73.9431047,
            40.8491806
          ],
          [
            -73.943098,
            40.849164
          ],
          [
            -73.9430761,
            40.8491623
          ],
          [
            -73.9430242,
            40.8491584
          ],
          [
            -73.9430184,
            40.8492174
          ],
          [
            -73.9430106,
            40.8492818
          ],
          [
            -73.942979,
            40.8495277
          ],
          [
            -73.9429047,
            40.8500286
          ],
          [
            -73.9428287,
            40.8505446
          ],
          [
            -73.9428164,
            40.8506139
          ],
          [
            -73.9428011,
            40.8506809
          ],
          [
            -73.9427834,
            40.8507408
          ],
          [
            -73.9427618,
            40.8508022
          ],
          [
            -73.9427401,
            40.8508583
          ],
          [
            -73.9427214,
            40.8509007
          ],
          [
            -73.9427022,
            40.8509395
          ],
          [
            -73.9426768,
            40.8509856
          ],
          [
            -73.9426545,
            40.851023
          ],
          [
            -73.9426312,
            40.8510588
          ],
          [
            -73.9425985,
            40.8511058
          ],
          [
            -73.9425707,
            40.8511474
          ],
          [
            -73.9425391,
            40.8511894
          ],
          [
            -73.9425049,
            40.851232
          ],
          [
            -73.9424745,
            40.8512673
          ],
          [
            -73.9424439,
            40.8513022
          ],
          [
            -73.9424007,
            40.8513471
          ],
          [
            -73.9423513,
            40.8513935
          ],
          [
            -73.942312,
            40.8514314
          ],
          [
            -73.9422732,
            40.8514661
          ],
          [
            -73.942209,
            40.8515185
          ],
          [
            -73.9421607,
            40.8515576
          ],
          [
            -73.942099,
            40.8516056
          ],
          [
            -73.9420354,
            40.8516601
          ],
          [
            -73.9419656,
            40.8517213
          ],
          [
            -73.9415781,
            40.8514401
          ],
          [
            -73.9415476,
            40.8514206
          ],
          [
            -73.9415238,
            40.8514082
          ],
          [
            -73.9414972,
            40.8513978
          ],
          [
            -73.9414708,
            40.8513895
          ],
          [
            -73.9414418,
            40.8513812
          ],
          [
            -73.9413961,
            40.8513712
          ],
          [
            -73.9413471,
            40.8513652
          ],
          [
            -73.9412825,
            40.8514395
          ],
          [
            -73.9412454,
            40.8514822
          ],
          [
            -73.9412254,
            40.8515074
          ],
          [
            -73.9411935,
            40.8514927
          ],
          [
            -73.941061,
            40.8514485
          ],
          [
            -73.9409357,
            40.8514223
          ],
          [
            -73.9407288,
            40.8514075
          ],
          [
            -73.9402274,
            40.8514251
          ],
          [
            -73.9400571,
            40.8519778
          ],
          [
            -73.9399948,
            40.8521911
          ],
          [
            -73.9399356,
            40.8523936
          ],
          [
            -73.9398842,
            40.8525697
          ],
          [
            -73.9398292,
            40.8527597
          ],
          [
            -73.9397753,
            40.8529471
          ],
          [
            -73.9397222,
            40.8531352
          ],
          [
            -73.9396681,
            40.8533273
          ],
          [
            -73.9396105,
            40.8535319
          ],
          [
            -73.9396085,
            40.8535389
          ],
          [
            -73.9395112,
            40.8536613
          ],
          [
            -73.9394361,
            40.8537557
          ],
          [
            -73.9393845,
            40.8538206
          ],
          [
            -73.939365,
            40.8538452
          ],
          [
            -73.939255,
            40.8539905
          ],
          [
            -73.9391286,
            40.8541576
          ],
          [
            -73.9390117,
            40.8543121
          ],
          [
            -73.9388632,
            40.8545082
          ],
          [
            -73.938847,
            40.8545296
          ],
          [
            -73.938792,
            40.8546023
          ],
          [
            -73.938757,
            40.8546521
          ],
          [
            -73.9387475,
            40.8546656
          ],
          [
            -73.938718,
            40.8547059
          ],
          [
            -73.9386959,
            40.8547366
          ],
          [
            -73.9386833,
            40.854753
          ],
          [
            -73.9380498,
            40.8555806
          ],
          [
            -73.9380385,
            40.8555954
          ],
          [
            -73.9380047,
            40.85564
          ],
          [
            -73.9379791,
            40.8556743
          ],
          [
            -73.9379632,
            40.855691
          ],
          [
            -73.9377337,
            40.8559922
          ],
          [
            -73.9373643,
            40.8564579
          ],
          [
            -73.93712,
            40.856787
          ],
          [
            -73.9368891,
            40.857082
          ],
          [
            -73.9366141,
            40.8574375
          ],
          [
            -73.9364909,
            40.8575982
          ],
          [
            -73.9364478,
            40.8576704
          ],
          [
            -73.9363164,
            40.8579133
          ],
          [
            -73.9360984,
            40.8583203
          ],
          [
            -73.9360164,
            40.858455
          ],
          [
            -73.935929,
            40.8585846
          ],
          [
            -73.9358368,
            40.858706
          ],
          [
            -73.9357328,
            40.8588245
          ],
          [
            -73.9356278,
            40.8589379
          ],
          [
            -73.9354713,
            40.8590786
          ],
          [
            -73.9354097,
            40.8591298
          ],
          [
            -73.9353455,
            40.8591828
          ],
          [
            -73.9352224,
            40.8592722
          ],
          [
            -73.9351086,
            40.8593506
          ],
          [
            -73.9350451,
            40.8593895
          ],
          [
            -73.9349813,
            40.8594219
          ],
          [
            -73.9349507,
            40.8594362
          ],
          [
            -73.9349155,
            40.859449
          ],
          [
            -73.9348403,
            40.8594661
          ],
          [
            -73.934773,
            40.8594731
          ],
          [
            -73.93473,
            40.8594734
          ],
          [
            -73.9346622,
            40.8594665
          ],
          [
            -73.9346068,
            40.8594567
          ],
          [
            -73.9345074,
            40.8594323
          ],
          [
            -73.9344452,
            40.8595717
          ],
          [
            -73.9344414,
            40.8595778
          ],
          [
            -73.9344362,
            40.8595833
          ],
          [
            -73.9344287,
            40.8595882
          ],
          [
            -73.9344201,
            40.8595927
          ],
          [
            -73.9341674,
            40.8596812
          ],
          [
            -73.9341532,
            40.8596857
          ],
          [
            -73.9341471,
            40.8596859
          ],
          [
            -73.9341408,
            40.8596852
          ],
          [
            -73.9339831,
            40.8596356
          ],
          [
            -73.9339561,
            40.8597016
          ],
          [
            -73.9339038,
            40.8598348
          ],
          [
            -73.9338573,
            40.8598241
          ],
          [
            -73.9338099,
            40.8598186
          ],
          [
            -73.93377,
            40.8598188
          ],
          [
            -73.9337316,
            40.8598251
          ],
          [
            -73.9337005,
            40.8598341
          ],
          [
            -73.9336686,
            40.8598437
          ],
          [
            -73.9336222,
            40.8598725
          ],
          [
            -73.9335665,
            40.8599141
          ],
          [
            -73.9335211,
            40.8599786
          ],
          [
            -73.9334474,
            40.8601358
          ],
          [
            -73.9334093,
            40.8602179
          ],
          [
            -73.9333445,
            40.8603217
          ],
          [
            -73.9329592,
            40.8608783
          ],
          [
            -73.9328738,
            40.8610114
          ],
          [
            -73.9327859,
            40.8611431
          ],
          [
            -73.9327598,
            40.8611747
          ],
          [
            -73.932568,
            40.8611818
          ],
          [
            -73.9325251,
            40.8611801
          ],
          [
            -73.9323522,
            40.8611734
          ],
          [
            -73.9323353,
            40.8611727
          ],
          [
            -73.9322651,
            40.8611736
          ],
          [
            -73.9321885,
            40.8611788
          ],
          [
            -73.9321042,
            40.8611966
          ],
          [
            -73.9320557,
            40.8612049
          ],
          [
            -73.9319639,
            40.8612284
          ],
          [
            -73.9318248,
            40.8612826
          ],
          [
            -73.9317497,
            40.8613177
          ],
          [
            -73.9317134,
            40.8613467
          ],
          [
            -73.9316929,
            40.861379
          ],
          [
            -73.9316858,
            40.8614221
          ],
          [
            -73.9316902,
            40.8614651
          ],
          [
            -73.9317109,
            40.8615122
          ],
          [
            -73.9317173,
            40.861557
          ],
          [
            -73.9317126,
            40.8616042
          ],
          [
            -73.9316917,
            40.8616387
          ],
          [
            -73.9316422,
            40.861693
          ],
          [
            -73.931594,
            40.8617493
          ],
          [
            -73.9314714,
            40.8617551
          ],
          [
            -73.9314191,
            40.8617681
          ],
          [
            -73.9313716,
            40.8617883
          ],
          [
            -73.9313436,
            40.8618209
          ],
          [
            -73.9313427,
            40.8618685
          ],
          [
            -73.9313699,
            40.8619323
          ],
          [
            -73.9315323,
            40.862085
          ],
          [
            -73.9313874,
            40.8621854
          ],
          [
            -73.9313982,
            40.8622463
          ],
          [
            -73.9314143,
            40.8623051
          ],
          [
            -73.9314585,
            40.8623791
          ],
          [
            -73.9315162,
            40.8624491
          ],
          [
            -73.9315738,
            40.8624775
          ],
          [
            -73.9316972,
            40.8625424
          ],
          [
            -73.9318133,
            40.862635
          ],
          [
            -73.9318622,
            40.8627818
          ],
          [
            -73.9318681,
            40.862809
          ],
          [
            -73.931865,
            40.862833
          ],
          [
            -73.9318568,
            40.8628609
          ],
          [
            -73.9318273,
            40.862937
          ],
          [
            -73.9317831,
            40.8630252
          ],
          [
            -73.931716,
            40.8631094
          ],
          [
            -73.9316288,
            40.8631855
          ],
          [
            -73.9315762,
            40.8632232
          ],
          [
            -73.931545,
            40.8632455
          ],
          [
            -73.9315296,
            40.8632565
          ],
          [
            -73.9313284,
            40.8633711
          ],
          [
            -73.9310294,
            40.8634897
          ],
          [
            -73.9308215,
            40.8635841
          ],
          [
            -73.9305466,
            40.8637342
          ],
          [
            -73.9304956,
            40.8637687
          ],
          [
            -73.9302086,
            40.8639137
          ],
          [
            -73.9299431,
            40.8641023
          ],
          [
            -73.9297111,
            40.8643569
          ],
          [
            -73.9295153,
            40.8645587
          ],
          [
            -73.9293432,
            40.8646484
          ],
          [
            -73.9293416,
            40.8647
          ],
          [
            -73.9293811,
            40.8647707
          ],
          [
            -73.9293878,
            40.8648143
          ],
          [
            -73.9293905,
            40.8648488
          ],
          [
            -73.929383,
            40.8649179
          ],
          [
            -73.9292755,
            40.8649926
          ],
          [
            -73.929184,
            40.8649712
          ],
          [
            -73.9291087,
            40.8649648
          ],
          [
            -73.9289434,
            40.8650521
          ],
          [
            -73.9287155,
            40.8651726
          ],
          [
            -73.9286634,
            40.8651991
          ],
          [
            -73.9286767,
            40.8652672
          ],
          [
            -73.9286125,
            40.865279
          ],
          [
            -73.9283945,
            40.8653194
          ],
          [
            -73.9282997,
            40.8653369
          ],
          [
            -73.9281593,
            40.8653787
          ],
          [
            -73.9280238,
            40.8654429
          ]
        ]
      }
    },
    {
      "type": "Feature",
      "properties": {
        "scenario": "Inwood - Dyckman St | 5.0mi | round | flat | amenity",
        "shape": "round",
        "target_miles": 5.0,
        "distance_m": 8047.953849406496,
        "candidate_index": 3
      },
      "geometry": {
        "type": "LineString",
        "coordinates": [
          [
            -73.9280238,
            40.8654429
          ],
          [
            -73.9279083,
            40.865329
          ],
          [
            -73.9281272,
            40.8652149
          ],
          [
            -73.9282884,
            40.8651302
          ],
          [
            -73.9287266,
            40.8648997
          ],
          [
            -73.9289299,
            40.8647849
          ],
          [
            -73.9290352,
            40.8647226
          ],
          [
            -73.9290243,
            40.8647087
          ],
          [
            -73.9289665,
            40.8646215
          ],
          [
            -73.9289166,
            40.8645463
          ],
          [
            -73.9288996,
            40.8645236
          ],
          [
            -73.9290762,
            40.8643694
          ],
          [
            -73.9293105,
            40.8641676
          ],
          [
            -73.9295992,
            40.8638737
          ],
          [
            -73.9297413,
            40.8636925
          ],
          [
            -73.9298366,
            40.863487
          ],
          [
            -73.9298469,
            40.8634625
          ],
          [
            -73.9298727,
            40.8634053
          ],
          [
            -73.9298941,
            40.8633579
          ],
          [
            -73.9298995,
            40.863334
          ],
          [
            -73.9298887,
            40.8631523
          ],
          [
            -73.9298751,
            40.8629806
          ],
          [
            -73.9298668,
            40.8628761
          ],
          [
            -73.9298396,
            40.8627084
          ],
          [
            -73.9297966,
            40.8625066
          ],
          [
            -73.9297507,
            40.8624605
          ],
          [
            -73.9297761,
            40.8624418
          ],
          [
            -73.9298048,
            40.8624191
          ],
          [
            -73.9298324,
            40.8623992
          ],
          [
            -73.9298356,
            40.8623788
          ],
          [
            -73.9298515,
            40.8622743
          ],
          [
            -73.9298558,
            40.8622464
          ],
          [
            -73.929857,
            40.8622239
          ],
          [
            -73.9298608,
            40.8621511
          ],
          [
            -73.9298629,
            40.8621119
          ],
          [
            -73.9298654,
            40.8620801
          ],
          [
            -73.9298733,
            40.8620246
          ],
          [
            -73.9298848,
            40.8619672
          ],
          [
            -73.9299069,
            40.8618983
          ],
          [
            -73.92994,
            40.8618022
          ],
          [
            -73.9301765,
            40.8613758
          ],
          [
            -73.9306046,
            40.8606676
          ],
          [
            -73.930615,
            40.8606505
          ],
          [
            -73.9306397,
            40.8606013
          ],
          [
            -73.9306524,
            40.860576
          ],
          [
            -73.9306637,
            40.8605568
          ],
          [
            -73.9307553,
            40.8604006
          ],
          [
            -73.9308487,
            40.860185
          ],
          [
            -73.9309759,
            40.8598873
          ],
          [
            -73.9310661,
            40.8596741
          ],
          [
            -73.9310771,
            40.8596027
          ],
          [
            -73.9311447,
            40.8594863
          ],
          [
            -73.9311741,
            40.8594122
          ],
          [
            -73.9311788,
            40.8593955
          ],
          [
            -73.9311946,
            40.8593214
          ],
          [
            -73.9312057,
            40.8592692
          ],
          [
            -73.9312161,
            40.8592396
          ],
          [
            -73.9312277,
            40.8591884
          ],
          [
            -73.9312315,
            40.8591582
          ],
          [
            -73.931236,
            40.8591233
          ],
          [
            -73.9312457,
            40.8590902
          ],
          [
            -73.9312485,
            40.8590849
          ],
          [
            -73.9316614,
            40.8582896
          ],
          [
            -73.9316699,
            40.8582739
          ],
          [
            -73.9316921,
            40.8582329
          ],
          [
            -73.9317106,
            40.8581989
          ],
          [
            -73.9317223,
            40.8581768
          ],
          [
            -73.9318851,
            40.8578668
          ],
          [
            -73.9319511,
            40.857737
          ],
          [
            -73.9324746,
            40.856748
          ],
          [
            -73.9324817,
            40.8567346
          ],
          [
            -73.9325079,
            40.8566829
          ],
          [
            -73.9325332,
            40.8566331
          ],
          [
            -73.9325431,
            40.8566138
          ],
          [
            -73.9326357,
            40.8564349
          ],
          [
            -73.9329582,
            40.8558338
          ],
          [
            -73.9330944,
            40.8555739
          ],
          [
            -73.9331577,
            40.8553802
          ],
          [
            -73.9331975,
            40.8552585
          ],
          [
            -73.933535,
            40.8542282
          ],
          [
            -73.9335425,
            40.8542054
          ],
          [
            -73.9335694,
            40.8541399
          ],
          [
            -73.9335901,
            40.8540894
          ],
          [
            -73.9336039,
            40.8540632
          ],
          [
            -73.9339532,
            40.8533973
          ],
          [
            -73.9340432,
            40.8532174
          ],
          [
            -73.9339532,
            40.8533973
          ],
          [
            -73.9336039,
            40.8540632
          ],
          [
            -73.9335901,
            40.8540894
          ],
          [
            -73.9335694,
            40.8541399
          ],
          [
            -73.9335425,
            40.8542054
          ],
          [
            -73.933535,
            40.8542282
          ],
          [
            -73.9331975,
            40.8552585
          ],
          [
            -73.9331577,
            40.8553802
          ],
          [
            -73.9330944,
            40.8555739
          ],
          [
            -73.9329582,
            40.8558338
          ],
          [
            -73.9326357,
            40.8564349
          ],
          [
            -73.9325431,
            40.8566138
          ],
          [
            -73.9325332,
            40.8566331
          ],
          [
            -73.9325079,
            40.8566829
          ],
          [
            -73.9324817,
            40.8567346
          ],
          [
            -73.9324746,
            40.856748
          ],
          [
            -73.9319511,
            40.857737
          ],
          [
            -73.9318851,
            40.8578668
          ],
          [
            -73.9317223,
            40.8581768
          ],
          [
            -73.9317106,
            40.8581989
          ],
          [
            -73.9316921,
            40.8582329
          ],
          [
            -73.9316699,
            40.8582739
          ],
          [
            -73.9316614,
            40.8582896
          ],
          [
            -73.9312485,
            40.8590849
          ],
          [
            -73.9312457,
            40.8590902
          ],
          [
            -73.931236,
            40.8591233
          ],
          [
            -73.9312315,
            40.8591582
          ],
          [
            -73.9312277,
            40.8591884
          ],
          [
            -73.9312161,
            40.8592396
          ],
          [
            -73.9312057,
            40.8592692
          ],
          [
            -73.9311946,
            40.8593214
          ],
          [
            -73.9311788,
            40.8593955
          ],
          [
            -73.9311741,
            40.8594122
          ],
          [
            -73.9311447,
            40.8594863
          ],
          [
            -73.9310771,
            40.8596027
          ],
          [
            -73.9310661,
            40.8596741
          ],
          [
            -73.9309759,
            40.8598873
          ],
          [
            -73.9308487,
            40.860185
          ],
          [
            -73.9307553,
            40.8604006
          ],
          [
            -73.9306637,
            40.8605568
          ],
          [
            -73.9306524,
            40.860576
          ],
          [
            -73.9306397,
            40.8606013
          ],
          [
            -73.930615,
            40.8606505
          ],
          [
            -73.9306046,
            40.8606676
          ],
          [
            -73.9301765,
            40.8613758
          ],
          [
            -73.92994,
            40.8618022
          ],
          [
            -73.9299069,
            40.8618983
          ],
          [
            -73.9298848,
            40.8619672
          ],
          [
            -73.9298733,
            40.8620246
          ],
          [
            -73.9298654,
            40.8620801
          ],
          [
            -73.9298629,
            40.8621119
          ],
          [
            -73.9298608,
            40.8621511
          ],
          [
            -73.929857,
            40.8622239
          ],
          [
            -73.9298558,
            40.8622464
          ],
          [
            -73.9298515,
            40.8622743
          ],
          [
            -73.9298356,
            40.8623788
          ],
          [
            -73.9298324,
            40.8623992
          ],
          [
            -73.9298048,
            40.8624191
          ],
          [
            -73.9297761,
            40.8624418
          ],
          [
            -73.9297507,
            40.8624605
          ],
          [
            -73.9297966,
            40.8625066
          ],
          [
            -73.9298396,
            40.8627084
          ],
          [
            -73.9298668,
            40.8628761
          ],
          [
            -73.9298751,
            40.8629806
          ],
          [
            -73.9298887,
            40.8631523
          ],
          [
            -73.9298995,
            40.863334
          ],
          [
            -73.9298941,
            40.8633579
          ],
          [
            -73.9298727,
            40.8634053
          ],
          [
            -73.9298469,
            40.8634625
          ],
          [
            -73.9298366,
            40.863487
          ],
          [
            -73.9297413,
            40.8636925
          ],
          [
            -73.9295992,
            40.8638737
          ],
          [
            -73.9293105,
            40.8641676
          ],
          [
            -73.9290762,
            40.8643694
          ],
          [
            -73.9288996,
            40.8645236
          ],
          [
            -73.9289166,
            40.8645463
          ],
          [
            -73.9289665,
            40.8646215
          ],
          [
            -73.9290243,
            40.8647087
          ],
          [
            -73.9290352,
            40.8647226
          ],
          [
            -73.9289299,
            40.8647849
          ],
          [
            -73.9287266,
            40.8648997
          ],
          [
            -73.9282884,
            40.8651302
          ],
          [
            -73.9281272,
            40.8652149
          ],
          [
            -73.9279083,
            40.865329
          ],
          [
            -73.9280238,
            40.8654429
          ],
          [
            -73.9279083,
            40.865329
          ],
          [
            -73.9278865,
            40.8653403
          ],
          [
            -73.9278578,
            40.8653587
          ],
          [
            -73.92782,
            40.8653796
          ],
          [
            -73.9278078,
            40.8653879
          ],
          [
            -73.9277915,
            40.865368
          ],
          [
            -73.9277762,
            40.8653645
          ],
          [
            -73.9277609,
            40.8653672
          ],
          [
            -73.9275983,
            40.8654515
          ],
          [
            -73.9275773,
            40.8654449
          ],
          [
            -73.9274931,
            40.8654184
          ],
          [
            -73.9273929,
            40.8653895
          ],
          [
            -73.927372,
            40.865372
          ],
          [
            -73.9268655,
            40.864648
          ],
          [
            -73.9268128,
            40.8645673
          ],
          [
            -73.9267176,
            40.8644215
          ],
          [
            -73.9262083,
            40.8636349
          ],
          [
            -73.9261921,
            40.8636074
          ],
          [
            -73.9261393,
            40.8635276
          ],
          [
            -73.9260979,
            40.863465
          ],
          [
            -73.9260808,
            40.8634369
          ],
          [
            -73.9255604,
            40.8626202
          ],
          [
            -73.9254704,
            40.8624798
          ],
          [
            -73.9249447,
            40.8616597
          ],
          [
            -73.9249412,
            40.8616298
          ],
          [
            -73.9249378,
            40.8615727
          ],
          [
            -73.9249363,
            40.8615471
          ],
          [
            -73.9249344,
            40.8615207
          ],
          [
            -73.924931,
            40.861478
          ],
          [
            -73.9249291,
            40.8614537
          ],
          [
            -73.924938,
            40.8614092
          ],
          [
            -73.9249005,
            40.8613945
          ],
          [
            -73.924876,
            40.8613886
          ],
          [
            -73.924819,
            40.8613748
          ],
          [
            -73.9247987,
            40.8613719
          ],
          [
            -73.924761,
            40.861382
          ],
          [
            -73.9241751,
            40.8604725
          ],
          [
            -73.9240134,
            40.8602214
          ],
          [
            -73.9232704,
            40.8590381
          ],
          [
            -73.9231669,
            40.858871
          ],
          [
            -73.9231154,
            40.8587879
          ],
          [
            -73.9230842,
            40.8587273
          ],
          [
            -73.9230782,
            40.8584783
          ],
          [
            -73.9230554,
            40.8580066
          ],
          [
            -73.9230336,
            40.8576638
          ],
          [
            -73.923004,
            40.8571647
          ],
          [
            -73.9229786,
            40.8565168
          ],
          [
            -73.9230376,
            40.8560561
          ],
          [
            -73.9231435,
            40.8556858
          ],
          [
            -73.9232521,
            40.8553896
          ],
          [
            -73.9233916,
            40.8551137
          ],
          [
            -73.9235063,
            40.8549317
          ],
          [
            -73.9236464,
            40.8547065
          ],
          [
            -73.9237973,
            40.8545152
          ],
          [
            -73.9241346,
            40.8540841
          ],
          [
            -73.9245007,
            40.853582
          ],
          [
            -73.9249058,
            40.8530267
          ],
          [
            -73.9259545,
            40.8515005
          ],
          [
            -73.9264132,
            40.850767
          ],
          [
            -73.9270247,
            40.8498712
          ],
          [
            -73.9284168,
            40.848016
          ],
          [
            -73.9286448,
            40.847678
          ],
          [
            -73.9287976,
            40.8473453
          ],
          [
            -73.9289412,
            40.8471039
          ],
          [
            -73.9289741,
            40.8470369
          ],
          [
            -73.9290002,
            40.8469827
          ],
          [
            -73.9290197,
            40.8469356
          ],
          [
            -73.9290412,
            40.8468798
          ],
          [
            -73.9290653,
            40.8467929
          ],
          [
            -73.9290841,
            40.8467397
          ],
          [
            -73.9291001,
            40.8467006
          ],
          [
            -73.929123,
            40.8466545
          ],
          [
            -73.9291504,
            40.8466043
          ],
          [
            -73.9293358,
            40.8463335
          ],
          [
            -73.9293991,
            40.8463555
          ],
          [
            -73.929381,
            40.8463803
          ],
          [
            -73.9294287,
            40.8463963
          ],
          [
            -73.9294669,
            40.8463715
          ],
          [
            -73.9294475,
            40.8464125
          ],
          [
            -73.9294394,
            40.8464445
          ],
          [
            -73.9294864,
            40.8464562
          ],
          [
            -73.9295199,
            40.8464283
          ],
          [
            -73.9296889,
            40.8465277
          ],
          [
            -73.9296218,
            40.8466697
          ],
          [
            -73.9295843,
            40.8468259
          ],
          [
            -73.9295864,
            40.8470178
          ],
          [
            -73.9295228,
            40.8470202
          ],
          [
            -73.9294302,
            40.8470209
          ],
          [
            -73.9293888,
            40.8470678
          ],
          [
            -73.9293739,
            40.8470815
          ],
          [
            -73.9292919,
            40.8471567
          ],
          [
            -73.9292571,
            40.8472135
          ],
          [
            -73.929241,
            40.8472764
          ],
          [
            -73.9290337,
            40.8474548
          ],
          [
            -73.9290124,
            40.8475238
          ],
          [
            -73.9289961,
            40.8475766
          ],
          [
            -73.9290103,
            40.8476112
          ],
          [
            -73.9293348,
            40.8476436
          ],
          [
            -73.9293483,
            40.8477126
          ],
          [
            -73.929378,
            40.8477374
          ],
          [
            -73.9293914,
            40.8477876
          ],
          [
            -73.9294203,
            40.8478545
          ],
          [
            -73.9293693,
            40.8479529
          ],
          [
            -73.9293646,
            40.8479748
          ],
          [
            -73.9292871,
            40.8481395
          ],
          [
            -73.9291476,
            40.8483263
          ],
          [
            -73.9289305,
            40.8484898
          ],
          [
            -73.928858,
            40.8486072
          ],
          [
            -73.9288359,
            40.8487231
          ],
          [
            -73.9287775,
            40.8489106
          ],
          [
            -73.9286635,
            40.8491226
          ],
          [
            -73.9284356,
            40.8494016
          ],
          [
            -73.9281499,
            40.8495132
          ],
          [
            -73.9279166,
            40.8497232
          ],
          [
            -73.9275907,
            40.8500377
          ],
          [
            -73.9273244,
            40.8503653
          ],
          [
            -73.927243,
            40.8504941
          ],
          [
            -73.9270128,
            40.8507433
          ],
          [
            -73.926979,
            40.850804
          ],
          [
            -73.9269161,
            40.8509161
          ],
          [
            -73.9268993,
            40.8509633
          ],
          [
            -73.9268697,
            40.8510901
          ],
          [
            -73.9268241,
            40.8512138
          ],
          [
            -73.9267753,
            40.8513057
          ],
          [
            -73.926727,
            40.851453
          ],
          [
            -73.9267042,
            40.8514933
          ],
          [
            -73.926562,
            40.8516699
          ],
          [
            -73.9265319,
            40.851744
          ],
          [
            -73.9265238,
            40.851819
          ],
          [
            -73.9265506,
            40.8521105
          ],
          [
            -73.9265462,
            40.8521702
          ],
          [
            -73.9264816,
            40.8523221
          ],
          [
            -73.9264199,
            40.8524114
          ],
          [
            -73.9262254,
            40.8526163
          ],
          [
            -73.9261174,
            40.8528278
          ],
          [
            -73.9261014,
            40.8528768
          ],
          [
            -73.9259861,
            40.8530745
          ],
          [
            -73.9257144,
            40.8534542
          ],
          [
            -73.9255678,
            40.8537269
          ],
          [
            -73.9254449,
            40.8538835
          ],
          [
            -73.9252907,
            40.8540011
          ],
          [
            -73.9250681,
            40.8541898
          ],
          [
            -73.9249286,
            40.854415
          ],
          [
            -73.9248051,
            40.8545984
          ],
          [
            -73.9245276,
            40.8548319
          ],
          [
            -73.9243479,
            40.8549851
          ],
          [
            -73.92425,
            40.8551859
          ],
          [
            -73.9241077,
            40.8553663
          ],
          [
            -73.9239767,
            40.8554251
          ],
          [
            -73.9238433,
            40.8554566
          ],
          [
            -73.9238168,
            40.8554852
          ],
          [
            -73.923786,
            40.8556363
          ],
          [
            -73.923798,
            40.8557761
          ],
          [
            -73.9238572,
            40.8558455
          ],
          [
            -73.9239284,
            40.8559397
          ],
          [
            -73.9239227,
            40.8560479
          ],
          [
            -73.9238543,
            40.8561534
          ],
          [
            -73.923676,
            40.8563857
          ],
          [
            -73.9235525,
            40.8565308
          ],
          [
            -73.9234399,
            40.8566951
          ],
          [
            -73.9233542,
            40.8568504
          ],
          [
            -73.9233347,
            40.8569487
          ],
          [
            -73.9233252,
            40.8572529
          ],
          [
            -73.9232838,
            40.8575284
          ],
          [
            -73.9232476,
            40.8577203
          ],
          [
            -73.9232276,
            40.857866
          ],
          [
            -73.9232196,
            40.8579967
          ],
          [
            -73.9232254,
            40.8582896
          ],
          [
            -73.9231731,
            40.8585503
          ],
          [
            -73.9232064,
            40.8585778
          ],
          [
            -73.9232321,
            40.8586342
          ],
          [
            -73.9232206,
            40.8586806
          ],
          [
            -73.9231667,
            40.8587217
          ],
          [
            -73.9230842,
            40.8587273
          ],
          [
            -73.9231154,
            40.8587879
          ],
          [
            -73.9231669,
            40.858871
          ],
          [
            -73.9231352,
            40.8589242
          ],
          [
            -73.9230936,
            40.8589956
          ],
          [
            -73.9230484,
            40.8590719
          ],
          [
            -73.9230132,
            40.8591312
          ],
          [
            -73.9229855,
            40.8591678
          ],
          [
            -73.9230163,
            40.8591865
          ],
          [
            -73.9230356,
            40.8592032
          ],
          [
            -73.923265,
            40.8595404
          ],
          [
            -73.9235562,
            40.8599905
          ],
          [
            -73.9238272,
            40.8604094
          ],
          [
            -73.9239612,
            40.8606141
          ],
          [
            -73.9244863,
            40.8614163
          ],
          [
            -73.9245116,
            40.8614613
          ],
          [
            -73.9245265,
            40.8614877
          ],
          [
            -73.9245419,
            40.8615149
          ],
          [
            -73.9245646,
            40.8615588
          ],
          [
            -73.9245879,
            40.8616011
          ],
          [
            -73.9246172,
            40.8616531
          ],
          [
            -73.924629,
            40.8616759
          ],
          [
            -73.9246344,
            40.8616856
          ],
          [
            -73.9246672,
            40.8617412
          ],
          [
            -73.9246768,
            40.8617629
          ],
          [
            -73.9252161,
            40.8625723
          ],
          [
            -73.9252268,
            40.8625878
          ],
          [
            -73.9252585,
            40.862639
          ],
          [
            -73.9252922,
            40.8626898
          ],
          [
            -73.9253055,
            40.8627129
          ],
          [
            -73.9254397,
            40.862926
          ],
          [
            -73.925827,
            40.8635328
          ],
          [
            -73.9258434,
            40.8635577
          ],
          [
            -73.9258853,
            40.8636214
          ],
          [
            -73.9259351,
            40.8636971
          ],
          [
            -73.9259528,
            40.8637288
          ],
          [
            -73.9264587,
            40.8645227
          ],
          [
            -73.9264718,
            40.8645395
          ],
          [
            -73.9265061,
            40.864592
          ],
          [
            -73.926539,
            40.864643
          ],
          [
            -73.9265575,
            40.8646672
          ],
          [
            -73.9270315,
            40.8654175
          ],
          [
            -73.9270708,
            40.8654352
          ],
          [
            -73.9270967,
            40.8654566
          ],
          [
            -73.9270984,
            40.8654745
          ],
          [
            -73.9270992,
            40.8654827
          ],
          [
            -73.9271103,
            40.8655
          ],
          [
            -73.9271619,
            40.8655693
          ],
          [
            -73.9272475,
            40.865539
          ],
          [
            -73.9272714,
            40.8655306
          ],
          [
            -73.927516,
            40.8655045
          ],
          [
            -73.9275315,
            40.8655059
          ],
          [
            -73.9280646,
            40.8655549
          ],
          [
            -73.928253,
            40.8655722
          ],
          [
            -73.9283189,
            40.8655976
          ],
          [
            -73.9283284,
            40.8655583
          ],
          [
            -73.9283347,
            40.8655281
          ],
          [
            -73.9280888,
            40.8655071
          ],
          [
            -73.9280238,
            40.8654429
          ]
        ]
      }
    },
    {
      "type": "Feature",
      "properties": {
        "scenario": "Inwood - Dyckman St | 5.0mi | round | flat | amenity",
        "shape": "round",
        "target_miles": 5.0,
        "distance_m": 8048.893179953062,
        "candidate_index": 4
      },
      "geometry": {
        "type": "LineString",
        "coordinates": [
          [
            -73.9280238,
            40.8654429
          ],
          [
            -73.9279083,
            40.865329
          ],
          [
            -73.9281272,
            40.8652149
          ],
          [
            -73.9282884,
            40.8651302
          ],
          [
            -73.9287266,
            40.8648997
          ],
          [
            -73.9289299,
            40.8647849
          ],
          [
            -73.9290352,
            40.8647226
          ],
          [
            -73.9291886,
            40.8646031
          ],
          [
            -73.929233,
            40.864569
          ],
          [
            -73.9294606,
            40.8643815
          ],
          [
            -73.9296576,
            40.8641904
          ],
          [
            -73.9299818,
            40.8637992
          ],
          [
            -73.9301114,
            40.8635412
          ],
          [
            -73.9301802,
            40.8633541
          ],
          [
            -73.930185,
            40.8633245
          ],
          [
            -73.9301892,
            40.8632989
          ],
          [
            -73.930163,
            40.863064
          ],
          [
            -73.9301101,
            40.8626789
          ],
          [
            -73.9300902,
            40.8625349
          ],
          [
            -73.9301141,
            40.8622388
          ],
          [
            -73.9301695,
            40.8620422
          ],
          [
            -73.9302856,
            40.8617399
          ],
          [
            -73.9303764,
            40.861593
          ],
          [
            -73.9305358,
            40.8613221
          ],
          [
            -73.9307581,
            40.8609542
          ],
          [
            -73.9308693,
            40.8607589
          ],
          [
            -73.9308732,
            40.8607521
          ],
          [
            -73.9309312,
            40.8606528
          ],
          [
            -73.9309345,
            40.8606448
          ],
          [
            -73.9314183,
            40.8594799
          ],
          [
            -73.9314371,
            40.8594432
          ],
          [
            -73.9314426,
            40.8594224
          ],
          [
            -73.931462,
            40.8593709
          ],
          [
            -73.9314707,
            40.8593476
          ],
          [
            -73.9314804,
            40.8593207
          ],
          [
            -73.9320179,
            40.8594762
          ],
          [
            -73.9320734,
            40.859486
          ],
          [
            -73.9321289,
            40.8594778
          ],
          [
            -73.9321876,
            40.8594556
          ],
          [
            -73.9322268,
            40.859407
          ],
          [
            -73.9325106,
            40.8588487
          ],
          [
            -73.9325801,
            40.8587223
          ],
          [
            -73.932874,
            40.8581635
          ],
          [
            -73.9325801,
            40.8587223
          ],
          [
            -73.9325106,
            40.8588487
          ],
          [
            -73.9322268,
            40.859407
          ],
          [
            -73.9321876,
            40.8594556
          ],
          [
            -73.9321289,
            40.8594778
          ],
          [
            -73.9320734,
            40.859486
          ],
          [
            -73.9320179,
            40.8594762
          ],
          [
            -73.9314804,
            40.8593207
          ],
          [
            -73.9314707,
            40.8593476
          ],
          [
            -73.931462,
            40.8593709
          ],
          [
            -73.9314426,
            40.8594224
          ],
          [
            -73.9314371,
            40.8594432
          ],
          [
            -73.9314183,
            40.8594799
          ],
          [
            -73.9309345,
            40.8606448
          ],
          [
            -73.9309312,
            40.8606528
          ],
          [
            -73.9308732,
            40.8607521
          ],
          [
            -73.9308693,
            40.8607589
          ],
          [
            -73.9307581,
            40.8609542
          ],
          [
            -73.9305358,
            40.8613221
          ],
          [
            -73.9303764,
            40.861593
          ],
          [
            -73.9302856,
            40.8617399
          ],
          [
            -73.9301695,
            40.8620422
          ],
          [
            -73.9301141,
            40.8622388
          ],
          [
            -73.9300902,
            40.8625349
          ],
          [
            -73.9301101,
            40.8626789
          ],
          [
            -73.930163,
            40.863064
          ],
          [
            -73.9301892,
            40.8632989
          ],
          [
            -73.930185,
            40.8633245
          ],
          [
            -73.9301802,
            40.8633541
          ],
          [
            -73.9301114,
            40.8635412
          ],
          [
            -73.9299818,
            40.8637992
          ],
          [
            -73.9296576,
            40.8641904
          ],
          [
            -73.9294606,
            40.8643815
          ],
          [
            -73.929233,
            40.864569
          ],
          [
            -73.9291886,
            40.8646031
          ],
          [
            -73.9290352,
            40.8647226
          ],
          [
            -73.9289299,
            40.8647849
          ],
          [
            -73.9287266,
            40.8648997
          ],
          [
            -73.9282884,
            40.8651302
          ],
          [
            -73.9281272,
            40.8652149
          ],
          [
            -73.9279083,
            40.865329
          ],
          [
            -73.9280238,
            40.8654429
          ],
          [
            -73.9279083,
            40.865329
          ],
          [
            -73.9281272,
            40.8652149
          ],
          [
            -73.9282884,
            40.8651302
          ],
          [
            -73.9287266,
            40.8648997
          ],
          [
            -73.9289299,
            40.8647849
          ],
          [
            -73.9290352,
            40.8647226
          ],
          [
            -73.9290243,
            40.8647087
          ],
          [
            -73.9289665,
            40.8646215
          ],
          [
            -73.9289166,
            40.8645463
          ],
          [
            -73.9288996,
            40.8645236
          ],
          [
            -73.9290762,
            40.8643694
          ],
          [
            -73.9293105,
            40.8641676
          ],
          [
            -73.9295992,
            40.8638737
          ],
          [
            -73.9297413,
            40.8636925
          ],
          [
            -73.9298366,
            40.863487
          ],
          [
            -73.9298469,
            40.8634625
          ],
          [
            -73.9298727,
            40.8634053
          ],
          [
            -73.9298941,
            40.8633579
          ],
          [
            -73.9298995,
            40.863334
          ],
          [
            -73.9298887,
            40.8631523
          ],
          [
            -73.9298751,
            40.8629806
          ],
          [
            -73.9298668,
            40.8628761
          ],
          [
            -73.9298396,
            40.8627084
          ],
          [
            -73.9297966,
            40.8625066
          ],
          [
            -73.9297507,
            40.8624605
          ],
          [
            -73.9297761,
            40.8624418
          ],
          [
            -73.9298048,
            40.8624191
          ],
          [
            -73.9298324,
            40.8623992
          ],
          [
            -73.9298356,
            40.8623788
          ],
          [
            -73.9298515,
            40.8622743
          ],
          [
            -73.9298558,
            40.8622464
          ],
          [
            -73.929857,
            40.8622239
          ],
          [
            -73.9298608,
            40.8621511
          ],
          [
            -73.9298629,
            40.8621119
          ],
          [
            -73.9298654,
            40.8620801
          ],
          [
            -73.9298733,
            40.8620246
          ],
          [
            -73.9298848,
            40.8619672
          ],
          [
            -73.9299069,
            40.8618983
          ],
          [
            -73.92994,
            40.8618022
          ],
          [
            -73.9301765,
            40.8613758
          ],
          [
            -73.9306046,
            40.8606676
          ],
          [
            -73.930615,
            40.8606505
          ],
          [
            -73.9306397,
            40.8606013
          ],
          [
            -73.9306524,
            40.860576
          ],
          [
            -73.9306637,
            40.8605568
          ],
          [
            -73.9307553,
            40.8604006
          ],
          [
            -73.9308487,
            40.860185
          ],
          [
            -73.9309759,
            40.8598873
          ],
          [
            -73.9310661,
            40.8596741
          ],
          [
            -73.9310771,
            40.8596027
          ],
          [
            -73.9311447,
            40.8594863
          ],
          [
            -73.9311741,
            40.8594122
          ],
          [
            -73.9311788,
            40.8593955
          ],
          [
            -73.9311946,
            40.8593214
          ],
          [
            -73.9312057,
            40.8592692
          ],
          [
            -73.9312161,
            40.8592396
          ],
          [
            -73.9312277,
            40.8591884
          ],
          [
            -73.9312315,
            40.8591582
          ],
          [
            -73.931236,
            40.8591233
          ],
          [
            -73.9312457,
            40.8590902
          ],
          [
            -73.9312485,
            40.8590849
          ],
          [
            -73.9316614,
            40.8582896
          ],
          [
            -73.9316699,
            40.8582739
          ],
          [
            -73.9316921,
            40.8582329
          ],
          [
            -73.9317106,
            40.8581989
          ],
          [
            -73.9317223,
            40.8581768
          ],
          [
            -73.9318851,
            40.8578668
          ],
          [
            -73.9319511,
            40.857737
          ],
          [
            -73.9324746,
            40.856748
          ],
          [
            -73.9324817,
            40.8567346
          ],
          [
            -73.9325079,
            40.8566829
          ],
          [
            -73.9325332,
            40.8566331
          ],
          [
            -73.9325431,
            40.8566138
          ],
          [
            -73.9326357,
            40.8564349
          ],
          [
            -73.9329582,
            40.8558338
          ],
          [
            -73.9330944,
            40.8555739
          ],
          [
            -73.9331577,
            40.8553802
          ],
          [
            -73.9331975,
            40.8552585
          ],
          [
            -73.933535,
            40.8542282
          ],
          [
            -73.9335425,
            40.8542054
          ],
          [
            -73.9335694,
            40.8541399
          ],
          [
            -73.9335901,
            40.8540894
          ],
          [
            -73.9336039,
            40.8540632
          ],
          [
            -73.9339532,
            40.8533973
          ],
          [
            -73.9340432,
            40.8532174
          ],
          [
            -73.9340966,
            40.8531106
          ],
          [
            -73.9342705,
            40.8527543
          ],
          [
            -73.9342824,
            40.8527299
          ],
          [
            -73.9343129,
            40.8526788
          ],
          [
            -73.9343401,
            40.8526178
          ],
          [
            -73.9343533,
            40.8525918
          ],
          [
            -73.9346082,
            40.8520887
          ],
          [
            -73.9346178,
            40.8520697
          ],
          [
            -73.9346542,
            40.8520093
          ],
          [
            -73.9346653,
            40.8519911
          ],
          [
            -73.9346769,
            40.851968
          ],
          [
            -73.9349221,
            40.8514774
          ],
          [
            -73.9349311,
            40.8514593
          ],
          [
            -73.9349705,
            40.8513868
          ],
          [
            -73.9349915,
            40.8513421
          ],
          [
            -73.9350045,
            40.8513167
          ],
          [
            -73.9352739,
            40.850794
          ],
          [
            -73.9352785,
            40.8507802
          ],
          [
            -73.9353082,
            40.8507263
          ],
          [
            -73.9353199,
            40.8507028
          ],
          [
            -73.9353336,
            40.8506761
          ],
          [
            -73.9355721,
            40.8502051
          ],
          [
            -73.9355835,
            40.8501827
          ],
          [
            -73.9356068,
            40.8501265
          ],
          [
            -73.9356376,
            40.8500544
          ],
          [
            -73.9356603,
            40.8500336
          ],
          [
            -73.935932,
            40.8497836
          ],
          [
            -73.9362042,
            40.8495372
          ],
          [
            -73.936229,
            40.8495148
          ],
          [
            -73.9362658,
            40.8494845
          ],
          [
            -73.9363025,
            40.8494542
          ],
          [
            -73.9363235,
            40.8494356
          ],
          [
            -73.9368338,
            40.8489771
          ],
          [
            -73.9368497,
            40.8489627
          ],
          [
            -73.9368957,
            40.8489192
          ],
          [
            -73.9369286,
            40.8488883
          ],
          [
            -73.9369426,
            40.848875
          ],
          [
            -73.9374588,
            40.8484051
          ],
          [
            -73.9374685,
            40.8483903
          ],
          [
            -73.9375238,
            40.8483423
          ],
          [
            -73.9375656,
            40.8482974
          ],
          [
            -73.9375879,
            40.8482767
          ],
          [
            -73.9378246,
            40.8477313
          ],
          [
            -73.937833,
            40.847712
          ],
          [
            -73.9378498,
            40.8476592
          ],
          [
            -73.9378618,
            40.8476274
          ],
          [
            -73.937872,
            40.8475953
          ],
          [
            -73.9380567,
            40.8470188
          ],
          [
            -73.9380655,
            40.8469954
          ],
          [
            -73.9380775,
            40.8469528
          ],
          [
            -73.9380919,
            40.8469016
          ],
          [
            -73.9380976,
            40.8468838
          ],
          [
            -73.9382888,
            40.8462626
          ],
          [
            -73.9383141,
            40.8461804
          ],
          [
            -73.9383295,
            40.8461304
          ],
          [
            -73.9385241,
            40.8454985
          ],
          [
            -73.9385344,
            40.8454642
          ],
          [
            -73.9385504,
            40.8454111
          ],
          [
            -73.9385609,
            40.8453762
          ],
          [
            -73.9385676,
            40.845354
          ],
          [
            -73.9385961,
            40.8452478
          ],
          [
            -73.9386304,
            40.8451197
          ],
          [
            -73.9387326,
            40.8447382
          ],
          [
            -73.9387362,
            40.8447168
          ],
          [
            -73.9387468,
            40.844654
          ],
          [
            -73.9387559,
            40.8445997
          ],
          [
            -73.9387608,
            40.8445708
          ],
          [
            -73.9388761,
            40.8439559
          ],
          [
            -73.9388819,
            40.8439336
          ],
          [
            -73.9388941,
            40.8438867
          ],
          [
            -73.9389049,
            40.8438455
          ],
          [
            -73.938911,
            40.843822
          ],
          [
            -73.9389715,
            40.8435584
          ],
          [
            -73.9390424,
            40.8432498
          ],
          [
            -73.9390441,
            40.8432249
          ],
          [
            -73.9390481,
            40.8431682
          ],
          [
            -73.9390518,
            40.8431159
          ],
          [
            -73.9390531,
            40.8430966
          ],
          [
            -73.9385891,
            40.8429049
          ],
          [
            -73.9385573,
            40.8428915
          ],
          [
            -73.938474,
            40.8428566
          ],
          [
            -73.9384604,
            40.8428509
          ],
          [
            -73.9383683,
            40.8428123
          ],
          [
            -73.9383392,
            40.8428001
          ],
          [
            -73.9386953,
            40.8422843
          ],
          [
            -73.9387078,
            40.8422662
          ],
          [
            -73.9387187,
            40.8422542
          ],
          [
            -73.9387616,
            40.8422007
          ],
          [
            -73.9387829,
            40.8421683
          ],
          [
            -73.9388012,
            40.8421439
          ],
          [
            -73.9383988,
            40.8419838
          ],
          [
            -73.9376436,
            40.841649
          ],
          [
            -73.937631,
            40.8416664
          ],
          [
            -73.9376011,
            40.8417073
          ],
          [
            -73.9375577,
            40.8417664
          ],
          [
            -73.9375504,
            40.8417764
          ],
          [
            -73.9375371,
            40.8417948
          ],
          [
            -73.9371681,
            40.8423072
          ],
          [
            -73.9371578,
            40.8423218
          ],
          [
            -73.937131,
            40.842363
          ],
          [
            -73.9371025,
            40.8424069
          ],
          [
            -73.9370882,
            40.8424257
          ],
          [
            -73.9382528,
            40.8429121
          ],
          [
            -73.9382819,
            40.8429243
          ],
          [
            -73.9383812,
            40.8429679
          ],
          [
            -73.9384753,
            40.843005
          ],
          [
            -73.93851,
            40.8430195
          ],
          [
            -73.9390424,
            40.8432498
          ],
          [
            -73.9390712,
            40.8432619
          ],
          [
            -73.9391608,
            40.8432996
          ],
          [
            -73.9392832,
            40.8433511
          ],
          [
            -73.9393126,
            40.8433635
          ],
          [
            -73.9391792,
            40.8439387
          ],
          [
            -73.9391733,
            40.8439601
          ],
          [
            -73.9391608,
            40.8440056
          ],
          [
            -73.9391483,
            40.8440521
          ],
          [
            -73.9391416,
            40.8440767
          ],
          [
            -73.9390183,
            40.8446671
          ],
          [
            -73.9390122,
            40.8446904
          ],
          [
            -73.9390003,
            40.8447357
          ],
          [
            -73.9389887,
            40.84478
          ],
          [
            -73.9389814,
            40.8448082
          ],
          [
            -73.9388486,
            40.8453915
          ],
          [
            -73.9388401,
            40.8454202
          ],
          [
            -73.9388285,
            40.8454593
          ],
          [
            -73.9388141,
            40.8455077
          ],
          [
            -73.9388077,
            40.8455295
          ],
          [
            -73.9386063,
            40.8461801
          ],
          [
            -73.9385991,
            40.8462034
          ],
          [
            -73.9385925,
            40.8462414
          ],
          [
            -73.9385784,
            40.8462848
          ],
          [
            -73.938572,
            40.8463051
          ],
          [
            -73.9383933,
            40.8468722
          ],
          [
            -73.9383866,
            40.8468947
          ],
          [
            -73.938374,
            40.8469374
          ],
          [
            -73.9383615,
            40.8469795
          ],
          [
            -73.9383557,
            40.846999
          ],
          [
            -73.9382003,
            40.8475224
          ],
          [
            -73.938195,
            40.8475406
          ],
          [
            -73.9381837,
            40.8475771
          ],
          [
            -73.9381712,
            40.8476235
          ],
          [
            -73.9381633,
            40.8476452
          ],
          [
            -73.9381033,
            40.8478105
          ],
          [
            -73.9380122,
            40.8480152
          ],
          [
            -73.9378708,
            40.848348
          ],
          [
            -73.9378618,
            40.8483692
          ],
          [
            -73.9378374,
            40.848417
          ],
          [
            -73.9378063,
            40.8484759
          ],
          [
            -73.937789,
            40.8484721
          ],
          [
            -73.9377766,
            40.848484
          ],
          [
            -73.9373053,
            40.8489292
          ],
          [
            -73.9372861,
            40.8489466
          ],
          [
            -73.9372341,
            40.8489854
          ],
          [
            -73.9371882,
            40.8490196
          ],
          [
            -73.9371708,
            40.8490347
          ],
          [
            -73.9366019,
            40.8495282
          ],
          [
            -73.9365829,
            40.8495447
          ],
          [
            -73.936544,
            40.8495805
          ],
          [
            -73.9365049,
            40.849617
          ],
          [
            -73.9364835,
            40.8496361
          ],
          [
            -73.9359036,
            40.8501523
          ],
          [
            -73.93589,
            40.8501768
          ],
          [
            -73.9358662,
            40.8502323
          ],
          [
            -73.9358436,
            40.8502852
          ],
          [
            -73.935832,
            40.850308
          ],
          [
            -73.9355992,
            40.8507666
          ],
          [
            -73.935456,
            40.851046
          ],
          [
            -73.9353878,
            40.8511785
          ],
          [
            -73.9353568,
            40.8512388
          ],
          [
            -73.9352638,
            40.8514215
          ],
          [
            -73.9351814,
            40.8515838
          ],
          [
            -73.9349445,
            40.8520477
          ],
          [
            -73.9349357,
            40.8520648
          ],
          [
            -73.9349182,
            40.8521005
          ],
          [
            -73.9348907,
            40.8521504
          ],
          [
            -73.9348807,
            40.8521702
          ],
          [
            -73.9346192,
            40.8526886
          ],
          [
            -73.934546,
            40.852833
          ],
          [
            -73.9344925,
            40.8529386
          ],
          [
            -73.9343618,
            40.8531849
          ],
          [
            -73.934353,
            40.8532016
          ],
          [
            -73.9343331,
            40.8532416
          ],
          [
            -73.9343118,
            40.8532845
          ],
          [
            -73.9343003,
            40.8533061
          ],
          [
            -73.9342593,
            40.8533834
          ],
          [
            -73.9341852,
            40.8535269
          ],
          [
            -73.9341046,
            40.8536828
          ],
          [
            -73.9338828,
            40.8541318
          ],
          [
            -73.933871,
            40.8541556
          ],
          [
            -73.9338538,
            40.8541916
          ],
          [
            -73.9338296,
            40.8542424
          ],
          [
            -73.9338206,
            40.8542694
          ],
          [
            -73.9334782,
            40.8552922
          ],
          [
            -73.9334802,
            40.8553194
          ],
          [
            -73.9334585,
            40.855375
          ],
          [
            -73.9334464,
            40.855406
          ],
          [
            -73.9334435,
            40.8554257
          ],
          [
            -73.9333498,
            40.8556784
          ],
          [
            -73.933084,
            40.8561785
          ],
          [
            -73.9330744,
            40.8561962
          ],
          [
            -73.9329265,
            40.8564813
          ],
          [
            -73.9329157,
            40.8565023
          ],
          [
            -73.9328947,
            40.856546
          ],
          [
            -73.9328726,
            40.8565922
          ],
          [
            -73.9328594,
            40.856613
          ],
          [
            -73.9328251,
            40.8566792
          ],
          [
            -73.9327422,
            40.8568354
          ],
          [
            -73.932221,
            40.8578197
          ],
          [
            -73.9322082,
            40.8578439
          ],
          [
            -73.9321905,
            40.857883
          ],
          [
            -73.9321693,
            40.8579299
          ],
          [
            -73.9321571,
            40.8579521
          ],
          [
            -73.9319893,
            40.8582578
          ],
          [
            -73.9319273,
            40.8583743
          ],
          [
            -73.9318895,
            40.8584453
          ],
          [
            -73.9317951,
            40.8586271
          ],
          [
            -73.9317079,
            40.8587949
          ],
          [
            -73.9316307,
            40.8589521
          ],
          [
            -73.9315491,
            40.8591652
          ],
          [
            -73.9314804,
            40.8593207
          ],
          [
            -73.9314707,
            40.8593476
          ],
          [
            -73.931462,
            40.8593709
          ],
          [
            -73.9314426,
            40.8594224
          ],
          [
            -73.9314371,
            40.8594432
          ],
          [
            -73.9314183,
            40.8594799
          ],
          [
            -73.9309345,
            40.8606448
          ],
          [
            -73.9309312,
            40.8606528
          ],
          [
            -73.9308732,
            40.8607521
          ],
          [
            -73.9308693,
            40.8607589
          ],
          [
            -73.9307581,
            40.8609542
          ],
          [
            -73.9305358,
            40.8613221
          ],
          [
            -73.9303764,
            40.861593
          ],
          [
            -73.9302856,
            40.8617399
          ],
          [
            -73.9301695,
            40.8620422
          ],
          [
            -73.9301141,
            40.8622388
          ],
          [
            -73.9300902,
            40.8625349
          ],
          [
            -73.9301101,
            40.8626789
          ],
          [
            -73.930163,
            40.863064
          ],
          [
            -73.9301892,
            40.8632989
          ],
          [
            -73.930185,
            40.8633245
          ],
          [
            -73.9301802,
            40.8633541
          ],
          [
            -73.9301114,
            40.8635412
          ],
          [
            -73.9299818,
            40.8637992
          ],
          [
            -73.9296576,
            40.8641904
          ],
          [
            -73.9294606,
            40.8643815
          ],
          [
            -73.929233,
            40.864569
          ],
          [
            -73.9291886,
            40.8646031
          ],
          [
            -73.9292205,
            40.8646322
          ],
          [
            -73.9292595,
            40.8646484
          ],
          [
            -73.9293432,
            40.8646484
          ],
          [
            -73.9293416,
            40.8647
          ],
          [
            -73.9293811,
            40.8647707
          ],
          [
            -73.9293878,
            40.8648143
          ],
          [
            -73.9293905,
            40.8648488
          ],
          [
            -73.929383,
            40.8649179
          ],
          [
            -73.9292755,
            40.8649926
          ],
          [
            -73.929184,
            40.8649712
          ],
          [
            -73.9291087,
            40.8649648
          ],
          [
            -73.9289434,
            40.8650521
          ],
          [
            -73.9287155,
            40.8651726
          ],
          [
            -73.9286634,
            40.8651991
          ],
          [
            -73.9286767,
            40.8652672
          ],
          [
            -73.9286125,
            40.865279
          ],
          [
            -73.9283945,
            40.8653194
          ],
          [
            -73.9282997,
            40.8653369
          ],
          [
            -73.9281593,
            40.8653787
          ],
          [
            -73.9280238,
            40.8654429
          ]
        ]
      }
    }
  ]
}
