{
  "type": "FeatureCollection",
  "features": [
    {
      "type": "Feature",
      "properties": {
        "scenario": "Inwood - Dyckman St | 8.0mi | mix | hilly | no-amenity",
        "shape": "mix",
        "target_miles": 8.0,
        "distance_m": 12935.787408043534,
        "candidate_index": 0
      },
      "geometry": {
        "type": "LineString",
        "coordinates": [
          [
            -73.9280238,
            40.8654429
          ],
          [
            -73.9279083,
            40.865329
          ],
          [
            -73.9281272,
            40.8652149
          ],
          [
            -73.9282884,
            40.8651302
          ],
          [
            -73.9287266,
            40.8648997
          ],
          [
            -73.9289299,
            40.8647849
          ],
          [
            -73.9290352,
            40.8647226
          ],
          [
            -73.9290243,
            40.8647087
          ],
          [
            -73.9289665,
            40.8646215
          ],
          [
            -73.9289166,
            40.8645463
          ],
          [
            -73.9288996,
            40.8645236
          ],
          [
            -73.9290762,
            40.8643694
          ],
          [
            -73.9293105,
            40.8641676
          ],
          [
            -73.9295992,
            40.8638737
          ],
          [
            -73.9297413,
            40.8636925
          ],
          [
            -73.9298366,
            40.863487
          ],
          [
            -73.9298469,
            40.8634625
          ],
          [
            -73.9298727,
            40.8634053
          ],
          [
            -73.9298941,
            40.8633579
          ],
          [
            -73.9298995,
            40.863334
          ],
          [
            -73.9298887,
            40.8631523
          ],
          [
            -73.9298751,
            40.8629806
          ],
          [
            -73.9298668,
            40.8628761
          ],
          [
            -73.9298396,
            40.8627084
          ],
          [
            -73.9297966,
            40.8625066
          ],
          [
            -73.9297507,
            40.8624605
          ],
          [
            -73.9297761,
            40.8624418
          ],
          [
            -73.9298048,
            40.8624191
          ],
          [
            -73.9298324,
            40.8623992
          ],
          [
            -73.9298356,
            40.8623788
          ],
          [
            -73.9298515,
            40.8622743
          ],
          [
            -73.9298558,
            40.8622464
          ],
          [
            -73.929857,
            40.8622239
          ],
          [
            -73.9298608,
            40.8621511
          ],
          [
            -73.9298629,
            40.8621119
          ],
          [
            -73.9298654,
            40.8620801
          ],
          [
            -73.9298733,
            40.8620246
          ],
          [
            -73.9298848,
            40.8619672
          ],
          [
            -73.9299069,
            40.8618983
          ],
          [
            -73.92994,
            40.8618022
          ],
          [
            -73.9301765,
            40.8613758
          ],
          [
            -73.9306046,
            40.8606676
          ],
          [
            -73.930615,
            40.8606505
          ],
          [
            -73.9306397,
            40.8606013
          ],
          [
            -73.9306524,
            40.860576
          ],
          [
            -73.9306637,
            40.8605568
          ],
          [
            -73.9307553,
            40.8604006
          ],
          [
            -73.9308487,
            40.860185
          ],
          [
            -73.9309759,
            40.8598873
          ],
          [
            -73.9310661,
            40.8596741
          ],
          [
            -73.9310771,
            40.8596027
          ],
          [
            -73.9311447,
            40.8594863
          ],
          [
            -73.9311741,
            40.8594122
          ],
          [
            -73.9311788,
            40.8593955
          ],
          [
            -73.9311946,
            40.8593214
          ],
          [
            -73.9312057,
            40.8592692
          ],
          [
            -73.9312161,
            40.8592396
          ],
          [
            -73.9312277,
            40.8591884
          ],
          [
            -73.9312315,
            40.8591582
          ],
          [
            -73.931236,
            40.8591233
          ],
          [
            -73.9312457,
            40.8590902
          ],
          [
            -73.9312485,
            40.8590849
          ],
          [
            -73.9316614,
            40.8582896
          ],
          [
            -73.9316699,
            40.8582739
          ],
          [
            -73.9316921,
            40.8582329
          ],
          [
            -73.9317106,
            40.8581989
          ],
          [
            -73.9317223,
            40.8581768
          ],
          [
            -73.9318851,
            40.8578668
          ],
          [
            -73.9319511,
            40.857737
          ],
          [
            -73.9324746,
            40.856748
          ],
          [
            -73.9324817,
            40.8567346
          ],
          [
            -73.9325079,
            40.8566829
          ],
          [
            -73.9325332,
            40.8566331
          ],
          [
            -73.9325431,
            40.8566138
          ],
          [
            -73.9326357,
            40.8564349
          ],
          [
            -73.9329582,
            40.8558338
          ],
          [
            -73.9330944,
            40.8555739
          ],
          [
            -73.9331577,
            40.8553802
          ],
          [
            -73.9331975,
            40.8552585
          ],
          [
            -73.933535,
            40.8542282
          ],
          [
            -73.9335425,
            40.8542054
          ],
          [
            -73.9335694,
            40.8541399
          ],
          [
            -73.9335901,
            40.8540894
          ],
          [
            -73.9336039,
            40.8540632
          ],
          [
            -73.9339532,
            40.8533973
          ],
          [
            -73.9340432,
            40.8532174
          ],
          [
            -73.9340966,
            40.8531106
          ],
          [
            -73.9342705,
            40.8527543
          ],
          [
            -73.9342824,
            40.8527299
          ],
          [
            -73.9343129,
            40.8526788
          ],
          [
            -73.9343401,
            40.8526178
          ],
          [
            -73.9343533,
            40.8525918
          ],
          [
            -73.9346082,
            40.8520887
          ],
          [
            -73.9346178,
            40.8520697
          ],
          [
            -73.9346542,
            40.8520093
          ],
          [
            -73.9346653,
            40.8519911
          ],
          [
            -73.9346769,
            40.851968
          ],
          [
            -73.9349221,
            40.8514774
          ],
          [
            -73.9349311,
            40.8514593
          ],
          [
            -73.9349705,
            40.8513868
          ],
          [
            -73.9349915,
            40.8513421
          ],
          [
            -73.9350045,
            40.8513167
          ],
          [
            -73.9352739,
            40.850794
          ],
          [
            -73.9352785,
            40.8507802
          ],
          [
            -73.9353082,
            40.8507263
          ],
          [
            -73.9353199,
            40.8507028
          ],
          [
            -73.9353336,
            40.8506761
          ],
          [
            -73.9355721,
            40.8502051
          ],
          [
            -73.9355835,
            40.8501827
          ],
          [
            -73.9356068,
            40.8501265
          ],
          [
            -73.9356376,
            40.8500544
          ],
          [
            -73.9356603,
            40.8500336
          ],
          [
            -73.935932,
            40.8497836
          ],
          [
            -73.9362042,
            40.8495372
          ],
          [
            -73.936229,
            40.8495148
          ],
          [
            -73.9362658,
            40.8494845
          ],
          [
            -73.9363025,
            40.8494542
          ],
          [
            -73.9363235,
            40.8494356
          ],
          [
            -73.9368338,
            40.8489771
          ],
          [
            -73.9368497,
            40.8489627
          ],
          [
            -73.9368957,
            40.8489192
          ],
          [
            -73.9369286,
            40.8488883
          ],
          [
            -73.9369426,
            40.848875
          ],
          [
            -73.9374588,
            40.8484051
          ],
          [
            -73.9374685,
            40.8483903
          ],
          [
            -73.9375238,
            40.8483423
          ],
          [
            -73.9375656,
            40.8482974
          ],
          [
            -73.9375879,
            40.8482767
          ],
          [
            -73.9378246,
            40.8477313
          ],
          [
            -73.937833,
            40.847712
          ],
          [
            -73.9378498,
            40.8476592
          ],
          [
            -73.9378618,
            40.8476274
          ],
          [
            -73.937872,
            40.8475953
          ],
          [
            -73.9380567,
            40.8470188
          ],
          [
            -73.9380655,
            40.8469954
          ],
          [
            -73.9380775,
            40.8469528
          ],
          [
            -73.9380919,
            40.8469016
          ],
          [
            -73.9380976,
            40.8468838
          ],
          [
            -73.9382888,
            40.8462626
          ],
          [
            -73.9383141,
            40.8461804
          ],
          [
            -73.9383295,
            40.8461304
          ],
          [
            -73.9385241,
            40.8454985
          ],
          [
            -73.9385344,
            40.8454642
          ],
          [
            -73.9385504,
            40.8454111
          ],
          [
            -73.9385609,
            40.8453762
          ],
          [
            -73.9385676,
            40.845354
          ],
          [
            -73.9385961,
            40.8452478
          ],
          [
            -73.9386304,
            40.8451197
          ],
          [
            -73.9387326,
            40.8447382
          ],
          [
            -73.9387362,
            40.8447168
          ],
          [
            -73.9387468,
            40.844654
          ],
          [
            -73.9387559,
            40.8445997
          ],
          [
            -73.9387608,
            40.8445708
          ],
          [
            -73.9388761,
            40.8439559
          ],
          [
            -73.9388819,
            40.8439336
          ],
          [
            -73.9388941,
            40.8438867
          ],
          [
            -73.9389049,
            40.8438455
          ],
          [
            -73.938911,
            40.843822
          ],
          [
            -73.9389715,
            40.8435584
          ],
          [
            -73.9390424,
            40.8432498
          ],
          [
            -73.9390441,
            40.8432249
          ],
          [
            -73.9390481,
            40.8431682
          ],
          [
            -73.9390518,
            40.8431159
          ],
          [
            -73.9390531,
            40.8430966
          ],
          [
            -73.9391131,
            40.8424609
          ],
          [
            -73.939115,
            40.8424374
          ],
          [
            -73.9391162,
            40.8424119
          ],
          [
            -73.9391174,
            40.8423864
          ],
          [
            -73.9391196,
            40.8423586
          ],
          [
            -73.9391218,
            40.8423308
          ],
          [
            -73.9391227,
            40.8423197
          ],
          [
            -73.9391257,
            40.8422791
          ],
          [
            -73.9391196,
            40.8419836
          ],
          [
            -73.9391578,
            40.8419095
          ],
          [
            -73.9391604,
            40.8418721
          ],
          [
            -73.9391645,
            40.8418125
          ],
          [
            -73.9392178,
            40.8417128
          ],
          [
            -73.9391901,
            40.8417007
          ],
          [
            -73.9391735,
            40.8416934
          ],
          [
            -73.93916,
            40.8416878
          ],
          [
            -73.9391667,
            40.8416653
          ],
          [
            -73.9391772,
            40.8416189
          ],
          [
            -73.9391874,
            40.8415731
          ],
          [
            -73.9391933,
            40.8415518
          ],
          [
            -73.9393496,
            40.8409947
          ],
          [
            -73.939355,
            40.8409758
          ],
          [
            -73.9393717,
            40.840913
          ],
          [
            -73.9393906,
            40.8408561
          ],
          [
            -73.9393982,
            40.840827
          ],
          [
            -73.9395406,
            40.8402914
          ],
          [
            -73.9395477,
            40.8402651
          ],
          [
            -73.9395623,
            40.8402109
          ],
          [
            -73.9395718,
            40.8401774
          ],
          [
            -73.9395756,
            40.8401629
          ],
          [
            -73.9397266,
            40.839601
          ],
          [
            -73.9397323,
            40.8395757
          ],
          [
            -73.9397466,
            40.8395113
          ],
          [
            -73.9397587,
            40.8394571
          ],
          [
            -73.9397645,
            40.839437
          ],
          [
            -73.9397073,
            40.8388155
          ],
          [
            -73.9397076,
            40.8387544
          ],
          [
            -73.9397005,
            40.8387098
          ],
          [
            -73.9398419,
            40.8386617
          ],
          [
            -73.9398455,
            40.8385135
          ],
          [
            -73.9398575,
            40.8384352
          ],
          [
            -73.93986,
            40.8384189
          ],
          [
            -73.9399035,
            40.8381898
          ],
          [
            -73.9399302,
            40.8380495
          ],
          [
            -73.9399789,
            40.8377935
          ],
          [
            -73.939994,
            40.837714
          ],
          [
            -73.9400085,
            40.8376528
          ],
          [
            -73.9401239,
            40.837035
          ],
          [
            -73.9401365,
            40.8369673
          ],
          [
            -73.9401287,
            40.8368944
          ],
          [
            -73.9400641,
            40.8362906
          ],
          [
            -73.9400362,
            40.8361153
          ],
          [
            -73.9399863,
            40.8358917
          ],
          [
            -73.9399834,
            40.8358785
          ],
          [
            -73.9398835,
            40.8358221
          ],
          [
            -73.9397975,
            40.8357792
          ],
          [
            -73.9397604,
            40.8357605
          ],
          [
            -73.9397818,
            40.8357278
          ],
          [
            -73.9398011,
            40.8357012
          ],
          [
            -73.9397413,
            40.835676
          ],
          [
            -73.9397277,
            40.8356298
          ],
          [
            -73.9397539,
            40.8356196
          ],
          [
            -73.9397775,
            40.8356016
          ],
          [
            -73.9397861,
            40.8355796
          ],
          [
            -73.9397882,
            40.835558
          ],
          [
            -73.9397338,
            40.8352806
          ],
          [
            -73.9397352,
            40.8352622
          ],
          [
            -73.9397416,
            40.8351698
          ],
          [
            -73.9397872,
            40.8350754
          ],
          [
            -73.93986,
            40.834918
          ],
          [
            -73.9400164,
            40.8345637
          ],
          [
            -73.940048,
            40.8344923
          ],
          [
            -73.9400741,
            40.8344332
          ],
          [
            -73.9403266,
            40.8338615
          ],
          [
            -73.94036,
            40.833786
          ],
          [
            -73.9403844,
            40.8337286
          ],
          [
            -73.9406224,
            40.8331698
          ],
          [
            -73.940653,
            40.833098
          ],
          [
            -73.9406709,
            40.8330409
          ],
          [
            -73.9408558,
            40.8324537
          ],
          [
            -73.9408792,
            40.8323747
          ],
          [
            -73.9408993,
            40.8323137
          ],
          [
            -73.9409759,
            40.8320757
          ],
          [
            -73.9410137,
            40.8319588
          ],
          [
            -73.9410779,
            40.8317605
          ],
          [
            -73.9411243,
            40.831617
          ],
          [
            -73.9411272,
            40.8316081
          ],
          [
            -73.9412136,
            40.8313508
          ],
          [
            -73.9413327,
            40.8309961
          ],
          [
            -73.941368,
            40.830891
          ],
          [
            -73.9414116,
            40.8307845
          ],
          [
            -73.9415,
            40.8305684
          ],
          [
            -73.9416494,
            40.8302031
          ],
          [
            -73.941667,
            40.83016
          ],
          [
            -73.9416948,
            40.8300879
          ],
          [
            -73.9418535,
            40.8296773
          ],
          [
            -73.9419219,
            40.8295002
          ],
          [
            -73.9419307,
            40.8294775
          ],
          [
            -73.9419432,
            40.8294451
          ],
          [
            -73.9419663,
            40.8293829
          ],
          [
            -73.9420124,
            40.8292591
          ],
          [
            -73.9420399,
            40.829193
          ],
          [
            -73.9421149,
            40.8290059
          ],
          [
            -73.9421961,
            40.828805
          ],
          [
            -73.942224,
            40.828736
          ],
          [
            -73.9422606,
            40.8286455
          ],
          [
            -73.9424773,
            40.8281091
          ],
          [
            -73.9425031,
            40.8280452
          ],
          [
            -73.9425315,
            40.8279768
          ],
          [
            -73.9425429,
            40.8279494
          ],
          [
            -73.9425935,
            40.8278211
          ],
          [
            -73.9427414,
            40.8274463
          ],
          [
            -73.942756,
            40.8274129
          ],
          [
            -73.9427817,
            40.8273441
          ],
          [
            -73.9428043,
            40.8272872
          ],
          [
            -73.9430315,
            40.8267144
          ],
          [
            -73.9430556,
            40.8266537
          ],
          [
            -73.9430834,
            40.8265901
          ],
          [
            -73.9431638,
            40.8264027
          ],
          [
            -73.9433352,
            40.8260229
          ],
          [
            -73.943357,
            40.825956
          ],
          [
            -73.9433964,
            40.8259021
          ],
          [
            -73.9435475,
            40.8256953
          ],
          [
            -73.943551,
            40.8256906
          ],
          [
            -73.9436124,
            40.8256064
          ],
          [
            -73.943774,
            40.8253854
          ],
          [
            -73.943813,
            40.825332
          ],
          [
            -73.9438628,
            40.8252632
          ],
          [
            -73.9440139,
            40.8250545
          ],
          [
            -73.9442326,
            40.8247537
          ],
          [
            -73.944268,
            40.824705
          ],
          [
            -73.9442975,
            40.8246655
          ],
          [
            -73.9445177,
            40.8243708
          ],
          [
            -73.9445457,
            40.8243333
          ],
          [
            -73.9446879,
            40.8241441
          ],
          [
            -73.9447637,
            40.8240402
          ],
          [
            -73.9448113,
            40.8239748
          ],
          [
            -73.9448313,
            40.8239423
          ],
          [
            -73.9448568,
            40.8239008
          ],
          [
            -73.9449209,
            40.8237625
          ],
          [
            -73.9449363,
            40.8237293
          ],
          [
            -73.9451475,
            40.8232734
          ],
          [
            -73.9459527,
            40.8215357
          ],
          [
            -73.9460458,
            40.8213333
          ],
          [
            -73.9460787,
            40.8212637
          ],
          [
            -73.946105,
            40.8212076
          ],
          [
            -73.9461243,
            40.8211665
          ],
          [
            -73.9461879,
            40.8210308
          ],
          [
            -73.9462085,
            40.8209869
          ],
          [
            -73.9462384,
            40.820923
          ],
          [
            -73.9462806,
            40.8208331
          ],
          [
            -73.9463722,
            40.8206336
          ],
          [
            -73.9463959,
            40.8205827
          ],
          [
            -73.9464302,
            40.8205091
          ],
          [
            -73.9466829,
            40.8199688
          ],
          [
            -73.9467125,
            40.819903
          ],
          [
            -73.9467383,
            40.8198513
          ],
          [
            -73.9469155,
            40.8194689
          ],
          [
            -73.9470016,
            40.8192829
          ],
          [
            -73.9470312,
            40.8192188
          ],
          [
            -73.947064,
            40.8191486
          ],
          [
            -73.9471192,
            40.8190304
          ],
          [
            -73.9473235,
            40.8185915
          ],
          [
            -73.9473494,
            40.8185359
          ],
          [
            -73.9473796,
            40.818471
          ],
          [
            -73.9475395,
            40.8181273
          ],
          [
            -73.9476349,
            40.8179229
          ],
          [
            -73.9476667,
            40.8178547
          ],
          [
            -73.9476931,
            40.8177976
          ],
          [
            -73.9478646,
            40.8174271
          ],
          [
            -73.9479368,
            40.8172716
          ],
          [
            -73.9479608,
            40.81722
          ],
          [
            -73.948009,
            40.817116
          ],
          [
            -73.9480524,
            40.8170231
          ],
          [
            -73.9482239,
            40.8166564
          ],
          [
            -73.9483242,
            40.8164419
          ],
          [
            -73.948356,
            40.816374
          ],
          [
            -73.9483771,
            40.8163292
          ],
          [
            -73.9486452,
            40.8157596
          ],
          [
            -73.948677,
            40.815692
          ],
          [
            -73.9486963,
            40.8156485
          ],
          [
            -73.9485943,
            40.8156055
          ],
          [
            -73.9476627,
            40.8152187
          ],
          [
            -73.9475233,
            40.8151604
          ],
          [
            -73.9474099,
            40.815113
          ],
          [
            -73.9448767,
            40.8140436
          ],
          [
            -73.9447661,
            40.8139965
          ],
          [
            -73.9446046,
            40.8139278
          ],
          [
            -73.9444913,
            40.8138796
          ],
          [
            -73.9448558,
            40.8133726
          ],
          [
            -73.944903,
            40.8133069
          ],
          [
            -73.9449405,
            40.8132559
          ],
          [
            -73.945057,
            40.8133055
          ],
          [
            -73.9452157,
            40.8133731
          ],
          [
            -73.9453358,
            40.8134241
          ],
          [
            -73.9452996,
            40.8134738
          ],
          [
            -73.9478246,
            40.8145299
          ],
          [
            -73.9477933,
            40.814579
          ],
          [
            -73.9477886,
            40.8145943
          ],
          [
            -73.9478088,
            40.8146076
          ],
          [
            -73.9479012,
            40.8146431
          ],
          [
            -73.9480082,
            40.8146843
          ],
          [
            -73.948033,
            40.8146897
          ],
          [
            -73.9476627,
            40.8152187
          ],
          [
            -73.9476293,
            40.8152644
          ],
          [
            -73.9485721,
            40.8156492
          ],
          [
            -73.9485366,
            40.8157192
          ],
          [
            -73.9482654,
            40.8162856
          ],
          [
            -73.9482444,
            40.8163281
          ],
          [
            -73.9482083,
            40.8163957
          ],
          [
            -73.9483242,
            40.8164419
          ],
          [
            -73.9484437,
            40.8164926
          ],
          [
            -73.9482054,
            40.8170798
          ],
          [
            -73.9481693,
            40.8171657
          ],
          [
            -73.9481147,
            40.8172748
          ],
          [
            -73.94811,
            40.8172841
          ],
          [
            -73.9478398,
            40.8178574
          ],
          [
            -73.9477803,
            40.8179834
          ],
          [
            -73.9475277,
            40.8185186
          ],
          [
            -73.947474,
            40.8186325
          ],
          [
            -73.9472126,
            40.8191862
          ],
          [
            -73.9471447,
            40.8193301
          ],
          [
            -73.9468806,
            40.8198896
          ],
          [
            -73.9468701,
            40.8199115
          ],
          [
            -73.9468173,
            40.820022
          ],
          [
            -73.9465729,
            40.8205418
          ],
          [
            -73.9465217,
            40.8206624
          ],
          [
            -73.946438,
            40.8208596
          ],
          [
            -73.946356,
            40.8210526
          ],
          [
            -73.9462517,
            40.8212685
          ],
          [
            -73.9462208,
            40.8213224
          ],
          [
            -73.9461848,
            40.821387
          ],
          [
            -73.9457436,
            40.8223311
          ],
          [
            -73.9449643,
            40.8239978
          ],
          [
            -73.9448933,
            40.8240953
          ],
          [
            -73.9448182,
            40.8241985
          ],
          [
            -73.9444419,
            40.824724
          ],
          [
            -73.9444122,
            40.824766
          ],
          [
            -73.9443759,
            40.8248173
          ],
          [
            -73.9439969,
            40.8253479
          ],
          [
            -73.9439627,
            40.825395
          ],
          [
            -73.9439243,
            40.8254479
          ],
          [
            -73.9435451,
            40.8259644
          ],
          [
            -73.9435065,
            40.8260188
          ],
          [
            -73.9434717,
            40.8260679
          ],
          [
            -73.9433201,
            40.8263356
          ],
          [
            -73.9432151,
            40.826637
          ],
          [
            -73.9431857,
            40.8267083
          ],
          [
            -73.9431628,
            40.8267639
          ],
          [
            -73.9429522,
            40.8273415
          ],
          [
            -73.9429232,
            40.8274038
          ],
          [
            -73.9428924,
            40.8274699
          ],
          [
            -73.9426642,
            40.8280337
          ],
          [
            -73.942632,
            40.8280992
          ],
          [
            -73.9425996,
            40.8281652
          ],
          [
            -73.9424078,
            40.8286602
          ],
          [
            -73.9423812,
            40.8287411
          ],
          [
            -73.9423636,
            40.8287947
          ],
          [
            -73.9423409,
            40.828864
          ],
          [
            -73.9421013,
            40.8294419
          ],
          [
            -73.9420778,
            40.8295014
          ],
          [
            -73.9420564,
            40.8295554
          ],
          [
            -73.9418152,
            40.8301438
          ],
          [
            -73.9417905,
            40.8302101
          ],
          [
            -73.9417736,
            40.8302552
          ],
          [
            -73.9415451,
            40.8308414
          ],
          [
            -73.9415357,
            40.8308699
          ],
          [
            -73.9415093,
            40.8309504
          ],
          [
            -73.9414781,
            40.831035
          ],
          [
            -73.9414717,
            40.8310488
          ],
          [
            -73.9412501,
            40.8316582
          ],
          [
            -73.9412143,
            40.8317872
          ],
          [
            -73.9410492,
            40.8323809
          ],
          [
            -73.9410431,
            40.8324
          ],
          [
            -73.9410281,
            40.8324415
          ],
          [
            -73.9410071,
            40.8324997
          ],
          [
            -73.9409951,
            40.83251
          ],
          [
            -73.9408061,
            40.8330998
          ],
          [
            -73.940802,
            40.8331155
          ],
          [
            -73.9407861,
            40.833154
          ],
          [
            -73.9407638,
            40.8332085
          ],
          [
            -73.9407571,
            40.8332286
          ],
          [
            -73.9405196,
            40.8337863
          ],
          [
            -73.9405091,
            40.8338065
          ],
          [
            -73.9404905,
            40.8338425
          ],
          [
            -73.9404623,
            40.8338967
          ],
          [
            -73.9404528,
            40.8339206
          ],
          [
            -73.9402189,
            40.8344819
          ],
          [
            -73.9402097,
            40.8345045
          ],
          [
            -73.9401925,
            40.8345354
          ],
          [
            -73.9401631,
            40.8345881
          ],
          [
            -73.9401566,
            40.8346087
          ],
          [
            -73.9399111,
            40.8351689
          ],
          [
            -73.9398713,
            40.8352114
          ],
          [
            -73.9398252,
            40.8352607
          ],
          [
            -73.9398999,
            40.8355654
          ],
          [
            -73.9398011,
            40.8357012
          ],
          [
            -73.9398486,
            40.8357213
          ],
          [
            -73.9399288,
            40.8357556
          ],
          [
            -73.9400262,
            40.8357972
          ],
          [
            -73.9400586,
            40.8358206
          ],
          [
            -73.9401092,
            40.8360855
          ],
          [
            -73.9401191,
            40.8361501
          ],
          [
            -73.9401275,
            40.8362047
          ],
          [
            -73.940292,
            40.8369583
          ],
          [
            -73.9402815,
            40.8370264
          ],
          [
            -73.9402738,
            40.8370767
          ],
          [
            -73.9402712,
            40.8370939
          ],
          [
            -73.9401407,
            40.8377094
          ],
          [
            -73.9401327,
            40.8377724
          ],
          [
            -73.9401243,
            40.8378384
          ],
          [
            -73.9401211,
            40.8378538
          ],
          [
            -73.9399891,
            40.838496
          ],
          [
            -73.9399879,
            40.8385215
          ],
          [
            -73.9400006,
            40.8385949
          ],
          [
            -73.9400036,
            40.8386272
          ],
          [
            -73.9400062,
            40.8386771
          ],
          [
            -73.9400079,
            40.8387118
          ],
          [
            -73.9400165,
            40.8389188
          ],
          [
            -73.9400169,
            40.8389491
          ],
          [
            -73.9400329,
            40.839493
          ],
          [
            -73.9400294,
            40.8395382
          ],
          [
            -73.9400223,
            40.8395688
          ],
          [
            -73.9400076,
            40.8396191
          ],
          [
            -73.9399914,
            40.8396929
          ],
          [
            -73.9399863,
            40.839712
          ],
          [
            -73.9398529,
            40.840212
          ],
          [
            -73.9398358,
            40.8402669
          ],
          [
            -73.9398139,
            40.8403321
          ],
          [
            -73.9397926,
            40.8403979
          ],
          [
            -73.9396066,
            40.8409177
          ],
          [
            -73.9396656,
            40.8409439
          ],
          [
            -73.9397362,
            40.840973
          ],
          [
            -73.9398016,
            40.8410019
          ],
          [
            -73.939867,
            40.8410309
          ],
          [
            -73.9399168,
            40.8410529
          ],
          [
            -73.9399711,
            40.8410795
          ],
          [
            -73.9400072,
            40.8410948
          ],
          [
            -73.9399907,
            40.841114
          ],
          [
            -73.9399598,
            40.841163
          ],
          [
            -73.9399217,
            40.8412192
          ],
          [
            -73.9399068,
            40.8412394
          ],
          [
            -73.9395577,
            40.8417118
          ],
          [
            -73.939546,
            40.8417276
          ],
          [
            -73.9395125,
            40.8417695
          ],
          [
            -73.9394877,
            40.8418086
          ],
          [
            -73.9394754,
            40.8418244
          ],
          [
            -73.93943,
            40.8418827
          ],
          [
            -73.9393857,
            40.8423946
          ],
          [
            -73.9393853,
            40.8424069
          ],
          [
            -73.9393848,
            40.8424192
          ],
          [
            -73.9393844,
            40.8424305
          ],
          [
            -73.9393818,
            40.8425008
          ],
          [
            -73.9393815,
            40.8425605
          ],
          [
            -73.9393802,
            40.8425792
          ],
          [
            -73.9393361,
            40.8432113
          ],
          [
            -73.9393318,
            40.8432391
          ],
          [
            -73.9393247,
            40.8432851
          ],
          [
            -73.939316,
            40.8433416
          ],
          [
            -73.9393126,
            40.8433635
          ],
          [
            -73.9391792,
            40.8439387
          ],
          [
            -73.9391733,
            40.8439601
          ],
          [
            -73.9391608,
            40.8440056
          ],
          [
            -73.9391483,
            40.8440521
          ],
          [
            -73.9391416,
            40.8440767
          ],
          [
            -73.9390183,
            40.8446671
          ],
          [
            -73.9390122,
            40.8446904
          ],
          [
            -73.9390003,
            40.8447357
          ],
          [
            -73.9389887,
            40.84478
          ],
          [
            -73.9389814,
            40.8448082
          ],
          [
            -73.9388486,
            40.8453915
          ],
          [
            -73.9388401,
            40.8454202
          ],
          [
            -73.9388285,
            40.8454593
          ],
          [
            -73.9388141,
            40.8455077
          ],
          [
            -73.9388077,
            40.8455295
          ],
          [
            -73.9386063,
            40.8461801
          ],
          [
            -73.9385991,
            40.8462034
          ],
          [
            -73.9385925,
            40.8462414
          ],
          [
            -73.9385784,
            40.8462848
          ],
          [
            -73.938572,
            40.8463051
          ],
          [
            -73.9383933,
            40.8468722
          ],
          [
            -73.9383866,
            40.8468947
          ],
          [
            -73.938374,
            40.8469374
          ],
          [
            -73.9383615,
            40.8469795
          ],
          [
            -73.9383557,
            40.846999
          ],
          [
            -73.9382003,
            40.8475224
          ],
          [
            -73.938195,
            40.8475406
          ],
          [
            -73.9381837,
            40.8475771
          ],
          [
            -73.9381712,
            40.8476235
          ],
          [
            -73.9381633,
            40.8476452
          ],
          [
            -73.9381033,
            40.8478105
          ],
          [
            -73.9380122,
            40.8480152
          ],
          [
            -73.9378708,
            40.848348
          ],
          [
            -73.9378618,
            40.8483692
          ],
          [
            -73.9378374,
            40.848417
          ],
          [
            -73.9378063,
            40.8484759
          ],
          [
            -73.937789,
            40.8484721
          ],
          [
            -73.9377766,
            40.848484
          ],
          [
            -73.9373053,
            40.8489292
          ],
          [
            -73.9372861,
            40.8489466
          ],
          [
            -73.9372341,
            40.8489854
          ],
          [
            -73.9371882,
            40.8490196
          ],
          [
            -73.9371708,
            40.8490347
          ],
          [
            -73.9366019,
            40.8495282
          ],
          [
            -73.9365829,
            40.8495447
          ],
          [
            -73.936544,
            40.8495805
          ],
          [
            -73.9365049,
            40.849617
          ],
          [
            -73.9364835,
            40.8496361
          ],
          [
            -73.9359036,
            40.8501523
          ],
          [
            -73.93589,
            40.8501768
          ],
          [
            -73.9358662,
            40.8502323
          ],
          [
            -73.9358436,
            40.8502852
          ],
          [
            -73.935832,
            40.850308
          ],
          [
            -73.9355992,
            40.8507666
          ],
          [
            -73.935456,
            40.851046
          ],
          [
            -73.9353878,
            40.8511785
          ],
          [
            -73.9353568,
            40.8512388
          ],
          [
            -73.9352638,
            40.8514215
          ],
          [
            -73.9351814,
            40.8515838
          ],
          [
            -73.9349445,
            40.8520477
          ],
          [
            -73.9349357,
            40.8520648
          ],
          [
            -73.9349182,
            40.8521005
          ],
          [
            -73.9348907,
            40.8521504
          ],
          [
            -73.9348807,
            40.8521702
          ],
          [
            -73.9346192,
            40.8526886
          ],
          [
            -73.934546,
            40.852833
          ],
          [
            -73.9344925,
            40.8529386
          ],
          [
            -73.9343618,
            40.8531849
          ],
          [
            -73.934353,
            40.8532016
          ],
          [
            -73.9343331,
            40.8532416
          ],
          [
            -73.9343118,
            40.8532845
          ],
          [
            -73.9343003,
            40.8533061
          ],
          [
            -73.9342593,
            40.8533834
          ],
          [
            -73.9341852,
            40.8535269
          ],
          [
            -73.9341046,
            40.8536828
          ],
          [
            -73.9338828,
            40.8541318
          ],
          [
            -73.933871,
            40.8541556
          ],
          [
            -73.9338538,
            40.8541916
          ],
          [
            -73.9338296,
            40.8542424
          ],
          [
            -73.9338206,
            40.8542694
          ],
          [
            -73.9334782,
            40.8552922
          ],
          [
            -73.9334802,
            40.8553194
          ],
          [
            -73.9334585,
            40.855375
          ],
          [
            -73.9334464,
            40.855406
          ],
          [
            -73.9334435,
            40.8554257
          ],
          [
            -73.9333498,
            40.8556784
          ],
          [
            -73.933084,
            40.8561785
          ],
          [
            -73.9330744,
            40.8561962
          ],
          [
            -73.9329265,
            40.8564813
          ],
          [
            -73.9329157,
            40.8565023
          ],
          [
            -73.9328947,
            40.856546
          ],
          [
            -73.9328726,
            40.8565922
          ],
          [
            -73.9328594,
            40.856613
          ],
          [
            -73.9328251,
            40.8566792
          ],
          [
            -73.9327422,
            40.8568354
          ],
          [
            -73.932221,
            40.8578197
          ],
          [
            -73.9322082,
            40.8578439
          ],
          [
            -73.9321905,
            40.857883
          ],
          [
            -73.9321693,
            40.8579299
          ],
          [
            -73.9321571,
            40.8579521
          ],
          [
            -73.9319893,
            40.8582578
          ],
          [
            -73.9319273,
            40.8583743
          ],
          [
            -73.9318895,
            40.8584453
          ],
          [
            -73.9317951,
            40.8586271
          ],
          [
            -73.9317079,
            40.8587949
          ],
          [
            -73.9316307,
            40.8589521
          ],
          [
            -73.9315491,
            40.8591652
          ],
          [
            -73.9314804,
            40.8593207
          ],
          [
            -73.9314707,
            40.8593476
          ],
          [
            -73.931462,
            40.8593709
          ],
          [
            -73.9314426,
            40.8594224
          ],
          [
            -73.9314371,
            40.8594432
          ],
          [
            -73.9314183,
            40.8594799
          ],
          [
            -73.9309345,
            40.8606448
          ],
          [
            -73.9309312,
            40.8606528
          ],
          [
            -73.9308732,
            40.8607521
          ],
          [
            -73.9308693,
            40.8607589
          ],
          [
            -73.9307581,
            40.8609542
          ],
          [
            -73.9305358,
            40.8613221
          ],
          [
            -73.9303764,
            40.861593
          ],
          [
            -73.9302856,
            40.8617399
          ],
          [
            -73.9301695,
            40.8620422
          ],
          [
            -73.9301141,
            40.8622388
          ],
          [
            -73.9300902,
            40.8625349
          ],
          [
            -73.9301101,
            40.8626789
          ],
          [
            -73.930163,
            40.863064
          ],
          [
            -73.9301892,
            40.8632989
          ],
          [
            -73.930185,
            40.8633245
          ],
          [
            -73.9301802,
            40.8633541
          ],
          [
            -73.9301114,
            40.8635412
          ],
          [
            -73.9299818,
            40.8637992
          ],
          [
            -73.9296576,
            40.8641904
          ],
          [
            -73.9294606,
            40.8643815
          ],
          [
            -73.929233,
            40.864569
          ],
          [
            -73.9291886,
            40.8646031
          ],
          [
            -73.9292205,
            40.8646322
          ],
          [
            -73.9292595,
            40.8646484
          ],
          [
            -73.9293432,
            40.8646484
          ],
          [
            -73.9293416,
            40.8647
          ],
          [
            -73.9293811,
            40.8647707
          ],
          [
            -73.9293878,
            40.8648143
          ],
          [
            -73.9293905,
            40.8648488
          ],
          [
            -73.929383,
            40.8649179
          ],
          [
            -73.9292755,
            40.8649926
          ],
          [
            -73.929184,
            40.8649712
          ],
          [
            -73.9291087,
            40.8649648
          ],
          [
            -73.9289434,
            40.8650521
          ],
          [
            -73.9287155,
            40.8651726
          ],
          [
            -73.9286634,
            40.8651991
          ],
          [
            -73.9286767,
            40.8652672
          ],
          [
            -73.9286125,
            40.865279
          ],
          [
            -73.9283945,
            40.8653194
          ],
          [
            -73.9282997,
            40.8653369
          ],
          [
            -73.9281593,
            40.8653787
          ],
          [
            -73.9280238,
            40.8654429
          ]
        ]
      }
    },
    {
      "type": "Feature",
      "properties": {
        "scenario": "Inwood - Dyckman St | 8.0mi | mix | hilly | no-amenity",
        "shape": "mix",
        "target_miles": 8.0,
        "distance_m": 12875.05779986665,
        "candidate_index": 1
      },
      "geometry": {
        "type": "LineString",
        "coordinates": [
          [
            -73.9280238,
            40.8654429
          ],
          [
            -73.9279083,
            40.865329
          ],
          [
            -73.9281272,
            40.8652149
          ],
          [
            -73.9282884,
            40.8651302
          ],
          [
            -73.9287266,
            40.8648997
          ],
          [
            -73.9289299,
            40.8647849
          ],
          [
            -73.9290352,
            40.8647226
          ],
          [
            -73.9290243,
            40.8647087
          ],
          [
            -73.9289665,
            40.8646215
          ],
          [
            -73.9289166,
            40.8645463
          ],
          [
            -73.9288996,
            40.8645236
          ],
          [
            -73.9290762,
            40.8643694
          ],
          [
            -73.9293105,
            40.8641676
          ],
          [
            -73.9295992,
            40.8638737
          ],
          [
            -73.9297413,
            40.8636925
          ],
          [
            -73.9298366,
            40.863487
          ],
          [
            -73.9298469,
            40.8634625
          ],
          [
            -73.9298727,
            40.8634053
          ],
          [
            -73.9298941,
            40.8633579
          ],
          [
            -73.9298995,
            40.863334
          ],
          [
            -73.9298887,
            40.8631523
          ],
          [
            -73.9298751,
            40.8629806
          ],
          [
            -73.9298668,
            40.8628761
          ],
          [
            -73.9298396,
            40.8627084
          ],
          [
            -73.9297966,
            40.8625066
          ],
          [
            -73.9297507,
            40.8624605
          ],
          [
            -73.9297761,
            40.8624418
          ],
          [
            -73.9298048,
            40.8624191
          ],
          [
            -73.9298324,
            40.8623992
          ],
          [
            -73.9298356,
            40.8623788
          ],
          [
            -73.9298515,
            40.8622743
          ],
          [
            -73.9298558,
            40.8622464
          ],
          [
            -73.929857,
            40.8622239
          ],
          [
            -73.9298608,
            40.8621511
          ],
          [
            -73.9298629,
            40.8621119
          ],
          [
            -73.9298654,
            40.8620801
          ],
          [
            -73.9298733,
            40.8620246
          ],
          [
            -73.9298848,
            40.8619672
          ],
          [
            -73.9299069,
            40.8618983
          ],
          [
            -73.92994,
            40.8618022
          ],
          [
            -73.9301765,
            40.8613758
          ],
          [
            -73.9306046,
            40.8606676
          ],
          [
            -73.930615,
            40.8606505
          ],
          [
            -73.9306397,
            40.8606013
          ],
          [
            -73.9306524,
            40.860576
          ],
          [
            -73.9306637,
            40.8605568
          ],
          [
            -73.9307553,
            40.8604006
          ],
          [
            -73.9308487,
            40.860185
          ],
          [
            -73.9309759,
            40.8598873
          ],
          [
            -73.9310661,
            40.8596741
          ],
          [
            -73.9310771,
            40.8596027
          ],
          [
            -73.9311447,
            40.8594863
          ],
          [
            -73.9311741,
            40.8594122
          ],
          [
            -73.9311788,
            40.8593955
          ],
          [
            -73.9311946,
            40.8593214
          ],
          [
            -73.9312057,
            40.8592692
          ],
          [
            -73.9312161,
            40.8592396
          ],
          [
            -73.9312277,
            40.8591884
          ],
          [
            -73.9312315,
            40.8591582
          ],
          [
            -73.931236,
            40.8591233
          ],
          [
            -73.9312457,
            40.8590902
          ],
          [
            -73.9312485,
            40.8590849
          ],
          [
            -73.9316614,
            40.8582896
          ],
          [
            -73.9316699,
            40.8582739
          ],
          [
            -73.9316921,
            40.8582329
          ],
          [
            -73.9317106,
            40.8581989
          ],
          [
            -73.9317223,
            40.8581768
          ],
          [
            -73.9318851,
            40.8578668
          ],
          [
            -73.9319511,
            40.857737
          ],
          [
            -73.9324746,
            40.856748
          ],
          [
            -73.9324817,
            40.8567346
          ],
          [
            -73.9325079,
            40.8566829
          ],
          [
            -73.9325332,
            40.8566331
          ],
          [
            -73.9325431,
            40.8566138
          ],
          [
            -73.9326357,
            40.8564349
          ],
          [
            -73.9329582,
            40.8558338
          ],
          [
            -73.9330944,
            40.8555739
          ],
          [
            -73.9331577,
            40.8553802
          ],
          [
            -73.9331975,
            40.8552585
          ],
          [
            -73.933535,
            40.8542282
          ],
          [
            -73.9335425,
            40.8542054
          ],
          [
            -73.9335694,
            40.8541399
          ],
          [
            -73.9335901,
            40.8540894
          ],
          [
            -73.9336039,
            40.8540632
          ],
          [
            -73.9339532,
            40.8533973
          ],
          [
            -73.9340432,
            40.8532174
          ],
          [
            -73.9340966,
            40.8531106
          ],
          [
            -73.9342705,
            40.8527543
          ],
          [
            -73.9342824,
            40.8527299
          ],
          [
            -73.9343129,
            40.8526788
          ],
          [
            -73.9343401,
            40.8526178
          ],
          [
            -73.9343533,
            40.8525918
          ],
          [
            -73.9346082,
            40.8520887
          ],
          [
            -73.9346178,
            40.8520697
          ],
          [
            -73.9346542,
            40.8520093
          ],
          [
            -73.9346653,
            40.8519911
          ],
          [
            -73.9346769,
            40.851968
          ],
          [
            -73.9349221,
            40.8514774
          ],
          [
            -73.9349311,
            40.8514593
          ],
          [
            -73.9349705,
            40.8513868
          ],
          [
            -73.9349915,
            40.8513421
          ],
          [
            -73.9350045,
            40.8513167
          ],
          [
            -73.9352739,
            40.850794
          ],
          [
            -73.9352785,
            40.8507802
          ],
          [
            -73.9353082,
            40.8507263
          ],
          [
            -73.9353199,
            40.8507028
          ],
          [
            -73.9353336,
            40.8506761
          ],
          [
            -73.9355721,
            40.8502051
          ],
          [
            -73.9355835,
            40.8501827
          ],
          [
            -73.9356068,
            40.8501265
          ],
          [
            -73.9356376,
            40.8500544
          ],
          [
            -73.9356603,
            40.8500336
          ],
          [
            -73.935932,
            40.8497836
          ],
          [
            -73.9362042,
            40.8495372
          ],
          [
            -73.936229,
            40.8495148
          ],
          [
            -73.9362658,
            40.8494845
          ],
          [
            -73.9363025,
            40.8494542
          ],
          [
            -73.9363235,
            40.8494356
          ],
          [
            -73.9368338,
            40.8489771
          ],
          [
            -73.9368497,
            40.8489627
          ],
          [
            -73.9368957,
            40.8489192
          ],
          [
            -73.9369286,
            40.8488883
          ],
          [
            -73.9369426,
            40.848875
          ],
          [
            -73.9374588,
            40.8484051
          ],
          [
            -73.9374685,
            40.8483903
          ],
          [
            -73.9375238,
            40.8483423
          ],
          [
            -73.9375656,
            40.8482974
          ],
          [
            -73.9375879,
            40.8482767
          ],
          [
            -73.9378246,
            40.8477313
          ],
          [
            -73.937833,
            40.847712
          ],
          [
            -73.9378498,
            40.8476592
          ],
          [
            -73.9378618,
            40.8476274
          ],
          [
            -73.937872,
            40.8475953
          ],
          [
            -73.9380567,
            40.8470188
          ],
          [
            -73.9380655,
            40.8469954
          ],
          [
            -73.9380775,
            40.8469528
          ],
          [
            -73.9380919,
            40.8469016
          ],
          [
            -73.9380976,
            40.8468838
          ],
          [
            -73.9382888,
            40.8462626
          ],
          [
            -73.9383141,
            40.8461804
          ],
          [
            -73.9383295,
            40.8461304
          ],
          [
            -73.9385241,
            40.8454985
          ],
          [
            -73.9385344,
            40.8454642
          ],
          [
            -73.9385504,
            40.8454111
          ],
          [
            -73.9385609,
            40.8453762
          ],
          [
            -73.9385676,
            40.845354
          ],
          [
            -73.9385961,
            40.8452478
          ],
          [
            -73.9386304,
            40.8451197
          ],
          [
            -73.9387326,
            40.8447382
          ],
          [
            -73.9387362,
            40.8447168
          ],
          [
            -73.9387468,
            40.844654
          ],
          [
            -73.9387559,
            40.8445997
          ],
          [
            -73.9387608,
            40.8445708
          ],
          [
            -73.9388761,
            40.8439559
          ],
          [
            -73.9388819,
            40.8439336
          ],
          [
            -73.9388941,
            40.8438867
          ],
          [
            -73.9389049,
            40.8438455
          ],
          [
            -73.938911,
            40.843822
          ],
          [
            -73.9389715,
            40.8435584
          ],
          [
            -73.9390424,
            40.8432498
          ],
          [
            -73.9390441,
            40.8432249
          ],
          [
            -73.9390481,
            40.8431682
          ],
          [
            -73.9390518,
            40.8431159
          ],
          [
            -73.9390531,
            40.8430966
          ],
          [
            -73.9391131,
            40.8424609
          ],
          [
            -73.939115,
            40.8424374
          ],
          [
            -73.9391162,
            40.8424119
          ],
          [
            -73.9391174,
            40.8423864
          ],
          [
            -73.9391196,
            40.8423586
          ],
          [
            -73.9391218,
            40.8423308
          ],
          [
            -73.9391227,
            40.8423197
          ],
          [
            -73.9391257,
            40.8422791
          ],
          [
            -73.9391196,
            40.8419836
          ],
          [
            -73.9391578,
            40.8419095
          ],
          [
            -73.9391604,
            40.8418721
          ],
          [
            -73.9391645,
            40.8418125
          ],
          [
            -73.9392178,
            40.8417128
          ],
          [
            -73.9391901,
            40.8417007
          ],
          [
            -73.9391735,
            40.8416934
          ],
          [
            -73.93916,
            40.8416878
          ],
          [
            -73.9391667,
            40.8416653
          ],
          [
            -73.9391772,
            40.8416189
          ],
          [
            -73.9391874,
            40.8415731
          ],
          [
            -73.9391933,
            40.8415518
          ],
          [
            -73.9393496,
            40.8409947
          ],
          [
            -73.939355,
            40.8409758
          ],
          [
            -73.9393717,
            40.840913
          ],
          [
            -73.9393906,
            40.8408561
          ],
          [
            -73.9393982,
            40.840827
          ],
          [
            -73.9395406,
            40.8402914
          ],
          [
            -73.9395477,
            40.8402651
          ],
          [
            -73.9395623,
            40.8402109
          ],
          [
            -73.9395718,
            40.8401774
          ],
          [
            -73.9395756,
            40.8401629
          ],
          [
            -73.9397266,
            40.839601
          ],
          [
            -73.9397323,
            40.8395757
          ],
          [
            -73.9397466,
            40.8395113
          ],
          [
            -73.9397587,
            40.8394571
          ],
          [
            -73.9397645,
            40.839437
          ],
          [
            -73.9397073,
            40.8388155
          ],
          [
            -73.9397076,
            40.8387544
          ],
          [
            -73.9397005,
            40.8387098
          ],
          [
            -73.9398419,
            40.8386617
          ],
          [
            -73.9398455,
            40.8385135
          ],
          [
            -73.9398575,
            40.8384352
          ],
          [
            -73.93986,
            40.8384189
          ],
          [
            -73.9399035,
            40.8381898
          ],
          [
            -73.9399302,
            40.8380495
          ],
          [
            -73.9399789,
            40.8377935
          ],
          [
            -73.939994,
            40.837714
          ],
          [
            -73.9400085,
            40.8376528
          ],
          [
            -73.9401239,
            40.837035
          ],
          [
            -73.9401365,
            40.8369673
          ],
          [
            -73.9401287,
            40.8368944
          ],
          [
            -73.9400641,
            40.8362906
          ],
          [
            -73.9400362,
            40.8361153
          ],
          [
            -73.9399863,
            40.8358917
          ],
          [
            -73.9399834,
            40.8358785
          ],
          [
            -73.9398835,
            40.8358221
          ],
          [
            -73.9397975,
            40.8357792
          ],
          [
            -73.9397604,
            40.8357605
          ],
          [
            -73.9397818,
            40.8357278
          ],
          [
            -73.9398011,
            40.8357012
          ],
          [
            -73.9397413,
            40.835676
          ],
          [
            -73.9397277,
            40.8356298
          ],
          [
            -73.9397539,
            40.8356196
          ],
          [
            -73.9397775,
            40.8356016
          ],
          [
            -73.9397861,
            40.8355796
          ],
          [
            -73.9397882,
            40.835558
          ],
          [
            -73.9397338,
            40.8352806
          ],
          [
            -73.9397352,
            40.8352622
          ],
          [
            -73.9397416,
            40.8351698
          ],
          [
            -73.9397872,
            40.8350754
          ],
          [
            -73.93986,
            40.834918
          ],
          [
            -73.9400164,
            40.8345637
          ],
          [
            -73.940048,
            40.8344923
          ],
          [
            -73.9400741,
            40.8344332
          ],
          [
            -73.9403266,
            40.8338615
          ],
          [
            -73.94036,
            40.833786
          ],
          [
            -73.9403844,
            40.8337286
          ],
          [
            -73.9406224,
            40.8331698
          ],
          [
            -73.940653,
            40.833098
          ],
          [
            -73.9406709,
            40.8330409
          ],
          [
            -73.9408558,
            40.8324537
          ],
          [
            -73.9408792,
            40.8323747
          ],
          [
            -73.9408993,
            40.8323137
          ],
          [
            -73.9409759,
            40.8320757
          ],
          [
            -73.9410137,
            40.8319588
          ],
          [
            -73.9410779,
            40.8317605
          ],
          [
            -73.9411243,
            40.831617
          ],
          [
            -73.9411272,
            40.8316081
          ],
          [
            -73.9412136,
            40.8313508
          ],
          [
            -73.9413327,
            40.8309961
          ],
          [
            -73.941368,
            40.830891
          ],
          [
            -73.9414116,
            40.8307845
          ],
          [
            -73.9415,
            40.8305684
          ],
          [
            -73.9416494,
            40.8302031
          ],
          [
            -73.941667,
            40.83016
          ],
          [
            -73.9416948,
            40.8300879
          ],
          [
            -73.9418535,
            40.8296773
          ],
          [
            -73.9419219,
            40.8295002
          ],
          [
            -73.9419307,
            40.8294775
          ],
          [
            -73.9419432,
            40.8294451
          ],
          [
            -73.9419663,
            40.8293829
          ],
          [
            -73.9420124,
            40.8292591
          ],
          [
            -73.9420399,
            40.829193
          ],
          [
            -73.9421149,
            40.8290059
          ],
          [
            -73.9421961,
            40.828805
          ],
          [
            -73.942224,
            40.828736
          ],
          [
            -73.9422606,
            40.8286455
          ],
          [
            -73.9424773,
            40.8281091
          ],
          [
            -73.9425031,
            40.8280452
          ],
          [
            -73.9425315,
            40.8279768
          ],
          [
            -73.9425429,
            40.8279494
          ],
          [
            -73.9425935,
            40.8278211
          ],
          [
            -73.9427414,
            40.8274463
          ],
          [
            -73.942756,
            40.8274129
          ],
          [
            -73.9427817,
            40.8273441
          ],
          [
            -73.9428043,
            40.8272872
          ],
          [
            -73.9430315,
            40.8267144
          ],
          [
            -73.9430556,
            40.8266537
          ],
          [
            -73.9430834,
            40.8265901
          ],
          [
            -73.9431638,
            40.8264027
          ],
          [
            -73.9433352,
            40.8260229
          ],
          [
            -73.943357,
            40.825956
          ],
          [
            -73.9433964,
            40.8259021
          ],
          [
            -73.9435475,
            40.8256953
          ],
          [
            -73.943551,
            40.8256906
          ],
          [
            -73.9436124,
            40.8256064
          ],
          [
            -73.943774,
            40.8253854
          ],
          [
            -73.943813,
            40.825332
          ],
          [
            -73.9438628,
            40.8252632
          ],
          [
            -73.9440139,
            40.8250545
          ],
          [
            -73.9442326,
            40.8247537
          ],
          [
            -73.944268,
            40.824705
          ],
          [
            -73.9442975,
            40.8246655
          ],
          [
            -73.9445177,
            40.8243708
          ],
          [
            -73.9445457,
            40.8243333
          ],
          [
            -73.9446879,
            40.8241441
          ],
          [
            -73.9447637,
            40.8240402
          ],
          [
            -73.9448113,
            40.8239748
          ],
          [
            -73.9448313,
            40.8239423
          ],
          [
            -73.9448568,
            40.8239008
          ],
          [
            -73.9449209,
            40.8237625
          ],
          [
            -73.9449363,
            40.8237293
          ],
          [
            -73.9451475,
            40.8232734
          ],
          [
            -73.9459527,
            40.8215357
          ],
          [
            -73.9460458,
            40.8213333
          ],
          [
            -73.9460787,
            40.8212637
          ],
          [
            -73.946105,
            40.8212076
          ],
          [
            -73.9461243,
            40.8211665
          ],
          [
            -73.9461879,
            40.8210308
          ],
          [
            -73.9462085,
            40.8209869
          ],
          [
            -73.9462384,
            40.820923
          ],
          [
            -73.9462806,
            40.8208331
          ],
          [
            -73.9463722,
            40.8206336
          ],
          [
            -73.9463959,
            40.8205827
          ],
          [
            -73.9464302,
            40.8205091
          ],
          [
            -73.9466829,
            40.8199688
          ],
          [
            -73.9467125,
            40.819903
          ],
          [
            -73.9467383,
            40.8198513
          ],
          [
            -73.9469155,
            40.8194689
          ],
          [
            -73.9470016,
            40.8192829
          ],
          [
            -73.9470312,
            40.8192188
          ],
          [
            -73.947064,
            40.8191486
          ],
          [
            -73.9471192,
            40.8190304
          ],
          [
            -73.9473235,
            40.8185915
          ],
          [
            -73.9473494,
            40.8185359
          ],
          [
            -73.9473796,
            40.818471
          ],
          [
            -73.9475395,
            40.8181273
          ],
          [
            -73.9476349,
            40.8179229
          ],
          [
            -73.9476667,
            40.8178547
          ],
          [
            -73.9476931,
            40.8177976
          ],
          [
            -73.9478646,
            40.8174271
          ],
          [
            -73.9479368,
            40.8172716
          ],
          [
            -73.9479608,
            40.81722
          ],
          [
            -73.948009,
            40.817116
          ],
          [
            -73.9480524,
            40.8170231
          ],
          [
            -73.9482239,
            40.8166564
          ],
          [
            -73.9483242,
            40.8164419
          ],
          [
            -73.948356,
            40.816374
          ],
          [
            -73.9483771,
            40.8163292
          ],
          [
            -73.9486452,
            40.8157596
          ],
          [
            -73.948677,
            40.815692
          ],
          [
            -73.9486963,
            40.8156485
          ],
          [
            -73.9485943,
            40.8156055
          ],
          [
            -73.9476627,
            40.8152187
          ],
          [
            -73.9475233,
            40.8151604
          ],
          [
            -73.9474099,
            40.815113
          ],
          [
            -73.9448767,
            40.8140436
          ],
          [
            -73.9447661,
            40.8139965
          ],
          [
            -73.9446046,
            40.8139278
          ],
          [
            -73.9444913,
            40.8138796
          ],
          [
            -73.9448558,
            40.8133726
          ],
          [
            -73.944903,
            40.8133069
          ],
          [
            -73.9449405,
            40.8132559
          ],
          [
            -73.944903,
            40.8133069
          ],
          [
            -73.9448558,
            40.8133726
          ],
          [
            -73.9444913,
            40.8138796
          ],
          [
            -73.9446046,
            40.8139278
          ],
          [
            -73.9447661,
            40.8139965
          ],
          [
            -73.9448767,
            40.8140436
          ],
          [
            -73.9474099,
            40.815113
          ],
          [
            -73.9475233,
            40.8151604
          ],
          [
            -73.9476627,
            40.8152187
          ],
          [
            -73.9485943,
            40.8156055
          ],
          [
            -73.9486963,
            40.8156485
          ],
          [
            -73.948677,
            40.815692
          ],
          [
            -73.9486452,
            40.8157596
          ],
          [
            -73.9483771,
            40.8163292
          ],
          [
            -73.948356,
            40.816374
          ],
          [
            -73.9483242,
            40.8164419
          ],
          [
            -73.9482239,
            40.8166564
          ],
          [
            -73.9480524,
            40.8170231
          ],
          [
            -73.948009,
            40.817116
          ],
          [
            -73.9479608,
            40.81722
          ],
          [
            -73.9479368,
            40.8172716
          ],
          [
            -73.9478646,
            40.8174271
          ],
          [
            -73.9476931,
            40.8177976
          ],
          [
            -73.9476667,
            40.8178547
          ],
          [
            -73.9476349,
            40.8179229
          ],
          [
            -73.9475395,
            40.8181273
          ],
          [
            -73.9473796,
            40.818471
          ],
          [
            -73.9473494,
            40.8185359
          ],
          [
            -73.9473235,
            40.8185915
          ],
          [
            -73.9471192,
            40.8190304
          ],
          [
            -73.947064,
            40.8191486
          ],
          [
            -73.9470312,
            40.8192188
          ],
          [
            -73.9470016,
            40.8192829
          ],
          [
            -73.9469155,
            40.8194689
          ],
          [
            -73.9467383,
            40.8198513
          ],
          [
            -73.9467125,
            40.819903
          ],
          [
            -73.9466829,
            40.8199688
          ],
          [
            -73.9464302,
            40.8205091
          ],
          [
            -73.9463959,
            40.8205827
          ],
          [
            -73.9463722,
            40.8206336
          ],
          [
            -73.9462806,
            40.8208331
          ],
          [
            -73.9462384,
            40.820923
          ],
          [
            -73.9462085,
            40.8209869
          ],
          [
            -73.9461879,
            40.8210308
          ],
          [
            -73.9461243,
            40.8211665
          ],
          [
            -73.946105,
            40.8212076
          ],
          [
            -73.9460787,
            40.8212637
          ],
          [
            -73.9460458,
            40.8213333
          ],
          [
            -73.9459527,
            40.8215357
          ],
          [
            -73.9451475,
            40.8232734
          ],
          [
            -73.9449363,
            40.8237293
          ],
          [
            -73.9449209,
            40.8237625
          ],
          [
            -73.9448568,
            40.8239008
          ],
          [
            -73.9448313,
            40.8239423
          ],
          [
            -73.9448113,
            40.8239748
          ],
          [
            -73.9447637,
            40.8240402
          ],
          [
            -73.9446879,
            40.8241441
          ],
          [
            -73.9445457,
            40.8243333
          ],
          [
            -73.9445177,
            40.8243708
          ],
          [
            -73.9442975,
            40.8246655
          ],
          [
            -73.944268,
            40.824705
          ],
          [
            -73.9442326,
            40.8247537
          ],
          [
            -73.9440139,
            40.8250545
          ],
          [
            -73.9438628,
            40.8252632
          ],
          [
            -73.943813,
            40.825332
          ],
          [
            -73.943774,
            40.8253854
          ],
          [
            -73.9436124,
            40.8256064
          ],
          [
            -73.943551,
            40.8256906
          ],
          [
            -73.9435475,
            40.8256953
          ],
          [
            -73.9433964,
            40.8259021
          ],
          [
            -73.943357,
            40.825956
          ],
          [
            -73.9433352,
            40.8260229
          ],
          [
            -73.9431638,
            40.8264027
          ],
          [
            -73.9430834,
            40.8265901
          ],
          [
            -73.9430556,
            40.8266537
          ],
          [
            -73.9430315,
            40.8267144
          ],
          [
            -73.9428043,
            40.8272872
          ],
          [
            -73.9427817,
            40.8273441
          ],
          [
            -73.942756,
            40.8274129
          ],
          [
            -73.9427414,
            40.8274463
          ],
          [
            -73.9425935,
            40.8278211
          ],
          [
            -73.9425429,
            40.8279494
          ],
          [
            -73.9425315,
            40.8279768
          ],
          [
            -73.9425031,
            40.8280452
          ],
          [
            -73.9424773,
            40.8281091
          ],
          [
            -73.9422606,
            40.8286455
          ],
          [
            -73.942224,
            40.828736
          ],
          [
            -73.9421961,
            40.828805
          ],
          [
            -73.9421149,
            40.8290059
          ],
          [
            -73.9420399,
            40.829193
          ],
          [
            -73.9420124,
            40.8292591
          ],
          [
            -73.9419663,
            40.8293829
          ],
          [
            -73.9419432,
            40.8294451
          ],
          [
            -73.9419307,
            40.8294775
          ],
          [
            -73.9419219,
            40.8295002
          ],
          [
            -73.9418535,
            40.8296773
          ],
          [
            -73.9416948,
            40.8300879
          ],
          [
            -73.941667,
            40.83016
          ],
          [
            -73.9416494,
            40.8302031
          ],
          [
            -73.9415,
            40.8305684
          ],
          [
            -73.9414116,
            40.8307845
          ],
          [
            -73.941368,
            40.830891
          ],
          [
            -73.9413327,
            40.8309961
          ],
          [
            -73.9412136,
            40.8313508
          ],
          [
            -73.9411272,
            40.8316081
          ],
          [
            -73.9411243,
            40.831617
          ],
          [
            -73.9410779,
            40.8317605
          ],
          [
            -73.9410137,
            40.8319588
          ],
          [
            -73.9409759,
            40.8320757
          ],
          [
            -73.9408993,
            40.8323137
          ],
          [
            -73.9408792,
            40.8323747
          ],
          [
            -73.9408558,
            40.8324537
          ],
          [
            -73.9406709,
            40.8330409
          ],
          [
            -73.940653,
            40.833098
          ],
          [
            -73.9406224,
            40.8331698
          ],
          [
            -73.9403844,
            40.8337286
          ],
          [
            -73.94036,
            40.833786
          ],
          [
            -73.9403266,
            40.8338615
          ],
          [
            -73.9400741,
            40.8344332
          ],
          [
            -73.940048,
            40.8344923
          ],
          [
            -73.9400164,
            40.8345637
          ],
          [
            -73.93986,
            40.834918
          ],
          [
            -73.9397872,
            40.8350754
          ],
          [
            -73.9397416,
            40.8351698
          ],
          [
            -73.9397352,
            40.8352622
          ],
          [
            -73.9397338,
            40.8352806
          ],
          [
            -73.9397882,
            40.835558
          ],
          [
            -73.9397861,
            40.8355796
          ],
          [
            -73.9397775,
            40.8356016
          ],
          [
            -73.9397539,
            40.8356196
          ],
          [
            -73.9397277,
            40.8356298
          ],
          [
            -73.9397413,
            40.835676
          ],
          [
            -73.9398011,
            40.8357012
          ],
          [
            -73.9397818,
            40.8357278
          ],
          [
            -73.9397604,
            40.8357605
          ],
          [
            -73.9397975,
            40.8357792
          ],
          [
            -73.9398835,
            40.8358221
          ],
          [
            -73.9399834,
            40.8358785
          ],
          [
            -73.9399863,
            40.8358917
          ],
          [
            -73.9400362,
            40.8361153
          ],
          [
            -73.9400641,
            40.8362906
          ],
          [
            -73.9401287,
            40.8368944
          ],
          [
            -73.9401365,
            40.8369673
          ],
          [
            -73.9401239,
            40.837035
          ],
          [
            -73.9400085,
            40.8376528
          ],
          [
            -73.939994,
            40.837714
          ],
          [
            -73.9399789,
            40.8377935
          ],
          [
            -73.9399302,
            40.8380495
          ],
          [
            -73.9399035,
            40.8381898
          ],
          [
            -73.93986,
            40.8384189
          ],
          [
            -73.9398575,
            40.8384352
          ],
          [
            -73.9398455,
            40.8385135
          ],
          [
            -73.9398419,
            40.8386617
          ],
          [
            -73.9397005,
            40.8387098
          ],
          [
            -73.9397076,
            40.8387544
          ],
          [
            -73.9397073,
            40.8388155
          ],
          [
            -73.9397645,
            40.839437
          ],
          [
            -73.9397587,
            40.8394571
          ],
          [
            -73.9397466,
            40.8395113
          ],
          [
            -73.9397323,
            40.8395757
          ],
          [
            -73.9397266,
            40.839601
          ],
          [
            -73.9395756,
            40.8401629
          ],
          [
            -73.9395718,
            40.8401774
          ],
          [
            -73.9395623,
            40.8402109
          ],
          [
            -73.9395477,
            40.8402651
          ],
          [
            -73.9395406,
            40.8402914
          ],
          [
            -73.9393982,
            40.840827
          ],
          [
            -73.9393906,
            40.8408561
          ],
          [
            -73.9393717,
            40.840913
          ],
          [
            -73.939355,
            40.8409758
          ],
          [
            -73.9393496,
            40.8409947
          ],
          [
            -73.9391933,
            40.8415518
          ],
          [
            -73.9391874,
            40.8415731
          ],
          [
            -73.9391772,
            40.8416189
          ],
          [
            -73.9391667,
            40.8416653
          ],
          [
            -73.93916,
            40.8416878
          ],
          [
            -73.9391735,
            40.8416934
          ],
          [
            -73.9391901,
            40.8417007
          ],
          [
            -73.9392178,
            40.8417128
          ],
          [
            -73.9391645,
            40.8418125
          ],
          [
            -73.9391604,
            40.8418721
          ],
          [
            -73.9391578,
            40.8419095
          ],
          [
            -73.9391196,
            40.8419836
          ],
          [
            -73.9391257,
            40.8422791
          ],
          [
            -73.9391227,
            40.8423197
          ],
          [
            -73.9391218,
            40.8423308
          ],
          [
            -73.9391196,
            40.8423586
          ],
          [
            -73.9391174,
            40.8423864
          ],
          [
            -73.9391162,
            40.8424119
          ],
          [
            -73.939115,
            40.8424374
          ],
          [
            -73.9391131,
            40.8424609
          ],
          [
            -73.9390531,
            40.8430966
          ],
          [
            -73.9390518,
            40.8431159
          ],
          [
            -73.9390481,
            40.8431682
          ],
          [
            -73.9390441,
            40.8432249
          ],
          [
            -73.9390424,
            40.8432498
          ],
          [
            -73.9389715,
            40.8435584
          ],
          [
            -73.938911,
            40.843822
          ],
          [
            -73.9389049,
            40.8438455
          ],
          [
            -73.9388941,
            40.8438867
          ],
          [
            -73.9388819,
            40.8439336
          ],
          [
            -73.9388761,
            40.8439559
          ],
          [
            -73.9387608,
            40.8445708
          ],
          [
            -73.9387559,
            40.8445997
          ],
          [
            -73.9387468,
            40.844654
          ],
          [
            -73.9387362,
            40.8447168
          ],
          [
            -73.9387326,
            40.8447382
          ],
          [
            -73.9386304,
            40.8451197
          ],
          [
            -73.9385961,
            40.8452478
          ],
          [
            -73.9385676,
            40.845354
          ],
          [
            -73.9385609,
            40.8453762
          ],
          [
            -73.9385504,
            40.8454111
          ],
          [
            -73.9385344,
            40.8454642
          ],
          [
            -73.9385241,
            40.8454985
          ],
          [
            -73.9383295,
            40.8461304
          ],
          [
            -73.9383141,
            40.8461804
          ],
          [
            -73.9382888,
            40.8462626
          ],
          [
            -73.9380976,
            40.8468838
          ],
          [
            -73.9380919,
            40.8469016
          ],
          [
            -73.9380775,
            40.8469528
          ],
          [
            -73.9380655,
            40.8469954
          ],
          [
            -73.9380567,
            40.8470188
          ],
          [
            -73.937872,
            40.8475953
          ],
          [
            -73.9378618,
            40.8476274
          ],
          [
            -73.9378498,
            40.8476592
          ],
          [
            -73.937833,
            40.847712
          ],
          [
            -73.9378246,
            40.8477313
          ],
          [
            -73.9375879,
            40.8482767
          ],
          [
            -73.9375656,
            40.8482974
          ],
          [
            -73.9375238,
            40.8483423
          ],
          [
            -73.9374685,
            40.8483903
          ],
          [
            -73.9374588,
            40.8484051
          ],
          [
            -73.9369426,
            40.848875
          ],
          [
            -73.9369286,
            40.8488883
          ],
          [
            -73.9368957,
            40.8489192
          ],
          [
            -73.9368497,
            40.8489627
          ],
          [
            -73.9368338,
            40.8489771
          ],
          [
            -73.9363235,
            40.8494356
          ],
          [
            -73.9363025,
            40.8494542
          ],
          [
            -73.9362658,
            40.8494845
          ],
          [
            -73.936229,
            40.8495148
          ],
          [
            -73.9362042,
            40.8495372
          ],
          [
            -73.935932,
            40.8497836
          ],
          [
            -73.9356603,
            40.8500336
          ],
          [
            -73.9356376,
            40.8500544
          ],
          [
            -73.9356068,
            40.8501265
          ],
          [
            -73.9355835,
            40.8501827
          ],
          [
            -73.9355721,
            40.8502051
          ],
          [
            -73.9353336,
            40.8506761
          ],
          [
            -73.9353199,
            40.8507028
          ],
          [
            -73.9353082,
            40.8507263
          ],
          [
            -73.9352785,
            40.8507802
          ],
          [
            -73.9352739,
            40.850794
          ],
          [
            -73.9350045,
            40.8513167
          ],
          [
            -73.9349915,
            40.8513421
          ],
          [
            -73.9349705,
            40.8513868
          ],
          [
            -73.9349311,
            40.8514593
          ],
          [
            -73.9349221,
            40.8514774
          ],
          [
            -73.9346769,
            40.851968
          ],
          [
            -73.9346653,
            40.8519911
          ],
          [
            -73.9346542,
            40.8520093
          ],
          [
            -73.9346178,
            40.8520697
          ],
          [
            -73.9346082,
            40.8520887
          ],
          [
            -73.9343533,
            40.8525918
          ],
          [
            -73.9343401,
            40.8526178
          ],
          [
            -73.9343129,
            40.8526788
          ],
          [
            -73.9342824,
            40.8527299
          ],
          [
            -73.9342705,
            40.8527543
          ],
          [
            -73.9340966,
            40.8531106
          ],
          [
            -73.9340432,
            40.8532174
          ],
          [
            -73.9339532,
            40.8533973
          ],
          [
            -73.9336039,
            40.8540632
          ],
          [
            -73.9335901,
            40.8540894
          ],
          [
            -73.9335694,
            40.8541399
          ],
          [
            -73.9335425,
            40.8542054
          ],
          [
            -73.933535,
            40.8542282
          ],
          [
            -73.9331975,
            40.8552585
          ],
          [
            -73.9331577,
            40.8553802
          ],
          [
            -73.9330944,
            40.8555739
          ],
          [
            -73.9329582,
            40.8558338
          ],
          [
            -73.9326357,
            40.8564349
          ],
          [
            -73.9325431,
            40.8566138
          ],
          [
            -73.9325332,
            40.8566331
          ],
          [
            -73.9325079,
            40.8566829
          ],
          [
            -73.9324817,
            40.8567346
          ],
          [
            -73.9324746,
            40.856748
          ],
          [
            -73.9319511,
            40.857737
          ],
          [
            -73.9318851,
            40.8578668
          ],
          [
            -73.9317223,
            40.8581768
          ],
          [
            -73.9317106,
            40.8581989
          ],
          [
            -73.9316921,
            40.8582329
          ],
          [
            -73.9316699,
            40.8582739
          ],
          [
            -73.9316614,
            40.8582896
          ],
          [
            -73.9312485,
            40.8590849
          ],
          [
            -73.9312457,
            40.8590902
          ],
          [
            -73.931236,
            40.8591233
          ],
          [
            -73.9312315,
            40.8591582
          ],
          [
            -73.9312277,
            40.8591884
          ],
          [
            -73.9312161,
            40.8592396
          ],
          [
            -73.9312057,
            40.8592692
          ],
          [
            -73.9311946,
            40.8593214
          ],
          [
            -73.9311788,
            40.8593955
          ],
          [
            -73.9311741,
            40.8594122
          ],
          [
            -73.9311447,
            40.8594863
          ],
          [
            -73.9310771,
            40.8596027
          ],
          [
            -73.9310661,
            40.8596741
          ],
          [
            -73.9309759,
            40.8598873
          ],
          [
            -73.9308487,
            40.860185
          ],
          [
            -73.9307553,
            40.8604006
          ],
          [
            -73.9306637,
            40.8605568
          ],
          [
            -73.9306524,
            40.860576
          ],
          [
            -73.9306397,
            40.8606013
          ],
          [
            -73.930615,
            40.8606505
          ],
          [
            -73.9306046,
            40.8606676
          ],
          [
            -73.9301765,
            40.8613758
          ],
          [
            -73.92994,
            40.8618022
          ],
          [
            -73.9299069,
            40.8618983
          ],
          [
            -73.9298848,
            40.8619672
          ],
          [
            -73.9298733,
            40.8620246
          ],
          [
            -73.9298654,
            40.8620801
          ],
          [
            -73.9298629,
            40.8621119
          ],
          [
            -73.9298608,
            40.8621511
          ],
          [
            -73.929857,
            40.8622239
          ],
          [
            -73.9298558,
            40.8622464
          ],
          [
            -73.9298515,
            40.8622743
          ],
          [
            -73.9298356,
            40.8623788
          ],
          [
            -73.9298324,
            40.8623992
          ],
          [
            -73.9298048,
            40.8624191
          ],
          [
            -73.9297761,
            40.8624418
          ],
          [
            -73.9297507,
            40.8624605
          ],
          [
            -73.9297966,
            40.8625066
          ],
          [
            -73.9298396,
            40.8627084
          ],
          [
            -73.9298668,
            40.8628761
          ],
          [
            -73.9298751,
            40.8629806
          ],
          [
            -73.9298887,
            40.8631523
          ],
          [
            -73.9298995,
            40.863334
          ],
          [
            -73.9298941,
            40.8633579
          ],
          [
            -73.9298727,
            40.8634053
          ],
          [
            -73.9298469,
            40.8634625
          ],
          [
            -73.9298366,
            40.863487
          ],
          [
            -73.9297413,
            40.8636925
          ],
          [
            -73.9295992,
            40.8638737
          ],
          [
            -73.9293105,
            40.8641676
          ],
          [
            -73.9290762,
            40.8643694
          ],
          [
            -73.9288996,
            40.8645236
          ],
          [
            -73.9289166,
            40.8645463
          ],
          [
            -73.9289665,
            40.8646215
          ],
          [
            -73.9290243,
            40.8647087
          ],
          [
            -73.9290352,
            40.8647226
          ],
          [
            -73.9289299,
            40.8647849
          ],
          [
            -73.9287266,
            40.8648997
          ],
          [
            -73.9282884,
            40.8651302
          ],
          [
            -73.9281272,
            40.8652149
          ],
          [
            -73.9279083,
            40.865329
          ],
          [
            -73.9280238,
            40.8654429
          ]
        ]
      }
    }
  ]
}
