{
  "type": "FeatureCollection",
  "features": [
    {
      "type": "Feature",
      "properties": {
        "scenario": "HARD - Roosevelt Island footbridge, narrow strip",
        "shape": "round",
        "target_miles": 6.0,
        "distance_m": 9575.764722940032,
        "candidate_index": 0
      },
      "geometry": {
        "type": "LineString",
        "coordinates": [
          [
            -73.9549789,
            40.7626746
          ],
          [
            -73.9551397,
            40.7627397
          ],
          [
            -73.9551253,
            40.7627567
          ],
          [
            -73.9551184,
            40.7627763
          ],
          [
            -73.9551199,
            40.7627965
          ],
          [
            -73.9551295,
            40.7628154
          ],
          [
            -73.9551463,
            40.7628312
          ],
          [
            -73.9551612,
            40.7628385
          ],
          [
            -73.9551687,
            40.7628422
          ],
          [
            -73.9552021,
            40.762848
          ],
          [
            -73.9552353,
            40.7628412
          ],
          [
            -73.9553858,
            40.762911
          ],
          [
            -73.9553375,
            40.7629775
          ],
          [
            -73.9551679,
            40.763213
          ],
          [
            -73.9551057,
            40.7632945
          ],
          [
            -73.9549807,
            40.7634764
          ],
          [
            -73.9548718,
            40.7636407
          ],
          [
            -73.9552566,
            40.7637973
          ],
          [
            -73.955371,
            40.7636391
          ],
          [
            -73.9555866,
            40.7638388
          ],
          [
            -73.9557457,
            40.7639067
          ],
          [
            -73.9557373,
            40.7639181
          ],
          [
            -73.9555401,
            40.7641866
          ],
          [
            -73.9556642,
            40.76424
          ],
          [
            -73.9557841,
            40.7642917
          ],
          [
            -73.9577694,
            40.7651365
          ],
          [
            -73.9578812,
            40.7651817
          ],
          [
            -73.9580432,
            40.7652473
          ],
          [
            -73.958003,
            40.7653033
          ],
          [
            -73.9579668,
            40.7653538
          ],
          [
            -73.9600676,
            40.7662488
          ],
          [
            -73.9597178,
            40.7667719
          ],
          [
            -73.9598222,
            40.7668156
          ],
          [
            -73.9599497,
            40.7668691
          ],
          [
            -73.9613009,
            40.7674415
          ],
          [
            -73.961919,
            40.7677034
          ],
          [
            -73.9620545,
            40.7677596
          ],
          [
            -73.9621988,
            40.7678195
          ],
          [
            -73.9625695,
            40.7679722
          ],
          [
            -73.9631125,
            40.7682056
          ],
          [
            -73.9635557,
            40.7683955
          ],
          [
            -73.9636566,
            40.7684388
          ],
          [
            -73.9637414,
            40.768477
          ],
          [
            -73.9637126,
            40.7685281
          ],
          [
            -73.9636717,
            40.7685828
          ],
          [
            -73.9645302,
            40.7689466
          ],
          [
            -73.9649958,
            40.7691409
          ],
          [
            -73.9651126,
            40.7691919
          ],
          [
            -73.9652912,
            40.7692698
          ],
          [
            -73.9653939,
            40.7693147
          ],
          [
            -73.9666992,
            40.7698575
          ],
          [
            -73.9668118,
            40.7699059
          ],
          [
            -73.9669161,
            40.7699507
          ],
          [
            -73.9677245,
            40.7702955
          ],
          [
            -73.9683082,
            40.7705445
          ],
          [
            -73.9684042,
            40.7705849
          ],
          [
            -73.9685176,
            40.7706343
          ],
          [
            -73.9684746,
            40.7706972
          ],
          [
            -73.9685854,
            40.7707629
          ],
          [
            -73.9686376,
            40.7708061
          ],
          [
            -73.9686728,
            40.7708539
          ],
          [
            -73.9686925,
            40.770904
          ],
          [
            -73.9687132,
            40.770988
          ],
          [
            -73.9685817,
            40.7710821
          ],
          [
            -73.9684705,
            40.7711857
          ],
          [
            -73.9684359,
            40.7712322
          ],
          [
            -73.9684046,
            40.7712845
          ],
          [
            -73.968351,
            40.7714024
          ],
          [
            -73.9682918,
            40.7715871
          ],
          [
            -73.9682328,
            40.7717588
          ],
          [
            -73.9681439,
            40.7719892
          ],
          [
            -73.9680769,
            40.7721274
          ],
          [
            -73.9680419,
            40.7721746
          ],
          [
            -73.9679755,
            40.7722642
          ],
          [
            -73.9677278,
            40.7725185
          ],
          [
            -73.967646,
            40.7726198
          ],
          [
            -73.9675963,
            40.7726959
          ],
          [
            -73.9675568,
            40.772789
          ],
          [
            -73.967494,
            40.772899
          ],
          [
            -73.9674822,
            40.7729619
          ],
          [
            -73.9674808,
            40.7729839
          ],
          [
            -73.9674793,
            40.7730086
          ],
          [
            -73.9674781,
            40.7731153
          ],
          [
            -73.9674783,
            40.7731391
          ],
          [
            -73.9674872,
            40.7731787
          ],
          [
            -73.9675041,
            40.7732252
          ],
          [
            -73.9675334,
            40.7732849
          ],
          [
            -73.9675799,
            40.7733483
          ],
          [
            -73.9676327,
            40.7734081
          ],
          [
            -73.9676871,
            40.7734596
          ],
          [
            -73.9677736,
            40.7735294
          ],
          [
            -73.9678318,
            40.7735985
          ],
          [
            -73.9678518,
            40.7736426
          ],
          [
            -73.9678545,
            40.7736879
          ],
          [
            -73.967852,
            40.773748
          ],
          [
            -73.9678366,
            40.7738003
          ],
          [
            -73.967796,
            40.7738564
          ],
          [
            -73.9677785,
            40.7738717
          ],
          [
            -73.967743,
            40.7738971
          ],
          [
            -73.9677212,
            40.773958
          ],
          [
            -73.9677109,
            40.7739932
          ],
          [
            -73.9677093,
            40.774039
          ],
          [
            -73.9676973,
            40.7741276
          ],
          [
            -73.9677466,
            40.7741593
          ],
          [
            -73.9677833,
            40.7741937
          ],
          [
            -73.9678407,
            40.774262
          ],
          [
            -73.9678974,
            40.7743458
          ],
          [
            -73.9680344,
            40.7744736
          ],
          [
            -73.9681042,
            40.7745263
          ],
          [
            -73.9681729,
            40.7745529
          ],
          [
            -73.9683494,
            40.7745862
          ],
          [
            -73.9684114,
            40.7745962
          ],
          [
            -73.9685449,
            40.7746864
          ],
          [
            -73.9685859,
            40.7747142
          ],
          [
            -73.9686348,
            40.7747449
          ],
          [
            -73.9685622,
            40.774815
          ],
          [
            -73.9685108,
            40.7748581
          ],
          [
            -73.9684496,
            40.7749022
          ],
          [
            -73.968378,
            40.7749501
          ],
          [
            -73.9682812,
            40.775008
          ],
          [
            -73.9682112,
            40.775049
          ],
          [
            -73.9681122,
            40.7751015
          ],
          [
            -73.9680195,
            40.7751433
          ],
          [
            -73.9677168,
            40.7752702
          ],
          [
            -73.9676573,
            40.7752997
          ],
          [
            -73.9675684,
            40.7753471
          ],
          [
            -73.967506,
            40.7753828
          ],
          [
            -73.9674646,
            40.7754138
          ],
          [
            -73.9674189,
            40.7754493
          ],
          [
            -73.9673862,
            40.7754812
          ],
          [
            -73.9673505,
            40.7755216
          ],
          [
            -73.9673223,
            40.7755616
          ],
          [
            -73.967296,
            40.7756097
          ],
          [
            -73.9672786,
            40.7756622
          ],
          [
            -73.9672651,
            40.7757126
          ],
          [
            -73.967257,
            40.7757607
          ],
          [
            -73.9672534,
            40.7758053
          ],
          [
            -73.967256,
            40.7758431
          ],
          [
            -73.9672607,
            40.7758949
          ],
          [
            -73.9672743,
            40.7759614
          ],
          [
            -73.9673056,
            40.7760883
          ],
          [
            -73.9673163,
            40.7761367
          ],
          [
            -73.9673203,
            40.7761738
          ],
          [
            -73.967321,
            40.7762137
          ],
          [
            -73.9673157,
            40.7762588
          ],
          [
            -73.9673019,
            40.7763105
          ],
          [
            -73.9672817,
            40.7763587
          ],
          [
            -73.967117,
            40.7767063
          ],
          [
            -73.9670835,
            40.7767807
          ],
          [
            -73.9670548,
            40.7768575
          ],
          [
            -73.9670242,
            40.7769404
          ],
          [
            -73.9669227,
            40.777274
          ],
          [
            -73.9668927,
            40.7773558
          ],
          [
            -73.9668067,
            40.7775771
          ],
          [
            -73.9667753,
            40.7776467
          ],
          [
            -73.9667294,
            40.7777351
          ],
          [
            -73.966678,
            40.7778199
          ],
          [
            -73.9665925,
            40.7779561
          ],
          [
            -73.9664994,
            40.7780983
          ],
          [
            -73.9665476,
            40.7781149
          ],
          [
            -73.966577,
            40.7781925
          ],
          [
            -73.9665503,
            40.7782621
          ],
          [
            -73.9665433,
            40.7782906
          ],
          [
            -73.9665429,
            40.7783284
          ],
          [
            -73.966551,
            40.778374
          ],
          [
            -73.9665843,
            40.7784413
          ],
          [
            -73.9666326,
            40.7785019
          ],
          [
            -73.9667022,
            40.7785573
          ],
          [
            -73.9667874,
            40.7787445
          ],
          [
            -73.9668069,
            40.7787974
          ],
          [
            -73.9668205,
            40.7788454
          ],
          [
            -73.9668293,
            40.7789124
          ],
          [
            -73.9667773,
            40.7789735
          ],
          [
            -73.9666891,
            40.7790865
          ],
          [
            -73.9666994,
            40.77917
          ],
          [
            -73.9667173,
            40.7792759
          ],
          [
            -73.966734,
            40.7793379
          ],
          [
            -73.9667627,
            40.779403
          ],
          [
            -73.9668016,
            40.7794658
          ],
          [
            -73.9668505,
            40.779527
          ],
          [
            -73.9669575,
            40.7796357
          ],
          [
            -73.9670191,
            40.7797047
          ],
          [
            -73.9670672,
            40.7797722
          ],
          [
            -73.9671169,
            40.7798686
          ],
          [
            -73.9671842,
            40.7800392
          ],
          [
            -73.96737,
            40.7800878
          ],
          [
            -73.9675766,
            40.7801792
          ],
          [
            -73.9677538,
            40.7803068
          ],
          [
            -73.9679417,
            40.7805326
          ],
          [
            -73.9679917,
            40.7806416
          ],
          [
            -73.96802,
            40.7807321
          ],
          [
            -73.9680356,
            40.7807866
          ],
          [
            -73.9680461,
            40.7808448
          ],
          [
            -73.968052,
            40.7809309
          ],
          [
            -73.9680494,
            40.7810063
          ],
          [
            -73.9680352,
            40.7810942
          ],
          [
            -73.9680157,
            40.7811972
          ],
          [
            -73.9679867,
            40.7812886
          ],
          [
            -73.967936,
            40.7813947
          ],
          [
            -73.9678884,
            40.7814863
          ],
          [
            -73.967819,
            40.7816046
          ],
          [
            -73.9677528,
            40.7817011
          ],
          [
            -73.9676722,
            40.7818011
          ],
          [
            -73.9675687,
            40.781922
          ],
          [
            -73.9674604,
            40.7820351
          ],
          [
            -73.9672949,
            40.7821838
          ],
          [
            -73.9671918,
            40.782271
          ],
          [
            -73.9671291,
            40.7823244
          ],
          [
            -73.9671255,
            40.7823997
          ],
          [
            -73.9671243,
            40.7825117
          ],
          [
            -73.9671364,
            40.7825944
          ],
          [
            -73.9671598,
            40.7826698
          ],
          [
            -73.9672299,
            40.7827737
          ],
          [
            -73.967302,
            40.7827903
          ],
          [
            -73.9673475,
            40.7828375
          ],
          [
            -73.9675956,
            40.7830459
          ],
          [
            -73.9676375,
            40.7832695
          ],
          [
            -73.9676547,
            40.7833614
          ],
          [
            -73.9676614,
            40.7834425
          ],
          [
            -73.9676596,
            40.7835343
          ],
          [
            -73.9676804,
            40.7835698
          ],
          [
            -73.9677189,
            40.7836366
          ],
          [
            -73.9677536,
            40.7836616
          ],
          [
            -73.9678056,
            40.7837109
          ],
          [
            -73.9678511,
            40.7837431
          ],
          [
            -73.9677759,
            40.7838166
          ],
          [
            -73.9676994,
            40.7838959
          ],
          [
            -73.9675942,
            40.784011
          ],
          [
            -73.9674839,
            40.7841367
          ],
          [
            -73.9674064,
            40.7842334
          ],
          [
            -73.9673608,
            40.7842903
          ],
          [
            -73.9672984,
            40.7843761
          ],
          [
            -73.9672508,
            40.7844488
          ],
          [
            -73.9672059,
            40.7845286
          ],
          [
            -73.9671732,
            40.7845996
          ],
          [
            -73.9671463,
            40.7846787
          ],
          [
            -73.9671253,
            40.7847537
          ],
          [
            -73.9671194,
            40.7848055
          ],
          [
            -73.9671124,
            40.7848591
          ],
          [
            -73.967111,
            40.7849251
          ],
          [
            -73.967113,
            40.7849869
          ],
          [
            -73.9671234,
            40.7850623
          ],
          [
            -73.9671387,
            40.7851362
          ],
          [
            -73.9671591,
            40.7852004
          ],
          [
            -73.9674346,
            40.7858538
          ],
          [
            -73.9674718,
            40.7859464
          ],
          [
            -73.9674984,
            40.7860273
          ],
          [
            -73.9675219,
            40.7861213
          ],
          [
            -73.9675398,
            40.7862169
          ],
          [
            -73.9675494,
            40.7863059
          ],
          [
            -73.9675544,
            40.7863956
          ],
          [
            -73.9675538,
            40.7864828
          ],
          [
            -73.9675454,
            40.7865667
          ],
          [
            -73.9675329,
            40.7866453
          ],
          [
            -73.9675154,
            40.7867343
          ],
          [
            -73.9674922,
            40.7868176
          ],
          [
            -73.9674614,
            40.7869028
          ],
          [
            -73.9674243,
            40.7869913
          ],
          [
            -73.9673817,
            40.7870762
          ],
          [
            -73.9673198,
            40.7871772
          ],
          [
            -73.9672444,
            40.7872917
          ],
          [
            -73.967166,
            40.7874015
          ],
          [
            -73.9670843,
            40.7875081
          ],
          [
            -73.9670082,
            40.7875941
          ],
          [
            -73.9669207,
            40.7876852
          ],
          [
            -73.9668688,
            40.7877372
          ],
          [
            -73.966866,
            40.7877782
          ],
          [
            -73.9668785,
            40.7878444
          ],
          [
            -73.9668504,
            40.7878661
          ],
          [
            -73.9667836,
            40.787918
          ],
          [
            -73.966759,
            40.7879365
          ],
          [
            -73.9667432,
            40.7879478
          ],
          [
            -73.9667195,
            40.7879741
          ],
          [
            -73.9667623,
            40.7879935
          ],
          [
            -73.9668658,
            40.7880279
          ],
          [
            -73.9671114,
            40.788114
          ],
          [
            -73.966921,
            40.7883774
          ],
          [
            -73.9668409,
            40.7884882
          ],
          [
            -73.9667306,
            40.7886408
          ],
          [
            -73.9664648,
            40.7890089
          ],
          [
            -73.9663883,
            40.7891147
          ],
          [
            -73.9660517,
            40.7895806
          ],
          [
            -73.9660206,
            40.7896235
          ],
          [
            -73.9659389,
            40.7897351
          ],
          [
            -73.9655499,
            40.790266
          ],
          [
            -73.9654757,
            40.7903674
          ],
          [
            -73.9650919,
            40.7908913
          ],
          [
            -73.965018,
            40.7909922
          ],
          [
            -73.964611,
            40.7915537
          ],
          [
            -73.9645941,
            40.7915728
          ],
          [
            -73.9645552,
            40.7916252
          ],
          [
            -73.9645288,
            40.7916608
          ],
          [
            -73.9645129,
            40.7916817
          ],
          [
            -73.9643878,
            40.791849
          ],
          [
            -73.9641411,
            40.7921917
          ],
          [
            -73.9641217,
            40.7922188
          ],
          [
            -73.9640597,
            40.7923052
          ],
          [
            -73.9640244,
            40.7923544
          ],
          [
            -73.9640137,
            40.7923693
          ],
          [
            -73.9627237,
            40.7941219
          ],
          [
            -73.9627067,
            40.7941451
          ],
          [
            -73.9626863,
            40.794173
          ],
          [
            -73.9626621,
            40.7942057
          ],
          [
            -73.9626436,
            40.7942307
          ],
          [
            -73.9625668,
            40.7942088
          ],
          [
            -73.9624206,
            40.7941605
          ],
          [
            -73.9623435,
            40.7941341
          ],
          [
            -73.9622515,
            40.7941019
          ],
          [
            -73.9621324,
            40.7940552
          ],
          [
            -73.9620228,
            40.794019
          ],
          [
            -73.9618919,
            40.7939911
          ],
          [
            -73.9617714,
            40.7939773
          ],
          [
            -73.9616862,
            40.7939719
          ],
          [
            -73.9616995,
            40.7939669
          ],
          [
            -73.96171,
            40.7939603
          ],
          [
            -73.9617275,
            40.7939464
          ],
          [
            -73.9617426,
            40.7939308
          ],
          [
            -73.9617583,
            40.7939133
          ],
          [
            -73.9617714,
            40.7938934
          ],
          [
            -73.9618125,
            40.7938343
          ],
          [
            -73.9618497,
            40.7937757
          ],
          [
            -73.9618711,
            40.7937419
          ],
          [
            -73.9618287,
            40.7937273
          ],
          [
            -73.9617559,
            40.7937009
          ],
          [
            -73.9615687,
            40.7936433
          ],
          [
            -73.9615093,
            40.7936001
          ],
          [
            -73.9614935,
            40.7935793
          ],
          [
            -73.9614802,
            40.7935512
          ],
          [
            -73.9614705,
            40.793519
          ],
          [
            -73.961465,
            40.7934925
          ],
          [
            -73.961463,
            40.7934599
          ],
          [
            -73.9614614,
            40.7933921
          ],
          [
            -73.961527,
            40.7933313
          ],
          [
            -73.9615897,
            40.7932662
          ],
          [
            -73.9616548,
            40.7931905
          ],
          [
            -73.9617201,
            40.7931061
          ],
          [
            -73.9616612,
            40.7930795
          ],
          [
            -73.9615922,
            40.7930397
          ],
          [
            -73.9615332,
            40.7930049
          ],
          [
            -73.9615223,
            40.7929974
          ],
          [
            -73.9614125,
            40.7928982
          ],
          [
            -73.9614007,
            40.7928544
          ],
          [
            -73.9613912,
            40.7927982
          ],
          [
            -73.96139,
            40.7926908
          ],
          [
            -73.9614007,
            40.7925797
          ],
          [
            -73.9614234,
            40.7924555
          ],
          [
            -73.9614497,
            40.7923659
          ],
          [
            -73.9614175,
            40.7922737
          ],
          [
            -73.9613941,
            40.7921415
          ],
          [
            -73.9613571,
            40.7920889
          ],
          [
            -73.9613124,
            40.7920212
          ],
          [
            -73.9612718,
            40.7919536
          ],
          [
            -73.9612184,
            40.7918799
          ],
          [
            -73.9611477,
            40.7917991
          ],
          [
            -73.961081,
            40.7916981
          ],
          [
            -73.9609973,
            40.7915676
          ],
          [
            -73.9609477,
            40.7914689
          ],
          [
            -73.9609223,
            40.7914032
          ],
          [
            -73.9608855,
            40.791295
          ],
          [
            -73.9608634,
            40.7911836
          ],
          [
            -73.9607378,
            40.7911185
          ],
          [
            -73.9606324,
            40.7910478
          ],
          [
            -73.960543,
            40.7909751
          ],
          [
            -73.9604697,
            40.7909104
          ],
          [
            -73.9603683,
            40.7908054
          ],
          [
            -73.9603069,
            40.7907478
          ],
          [
            -73.9602045,
            40.7906932
          ],
          [
            -73.9601504,
            40.7906613
          ],
          [
            -73.9600621,
            40.7906169
          ],
          [
            -73.9599764,
            40.7905831
          ],
          [
            -73.959886,
            40.790549
          ],
          [
            -73.9598007,
            40.7905206
          ],
          [
            -73.959727,
            40.7904983
          ],
          [
            -73.9596578,
            40.7904905
          ],
          [
            -73.9595389,
            40.7904871
          ],
          [
            -73.9594067,
            40.7904951
          ],
          [
            -73.9591546,
            40.7905097
          ],
          [
            -73.9590001,
            40.7905114
          ],
          [
            -73.9588707,
            40.7905073
          ],
          [
            -73.9586999,
            40.7904871
          ],
          [
            -73.9585706,
            40.79047
          ],
          [
            -73.9584282,
            40.7904399
          ],
          [
            -73.9582329,
            40.7903854
          ],
          [
            -73.9581104,
            40.7903427
          ],
          [
            -73.9579382,
            40.7902655
          ],
          [
            -73.9578693,
            40.7902304
          ],
          [
            -73.9576829,
            40.7901197
          ],
          [
            -73.9576035,
            40.7900468
          ],
          [
            -73.9575702,
            40.7900014
          ],
          [
            -73.9575426,
            40.7899453
          ],
          [
            -73.9575155,
            40.7898075
          ],
          [
            -73.9575151,
            40.7897571
          ],
          [
            -73.9574709,
            40.7897499
          ],
          [
            -73.9574095,
            40.7897395
          ],
          [
            -73.9573402,
            40.789722
          ],
          [
            -73.9572966,
            40.7897117
          ],
          [
            -73.9572465,
            40.789693
          ],
          [
            -73.9572813,
            40.7896083
          ],
          [
            -73.9572932,
            40.7895687
          ],
          [
            -73.9573008,
            40.7895193
          ],
          [
            -73.9573039,
            40.7894229
          ],
          [
            -73.9573037,
            40.7893995
          ],
          [
            -73.9572994,
            40.7893811
          ],
          [
            -73.9572885,
            40.7893436
          ],
          [
            -73.9572761,
            40.7893156
          ],
          [
            -73.9572129,
            40.7892461
          ],
          [
            -73.957164,
            40.7891972
          ],
          [
            -73.9571047,
            40.7891454
          ],
          [
            -73.9570294,
            40.78907
          ],
          [
            -73.9569373,
            40.7889772
          ],
          [
            -73.9569018,
            40.7889414
          ],
          [
            -73.9568686,
            40.788904
          ],
          [
            -73.9568367,
            40.7888654
          ],
          [
            -73.9567975,
            40.7888129
          ],
          [
            -73.9567513,
            40.7887521
          ],
          [
            -73.9567018,
            40.7886813
          ],
          [
            -73.9566785,
            40.7886161
          ],
          [
            -73.956656,
            40.7885524
          ],
          [
            -73.956641,
            40.7884716
          ],
          [
            -73.9566375,
            40.7884255
          ],
          [
            -73.9566388,
            40.7883896
          ],
          [
            -73.956645,
            40.7883459
          ],
          [
            -73.9566495,
            40.7883154
          ],
          [
            -73.9566817,
            40.788131
          ],
          [
            -73.9564954,
            40.7880855
          ],
          [
            -73.9563899,
            40.7880532
          ],
          [
            -73.9563379,
            40.7880278
          ],
          [
            -73.956297,
            40.7879933
          ],
          [
            -73.956264,
            40.787965
          ],
          [
            -73.9562367,
            40.7879346
          ],
          [
            -73.9562018,
            40.7879095
          ],
          [
            -73.9561153,
            40.7878719
          ],
          [
            -73.9559729,
            40.7878099
          ],
          [
            -73.9559293,
            40.7878693
          ],
          [
            -73.9558255,
            40.78782
          ],
          [
            -73.9557387,
            40.7877788
          ],
          [
            -73.9543412,
            40.7871848
          ],
          [
            -73.9543102,
            40.7871718
          ],
          [
            -73.9542314,
            40.7871383
          ],
          [
            -73.9541534,
            40.7871052
          ],
          [
            -73.954124,
            40.7870927
          ],
          [
            -73.9528267,
            40.7865414
          ],
          [
            -73.9528044,
            40.7865323
          ],
          [
            -73.9527338,
            40.7865029
          ],
          [
            -73.9526967,
            40.7864871
          ],
          [
            -73.9525898,
            40.7864422
          ],
          [
            -73.9525197,
            40.7864123
          ],
          [
            -73.9524523,
            40.7863844
          ],
          [
            -73.9524241,
            40.7863679
          ],
          [
            -73.9512697,
            40.7858973
          ],
          [
            -73.9511106,
            40.7858164
          ],
          [
            -73.9510907,
            40.7858078
          ],
          [
            -73.9510088,
            40.7857709
          ],
          [
            -73.9509254,
            40.785735
          ],
          [
            -73.9509007,
            40.785726
          ],
          [
            -73.9495387,
            40.7851664
          ],
          [
            -73.949504,
            40.7851512
          ],
          [
            -73.9493981,
            40.7851063
          ],
          [
            -73.9493016,
            40.7850655
          ],
          [
            -73.9492678,
            40.7850517
          ],
          [
            -73.9472896,
            40.7842101
          ],
          [
            -73.9471603,
            40.7841555
          ],
          [
            -73.9470345,
            40.7841025
          ],
          [
            -73.945066,
            40.7832727
          ],
          [
            -73.9449306,
            40.7832154
          ],
          [
            -73.9448976,
            40.7831983
          ],
          [
            -73.944799,
            40.7831473
          ],
          [
            -73.9446696,
            40.7830802
          ],
          [
            -73.9442573,
            40.7829143
          ],
          [
            -73.9442298,
            40.782892
          ],
          [
            -73.9443666,
            40.7826612
          ],
          [
            -73.9444261,
            40.7825119
          ],
          [
            -73.9444767,
            40.7823442
          ],
          [
            -73.9445155,
            40.7822374
          ],
          [
            -73.9445316,
            40.7819896
          ],
          [
            -73.9445552,
            40.7816571
          ],
          [
            -73.9445401,
            40.7815114
          ],
          [
            -73.9443838,
            40.780847
          ],
          [
            -73.9443428,
            40.7806804
          ],
          [
            -73.9443163,
            40.7805689
          ],
          [
            -73.9442962,
            40.7804747
          ],
          [
            -73.9442828,
            40.7804305
          ],
          [
            -73.9442732,
            40.7803859
          ],
          [
            -73.9442652,
            40.7803372
          ],
          [
            -73.9442627,
            40.7802825
          ],
          [
            -73.9442665,
            40.7802123
          ],
          [
            -73.9442926,
            40.7800908
          ],
          [
            -73.9444154,
            40.7798711
          ],
          [
            -73.9444584,
            40.7798048
          ],
          [
            -73.9445051,
            40.7797328
          ],
          [
            -73.9448796,
            40.7792171
          ],
          [
            -73.9449112,
            40.7791736
          ],
          [
            -73.9449562,
            40.7791116
          ],
          [
            -73.9453398,
            40.7785971
          ],
          [
            -73.9453802,
            40.7785395
          ],
          [
            -73.9454164,
            40.7784879
          ],
          [
            -73.9456399,
            40.7781912
          ],
          [
            -73.9457482,
            40.7780445
          ],
          [
            -73.945799,
            40.7779772
          ],
          [
            -73.9458367,
            40.7779268
          ],
          [
            -73.945888,
            40.7778584
          ],
          [
            -73.9460022,
            40.7777018
          ],
          [
            -73.9461614,
            40.777483
          ],
          [
            -73.9462583,
            40.7773499
          ],
          [
            -73.9463065,
            40.7772837
          ],
          [
            -73.9463445,
            40.7772315
          ],
          [
            -73.9467148,
            40.776723
          ],
          [
            -73.9467628,
            40.7766572
          ],
          [
            -73.9467985,
            40.7766082
          ],
          [
            -73.9471782,
            40.7760868
          ],
          [
            -73.947251,
            40.7759868
          ],
          [
            -73.9473193,
            40.775893
          ],
          [
            -73.9477058,
            40.7753623
          ],
          [
            -73.9477515,
            40.7752995
          ],
          [
            -73.9477886,
            40.7752486
          ],
          [
            -73.9481671,
            40.7747289
          ],
          [
            -73.9482111,
            40.7746684
          ],
          [
            -73.9482516,
            40.7746128
          ],
          [
            -73.9486348,
            40.774089
          ],
          [
            -73.948678,
            40.77403
          ],
          [
            -73.9487127,
            40.7739825
          ],
          [
            -73.9490985,
            40.7734553
          ],
          [
            -73.9491402,
            40.7733982
          ],
          [
            -73.9491778,
            40.7733469
          ],
          [
            -73.9495611,
            40.7728229
          ],
          [
            -73.9496052,
            40.7727626
          ],
          [
            -73.9496414,
            40.772713
          ],
          [
            -73.9500192,
            40.7721964
          ],
          [
            -73.9500658,
            40.7721324
          ],
          [
            -73.9501057,
            40.7720778
          ],
          [
            -73.9504956,
            40.7715427
          ],
          [
            -73.9505619,
            40.7714518
          ],
          [
            -73.9506321,
            40.7713554
          ],
          [
            -73.9508672,
            40.7710329
          ],
          [
            -73.9510197,
            40.7708238
          ],
          [
            -73.9510628,
            40.7707647
          ],
          [
            -73.9511021,
            40.7707108
          ],
          [
            -73.951481,
            40.7701911
          ],
          [
            -73.9515195,
            40.7701384
          ],
          [
            -73.9515643,
            40.7700768
          ],
          [
            -73.9519481,
            40.7695477
          ],
          [
            -73.9519819,
            40.7695002
          ],
          [
            -73.9520239,
            40.7694412
          ],
          [
            -73.9524077,
            40.7689186
          ],
          [
            -73.9524491,
            40.7688619
          ],
          [
            -73.9524919,
            40.768803
          ],
          [
            -73.9528714,
            40.7682864
          ],
          [
            -73.9529165,
            40.7682247
          ],
          [
            -73.9529527,
            40.7681751
          ],
          [
            -73.9530635,
            40.7680234
          ],
          [
            -73.9532206,
            40.7678084
          ],
          [
            -73.9533306,
            40.7676578
          ],
          [
            -73.9533769,
            40.7675944
          ],
          [
            -73.9534157,
            40.7675412
          ],
          [
            -73.9535389,
            40.7673725
          ],
          [
            -73.9536857,
            40.7671714
          ],
          [
            -73.9538006,
            40.7670141
          ],
          [
            -73.9538772,
            40.7669135
          ],
          [
            -73.9539437,
            40.7668262
          ],
          [
            -73.954329,
            40.7662912
          ],
          [
            -73.9543678,
            40.7662372
          ],
          [
            -73.9544154,
            40.7661712
          ],
          [
            -73.9547828,
            40.7656612
          ],
          [
            -73.9548309,
            40.7655953
          ],
          [
            -73.9548764,
            40.765533
          ],
          [
            -73.9550158,
            40.7653419
          ],
          [
            -73.9552417,
            40.7650323
          ],
          [
            -73.9552865,
            40.7649712
          ],
          [
            -73.9553244,
            40.7649194
          ],
          [
            -73.955701,
            40.7644052
          ],
          [
            -73.9557417,
            40.7643497
          ],
          [
            -73.9557841,
            40.7642917
          ],
          [
            -73.9561563,
            40.7637834
          ],
          [
            -73.956036,
            40.7637322
          ],
          [
            -73.9559125,
            40.7636797
          ],
          [
            -73.9559951,
            40.7635673
          ],
          [
            -73.9563612,
            40.763069
          ],
          [
            -73.9562626,
            40.7629772
          ],
          [
            -73.9559577,
            40.7628524
          ],
          [
            -73.9556861,
            40.762732
          ],
          [
            -73.9555593,
            40.7626781
          ],
          [
            -73.9555811,
            40.7626477
          ],
          [
            -73.9553878,
            40.7625555
          ],
          [
            -73.9552636,
            40.762736
          ],
          [
            -73.9552345,
            40.762722
          ],
          [
            -73.9552006,
            40.7627178
          ],
          [
            -73.9551672,
            40.762724
          ],
          [
            -73.9551397,
            40.7627397
          ],
          [
            -73.9549789,
            40.7626746
          ]
        ]
      }
    },
    {
      "type": "Feature",
      "properties": {
        "scenario": "HARD - Roosevelt Island footbridge, narrow strip",
        "shape": "round",
        "target_miles": 6.0,
        "distance_m": 9645.53115238977,
        "candidate_index": 1
      },
      "geometry": {
        "type": "LineString",
        "coordinates": [
          [
            -73.9549789,
            40.7626746
          ],
          [
            -73.9551397,
            40.7627397
          ],
          [
            -73.9551672,
            40.762724
          ],
          [
            -73.9552006,
            40.7627178
          ],
          [
            -73.9552345,
            40.762722
          ],
          [
            -73.9552636,
            40.762736
          ],
          [
            -73.9553878,
            40.7625555
          ],
          [
            -73.9555811,
            40.7626477
          ],
          [
            -73.9560003,
            40.7628263
          ],
          [
            -73.9560437,
            40.7628002
          ],
          [
            -73.9560003,
            40.7628263
          ],
          [
            -73.9555811,
            40.7626477
          ],
          [
            -73.9553878,
            40.7625555
          ],
          [
            -73.9552636,
            40.762736
          ],
          [
            -73.9552345,
            40.762722
          ],
          [
            -73.9552006,
            40.7627178
          ],
          [
            -73.9551672,
            40.762724
          ],
          [
            -73.9551397,
            40.7627397
          ],
          [
            -73.9549789,
            40.7626746
          ],
          [
            -73.9551397,
            40.7627397
          ],
          [
            -73.9551253,
            40.7627567
          ],
          [
            -73.9551184,
            40.7627763
          ],
          [
            -73.9551199,
            40.7627965
          ],
          [
            -73.9551295,
            40.7628154
          ],
          [
            -73.9551463,
            40.7628312
          ],
          [
            -73.9551612,
            40.7628385
          ],
          [
            -73.9551687,
            40.7628422
          ],
          [
            -73.9552021,
            40.762848
          ],
          [
            -73.9552353,
            40.7628412
          ],
          [
            -73.9553858,
            40.762911
          ],
          [
            -73.9553375,
            40.7629775
          ],
          [
            -73.9551679,
            40.763213
          ],
          [
            -73.9551057,
            40.7632945
          ],
          [
            -73.9549807,
            40.7634764
          ],
          [
            -73.9548718,
            40.7636407
          ],
          [
            -73.9552566,
            40.7637973
          ],
          [
            -73.955371,
            40.7636391
          ],
          [
            -73.9555866,
            40.7638388
          ],
          [
            -73.9557457,
            40.7639067
          ],
          [
            -73.9557373,
            40.7639181
          ],
          [
            -73.9555401,
            40.7641866
          ],
          [
            -73.9554952,
            40.7642479
          ],
          [
            -73.955451,
            40.764308
          ],
          [
            -73.955072,
            40.7648238
          ],
          [
            -73.9549823,
            40.7649459
          ],
          [
            -73.9546266,
            40.7654284
          ],
          [
            -73.9545812,
            40.7654905
          ],
          [
            -73.9545351,
            40.7655536
          ],
          [
            -73.9541597,
            40.7660606
          ],
          [
            -73.9541117,
            40.7661254
          ],
          [
            -73.9540679,
            40.7661845
          ],
          [
            -73.9536784,
            40.7667103
          ],
          [
            -73.9536091,
            40.7668013
          ],
          [
            -73.9535353,
            40.7668982
          ],
          [
            -73.953159,
            40.7674195
          ],
          [
            -73.9531127,
            40.7674836
          ],
          [
            -73.9530677,
            40.767546
          ],
          [
            -73.9526997,
            40.7680624
          ],
          [
            -73.9526585,
            40.7681172
          ],
          [
            -73.9526173,
            40.7681719
          ],
          [
            -73.9522334,
            40.7686905
          ],
          [
            -73.952192,
            40.7687536
          ],
          [
            -73.9521501,
            40.7688175
          ],
          [
            -73.9517711,
            40.7693372
          ],
          [
            -73.9517307,
            40.7693938
          ],
          [
            -73.9516948,
            40.7694442
          ],
          [
            -73.9513101,
            40.7699703
          ],
          [
            -73.9512679,
            40.7700277
          ],
          [
            -73.9512273,
            40.7700827
          ],
          [
            -73.9508432,
            40.7706039
          ],
          [
            -73.9508013,
            40.7706622
          ],
          [
            -73.9507631,
            40.770715
          ],
          [
            -73.9503785,
            40.7712483
          ],
          [
            -73.9503085,
            40.7713454
          ],
          [
            -73.9502431,
            40.7714362
          ],
          [
            -73.9498449,
            40.7719674
          ],
          [
            -73.9498054,
            40.7720202
          ],
          [
            -73.9497574,
            40.7720844
          ],
          [
            -73.9493808,
            40.7726027
          ],
          [
            -73.9493419,
            40.7726561
          ],
          [
            -73.9493004,
            40.7727131
          ],
          [
            -73.9489198,
            40.7732368
          ],
          [
            -73.9488817,
            40.7732893
          ],
          [
            -73.9488397,
            40.7733468
          ],
          [
            -73.9484566,
            40.7738742
          ],
          [
            -73.9484219,
            40.7739219
          ],
          [
            -73.9483787,
            40.7739813
          ],
          [
            -73.9479976,
            40.7745054
          ],
          [
            -73.9479567,
            40.7745614
          ],
          [
            -73.9479129,
            40.7746214
          ],
          [
            -73.9475336,
            40.7751406
          ],
          [
            -73.9474961,
            40.7751918
          ],
          [
            -73.9474501,
            40.7752548
          ],
          [
            -73.947063,
            40.7757848
          ],
          [
            -73.9469945,
            40.7758785
          ],
          [
            -73.9469216,
            40.7759784
          ],
          [
            -73.9465406,
            40.7764999
          ],
          [
            -73.9465052,
            40.7765484
          ],
          [
            -73.9464572,
            40.7766141
          ],
          [
            -73.946086,
            40.7771222
          ],
          [
            -73.9460474,
            40.7771751
          ],
          [
            -73.9459994,
            40.7772408
          ],
          [
            -73.9456276,
            40.7777498
          ],
          [
            -73.9455762,
            40.777822
          ],
          [
            -73.9455425,
            40.7778692
          ],
          [
            -73.9451744,
            40.7783856
          ],
          [
            -73.9451374,
            40.7784363
          ],
          [
            -73.9450949,
            40.7784944
          ],
          [
            -73.9446933,
            40.7790739
          ],
          [
            -73.9446467,
            40.7791387
          ],
          [
            -73.9445865,
            40.7792224
          ],
          [
            -73.9442755,
            40.7796466
          ],
          [
            -73.9443831,
            40.779687
          ],
          [
            -73.9443667,
            40.7797691
          ],
          [
            -73.9444584,
            40.7798048
          ],
          [
            -73.9444154,
            40.7798711
          ],
          [
            -73.9442926,
            40.7800908
          ],
          [
            -73.9442665,
            40.7802123
          ],
          [
            -73.9442627,
            40.7802825
          ],
          [
            -73.9442652,
            40.7803372
          ],
          [
            -73.9442732,
            40.7803859
          ],
          [
            -73.9442828,
            40.7804305
          ],
          [
            -73.9442962,
            40.7804747
          ],
          [
            -73.9443163,
            40.7805689
          ],
          [
            -73.9443428,
            40.7806804
          ],
          [
            -73.9443838,
            40.780847
          ],
          [
            -73.9445401,
            40.7815114
          ],
          [
            -73.9445552,
            40.7816571
          ],
          [
            -73.9445316,
            40.7819896
          ],
          [
            -73.9445155,
            40.7822374
          ],
          [
            -73.9444767,
            40.7823442
          ],
          [
            -73.9444261,
            40.7825119
          ],
          [
            -73.9443666,
            40.7826612
          ],
          [
            -73.9442298,
            40.782892
          ],
          [
            -73.9442573,
            40.7829143
          ],
          [
            -73.9446696,
            40.7830802
          ],
          [
            -73.944799,
            40.7831473
          ],
          [
            -73.9448976,
            40.7831983
          ],
          [
            -73.9449306,
            40.7832154
          ],
          [
            -73.945066,
            40.7832727
          ],
          [
            -73.9470345,
            40.7841025
          ],
          [
            -73.9471603,
            40.7841555
          ],
          [
            -73.9472896,
            40.7842101
          ],
          [
            -73.9492678,
            40.7850517
          ],
          [
            -73.9493016,
            40.7850655
          ],
          [
            -73.9493981,
            40.7851063
          ],
          [
            -73.949504,
            40.7851512
          ],
          [
            -73.9495387,
            40.7851664
          ],
          [
            -73.9509007,
            40.785726
          ],
          [
            -73.9509254,
            40.785735
          ],
          [
            -73.9510088,
            40.7857709
          ],
          [
            -73.9510907,
            40.7858078
          ],
          [
            -73.9511106,
            40.7858164
          ],
          [
            -73.9512697,
            40.7858973
          ],
          [
            -73.9524241,
            40.7863679
          ],
          [
            -73.9524523,
            40.7863844
          ],
          [
            -73.9525197,
            40.7864123
          ],
          [
            -73.9525898,
            40.7864422
          ],
          [
            -73.9526967,
            40.7864871
          ],
          [
            -73.9527338,
            40.7865029
          ],
          [
            -73.9528044,
            40.7865323
          ],
          [
            -73.9528267,
            40.7865414
          ],
          [
            -73.954124,
            40.7870927
          ],
          [
            -73.9541534,
            40.7871052
          ],
          [
            -73.9542314,
            40.7871383
          ],
          [
            -73.9543102,
            40.7871718
          ],
          [
            -73.9543412,
            40.7871848
          ],
          [
            -73.9557387,
            40.7877788
          ],
          [
            -73.9558255,
            40.78782
          ],
          [
            -73.9559293,
            40.7878693
          ],
          [
            -73.9559729,
            40.7878099
          ],
          [
            -73.9561153,
            40.7878719
          ],
          [
            -73.9562018,
            40.7879095
          ],
          [
            -73.9562367,
            40.7879346
          ],
          [
            -73.956264,
            40.787965
          ],
          [
            -73.956297,
            40.7879933
          ],
          [
            -73.9563379,
            40.7880278
          ],
          [
            -73.9563899,
            40.7880532
          ],
          [
            -73.9564954,
            40.7880855
          ],
          [
            -73.9566817,
            40.788131
          ],
          [
            -73.9566495,
            40.7883154
          ],
          [
            -73.956645,
            40.7883459
          ],
          [
            -73.9566388,
            40.7883896
          ],
          [
            -73.9566375,
            40.7884255
          ],
          [
            -73.956641,
            40.7884716
          ],
          [
            -73.956656,
            40.7885524
          ],
          [
            -73.9566785,
            40.7886161
          ],
          [
            -73.9567018,
            40.7886813
          ],
          [
            -73.9567513,
            40.7887521
          ],
          [
            -73.9567975,
            40.7888129
          ],
          [
            -73.9568367,
            40.7888654
          ],
          [
            -73.9568686,
            40.788904
          ],
          [
            -73.9569018,
            40.7889414
          ],
          [
            -73.9569373,
            40.7889772
          ],
          [
            -73.9570294,
            40.78907
          ],
          [
            -73.9571047,
            40.7891454
          ],
          [
            -73.957164,
            40.7891972
          ],
          [
            -73.9572129,
            40.7892461
          ],
          [
            -73.9572761,
            40.7893156
          ],
          [
            -73.9572885,
            40.7893436
          ],
          [
            -73.9572994,
            40.7893811
          ],
          [
            -73.9573037,
            40.7893995
          ],
          [
            -73.9573039,
            40.7894229
          ],
          [
            -73.9573008,
            40.7895193
          ],
          [
            -73.9572932,
            40.7895687
          ],
          [
            -73.9572813,
            40.7896083
          ],
          [
            -73.9572465,
            40.789693
          ],
          [
            -73.9572966,
            40.7897117
          ],
          [
            -73.9573402,
            40.789722
          ],
          [
            -73.9574095,
            40.7897395
          ],
          [
            -73.9574709,
            40.7897499
          ],
          [
            -73.9575151,
            40.7897571
          ],
          [
            -73.9575155,
            40.7898075
          ],
          [
            -73.9575426,
            40.7899453
          ],
          [
            -73.9575702,
            40.7900014
          ],
          [
            -73.9576035,
            40.7900468
          ],
          [
            -73.9576829,
            40.7901197
          ],
          [
            -73.9578693,
            40.7902304
          ],
          [
            -73.9579382,
            40.7902655
          ],
          [
            -73.9581104,
            40.7903427
          ],
          [
            -73.9582329,
            40.7903854
          ],
          [
            -73.9584282,
            40.7904399
          ],
          [
            -73.9585706,
            40.79047
          ],
          [
            -73.9586999,
            40.7904871
          ],
          [
            -73.9588707,
            40.7905073
          ],
          [
            -73.9590001,
            40.7905114
          ],
          [
            -73.9591546,
            40.7905097
          ],
          [
            -73.9594067,
            40.7904951
          ],
          [
            -73.9595389,
            40.7904871
          ],
          [
            -73.9596578,
            40.7904905
          ],
          [
            -73.959727,
            40.7904983
          ],
          [
            -73.9598007,
            40.7905206
          ],
          [
            -73.959886,
            40.790549
          ],
          [
            -73.9599764,
            40.7905831
          ],
          [
            -73.9600621,
            40.7906169
          ],
          [
            -73.9601504,
            40.7906613
          ],
          [
            -73.9602045,
            40.7906932
          ],
          [
            -73.9603069,
            40.7907478
          ],
          [
            -73.9603683,
            40.7908054
          ],
          [
            -73.9604697,
            40.7909104
          ],
          [
            -73.960543,
            40.7909751
          ],
          [
            -73.9606324,
            40.7910478
          ],
          [
            -73.9607378,
            40.7911185
          ],
          [
            -73.9608634,
            40.7911836
          ],
          [
            -73.9608855,
            40.791295
          ],
          [
            -73.9609223,
            40.7914032
          ],
          [
            -73.9609477,
            40.7914689
          ],
          [
            -73.9609973,
            40.7915676
          ],
          [
            -73.961081,
            40.7916981
          ],
          [
            -73.9611477,
            40.7917991
          ],
          [
            -73.9612184,
            40.7918799
          ],
          [
            -73.9612718,
            40.7919536
          ],
          [
            -73.9613124,
            40.7920212
          ],
          [
            -73.9613571,
            40.7920889
          ],
          [
            -73.9613941,
            40.7921415
          ],
          [
            -73.9614175,
            40.7922737
          ],
          [
            -73.9614497,
            40.7923659
          ],
          [
            -73.9614234,
            40.7924555
          ],
          [
            -73.9614007,
            40.7925797
          ],
          [
            -73.96139,
            40.7926908
          ],
          [
            -73.9613912,
            40.7927982
          ],
          [
            -73.9614007,
            40.7928544
          ],
          [
            -73.9614125,
            40.7928982
          ],
          [
            -73.9613294,
            40.7930417
          ],
          [
            -73.9612906,
            40.7931042
          ],
          [
            -73.9612492,
            40.7931549
          ],
          [
            -73.9611878,
            40.7932273
          ],
          [
            -73.9611215,
            40.7932959
          ],
          [
            -73.9610619,
            40.7933508
          ],
          [
            -73.9609967,
            40.7934007
          ],
          [
            -73.9608538,
            40.7934801
          ],
          [
            -73.9609121,
            40.7935435
          ],
          [
            -73.9609467,
            40.7935248
          ],
          [
            -73.9609853,
            40.7935033
          ],
          [
            -73.961023,
            40.7934785
          ],
          [
            -73.9610659,
            40.7934482
          ],
          [
            -73.9610915,
            40.7934286
          ],
          [
            -73.9611926,
            40.7933402
          ],
          [
            -73.9612967,
            40.7932341
          ],
          [
            -73.9613812,
            40.7931387
          ],
          [
            -73.9615223,
            40.7929974
          ],
          [
            -73.9616501,
            40.7928786
          ],
          [
            -73.9617243,
            40.7928076
          ],
          [
            -73.9618134,
            40.7927187
          ],
          [
            -73.9619148,
            40.7925813
          ],
          [
            -73.9620629,
            40.792348
          ],
          [
            -73.962129,
            40.7922364
          ],
          [
            -73.962183,
            40.7921336
          ],
          [
            -73.9622364,
            40.7920337
          ],
          [
            -73.9622797,
            40.7919445
          ],
          [
            -73.9623064,
            40.7918819
          ],
          [
            -73.9623411,
            40.7918052
          ],
          [
            -73.9623684,
            40.7917451
          ],
          [
            -73.962407,
            40.7916869
          ],
          [
            -73.9624978,
            40.79155
          ],
          [
            -73.9625566,
            40.7914803
          ],
          [
            -73.9627516,
            40.7912564
          ],
          [
            -73.9629283,
            40.7910979
          ],
          [
            -73.9630246,
            40.791033
          ],
          [
            -73.9632007,
            40.7909143
          ],
          [
            -73.9633093,
            40.790858
          ],
          [
            -73.9634437,
            40.7907914
          ],
          [
            -73.9634918,
            40.7907683
          ],
          [
            -73.9635442,
            40.7907399
          ],
          [
            -73.9635764,
            40.7907204
          ],
          [
            -73.9636016,
            40.7907042
          ],
          [
            -73.9636319,
            40.7906831
          ],
          [
            -73.9636915,
            40.7906364
          ],
          [
            -73.9637728,
            40.7905629
          ],
          [
            -73.9638383,
            40.7904995
          ],
          [
            -73.963888,
            40.7904494
          ],
          [
            -73.9639098,
            40.7904166
          ],
          [
            -73.9639266,
            40.7903797
          ],
          [
            -73.9639385,
            40.7903173
          ],
          [
            -73.9639289,
            40.7902202
          ],
          [
            -73.9639183,
            40.7901293
          ],
          [
            -73.9639022,
            40.7899938
          ],
          [
            -73.9638862,
            40.7898967
          ],
          [
            -73.9638627,
            40.7897795
          ],
          [
            -73.9638512,
            40.7897077
          ],
          [
            -73.9638403,
            40.7896212
          ],
          [
            -73.9638314,
            40.7895377
          ],
          [
            -73.9638275,
            40.7894656
          ],
          [
            -73.963831,
            40.7893886
          ],
          [
            -73.9638289,
            40.7893486
          ],
          [
            -73.9638332,
            40.7892304
          ],
          [
            -73.9638459,
            40.7891761
          ],
          [
            -73.9638677,
            40.7890961
          ],
          [
            -73.9638916,
            40.7890456
          ],
          [
            -73.9639207,
            40.7889843
          ],
          [
            -73.9639972,
            40.7888745
          ],
          [
            -73.9640768,
            40.7888172
          ],
          [
            -73.9643336,
            40.7886608
          ],
          [
            -73.9645453,
            40.7885686
          ],
          [
            -73.9646213,
            40.7885182
          ],
          [
            -73.964898,
            40.7884998
          ],
          [
            -73.9650594,
            40.7884815
          ],
          [
            -73.9652134,
            40.7884548
          ],
          [
            -73.9653517,
            40.7884174
          ],
          [
            -73.9655424,
            40.7883488
          ],
          [
            -73.9657187,
            40.7882561
          ],
          [
            -73.9657789,
            40.7882233
          ],
          [
            -73.9656734,
            40.7880922
          ],
          [
            -73.9658277,
            40.7879855
          ],
          [
            -73.9659609,
            40.7878649
          ],
          [
            -73.9660634,
            40.7877495
          ],
          [
            -73.9661341,
            40.7876466
          ],
          [
            -73.9661914,
            40.7875366
          ],
          [
            -73.9662417,
            40.7874005
          ],
          [
            -73.9663028,
            40.7871383
          ],
          [
            -73.9663733,
            40.7868355
          ],
          [
            -73.9665096,
            40.7862514
          ],
          [
            -73.9666146,
            40.7857929
          ],
          [
            -73.9667171,
            40.7853456
          ],
          [
            -73.9667213,
            40.7852701
          ],
          [
            -73.9667161,
            40.7851977
          ],
          [
            -73.9667071,
            40.7851274
          ],
          [
            -73.9668636,
            40.7850806
          ],
          [
            -73.9668155,
            40.7849689
          ],
          [
            -73.9668641,
            40.7848802
          ],
          [
            -73.9669181,
            40.7847452
          ],
          [
            -73.9669466,
            40.7846815
          ],
          [
            -73.9670027,
            40.7845725
          ],
          [
            -73.9670139,
            40.7845547
          ],
          [
            -73.9670474,
            40.7845048
          ],
          [
            -73.9671288,
            40.7843945
          ],
          [
            -73.9671529,
            40.7843583
          ],
          [
            -73.967243,
            40.7842151
          ],
          [
            -73.9671767,
            40.7841949
          ],
          [
            -73.9672472,
            40.7840357
          ],
          [
            -73.9673705,
            40.7838874
          ],
          [
            -73.9675717,
            40.7836762
          ],
          [
            -73.9676596,
            40.7835343
          ],
          [
            -73.9676614,
            40.7834425
          ],
          [
            -73.9676547,
            40.7833614
          ],
          [
            -73.9676375,
            40.7832695
          ],
          [
            -73.9675956,
            40.7830459
          ],
          [
            -73.9673475,
            40.7828375
          ],
          [
            -73.967302,
            40.7827903
          ],
          [
            -73.9672299,
            40.7827737
          ],
          [
            -73.9671598,
            40.7826698
          ],
          [
            -73.9671364,
            40.7825944
          ],
          [
            -73.9671243,
            40.7825117
          ],
          [
            -73.9671255,
            40.7823997
          ],
          [
            -73.9671291,
            40.7823244
          ],
          [
            -73.9671918,
            40.782271
          ],
          [
            -73.9672949,
            40.7821838
          ],
          [
            -73.9674604,
            40.7820351
          ],
          [
            -73.9675687,
            40.781922
          ],
          [
            -73.9676722,
            40.7818011
          ],
          [
            -73.9677528,
            40.7817011
          ],
          [
            -73.967819,
            40.7816046
          ],
          [
            -73.9678884,
            40.7814863
          ],
          [
            -73.967936,
            40.7813947
          ],
          [
            -73.9679867,
            40.7812886
          ],
          [
            -73.9680157,
            40.7811972
          ],
          [
            -73.9680352,
            40.7810942
          ],
          [
            -73.9680494,
            40.7810063
          ],
          [
            -73.968052,
            40.7809309
          ],
          [
            -73.9680461,
            40.7808448
          ],
          [
            -73.9680356,
            40.7807866
          ],
          [
            -73.96802,
            40.7807321
          ],
          [
            -73.9679917,
            40.7806416
          ],
          [
            -73.9679417,
            40.7805326
          ],
          [
            -73.9677538,
            40.7803068
          ],
          [
            -73.9675766,
            40.7801792
          ],
          [
            -73.96737,
            40.7800878
          ],
          [
            -73.9671842,
            40.7800392
          ],
          [
            -73.9671169,
            40.7798686
          ],
          [
            -73.9670672,
            40.7797722
          ],
          [
            -73.9670191,
            40.7797047
          ],
          [
            -73.9669575,
            40.7796357
          ],
          [
            -73.9668505,
            40.779527
          ],
          [
            -73.9668016,
            40.7794658
          ],
          [
            -73.9667627,
            40.779403
          ],
          [
            -73.966734,
            40.7793379
          ],
          [
            -73.9667173,
            40.7792759
          ],
          [
            -73.9666994,
            40.77917
          ],
          [
            -73.9666891,
            40.7790865
          ],
          [
            -73.9667773,
            40.7789735
          ],
          [
            -73.9668293,
            40.7789124
          ],
          [
            -73.9668205,
            40.7788454
          ],
          [
            -73.9668069,
            40.7787974
          ],
          [
            -73.9667874,
            40.7787445
          ],
          [
            -73.9667022,
            40.7785573
          ],
          [
            -73.9666326,
            40.7785019
          ],
          [
            -73.9665843,
            40.7784413
          ],
          [
            -73.966551,
            40.778374
          ],
          [
            -73.9665429,
            40.7783284
          ],
          [
            -73.9665433,
            40.7782906
          ],
          [
            -73.9665503,
            40.7782621
          ],
          [
            -73.966577,
            40.7781925
          ],
          [
            -73.9665476,
            40.7781149
          ],
          [
            -73.9664994,
            40.7780983
          ],
          [
            -73.9665925,
            40.7779561
          ],
          [
            -73.966678,
            40.7778199
          ],
          [
            -73.9667294,
            40.7777351
          ],
          [
            -73.9667753,
            40.7776467
          ],
          [
            -73.9668067,
            40.7775771
          ],
          [
            -73.9668927,
            40.7773558
          ],
          [
            -73.9669227,
            40.777274
          ],
          [
            -73.9670242,
            40.7769404
          ],
          [
            -73.9670548,
            40.7768575
          ],
          [
            -73.9670835,
            40.7767807
          ],
          [
            -73.967117,
            40.7767063
          ],
          [
            -73.9672817,
            40.7763587
          ],
          [
            -73.9673019,
            40.7763105
          ],
          [
            -73.9673157,
            40.7762588
          ],
          [
            -73.967321,
            40.7762137
          ],
          [
            -73.9673203,
            40.7761738
          ],
          [
            -73.9673163,
            40.7761367
          ],
          [
            -73.9673056,
            40.7760883
          ],
          [
            -73.9672743,
            40.7759614
          ],
          [
            -73.9672607,
            40.7758949
          ],
          [
            -73.967256,
            40.7758431
          ],
          [
            -73.9672534,
            40.7758053
          ],
          [
            -73.967257,
            40.7757607
          ],
          [
            -73.9672651,
            40.7757126
          ],
          [
            -73.9672786,
            40.7756622
          ],
          [
            -73.967296,
            40.7756097
          ],
          [
            -73.9673223,
            40.7755616
          ],
          [
            -73.9673505,
            40.7755216
          ],
          [
            -73.9673862,
            40.7754812
          ],
          [
            -73.9674189,
            40.7754493
          ],
          [
            -73.9674646,
            40.7754138
          ],
          [
            -73.967506,
            40.7753828
          ],
          [
            -73.9675684,
            40.7753471
          ],
          [
            -73.9676573,
            40.7752997
          ],
          [
            -73.9677168,
            40.7752702
          ],
          [
            -73.9680195,
            40.7751433
          ],
          [
            -73.9681122,
            40.7751015
          ],
          [
            -73.9682112,
            40.775049
          ],
          [
            -73.9682812,
            40.775008
          ],
          [
            -73.968378,
            40.7749501
          ],
          [
            -73.9684496,
            40.7749022
          ],
          [
            -73.9685108,
            40.7748581
          ],
          [
            -73.9685622,
            40.774815
          ],
          [
            -73.9686348,
            40.7747449
          ],
          [
            -73.9685859,
            40.7747142
          ],
          [
            -73.9685449,
            40.7746864
          ],
          [
            -73.9684114,
            40.7745962
          ],
          [
            -73.9683494,
            40.7745862
          ],
          [
            -73.9681729,
            40.7745529
          ],
          [
            -73.9681042,
            40.7745263
          ],
          [
            -73.9680344,
            40.7744736
          ],
          [
            -73.9678974,
            40.7743458
          ],
          [
            -73.9678407,
            40.774262
          ],
          [
            -73.9677833,
            40.7741937
          ],
          [
            -73.9677466,
            40.7741593
          ],
          [
            -73.9676973,
            40.7741276
          ],
          [
            -73.9677093,
            40.774039
          ],
          [
            -73.9677109,
            40.7739932
          ],
          [
            -73.9677212,
            40.773958
          ],
          [
            -73.967743,
            40.7738971
          ],
          [
            -73.9677785,
            40.7738717
          ],
          [
            -73.967796,
            40.7738564
          ],
          [
            -73.9678366,
            40.7738003
          ],
          [
            -73.967852,
            40.773748
          ],
          [
            -73.9678545,
            40.7736879
          ],
          [
            -73.9678518,
            40.7736426
          ],
          [
            -73.9678318,
            40.7735985
          ],
          [
            -73.9677736,
            40.7735294
          ],
          [
            -73.9676871,
            40.7734596
          ],
          [
            -73.9676327,
            40.7734081
          ],
          [
            -73.9675799,
            40.7733483
          ],
          [
            -73.9675334,
            40.7732849
          ],
          [
            -73.9675041,
            40.7732252
          ],
          [
            -73.9674872,
            40.7731787
          ],
          [
            -73.9674783,
            40.7731391
          ],
          [
            -73.9674781,
            40.7731153
          ],
          [
            -73.9674793,
            40.7730086
          ],
          [
            -73.9674808,
            40.7729839
          ],
          [
            -73.9674822,
            40.7729619
          ],
          [
            -73.967494,
            40.772899
          ],
          [
            -73.9675568,
            40.772789
          ],
          [
            -73.9675963,
            40.7726959
          ],
          [
            -73.967646,
            40.7726198
          ],
          [
            -73.9677278,
            40.7725185
          ],
          [
            -73.9679755,
            40.7722642
          ],
          [
            -73.9680419,
            40.7721746
          ],
          [
            -73.9680769,
            40.7721274
          ],
          [
            -73.9681439,
            40.7719892
          ],
          [
            -73.9682328,
            40.7717588
          ],
          [
            -73.9682918,
            40.7715871
          ],
          [
            -73.968351,
            40.7714024
          ],
          [
            -73.9684046,
            40.7712845
          ],
          [
            -73.9684359,
            40.7712322
          ],
          [
            -73.9684705,
            40.7711857
          ],
          [
            -73.9685817,
            40.7710821
          ],
          [
            -73.9687132,
            40.770988
          ],
          [
            -73.9686925,
            40.770904
          ],
          [
            -73.9686728,
            40.7708539
          ],
          [
            -73.9686376,
            40.7708061
          ],
          [
            -73.9685854,
            40.7707629
          ],
          [
            -73.9684746,
            40.7706972
          ],
          [
            -73.9685176,
            40.7706343
          ],
          [
            -73.9684042,
            40.7705849
          ],
          [
            -73.9683082,
            40.7705445
          ],
          [
            -73.9677245,
            40.7702955
          ],
          [
            -73.9669161,
            40.7699507
          ],
          [
            -73.9668118,
            40.7699059
          ],
          [
            -73.9666992,
            40.7698575
          ],
          [
            -73.9653939,
            40.7693147
          ],
          [
            -73.9652912,
            40.7692698
          ],
          [
            -73.9651126,
            40.7691919
          ],
          [
            -73.9649958,
            40.7691409
          ],
          [
            -73.9645302,
            40.7689466
          ],
          [
            -73.9636717,
            40.7685828
          ],
          [
            -73.9637126,
            40.7685281
          ],
          [
            -73.9637414,
            40.768477
          ],
          [
            -73.9636566,
            40.7684388
          ],
          [
            -73.9635557,
            40.7683955
          ],
          [
            -73.9631125,
            40.7682056
          ],
          [
            -73.9625695,
            40.7679722
          ],
          [
            -73.9621988,
            40.7678195
          ],
          [
            -73.9620545,
            40.7677596
          ],
          [
            -73.961919,
            40.7677034
          ],
          [
            -73.9613009,
            40.7674415
          ],
          [
            -73.9599497,
            40.7668691
          ],
          [
            -73.9598222,
            40.7668156
          ],
          [
            -73.9597178,
            40.7667719
          ],
          [
            -73.9600676,
            40.7662488
          ],
          [
            -73.9579668,
            40.7653538
          ],
          [
            -73.958003,
            40.7653033
          ],
          [
            -73.9580432,
            40.7652473
          ],
          [
            -73.9584142,
            40.7647406
          ],
          [
            -73.9583921,
            40.7647299
          ],
          [
            -73.9583632,
            40.7647179
          ],
          [
            -73.9583315,
            40.7647048
          ],
          [
            -73.9582559,
            40.7646735
          ],
          [
            -73.958174,
            40.7646388
          ],
          [
            -73.9581424,
            40.7646254
          ],
          [
            -73.9561563,
            40.7637834
          ],
          [
            -73.956036,
            40.7637322
          ],
          [
            -73.9559125,
            40.7636797
          ],
          [
            -73.9559951,
            40.7635673
          ],
          [
            -73.9563612,
            40.763069
          ],
          [
            -73.9562626,
            40.7629772
          ],
          [
            -73.9559577,
            40.7628524
          ],
          [
            -73.9556861,
            40.762732
          ],
          [
            -73.9555593,
            40.7626781
          ],
          [
            -73.9555811,
            40.7626477
          ],
          [
            -73.9553878,
            40.7625555
          ],
          [
            -73.9552636,
            40.762736
          ],
          [
            -73.9552345,
            40.762722
          ],
          [
            -73.9552006,
            40.7627178
          ],
          [
            -73.9551672,
            40.762724
          ],
          [
            -73.9551397,
            40.7627397
          ],
          [
            -73.9549789,
            40.7626746
          ]
        ]
      }
    },
    {
      "type": "Feature",
      "properties": {
        "scenario": "HARD - Roosevelt Island footbridge, narrow strip",
        "shape": "round",
        "target_miles": 6.0,
        "distance_m": 9666.447480604465,
        "candidate_index": 2
      },
      "geometry": {
        "type": "LineString",
        "coordinates": [
          [
            -73.9549789,
            40.7626746
          ],
          [
            -73.9551397,
            40.7627397
          ],
          [
            -73.9551672,
            40.762724
          ],
          [
            -73.9552006,
            40.7627178
          ],
          [
            -73.9552345,
            40.762722
          ],
          [
            -73.9552636,
            40.762736
          ],
          [
            -73.9553878,
            40.7625555
          ],
          [
            -73.9555811,
            40.7626477
          ],
          [
            -73.9560003,
            40.7628263
          ],
          [
            -73.9562385,
            40.7629269
          ],
          [
            -73.9560003,
            40.7628263
          ],
          [
            -73.9555811,
            40.7626477
          ],
          [
            -73.9553878,
            40.7625555
          ],
          [
            -73.9552636,
            40.762736
          ],
          [
            -73.9552345,
            40.762722
          ],
          [
            -73.9552006,
            40.7627178
          ],
          [
            -73.9551672,
            40.762724
          ],
          [
            -73.9551397,
            40.7627397
          ],
          [
            -73.9549789,
            40.7626746
          ],
          [
            -73.9551397,
            40.7627397
          ],
          [
            -73.9551672,
            40.762724
          ],
          [
            -73.9552006,
            40.7627178
          ],
          [
            -73.9552345,
            40.762722
          ],
          [
            -73.9552636,
            40.762736
          ],
          [
            -73.9553878,
            40.7625555
          ],
          [
            -73.9555811,
            40.7626477
          ],
          [
            -73.9560003,
            40.7628263
          ],
          [
            -73.9560437,
            40.7628002
          ],
          [
            -73.956267,
            40.7628958
          ],
          [
            -73.9562843,
            40.7628769
          ],
          [
            -73.9566545,
            40.7623658
          ],
          [
            -73.9568568,
            40.762378
          ],
          [
            -73.956879,
            40.7623469
          ],
          [
            -73.9569023,
            40.7623142
          ],
          [
            -73.9572647,
            40.761806
          ],
          [
            -73.9572988,
            40.7617582
          ],
          [
            -73.9573536,
            40.7616813
          ],
          [
            -73.9576715,
            40.7612355
          ],
          [
            -73.9577227,
            40.7611649
          ],
          [
            -73.9577718,
            40.7610973
          ],
          [
            -73.9578094,
            40.7610455
          ],
          [
            -73.9581827,
            40.760552
          ],
          [
            -73.9582349,
            40.7604854
          ],
          [
            -73.9582804,
            40.7604273
          ],
          [
            -73.9586338,
            40.7599261
          ],
          [
            -73.9586828,
            40.7598582
          ],
          [
            -73.9587266,
            40.7597976
          ],
          [
            -73.9590986,
            40.7593068
          ],
          [
            -73.9591258,
            40.7592676
          ],
          [
            -73.9591675,
            40.7592074
          ],
          [
            -73.9591828,
            40.7591853
          ],
          [
            -73.9595622,
            40.7586722
          ],
          [
            -73.9595971,
            40.7586214
          ],
          [
            -73.9596423,
            40.7585556
          ],
          [
            -73.9600129,
            40.7580435
          ],
          [
            -73.960054,
            40.7579862
          ],
          [
            -73.9600941,
            40.7579303
          ],
          [
            -73.960497,
            40.7573775
          ],
          [
            -73.9605439,
            40.7573131
          ],
          [
            -73.9606038,
            40.7572309
          ],
          [
            -73.960995,
            40.7566943
          ],
          [
            -73.9610363,
            40.7566379
          ],
          [
            -73.9610793,
            40.7565791
          ],
          [
            -73.9614521,
            40.75607
          ],
          [
            -73.9614926,
            40.7560143
          ],
          [
            -73.9615352,
            40.7559559
          ],
          [
            -73.9619219,
            40.7554368
          ],
          [
            -73.9619525,
            40.7553951
          ],
          [
            -73.9619681,
            40.7553815
          ],
          [
            -73.9619917,
            40.7553725
          ],
          [
            -73.9620244,
            40.7553657
          ],
          [
            -73.9620575,
            40.7553604
          ],
          [
            -73.9620745,
            40.7553542
          ],
          [
            -73.9620831,
            40.755351
          ],
          [
            -73.9621035,
            40.7553385
          ],
          [
            -73.9621281,
            40.755317
          ],
          [
            -73.9621432,
            40.7552933
          ],
          [
            -73.9621503,
            40.7552696
          ],
          [
            -73.9621546,
            40.7552453
          ],
          [
            -73.9621527,
            40.7552291
          ],
          [
            -73.9621734,
            40.7552213
          ],
          [
            -73.9621881,
            40.7552105
          ],
          [
            -73.9622898,
            40.7550779
          ],
          [
            -73.9623719,
            40.7549568
          ],
          [
            -73.9624186,
            40.7549259
          ],
          [
            -73.9624431,
            40.7549185
          ],
          [
            -73.9624654,
            40.7549171
          ],
          [
            -73.9625314,
            40.7549268
          ],
          [
            -73.9625974,
            40.7549364
          ],
          [
            -73.9626185,
            40.7549441
          ],
          [
            -73.9626245,
            40.7549363
          ],
          [
            -73.9626336,
            40.7549315
          ],
          [
            -73.9626464,
            40.7549321
          ],
          [
            -73.9628642,
            40.7550206
          ],
          [
            -73.9633089,
            40.7552072
          ],
          [
            -73.9646155,
            40.7557618
          ],
          [
            -73.9646525,
            40.7557111
          ],
          [
            -73.9647028,
            40.7556421
          ],
          [
            -73.9650673,
            40.7551422
          ],
          [
            -73.9651119,
            40.7550811
          ],
          [
            -73.9651545,
            40.7550227
          ],
          [
            -73.9655209,
            40.7545085
          ],
          [
            -73.9655669,
            40.7544445
          ],
          [
            -73.9655998,
            40.7543986
          ],
          [
            -73.9659844,
            40.753875
          ],
          [
            -73.9660277,
            40.7538199
          ],
          [
            -73.9660627,
            40.7537754
          ],
          [
            -73.9661712,
            40.7538175
          ],
          [
            -73.9663352,
            40.7538812
          ],
          [
            -73.9667094,
            40.753367
          ],
          [
            -73.9667489,
            40.7533112
          ],
          [
            -73.9667879,
            40.753256
          ],
          [
            -73.9670584,
            40.7528727
          ],
          [
            -73.9672417,
            40.7527904
          ],
          [
            -73.9692516,
            40.7536254
          ],
          [
            -73.9692949,
            40.7535663
          ],
          [
            -73.9693352,
            40.7535112
          ],
          [
            -73.969714,
            40.7529989
          ],
          [
            -73.9697341,
            40.7529716
          ],
          [
            -73.9697636,
            40.7529323
          ],
          [
            -73.9697919,
            40.7528944
          ],
          [
            -73.969801,
            40.7528821
          ],
          [
            -73.9699154,
            40.7527273
          ],
          [
            -73.9701704,
            40.7523807
          ],
          [
            -73.9701832,
            40.7523633
          ],
          [
            -73.9702121,
            40.752324
          ],
          [
            -73.9702435,
            40.7522812
          ],
          [
            -73.9702582,
            40.7522606
          ],
          [
            -73.9706215,
            40.7517522
          ],
          [
            -73.9706344,
            40.751734
          ],
          [
            -73.9706697,
            40.7516917
          ],
          [
            -73.970695,
            40.7516614
          ],
          [
            -73.9707086,
            40.7516425
          ],
          [
            -73.97108,
            40.7511269
          ],
          [
            -73.9710934,
            40.7511084
          ],
          [
            -73.9711256,
            40.7510637
          ],
          [
            -73.9711463,
            40.751035
          ],
          [
            -73.9711628,
            40.7510127
          ],
          [
            -73.9715386,
            40.7505017
          ],
          [
            -73.9715528,
            40.7504824
          ],
          [
            -73.9715784,
            40.7504471
          ],
          [
            -73.9716067,
            40.7504081
          ],
          [
            -73.9716217,
            40.7503871
          ],
          [
            -73.9719821,
            40.74988
          ],
          [
            -73.9719844,
            40.7498738
          ],
          [
            -73.9719838,
            40.7498662
          ],
          [
            -73.9720631,
            40.7497715
          ],
          [
            -73.9721464,
            40.7496674
          ],
          [
            -73.9725103,
            40.7491596
          ],
          [
            -73.9725521,
            40.7491015
          ],
          [
            -73.9725963,
            40.7490403
          ],
          [
            -73.9729585,
            40.748545
          ],
          [
            -73.9729987,
            40.748489
          ],
          [
            -73.9730439,
            40.748426
          ],
          [
            -73.9731089,
            40.7483456
          ],
          [
            -73.9733564,
            40.7480049
          ],
          [
            -73.973413,
            40.7479272
          ],
          [
            -73.9734538,
            40.7478711
          ],
          [
            -73.9735013,
            40.7478057
          ],
          [
            -73.973864,
            40.7473074
          ],
          [
            -73.9739159,
            40.7472362
          ],
          [
            -73.9739524,
            40.7471861
          ],
          [
            -73.9743161,
            40.7466966
          ],
          [
            -73.9743261,
            40.7466831
          ],
          [
            -73.9743656,
            40.7466275
          ],
          [
            -73.9743983,
            40.7465815
          ],
          [
            -73.9744093,
            40.7465661
          ],
          [
            -73.9744198,
            40.7465516
          ],
          [
            -73.9745629,
            40.7463523
          ],
          [
            -73.9746226,
            40.7462691
          ],
          [
            -73.9746695,
            40.7462051
          ],
          [
            -73.9746884,
            40.7461793
          ],
          [
            -73.9747262,
            40.7461276
          ],
          [
            -73.9748826,
            40.7461562
          ],
          [
            -73.9750402,
            40.7461851
          ],
          [
            -73.9750812,
            40.7461268
          ],
          [
            -73.9751264,
            40.7460625
          ],
          [
            -73.9754799,
            40.7455765
          ],
          [
            -73.9755072,
            40.7455752
          ],
          [
            -73.9766538,
            40.7460636
          ],
          [
            -73.9766771,
            40.7460681
          ],
          [
            -73.9767438,
            40.7460917
          ],
          [
            -73.9767901,
            40.7461081
          ],
          [
            -73.9768121,
            40.7461171
          ],
          [
            -73.9768168,
            40.7461118
          ],
          [
            -73.9768507,
            40.7460625
          ],
          [
            -73.976891,
            40.7460104
          ],
          [
            -73.9768979,
            40.7460015
          ],
          [
            -73.977291,
            40.7455881
          ],
          [
            -73.9773411,
            40.7455263
          ],
          [
            -73.9779184,
            40.7457724
          ],
          [
            -73.9780624,
            40.7458298
          ],
          [
            -73.9781867,
            40.7458793
          ],
          [
            -73.9782486,
            40.745797
          ],
          [
            -73.978323,
            40.7456978
          ],
          [
            -73.9785379,
            40.7453999
          ],
          [
            -73.9787155,
            40.7451813
          ],
          [
            -73.9800564,
            40.7457481
          ],
          [
            -73.9800981,
            40.7456936
          ],
          [
            -73.9801391,
            40.74564
          ],
          [
            -73.9805171,
            40.7451402
          ],
          [
            -73.9806282,
            40.7451848
          ],
          [
            -73.9807243,
            40.7452234
          ],
          [
            -73.9812862,
            40.7454565
          ],
          [
            -73.9820523,
            40.7457841
          ],
          [
            -73.9821177,
            40.7457368
          ],
          [
            -73.9821831,
            40.7456896
          ],
          [
            -73.9822604,
            40.7457219
          ],
          [
            -73.9823854,
            40.7457741
          ],
          [
            -73.9824541,
            40.7458029
          ],
          [
            -73.9838438,
            40.7463775
          ],
          [
            -73.9842015,
            40.7458871
          ],
          [
            -73.9842495,
            40.7458184
          ],
          [
            -73.9842867,
            40.745765
          ],
          [
            -73.9846592,
            40.7452556
          ],
          [
            -73.9846939,
            40.7452079
          ],
          [
            -73.9847375,
            40.7451478
          ],
          [
            -73.9851083,
            40.7446451
          ],
          [
            -73.9851487,
            40.7445945
          ],
          [
            -73.9851944,
            40.7445341
          ],
          [
            -73.9855566,
            40.7440264
          ],
          [
            -73.9855967,
            40.7439724
          ],
          [
            -73.9856382,
            40.7439125
          ],
          [
            -73.986004,
            40.7434148
          ],
          [
            -73.9860495,
            40.7433546
          ],
          [
            -73.9860939,
            40.7432923
          ],
          [
            -73.9864539,
            40.7427958
          ],
          [
            -73.9864672,
            40.7427781
          ],
          [
            -73.9864999,
            40.7427295
          ],
          [
            -73.9865247,
            40.7426925
          ],
          [
            -73.9865406,
            40.7426712
          ],
          [
            -73.9869108,
            40.7421725
          ],
          [
            -73.9869314,
            40.7421817
          ],
          [
            -73.9870101,
            40.742205
          ],
          [
            -73.9870917,
            40.7422292
          ],
          [
            -73.987124,
            40.7422385
          ],
          [
            -73.9871493,
            40.7422036
          ],
          [
            -73.9871744,
            40.7422139
          ],
          [
            -73.9872076,
            40.7422291
          ],
          [
            -73.9872396,
            40.7422484
          ],
          [
            -73.9872705,
            40.7422699
          ],
          [
            -73.9872998,
            40.7422481
          ],
          [
            -73.9873468,
            40.7422194
          ],
          [
            -73.987422,
            40.7421846
          ],
          [
            -73.9875015,
            40.7421475
          ],
          [
            -73.9876042,
            40.7420941
          ],
          [
            -73.9876673,
            40.7420644
          ],
          [
            -73.9876816,
            40.7420416
          ],
          [
            -73.9877172,
            40.7420111
          ],
          [
            -73.9877641,
            40.7419773
          ],
          [
            -73.9878311,
            40.741928
          ],
          [
            -73.9879061,
            40.7418815
          ],
          [
            -73.9879781,
            40.7418431
          ],
          [
            -73.9880518,
            40.7418136
          ],
          [
            -73.9881208,
            40.7417929
          ],
          [
            -73.9881894,
            40.7417777
          ],
          [
            -73.9882036,
            40.7417913
          ],
          [
            -73.9882209,
            40.7418027
          ],
          [
            -73.9882408,
            40.7418114
          ],
          [
            -73.9882692,
            40.7418181
          ],
          [
            -73.9882989,
            40.7418193
          ],
          [
            -73.988328,
            40.741815
          ],
          [
            -73.9883522,
            40.7418066
          ],
          [
            -73.9883733,
            40.7417945
          ],
          [
            -73.9883904,
            40.7417792
          ],
          [
            -73.9884026,
            40.7417614
          ],
          [
            -73.9884844,
            40.7417859
          ],
          [
            -73.9884026,
            40.7417614
          ],
          [
            -73.9884097,
            40.7417408
          ],
          [
            -73.9884102,
            40.7417195
          ],
          [
            -73.9884042,
            40.7416987
          ],
          [
            -73.9884,
            40.7416886
          ],
          [
            -73.9883874,
            40.7416725
          ],
          [
            -73.9883701,
            40.7416601
          ],
          [
            -73.9883419,
            40.741646
          ],
          [
            -73.9883097,
            40.7416385
          ],
          [
            -73.988276,
            40.741638
          ],
          [
            -73.9882434,
            40.7416446
          ],
          [
            -73.9882115,
            40.7416597
          ],
          [
            -73.9881873,
            40.7416817
          ],
          [
            -73.9881733,
            40.7417082
          ],
          [
            -73.9881066,
            40.741689
          ],
          [
            -73.9880211,
            40.7416722
          ],
          [
            -73.9879341,
            40.7416647
          ],
          [
            -73.9878555,
            40.7416629
          ],
          [
            -73.987803,
            40.741655
          ],
          [
            -73.9877382,
            40.7416385
          ],
          [
            -73.9876744,
            40.7416156
          ],
          [
            -73.9876012,
            40.7415826
          ],
          [
            -73.9875635,
            40.7416344
          ],
          [
            -73.9875329,
            40.7416233
          ],
          [
            -73.9874651,
            40.7416002
          ],
          [
            -73.9873817,
            40.7415717
          ],
          [
            -73.9873582,
            40.7415618
          ],
          [
            -73.9869916,
            40.7420635
          ],
          [
            -73.9869822,
            40.7420761
          ],
          [
            -73.9869514,
            40.7421177
          ],
          [
            -73.9869214,
            40.7421582
          ],
          [
            -73.9869108,
            40.7421725
          ],
          [
            -73.985529,
            40.7415959
          ],
          [
            -73.9851626,
            40.7420975
          ],
          [
            -73.9851497,
            40.7421151
          ],
          [
            -73.9851228,
            40.742156
          ],
          [
            -73.9850934,
            40.7422007
          ],
          [
            -73.985081,
            40.7422172
          ],
          [
            -73.984706,
            40.7427104
          ],
          [
            -73.9846621,
            40.7427718
          ],
          [
            -73.9846232,
            40.7428262
          ],
          [
            -73.984258,
            40.7433291
          ],
          [
            -73.9841877,
            40.7433038
          ],
          [
            -73.984058,
            40.7432552
          ],
          [
            -73.9839808,
            40.7432266
          ],
          [
            -73.9839407,
            40.7432805
          ],
          [
            -73.9839046,
            40.7433297
          ],
          [
            -73.983539,
            40.7438337
          ],
          [
            -73.9834915,
            40.7438978
          ],
          [
            -73.9834542,
            40.7439474
          ],
          [
            -73.9820767,
            40.7433703
          ],
          [
            -73.9817969,
            40.7437383
          ],
          [
            -73.9816992,
            40.7438681
          ],
          [
            -73.9817096,
            40.7438725
          ],
          [
            -73.9816661,
            40.7439317
          ],
          [
            -73.9816276,
            40.7439842
          ],
          [
            -73.9812535,
            40.7444873
          ],
          [
            -73.9812487,
            40.7445076
          ],
          [
            -73.9812199,
            40.7445464
          ],
          [
            -73.9811946,
            40.7445828
          ],
          [
            -73.9811727,
            40.7445978
          ],
          [
            -73.9808111,
            40.7451075
          ],
          [
            -73.9807661,
            40.7451676
          ],
          [
            -73.9807243,
            40.7452234
          ],
          [
            -73.9803574,
            40.7457321
          ],
          [
            -73.9803161,
            40.7457868
          ],
          [
            -73.9802756,
            40.7458404
          ],
          [
            -73.9801183,
            40.7460554
          ],
          [
            -73.9798956,
            40.7463619
          ],
          [
            -73.9798409,
            40.7464466
          ],
          [
            -73.9797765,
            40.7465464
          ],
          [
            -73.9793886,
            40.7470648
          ],
          [
            -73.9793478,
            40.7471192
          ],
          [
            -73.9793052,
            40.7471759
          ],
          [
            -73.9792851,
            40.7471929
          ],
          [
            -73.9789341,
            40.7476797
          ],
          [
            -73.9788899,
            40.7477331
          ],
          [
            -73.9788479,
            40.7477839
          ],
          [
            -73.9784836,
            40.7482985
          ],
          [
            -73.9784429,
            40.7483542
          ],
          [
            -73.9784046,
            40.7484067
          ],
          [
            -73.9780249,
            40.748925
          ],
          [
            -73.9780206,
            40.7489309
          ],
          [
            -73.9779992,
            40.7489602
          ],
          [
            -73.9779593,
            40.7490148
          ],
          [
            -73.9779496,
            40.7490284
          ],
          [
            -73.9775825,
            40.7495377
          ],
          [
            -73.9775707,
            40.7495539
          ],
          [
            -73.9775395,
            40.7495979
          ],
          [
            -73.9775139,
            40.749634
          ],
          [
            -73.9775041,
            40.7496473
          ],
          [
            -73.9771337,
            40.750149
          ],
          [
            -73.9771224,
            40.7501644
          ],
          [
            -73.9770883,
            40.750211
          ],
          [
            -73.9770588,
            40.7502513
          ],
          [
            -73.9770486,
            40.7502652
          ],
          [
            -73.9766812,
            40.7507654
          ],
          [
            -73.9766687,
            40.7507824
          ],
          [
            -73.9766384,
            40.7508247
          ],
          [
            -73.9766053,
            40.750871
          ],
          [
            -73.9765966,
            40.7508829
          ],
          [
            -73.9762253,
            40.7513908
          ],
          [
            -73.9762063,
            40.7514167
          ],
          [
            -73.9761537,
            40.7514811
          ],
          [
            -73.9760834,
            40.7515672
          ],
          [
            -73.976086,
            40.7515817
          ],
          [
            -73.9759876,
            40.7517153
          ],
          [
            -73.9759527,
            40.7517627
          ],
          [
            -73.9757375,
            40.7520482
          ],
          [
            -73.975695,
            40.7521101
          ],
          [
            -73.9756588,
            40.7521604
          ],
          [
            -73.9756163,
            40.752217
          ],
          [
            -73.9755618,
            40.7522919
          ],
          [
            -73.9752493,
            40.7527302
          ],
          [
            -73.9752313,
            40.7527225
          ],
          [
            -73.9751926,
            40.7527089
          ],
          [
            -73.9751401,
            40.7526903
          ],
          [
            -73.9750481,
            40.7526578
          ],
          [
            -73.9750143,
            40.7527043
          ],
          [
            -73.974977,
            40.7527555
          ],
          [
            -73.9749575,
            40.7527612
          ],
          [
            -73.9745898,
            40.753273
          ],
          [
            -73.9745796,
            40.7532872
          ],
          [
            -73.9745498,
            40.753326
          ],
          [
            -73.9745111,
            40.7533764
          ],
          [
            -73.9744987,
            40.7533938
          ],
          [
            -73.9741336,
            40.7539032
          ],
          [
            -73.9741234,
            40.7539174
          ],
          [
            -73.9740959,
            40.7539543
          ],
          [
            -73.9740606,
            40.7540016
          ],
          [
            -73.9740511,
            40.7540145
          ],
          [
            -73.9736731,
            40.7545269
          ],
          [
            -73.9736571,
            40.7545486
          ],
          [
            -73.9736383,
            40.754573
          ],
          [
            -73.9736005,
            40.754622
          ],
          [
            -73.9735889,
            40.7546377
          ],
          [
            -73.9732214,
            40.7551555
          ],
          [
            -73.97321,
            40.7551715
          ],
          [
            -73.9731796,
            40.7552127
          ],
          [
            -73.973148,
            40.7552554
          ],
          [
            -73.9731358,
            40.7552714
          ],
          [
            -73.9727507,
            40.7557781
          ],
          [
            -73.9727165,
            40.7558266
          ],
          [
            -73.9726732,
            40.7558881
          ],
          [
            -73.9723045,
            40.7564016
          ],
          [
            -73.972264,
            40.7564568
          ],
          [
            -73.9722184,
            40.7565189
          ],
          [
            -73.9718437,
            40.7570279
          ],
          [
            -73.9718009,
            40.7570847
          ],
          [
            -73.9717651,
            40.7571322
          ],
          [
            -73.9711696,
            40.7568889
          ],
          [
            -73.9709819,
            40.7568121
          ],
          [
            -73.9703998,
            40.7565743
          ],
          [
            -73.9703141,
            40.7566911
          ],
          [
            -73.9700298,
            40.7570787
          ],
          [
            -73.9700169,
            40.7570963
          ],
          [
            -73.9699801,
            40.7571471
          ],
          [
            -73.969955,
            40.7571816
          ],
          [
            -73.9699469,
            40.757193
          ],
          [
            -73.9695846,
            40.7577038
          ],
          [
            -73.9695431,
            40.7577648
          ],
          [
            -73.969503,
            40.7578238
          ],
          [
            -73.9691127,
            40.7583189
          ],
          [
            -73.9690625,
            40.7583891
          ],
          [
            -73.9690236,
            40.7584435
          ],
          [
            -73.9686648,
            40.7589465
          ],
          [
            -73.968616,
            40.7590133
          ],
          [
            -73.9685732,
            40.759072
          ],
          [
            -73.9684619,
            40.7590254
          ],
          [
            -73.9684342,
            40.7590137
          ],
          [
            -73.9682422,
            40.7591949
          ],
          [
            -73.9682316,
            40.7592078
          ],
          [
            -73.9679977,
            40.7594939
          ],
          [
            -73.9679541,
            40.7594742
          ],
          [
            -73.9679283,
            40.7594637
          ],
          [
            -73.9679149,
            40.7594821
          ],
          [
            -73.967884,
            40.7595271
          ],
          [
            -73.967855,
            40.7595694
          ],
          [
            -73.9678449,
            40.7595836
          ],
          [
            -73.9674704,
            40.7601005
          ],
          [
            -73.9674548,
            40.7601213
          ],
          [
            -73.9673964,
            40.7601992
          ],
          [
            -73.9673385,
            40.7602765
          ],
          [
            -73.9673235,
            40.7602966
          ],
          [
            -73.9669464,
            40.7608163
          ],
          [
            -73.9669314,
            40.760837
          ],
          [
            -73.9669001,
            40.7608801
          ],
          [
            -73.9668746,
            40.7609151
          ],
          [
            -73.9668624,
            40.760932
          ],
          [
            -73.9664954,
            40.7614436
          ],
          [
            -73.9664846,
            40.7614583
          ],
          [
            -73.9664519,
            40.7615046
          ],
          [
            -73.9664198,
            40.7615485
          ],
          [
            -73.9664107,
            40.7615613
          ],
          [
            -73.9646936,
            40.7608343
          ],
          [
            -73.9646794,
            40.7608285
          ],
          [
            -73.9646325,
            40.7608924
          ],
          [
            -73.9646033,
            40.760887
          ],
          [
            -73.9645784,
            40.7608857
          ],
          [
            -73.9645566,
            40.7608885
          ],
          [
            -73.9645313,
            40.7609005
          ],
          [
            -73.9645166,
            40.7609135
          ],
          [
            -73.9644822,
            40.7609076
          ],
          [
            -73.9644457,
            40.7609067
          ],
          [
            -73.9644196,
            40.7609103
          ],
          [
            -73.9643912,
            40.7609212
          ],
          [
            -73.9643791,
            40.7609389
          ],
          [
            -73.964374,
            40.7609636
          ],
          [
            -73.9643698,
            40.7609937
          ],
          [
            -73.9643589,
            40.7610211
          ],
          [
            -73.9643394,
            40.7610409
          ],
          [
            -73.9643094,
            40.7610594
          ],
          [
            -73.9642849,
            40.7610759
          ],
          [
            -73.9642576,
            40.7611149
          ],
          [
            -73.9641837,
            40.7610852
          ],
          [
            -73.9640668,
            40.7612399
          ],
          [
            -73.9640544,
            40.7612562
          ],
          [
            -73.9640272,
            40.7612934
          ],
          [
            -73.9639938,
            40.761339
          ],
          [
            -73.9639833,
            40.7613534
          ],
          [
            -73.9639633,
            40.7613449
          ],
          [
            -73.9638575,
            40.7613
          ],
          [
            -73.9637288,
            40.7612454
          ],
          [
            -73.9637104,
            40.7612375
          ],
          [
            -73.9629549,
            40.7609168
          ],
          [
            -73.9628163,
            40.761105
          ],
          [
            -73.9627578,
            40.7611454
          ],
          [
            -73.9625542,
            40.7614218
          ],
          [
            -73.9625441,
            40.7614176
          ],
          [
            -73.9625011,
            40.7613995
          ],
          [
            -73.9624256,
            40.7613677
          ],
          [
            -73.962383,
            40.7613497
          ],
          [
            -73.9612444,
            40.7608704
          ],
          [
            -73.9612055,
            40.7609241
          ],
          [
            -73.9611641,
            40.760981
          ],
          [
            -73.9607828,
            40.7614857
          ],
          [
            -73.9606346,
            40.7614274
          ],
          [
            -73.9605099,
            40.7613784
          ],
          [
            -73.9604667,
            40.7614371
          ],
          [
            -73.9604273,
            40.7614908
          ],
          [
            -73.9584546,
            40.7606629
          ],
          [
            -73.9580805,
            40.7611633
          ],
          [
            -73.9580272,
            40.7612276
          ],
          [
            -73.9579842,
            40.7612794
          ],
          [
            -73.9576172,
            40.7617915
          ],
          [
            -73.957576,
            40.7618461
          ],
          [
            -73.9575298,
            40.7619074
          ],
          [
            -73.9571547,
            40.7624217
          ],
          [
            -73.957115,
            40.7624761
          ],
          [
            -73.957075,
            40.762531
          ],
          [
            -73.9567005,
            40.7630405
          ],
          [
            -73.9565797,
            40.7629896
          ],
          [
            -73.9564574,
            40.7629381
          ],
          [
            -73.9564359,
            40.7629673
          ],
          [
            -73.956267,
            40.7628958
          ],
          [
            -73.9562385,
            40.7629269
          ],
          [
            -73.9560003,
            40.7628263
          ],
          [
            -73.9559577,
            40.7628524
          ],
          [
            -73.9556861,
            40.762732
          ],
          [
            -73.9555593,
            40.7626781
          ],
          [
            -73.9553858,
            40.762911
          ],
          [
            -73.9552353,
            40.7628412
          ],
          [
            -73.9552021,
            40.762848
          ],
          [
            -73.9551687,
            40.7628422
          ],
          [
            -73.9551612,
            40.7628385
          ],
          [
            -73.9551463,
            40.7628312
          ],
          [
            -73.9551295,
            40.7628154
          ],
          [
            -73.9551199,
            40.7627965
          ],
          [
            -73.9551184,
            40.7627763
          ],
          [
            -73.9551253,
            40.7627567
          ],
          [
            -73.9551397,
            40.7627397
          ],
          [
            -73.9549789,
            40.7626746
          ]
        ]
      }
    },
    {
      "type": "Feature",
      "properties": {
        "scenario": "HARD - Roosevelt Island footbridge, narrow strip",
        "shape": "round",
        "target_miles": 6.0,
        "distance_m": 9665.757349696883,
        "candidate_index": 3
      },
      "geometry": {
        "type": "LineString",
        "coordinates": [
          [
            -73.9549789,
            40.7626746
          ],
          [
            -73.9551397,
            40.7627397
          ],
          [
            -73.9551672,
            40.762724
          ],
          [
            -73.9552006,
            40.7627178
          ],
          [
            -73.9552345,
            40.762722
          ],
          [
            -73.9552636,
            40.762736
          ],
          [
            -73.9553878,
            40.7625555
          ],
          [
            -73.9555487,
            40.7623098
          ],
          [
            -73.9555845,
            40.7622989
          ],
          [
            -73.9556109,
            40.7622776
          ],
          [
            -73.9556229,
            40.7622498
          ],
          [
            -73.9556182,
            40.7622208
          ],
          [
            -73.9556229,
            40.7622498
          ],
          [
            -73.9556109,
            40.7622776
          ],
          [
            -73.9555845,
            40.7622989
          ],
          [
            -73.9555487,
            40.7623098
          ],
          [
            -73.9553878,
            40.7625555
          ],
          [
            -73.9552636,
            40.762736
          ],
          [
            -73.9552345,
            40.762722
          ],
          [
            -73.9552006,
            40.7627178
          ],
          [
            -73.9551672,
            40.762724
          ],
          [
            -73.9551397,
            40.7627397
          ],
          [
            -73.9549789,
            40.7626746
          ],
          [
            -73.9551397,
            40.7627397
          ],
          [
            -73.9551253,
            40.7627567
          ],
          [
            -73.9551184,
            40.7627763
          ],
          [
            -73.9551199,
            40.7627965
          ],
          [
            -73.9551295,
            40.7628154
          ],
          [
            -73.9551463,
            40.7628312
          ],
          [
            -73.9551612,
            40.7628385
          ],
          [
            -73.9551687,
            40.7628422
          ],
          [
            -73.9552021,
            40.762848
          ],
          [
            -73.9552353,
            40.7628412
          ],
          [
            -73.9553858,
            40.762911
          ],
          [
            -73.9553375,
            40.7629775
          ],
          [
            -73.9551679,
            40.763213
          ],
          [
            -73.9551057,
            40.7632945
          ],
          [
            -73.9549807,
            40.7634764
          ],
          [
            -73.9548718,
            40.7636407
          ],
          [
            -73.9552566,
            40.7637973
          ],
          [
            -73.955371,
            40.7636391
          ],
          [
            -73.9555866,
            40.7638388
          ],
          [
            -73.9557457,
            40.7639067
          ],
          [
            -73.9557373,
            40.7639181
          ],
          [
            -73.9555401,
            40.7641866
          ],
          [
            -73.9556642,
            40.76424
          ],
          [
            -73.9557841,
            40.7642917
          ],
          [
            -73.9577694,
            40.7651365
          ],
          [
            -73.9578812,
            40.7651817
          ],
          [
            -73.9580432,
            40.7652473
          ],
          [
            -73.958003,
            40.7653033
          ],
          [
            -73.9579668,
            40.7653538
          ],
          [
            -73.9600676,
            40.7662488
          ],
          [
            -73.9597178,
            40.7667719
          ],
          [
            -73.9598222,
            40.7668156
          ],
          [
            -73.9599497,
            40.7668691
          ],
          [
            -73.9613009,
            40.7674415
          ],
          [
            -73.961919,
            40.7677034
          ],
          [
            -73.9620545,
            40.7677596
          ],
          [
            -73.9621988,
            40.7678195
          ],
          [
            -73.9625695,
            40.7679722
          ],
          [
            -73.9631125,
            40.7682056
          ],
          [
            -73.9635557,
            40.7683955
          ],
          [
            -73.9636566,
            40.7684388
          ],
          [
            -73.9637414,
            40.768477
          ],
          [
            -73.9637126,
            40.7685281
          ],
          [
            -73.9636717,
            40.7685828
          ],
          [
            -73.9645302,
            40.7689466
          ],
          [
            -73.9649958,
            40.7691409
          ],
          [
            -73.9651126,
            40.7691919
          ],
          [
            -73.9652912,
            40.7692698
          ],
          [
            -73.9653939,
            40.7693147
          ],
          [
            -73.9666992,
            40.7698575
          ],
          [
            -73.9668118,
            40.7699059
          ],
          [
            -73.9669161,
            40.7699507
          ],
          [
            -73.9677245,
            40.7702955
          ],
          [
            -73.9683082,
            40.7705445
          ],
          [
            -73.9684042,
            40.7705849
          ],
          [
            -73.9685176,
            40.7706343
          ],
          [
            -73.9684746,
            40.7706972
          ],
          [
            -73.9685854,
            40.7707629
          ],
          [
            -73.9686376,
            40.7708061
          ],
          [
            -73.9686728,
            40.7708539
          ],
          [
            -73.9686925,
            40.770904
          ],
          [
            -73.9687132,
            40.770988
          ],
          [
            -73.9685817,
            40.7710821
          ],
          [
            -73.9684705,
            40.7711857
          ],
          [
            -73.9684359,
            40.7712322
          ],
          [
            -73.9684046,
            40.7712845
          ],
          [
            -73.968351,
            40.7714024
          ],
          [
            -73.9682918,
            40.7715871
          ],
          [
            -73.9682328,
            40.7717588
          ],
          [
            -73.9681439,
            40.7719892
          ],
          [
            -73.9680769,
            40.7721274
          ],
          [
            -73.9680419,
            40.7721746
          ],
          [
            -73.9679755,
            40.7722642
          ],
          [
            -73.9677278,
            40.7725185
          ],
          [
            -73.967646,
            40.7726198
          ],
          [
            -73.9675963,
            40.7726959
          ],
          [
            -73.9675568,
            40.772789
          ],
          [
            -73.967494,
            40.772899
          ],
          [
            -73.9674822,
            40.7729619
          ],
          [
            -73.9674808,
            40.7729839
          ],
          [
            -73.9674793,
            40.7730086
          ],
          [
            -73.9674781,
            40.7731153
          ],
          [
            -73.9674783,
            40.7731391
          ],
          [
            -73.9674872,
            40.7731787
          ],
          [
            -73.9675041,
            40.7732252
          ],
          [
            -73.9675334,
            40.7732849
          ],
          [
            -73.9675799,
            40.7733483
          ],
          [
            -73.9676327,
            40.7734081
          ],
          [
            -73.9676871,
            40.7734596
          ],
          [
            -73.9677736,
            40.7735294
          ],
          [
            -73.9678318,
            40.7735985
          ],
          [
            -73.9678518,
            40.7736426
          ],
          [
            -73.9678545,
            40.7736879
          ],
          [
            -73.967852,
            40.773748
          ],
          [
            -73.9678366,
            40.7738003
          ],
          [
            -73.967796,
            40.7738564
          ],
          [
            -73.9677785,
            40.7738717
          ],
          [
            -73.967743,
            40.7738971
          ],
          [
            -73.9677212,
            40.773958
          ],
          [
            -73.9677109,
            40.7739932
          ],
          [
            -73.9677093,
            40.774039
          ],
          [
            -73.9676973,
            40.7741276
          ],
          [
            -73.9677466,
            40.7741593
          ],
          [
            -73.9677833,
            40.7741937
          ],
          [
            -73.9678407,
            40.774262
          ],
          [
            -73.9678974,
            40.7743458
          ],
          [
            -73.9680344,
            40.7744736
          ],
          [
            -73.9681042,
            40.7745263
          ],
          [
            -73.9681729,
            40.7745529
          ],
          [
            -73.9683494,
            40.7745862
          ],
          [
            -73.9684114,
            40.7745962
          ],
          [
            -73.9685449,
            40.7746864
          ],
          [
            -73.9685859,
            40.7747142
          ],
          [
            -73.9686348,
            40.7747449
          ],
          [
            -73.9685622,
            40.774815
          ],
          [
            -73.9685108,
            40.7748581
          ],
          [
            -73.9684496,
            40.7749022
          ],
          [
            -73.968378,
            40.7749501
          ],
          [
            -73.9682812,
            40.775008
          ],
          [
            -73.9682112,
            40.775049
          ],
          [
            -73.9681122,
            40.7751015
          ],
          [
            -73.9680195,
            40.7751433
          ],
          [
            -73.9677168,
            40.7752702
          ],
          [
            -73.9676573,
            40.7752997
          ],
          [
            -73.9675684,
            40.7753471
          ],
          [
            -73.967506,
            40.7753828
          ],
          [
            -73.9674646,
            40.7754138
          ],
          [
            -73.9674189,
            40.7754493
          ],
          [
            -73.9673862,
            40.7754812
          ],
          [
            -73.9673505,
            40.7755216
          ],
          [
            -73.9673223,
            40.7755616
          ],
          [
            -73.967296,
            40.7756097
          ],
          [
            -73.9672786,
            40.7756622
          ],
          [
            -73.9672651,
            40.7757126
          ],
          [
            -73.967257,
            40.7757607
          ],
          [
            -73.9672534,
            40.7758053
          ],
          [
            -73.967256,
            40.7758431
          ],
          [
            -73.9672607,
            40.7758949
          ],
          [
            -73.9672743,
            40.7759614
          ],
          [
            -73.9673056,
            40.7760883
          ],
          [
            -73.9673163,
            40.7761367
          ],
          [
            -73.9673203,
            40.7761738
          ],
          [
            -73.967321,
            40.7762137
          ],
          [
            -73.9673157,
            40.7762588
          ],
          [
            -73.9673019,
            40.7763105
          ],
          [
            -73.9672817,
            40.7763587
          ],
          [
            -73.967117,
            40.7767063
          ],
          [
            -73.9670835,
            40.7767807
          ],
          [
            -73.9670548,
            40.7768575
          ],
          [
            -73.9670242,
            40.7769404
          ],
          [
            -73.9669227,
            40.777274
          ],
          [
            -73.9668927,
            40.7773558
          ],
          [
            -73.9668067,
            40.7775771
          ],
          [
            -73.9667753,
            40.7776467
          ],
          [
            -73.9667294,
            40.7777351
          ],
          [
            -73.966678,
            40.7778199
          ],
          [
            -73.9665925,
            40.7779561
          ],
          [
            -73.9664994,
            40.7780983
          ],
          [
            -73.9665476,
            40.7781149
          ],
          [
            -73.966577,
            40.7781925
          ],
          [
            -73.9665503,
            40.7782621
          ],
          [
            -73.9665433,
            40.7782906
          ],
          [
            -73.9665429,
            40.7783284
          ],
          [
            -73.966551,
            40.778374
          ],
          [
            -73.9665843,
            40.7784413
          ],
          [
            -73.9666326,
            40.7785019
          ],
          [
            -73.9667022,
            40.7785573
          ],
          [
            -73.9667874,
            40.7787445
          ],
          [
            -73.9668069,
            40.7787974
          ],
          [
            -73.9668205,
            40.7788454
          ],
          [
            -73.9668293,
            40.7789124
          ],
          [
            -73.9667773,
            40.7789735
          ],
          [
            -73.9666891,
            40.7790865
          ],
          [
            -73.9666994,
            40.77917
          ],
          [
            -73.9667173,
            40.7792759
          ],
          [
            -73.966734,
            40.7793379
          ],
          [
            -73.9667627,
            40.779403
          ],
          [
            -73.9668016,
            40.7794658
          ],
          [
            -73.9668505,
            40.779527
          ],
          [
            -73.9669575,
            40.7796357
          ],
          [
            -73.9670191,
            40.7797047
          ],
          [
            -73.9670672,
            40.7797722
          ],
          [
            -73.9671169,
            40.7798686
          ],
          [
            -73.9671842,
            40.7800392
          ],
          [
            -73.96737,
            40.7800878
          ],
          [
            -73.9675766,
            40.7801792
          ],
          [
            -73.9677538,
            40.7803068
          ],
          [
            -73.9679417,
            40.7805326
          ],
          [
            -73.9679917,
            40.7806416
          ],
          [
            -73.96802,
            40.7807321
          ],
          [
            -73.9680356,
            40.7807866
          ],
          [
            -73.9680461,
            40.7808448
          ],
          [
            -73.968052,
            40.7809309
          ],
          [
            -73.9680494,
            40.7810063
          ],
          [
            -73.9680352,
            40.7810942
          ],
          [
            -73.9680157,
            40.7811972
          ],
          [
            -73.9679867,
            40.7812886
          ],
          [
            -73.967936,
            40.7813947
          ],
          [
            -73.9678884,
            40.7814863
          ],
          [
            -73.967819,
            40.7816046
          ],
          [
            -73.9677528,
            40.7817011
          ],
          [
            -73.9676722,
            40.7818011
          ],
          [
            -73.9675687,
            40.781922
          ],
          [
            -73.9674604,
            40.7820351
          ],
          [
            -73.9672949,
            40.7821838
          ],
          [
            -73.9671918,
            40.782271
          ],
          [
            -73.9671291,
            40.7823244
          ],
          [
            -73.9671255,
            40.7823997
          ],
          [
            -73.9671243,
            40.7825117
          ],
          [
            -73.9671364,
            40.7825944
          ],
          [
            -73.9671598,
            40.7826698
          ],
          [
            -73.9672299,
            40.7827737
          ],
          [
            -73.967302,
            40.7827903
          ],
          [
            -73.9673475,
            40.7828375
          ],
          [
            -73.9675956,
            40.7830459
          ],
          [
            -73.9676375,
            40.7832695
          ],
          [
            -73.9676547,
            40.7833614
          ],
          [
            -73.9676614,
            40.7834425
          ],
          [
            -73.9676596,
            40.7835343
          ],
          [
            -73.9675717,
            40.7836762
          ],
          [
            -73.9673705,
            40.7838874
          ],
          [
            -73.9672472,
            40.7840357
          ],
          [
            -73.9671767,
            40.7841949
          ],
          [
            -73.967243,
            40.7842151
          ],
          [
            -73.9671529,
            40.7843583
          ],
          [
            -73.9671288,
            40.7843945
          ],
          [
            -73.9670474,
            40.7845048
          ],
          [
            -73.9670139,
            40.7845547
          ],
          [
            -73.9670027,
            40.7845725
          ],
          [
            -73.9669466,
            40.7846815
          ],
          [
            -73.9669181,
            40.7847452
          ],
          [
            -73.9668641,
            40.7848802
          ],
          [
            -73.9668155,
            40.7849689
          ],
          [
            -73.9668636,
            40.7850806
          ],
          [
            -73.9667071,
            40.7851274
          ],
          [
            -73.9667161,
            40.7851977
          ],
          [
            -73.9667213,
            40.7852701
          ],
          [
            -73.9667171,
            40.7853456
          ],
          [
            -73.9666146,
            40.7857929
          ],
          [
            -73.9665096,
            40.7862514
          ],
          [
            -73.9663733,
            40.7868355
          ],
          [
            -73.9663028,
            40.7871383
          ],
          [
            -73.9662417,
            40.7874005
          ],
          [
            -73.9661914,
            40.7875366
          ],
          [
            -73.9661341,
            40.7876466
          ],
          [
            -73.9660634,
            40.7877495
          ],
          [
            -73.9659609,
            40.7878649
          ],
          [
            -73.9658277,
            40.7879855
          ],
          [
            -73.9656734,
            40.7880922
          ],
          [
            -73.9657789,
            40.7882233
          ],
          [
            -73.9658888,
            40.788373
          ],
          [
            -73.9659225,
            40.7884123
          ],
          [
            -73.9658104,
            40.7884591
          ],
          [
            -73.9657255,
            40.7884922
          ],
          [
            -73.9656365,
            40.7885236
          ],
          [
            -73.9652298,
            40.7886528
          ],
          [
            -73.9648607,
            40.78877
          ],
          [
            -73.9647836,
            40.7887962
          ],
          [
            -73.9647089,
            40.7888275
          ],
          [
            -73.9646404,
            40.7888614
          ],
          [
            -73.9645737,
            40.7889013
          ],
          [
            -73.9645036,
            40.7889482
          ],
          [
            -73.9644353,
            40.7890005
          ],
          [
            -73.9643849,
            40.7890515
          ],
          [
            -73.9643288,
            40.7891145
          ],
          [
            -73.9642835,
            40.7891771
          ],
          [
            -73.9642532,
            40.7892279
          ],
          [
            -73.964228,
            40.7892784
          ],
          [
            -73.9642063,
            40.7893347
          ],
          [
            -73.9641876,
            40.7893941
          ],
          [
            -73.9641778,
            40.7894342
          ],
          [
            -73.964168,
            40.789482
          ],
          [
            -73.9641685,
            40.7895669
          ],
          [
            -73.9641757,
            40.7896491
          ],
          [
            -73.96421,
            40.7899006
          ],
          [
            -73.9642175,
            40.789966
          ],
          [
            -73.9642234,
            40.7900304
          ],
          [
            -73.9642231,
            40.7901075
          ],
          [
            -73.9642172,
            40.7901644
          ],
          [
            -73.964206,
            40.7902259
          ],
          [
            -73.9641879,
            40.7902916
          ],
          [
            -73.964165,
            40.7903562
          ],
          [
            -73.9641358,
            40.7904163
          ],
          [
            -73.9641007,
            40.7904753
          ],
          [
            -73.9640625,
            40.7905301
          ],
          [
            -73.96402,
            40.7905864
          ],
          [
            -73.9639613,
            40.7906507
          ],
          [
            -73.9639042,
            40.7907049
          ],
          [
            -73.9638386,
            40.7907592
          ],
          [
            -73.9637747,
            40.7908041
          ],
          [
            -73.9637159,
            40.7908388
          ],
          [
            -73.9636781,
            40.7908584
          ],
          [
            -73.963605,
            40.7908931
          ],
          [
            -73.9635218,
            40.7909279
          ],
          [
            -73.9633653,
            40.7909912
          ],
          [
            -73.9632786,
            40.7910319
          ],
          [
            -73.9631905,
            40.7910751
          ],
          [
            -73.9631218,
            40.7911145
          ],
          [
            -73.9630549,
            40.7911558
          ],
          [
            -73.9629874,
            40.7912036
          ],
          [
            -73.9629173,
            40.7912563
          ],
          [
            -73.9628392,
            40.7913242
          ],
          [
            -73.9627719,
            40.7913956
          ],
          [
            -73.962714,
            40.7914624
          ],
          [
            -73.9626567,
            40.7915301
          ],
          [
            -73.9626093,
            40.7915917
          ],
          [
            -73.9625548,
            40.7916716
          ],
          [
            -73.9625212,
            40.7917284
          ],
          [
            -73.962493,
            40.791779
          ],
          [
            -73.9623459,
            40.792079
          ],
          [
            -73.9622159,
            40.7923308
          ],
          [
            -73.9621407,
            40.7924715
          ],
          [
            -73.9620596,
            40.7926105
          ],
          [
            -73.9619986,
            40.7927076
          ],
          [
            -73.9619315,
            40.7928093
          ],
          [
            -73.961883,
            40.7928785
          ],
          [
            -73.9617201,
            40.7931061
          ],
          [
            -73.9617619,
            40.7931219
          ],
          [
            -73.9619511,
            40.7931915
          ],
          [
            -73.9620987,
            40.7932585
          ],
          [
            -73.9621468,
            40.7932975
          ],
          [
            -73.962182,
            40.7933345
          ],
          [
            -73.9622018,
            40.793379
          ],
          [
            -73.9622197,
            40.7934735
          ],
          [
            -73.9622218,
            40.7935386
          ],
          [
            -73.9623967,
            40.7934171
          ],
          [
            -73.9625728,
            40.7932856
          ],
          [
            -73.9627171,
            40.7931487
          ],
          [
            -73.9628309,
            40.793025
          ],
          [
            -73.9629543,
            40.7928503
          ],
          [
            -73.9630669,
            40.7926615
          ],
          [
            -73.9631447,
            40.7924848
          ],
          [
            -73.9631849,
            40.7923467
          ],
          [
            -73.9632449,
            40.7923316
          ],
          [
            -73.9634132,
            40.7923099
          ],
          [
            -73.963585,
            40.7923004
          ],
          [
            -73.9637536,
            40.7923
          ],
          [
            -73.9639077,
            40.7923233
          ],
          [
            -73.9640137,
            40.7923693
          ],
          [
            -73.9640244,
            40.7923544
          ],
          [
            -73.9640597,
            40.7923052
          ],
          [
            -73.9641217,
            40.7922188
          ],
          [
            -73.9641411,
            40.7921917
          ],
          [
            -73.9643878,
            40.791849
          ],
          [
            -73.9645129,
            40.7916817
          ],
          [
            -73.9645288,
            40.7916608
          ],
          [
            -73.9645552,
            40.7916252
          ],
          [
            -73.9645941,
            40.7915728
          ],
          [
            -73.964611,
            40.7915537
          ],
          [
            -73.965018,
            40.7909922
          ],
          [
            -73.9650919,
            40.7908913
          ],
          [
            -73.9654757,
            40.7903674
          ],
          [
            -73.9655499,
            40.790266
          ],
          [
            -73.9659389,
            40.7897351
          ],
          [
            -73.9660206,
            40.7896235
          ],
          [
            -73.9660517,
            40.7895806
          ],
          [
            -73.9663883,
            40.7891147
          ],
          [
            -73.9664648,
            40.7890089
          ],
          [
            -73.9667306,
            40.7886408
          ],
          [
            -73.9668409,
            40.7884882
          ],
          [
            -73.966921,
            40.7883774
          ],
          [
            -73.9671114,
            40.788114
          ],
          [
            -73.9672549,
            40.7879148
          ],
          [
            -73.9672772,
            40.7878846
          ],
          [
            -73.967315,
            40.7878397
          ],
          [
            -73.9673692,
            40.7877751
          ],
          [
            -73.9673735,
            40.787756
          ],
          [
            -73.9677512,
            40.7872361
          ],
          [
            -73.9678326,
            40.787124
          ],
          [
            -73.968207,
            40.7866085
          ],
          [
            -73.9682874,
            40.7864977
          ],
          [
            -73.9686691,
            40.7859722
          ],
          [
            -73.9687495,
            40.7858635
          ],
          [
            -73.9687503,
            40.7858624
          ],
          [
            -73.9690766,
            40.7854185
          ],
          [
            -73.9691366,
            40.7853365
          ],
          [
            -73.9691511,
            40.7853166
          ],
          [
            -73.9691796,
            40.7852777
          ],
          [
            -73.9692369,
            40.7851994
          ],
          [
            -73.9692558,
            40.7851735
          ],
          [
            -73.9692728,
            40.7851515
          ],
          [
            -73.9696495,
            40.7846185
          ],
          [
            -73.9696696,
            40.7845975
          ],
          [
            -73.9696979,
            40.7845575
          ],
          [
            -73.9696398,
            40.7845334
          ],
          [
            -73.9695654,
            40.7844958
          ],
          [
            -73.9694936,
            40.7844561
          ],
          [
            -73.9694371,
            40.7844213
          ],
          [
            -73.9693851,
            40.78438
          ],
          [
            -73.9693389,
            40.7843329
          ],
          [
            -73.9692974,
            40.7842822
          ],
          [
            -73.9692566,
            40.7842199
          ],
          [
            -73.9692245,
            40.7841609
          ],
          [
            -73.9692049,
            40.7841174
          ],
          [
            -73.9691777,
            40.7840545
          ],
          [
            -73.9691624,
            40.7839964
          ],
          [
            -73.9691462,
            40.7839337
          ],
          [
            -73.9691338,
            40.7838657
          ],
          [
            -73.9691268,
            40.7837952
          ],
          [
            -73.9691221,
            40.783724
          ],
          [
            -73.9691214,
            40.7836407
          ],
          [
            -73.9691248,
            40.7835645
          ],
          [
            -73.9691313,
            40.7834816
          ],
          [
            -73.9691468,
            40.7833893
          ],
          [
            -73.9691624,
            40.7833228
          ],
          [
            -73.969198,
            40.7831886
          ],
          [
            -73.969251,
            40.7830173
          ],
          [
            -73.9693063,
            40.7828458
          ],
          [
            -73.969338,
            40.782762
          ],
          [
            -73.9693547,
            40.7827118
          ],
          [
            -73.9693772,
            40.7825726
          ],
          [
            -73.9694019,
            40.7825173
          ],
          [
            -73.969423,
            40.7824559
          ],
          [
            -73.9694396,
            40.7823917
          ],
          [
            -73.9694496,
            40.7823375
          ],
          [
            -73.9694545,
            40.7822826
          ],
          [
            -73.9694553,
            40.782216
          ],
          [
            -73.9694492,
            40.7821426
          ],
          [
            -73.9694289,
            40.7819549
          ],
          [
            -73.9694078,
            40.7817478
          ],
          [
            -73.9693995,
            40.7816656
          ],
          [
            -73.969396,
            40.7815905
          ],
          [
            -73.9694003,
            40.7815188
          ],
          [
            -73.9694067,
            40.7814629
          ],
          [
            -73.969418,
            40.7814024
          ],
          [
            -73.9694391,
            40.7813246
          ],
          [
            -73.9694658,
            40.7812537
          ],
          [
            -73.9694973,
            40.7811876
          ],
          [
            -73.9695377,
            40.7811236
          ],
          [
            -73.9695943,
            40.7810456
          ],
          [
            -73.9696549,
            40.7809713
          ],
          [
            -73.9697162,
            40.7809026
          ],
          [
            -73.9698505,
            40.7807726
          ],
          [
            -73.9699024,
            40.7807281
          ],
          [
            -73.9699943,
            40.7806594
          ],
          [
            -73.9700783,
            40.7806041
          ],
          [
            -73.9703134,
            40.7804557
          ],
          [
            -73.9708897,
            40.7800712
          ],
          [
            -73.9708518,
            40.7800396
          ],
          [
            -73.9707664,
            40.7799857
          ],
          [
            -73.9708181,
            40.7799642
          ],
          [
            -73.9709052,
            40.7799204
          ],
          [
            -73.9709744,
            40.7798611
          ],
          [
            -73.9710241,
            40.7797896
          ],
          [
            -73.9710483,
            40.7797454
          ],
          [
            -73.97103,
            40.7797382
          ],
          [
            -73.9710172,
            40.7797283
          ],
          [
            -73.9710044,
            40.7797184
          ],
          [
            -73.9709842,
            40.7796986
          ],
          [
            -73.9709743,
            40.7796863
          ],
          [
            -73.9709643,
            40.779674
          ],
          [
            -73.9709578,
            40.7796564
          ],
          [
            -73.9709513,
            40.7796387
          ],
          [
            -73.9709481,
            40.7796189
          ],
          [
            -73.9709448,
            40.779599
          ],
          [
            -73.9709463,
            40.7795828
          ],
          [
            -73.9709477,
            40.7795665
          ],
          [
            -73.9709516,
            40.7795441
          ],
          [
            -73.9709503,
            40.7795186
          ],
          [
            -73.9709379,
            40.7795013
          ],
          [
            -73.9709254,
            40.7794895
          ],
          [
            -73.970913,
            40.7794778
          ],
          [
            -73.970896,
            40.7794629
          ],
          [
            -73.970879,
            40.779448
          ],
          [
            -73.9708676,
            40.7794355
          ],
          [
            -73.9708563,
            40.779423
          ],
          [
            -73.9708446,
            40.779406
          ],
          [
            -73.9708329,
            40.7793889
          ],
          [
            -73.9708234,
            40.7793688
          ],
          [
            -73.970814,
            40.7793488
          ],
          [
            -73.9708089,
            40.7793293
          ],
          [
            -73.9708037,
            40.7793098
          ],
          [
            -73.9708,
            40.7792877
          ],
          [
            -73.9707962,
            40.7792657
          ],
          [
            -73.9707975,
            40.7792531
          ],
          [
            -73.9707989,
            40.7792391
          ],
          [
            -73.9708017,
            40.7792126
          ],
          [
            -73.970804,
            40.7791766
          ],
          [
            -73.9708043,
            40.7790748
          ],
          [
            -73.9708047,
            40.7790521
          ],
          [
            -73.9708051,
            40.7790294
          ],
          [
            -73.9708083,
            40.7789793
          ],
          [
            -73.970813,
            40.7789259
          ],
          [
            -73.9708186,
            40.7788897
          ],
          [
            -73.9708255,
            40.778859
          ],
          [
            -73.970828,
            40.7788399
          ],
          [
            -73.9708304,
            40.7788209
          ],
          [
            -73.9708307,
            40.7787905
          ],
          [
            -73.9708249,
            40.7787655
          ],
          [
            -73.9708038,
            40.7787224
          ],
          [
            -73.9708151,
            40.7787158
          ],
          [
            -73.9708442,
            40.7787024
          ],
          [
            -73.9708688,
            40.7786937
          ],
          [
            -73.9708988,
            40.7786866
          ],
          [
            -73.9709322,
            40.7786831
          ],
          [
            -73.9709717,
            40.7786816
          ],
          [
            -73.9709898,
            40.7786812
          ],
          [
            -73.9709885,
            40.778663
          ],
          [
            -73.9709914,
            40.7786447
          ],
          [
            -73.9709993,
            40.7786293
          ],
          [
            -73.9710207,
            40.7785996
          ],
          [
            -73.9710311,
            40.7785795
          ],
          [
            -73.9710415,
            40.7785521
          ],
          [
            -73.9710447,
            40.7785308
          ],
          [
            -73.9710449,
            40.7785212
          ],
          [
            -73.9710426,
            40.778486
          ],
          [
            -73.9710432,
            40.7784552
          ],
          [
            -73.9710487,
            40.7784299
          ],
          [
            -73.9710677,
            40.7783838
          ],
          [
            -73.9710694,
            40.7783684
          ],
          [
            -73.9710575,
            40.7783353
          ],
          [
            -73.9710519,
            40.7783197
          ],
          [
            -73.9710674,
            40.7783146
          ],
          [
            -73.9710894,
            40.7783052
          ],
          [
            -73.9711114,
            40.7782946
          ],
          [
            -73.9711355,
            40.7782784
          ],
          [
            -73.971138,
            40.7782683
          ],
          [
            -73.9711274,
            40.7782561
          ],
          [
            -73.9711001,
            40.7782399
          ],
          [
            -73.9711015,
            40.7782274
          ],
          [
            -73.9711066,
            40.7782096
          ],
          [
            -73.9711163,
            40.7781792
          ],
          [
            -73.9711437,
            40.7780998
          ],
          [
            -73.9711473,
            40.7780805
          ],
          [
            -73.9711218,
            40.7780729
          ],
          [
            -73.9711072,
            40.7780644
          ],
          [
            -73.9710965,
            40.7780472
          ],
          [
            -73.9710996,
            40.7780375
          ],
          [
            -73.9711118,
            40.7780267
          ],
          [
            -73.9711219,
            40.7780225
          ],
          [
            -73.9711373,
            40.7780175
          ],
          [
            -73.9711518,
            40.7780082
          ],
          [
            -73.9711627,
            40.777991
          ],
          [
            -73.9711641,
            40.7779797
          ],
          [
            -73.9711619,
            40.7779703
          ],
          [
            -73.9711362,
            40.7779131
          ],
          [
            -73.9711321,
            40.7778896
          ],
          [
            -73.9711309,
            40.7778646
          ],
          [
            -73.9711424,
            40.7778491
          ],
          [
            -73.9711134,
            40.777836
          ],
          [
            -73.9710843,
            40.7778229
          ],
          [
            -73.9710939,
            40.7778107
          ],
          [
            -73.9711013,
            40.7777934
          ],
          [
            -73.9711087,
            40.7777762
          ],
          [
            -73.971118,
            40.7777394
          ],
          [
            -73.9711327,
            40.7776953
          ],
          [
            -73.971143,
            40.7776814
          ],
          [
            -73.9711627,
            40.7776672
          ],
          [
            -73.9711918,
            40.7776464
          ],
          [
            -73.9712115,
            40.7776202
          ],
          [
            -73.971243,
            40.777597
          ],
          [
            -73.9712622,
            40.7775868
          ],
          [
            -73.971273,
            40.7775825
          ],
          [
            -73.9713084,
            40.7775731
          ],
          [
            -73.9713364,
            40.7775722
          ],
          [
            -73.9713343,
            40.7775613
          ],
          [
            -73.9713268,
            40.7775232
          ],
          [
            -73.9713052,
            40.7775153
          ],
          [
            -73.9712761,
            40.7775018
          ],
          [
            -73.9712619,
            40.7774958
          ],
          [
            -73.9712443,
            40.7774882
          ],
          [
            -73.9712097,
            40.7774734
          ],
          [
            -73.9711798,
            40.7774627
          ],
          [
            -73.9711611,
            40.7774527
          ],
          [
            -73.9711378,
            40.7774348
          ],
          [
            -73.9711244,
            40.7774142
          ],
          [
            -73.9711143,
            40.7773801
          ],
          [
            -73.9711091,
            40.7773502
          ],
          [
            -73.9711088,
            40.7773312
          ],
          [
            -73.9711132,
            40.7773132
          ],
          [
            -73.9711362,
            40.7772923
          ],
          [
            -73.9711752,
            40.7772644
          ],
          [
            -73.9712256,
            40.7772314
          ],
          [
            -73.9712695,
            40.7771986
          ],
          [
            -73.9713038,
            40.7771716
          ],
          [
            -73.971348,
            40.777133
          ],
          [
            -73.9713968,
            40.7770864
          ],
          [
            -73.9714474,
            40.7770357
          ],
          [
            -73.9714937,
            40.7769871
          ],
          [
            -73.9715713,
            40.7768963
          ],
          [
            -73.9715966,
            40.7768585
          ],
          [
            -73.9716461,
            40.7767687
          ],
          [
            -73.9716617,
            40.7767317
          ],
          [
            -73.9716723,
            40.7766946
          ],
          [
            -73.9716771,
            40.7766669
          ],
          [
            -73.971677,
            40.7766282
          ],
          [
            -73.971668,
            40.7765698
          ],
          [
            -73.971663,
            40.776529
          ],
          [
            -73.971659,
            40.7764797
          ],
          [
            -73.9716584,
            40.7764522
          ],
          [
            -73.9716577,
            40.7764355
          ],
          [
            -73.9716582,
            40.7763961
          ],
          [
            -73.9716541,
            40.7763646
          ],
          [
            -73.9716563,
            40.7763347
          ],
          [
            -73.9716763,
            40.7763127
          ],
          [
            -73.9716958,
            40.7762777
          ],
          [
            -73.9717696,
            40.7761823
          ],
          [
            -73.9717876,
            40.7761615
          ],
          [
            -73.9718064,
            40.77614
          ],
          [
            -73.9718429,
            40.7761116
          ],
          [
            -73.971857,
            40.7760976
          ],
          [
            -73.9718711,
            40.7760835
          ],
          [
            -73.9718897,
            40.776057
          ],
          [
            -73.9719059,
            40.7760237
          ],
          [
            -73.971912,
            40.7759854
          ],
          [
            -73.9719116,
            40.7759667
          ],
          [
            -73.9719075,
            40.7759305
          ],
          [
            -73.9716339,
            40.7755882
          ],
          [
            -73.9715913,
            40.7755216
          ],
          [
            -73.9714987,
            40.7754205
          ],
          [
            -73.9713723,
            40.7753241
          ],
          [
            -73.9712437,
            40.7752303
          ],
          [
            -73.971187,
            40.775188
          ],
          [
            -73.9711584,
            40.7751572
          ],
          [
            -73.9711426,
            40.7751296
          ],
          [
            -73.9711293,
            40.7750928
          ],
          [
            -73.971134,
            40.7750254
          ],
          [
            -73.9711618,
            40.7749357
          ],
          [
            -73.9711857,
            40.7748524
          ],
          [
            -73.9712032,
            40.7747817
          ],
          [
            -73.9712175,
            40.7747044
          ],
          [
            -73.9712186,
            40.7746561
          ],
          [
            -73.9712116,
            40.7746007
          ],
          [
            -73.9711966,
            40.7745422
          ],
          [
            -73.9711725,
            40.7744865
          ],
          [
            -73.9711149,
            40.7744276
          ],
          [
            -73.971076,
            40.7743601
          ],
          [
            -73.971083,
            40.7743147
          ],
          [
            -73.9710699,
            40.7742527
          ],
          [
            -73.9710307,
            40.7741973
          ],
          [
            -73.9709697,
            40.7741547
          ],
          [
            -73.9708936,
            40.7741297
          ],
          [
            -73.9709195,
            40.7740903
          ],
          [
            -73.9709358,
            40.7740639
          ],
          [
            -73.9709457,
            40.7740493
          ],
          [
            -73.9710077,
            40.7738653
          ],
          [
            -73.9710901,
            40.7736274
          ],
          [
            -73.9711715,
            40.7734205
          ],
          [
            -73.9712242,
            40.7732864
          ],
          [
            -73.9713883,
            40.7728689
          ],
          [
            -73.9714626,
            40.7726797
          ],
          [
            -73.9715913,
            40.7723523
          ],
          [
            -73.9722062,
            40.7707875
          ],
          [
            -73.9721393,
            40.7707722
          ],
          [
            -73.9721133,
            40.7707664
          ],
          [
            -73.972008,
            40.7707429
          ],
          [
            -73.9719167,
            40.7707248
          ],
          [
            -73.9718376,
            40.7706999
          ],
          [
            -73.9717629,
            40.7706691
          ],
          [
            -73.9717231,
            40.7706445
          ],
          [
            -73.9716839,
            40.7706225
          ],
          [
            -73.9716199,
            40.7705676
          ],
          [
            -73.9715891,
            40.770526
          ],
          [
            -73.9715996,
            40.7704942
          ],
          [
            -73.9716067,
            40.7704568
          ],
          [
            -73.9716093,
            40.7704208
          ],
          [
            -73.97161,
            40.7703878
          ],
          [
            -73.9716091,
            40.7703717
          ],
          [
            -73.9716071,
            40.7703578
          ],
          [
            -73.9716029,
            40.7703349
          ],
          [
            -73.9715964,
            40.7703188
          ],
          [
            -73.9715911,
            40.7703063
          ],
          [
            -73.9715804,
            40.7702911
          ],
          [
            -73.9715686,
            40.7702804
          ],
          [
            -73.9715526,
            40.7702676
          ],
          [
            -73.9715224,
            40.7702487
          ],
          [
            -73.9714816,
            40.7702276
          ],
          [
            -73.9713578,
            40.7701709
          ],
          [
            -73.9712184,
            40.770107
          ],
          [
            -73.9710833,
            40.7700451
          ],
          [
            -73.9710308,
            40.7700195
          ],
          [
            -73.9709784,
            40.7699956
          ],
          [
            -73.9709482,
            40.7699756
          ],
          [
            -73.9709387,
            40.7699713
          ],
          [
            -73.9708979,
            40.7698835
          ],
          [
            -73.9708797,
            40.7697998
          ],
          [
            -73.9708499,
            40.7697048
          ],
          [
            -73.9707955,
            40.7696376
          ],
          [
            -73.9707111,
            40.7695761
          ],
          [
            -73.9704614,
            40.7694792
          ],
          [
            -73.9702605,
            40.7694025
          ],
          [
            -73.9701652,
            40.7693302
          ],
          [
            -73.9701189,
            40.7692896
          ],
          [
            -73.9700837,
            40.7692685
          ],
          [
            -73.9700226,
            40.7692476
          ],
          [
            -73.9699817,
            40.7692372
          ],
          [
            -73.969914,
            40.7692214
          ],
          [
            -73.9698406,
            40.7692111
          ],
          [
            -73.9697843,
            40.7692049
          ],
          [
            -73.9697298,
            40.7691924
          ],
          [
            -73.9696609,
            40.769167
          ],
          [
            -73.9695996,
            40.7691438
          ],
          [
            -73.9698747,
            40.7687557
          ],
          [
            -73.9697757,
            40.7687122
          ],
          [
            -73.9696641,
            40.7686643
          ],
          [
            -73.9688274,
            40.7682973
          ],
          [
            -73.9686645,
            40.7682305
          ],
          [
            -73.968286,
            40.7680778
          ],
          [
            -73.9681662,
            40.7680352
          ],
          [
            -73.9680696,
            40.7680009
          ],
          [
            -73.9680447,
            40.7679693
          ],
          [
            -73.9667657,
            40.7674388
          ],
          [
            -73.9666621,
            40.7673947
          ],
          [
            -73.9664798,
            40.7673172
          ],
          [
            -73.9663679,
            40.7672695
          ],
          [
            -73.9650515,
            40.7667053
          ],
          [
            -73.964952,
            40.7666642
          ],
          [
            -73.9648426,
            40.7666188
          ],
          [
            -73.9634967,
            40.7660482
          ],
          [
            -73.9634611,
            40.7660344
          ],
          [
            -73.9633456,
            40.7659911
          ],
          [
            -73.9632296,
            40.7659464
          ],
          [
            -73.9632112,
            40.7659361
          ],
          [
            -73.9615301,
            40.7652284
          ],
          [
            -73.9613368,
            40.765147
          ],
          [
            -73.9612323,
            40.765103
          ],
          [
            -73.96121,
            40.7650932
          ],
          [
            -73.9611026,
            40.7650491
          ],
          [
            -73.961007,
            40.7650099
          ],
          [
            -73.9609799,
            40.7649984
          ],
          [
            -73.9588753,
            40.7641086
          ],
          [
            -73.9587279,
            40.7640476
          ],
          [
            -73.958602,
            40.7639955
          ],
          [
            -73.9570145,
            40.7633345
          ],
          [
            -73.9566076,
            40.7631662
          ],
          [
            -73.9564856,
            40.7631181
          ],
          [
            -73.9563612,
            40.763069
          ],
          [
            -73.9562626,
            40.7629772
          ],
          [
            -73.9559577,
            40.7628524
          ],
          [
            -73.9556861,
            40.762732
          ],
          [
            -73.9555593,
            40.7626781
          ],
          [
            -73.9555811,
            40.7626477
          ],
          [
            -73.9553878,
            40.7625555
          ],
          [
            -73.9552636,
            40.762736
          ],
          [
            -73.9552345,
            40.762722
          ],
          [
            -73.9552006,
            40.7627178
          ],
          [
            -73.9551672,
            40.762724
          ],
          [
            -73.9551397,
            40.7627397
          ],
          [
            -73.9549789,
            40.7626746
          ]
        ]
      }
    },
    {
      "type": "Feature",
      "properties": {
        "scenario": "HARD - Roosevelt Island footbridge, narrow strip",
        "shape": "round",
        "target_miles": 6.0,
        "distance_m": 9666.192484671195,
        "candidate_index": 4
      },
      "geometry": {
        "type": "LineString",
        "coordinates": [
          [
            -73.9549789,
            40.7626746
          ],
          [
            -73.9551397,
            40.7627397
          ],
          [
            -73.9551672,
            40.762724
          ],
          [
            -73.9552006,
            40.7627178
          ],
          [
            -73.9552345,
            40.762722
          ],
          [
            -73.9552636,
            40.762736
          ],
          [
            -73.9553878,
            40.7625555
          ],
          [
            -73.9555487,
            40.7623098
          ],
          [
            -73.9555845,
            40.7622989
          ],
          [
            -73.9556109,
            40.7622776
          ],
          [
            -73.9556229,
            40.7622498
          ],
          [
            -73.9556182,
            40.7622208
          ],
          [
            -73.9556229,
            40.7622498
          ],
          [
            -73.9556109,
            40.7622776
          ],
          [
            -73.9555845,
            40.7622989
          ],
          [
            -73.9555487,
            40.7623098
          ],
          [
            -73.9553878,
            40.7625555
          ],
          [
            -73.9552636,
            40.762736
          ],
          [
            -73.9552345,
            40.762722
          ],
          [
            -73.9552006,
            40.7627178
          ],
          [
            -73.9551672,
            40.762724
          ],
          [
            -73.9551397,
            40.7627397
          ],
          [
            -73.9549789,
            40.7626746
          ],
          [
            -73.9551397,
            40.7627397
          ],
          [
            -73.9551672,
            40.762724
          ],
          [
            -73.9552006,
            40.7627178
          ],
          [
            -73.9552345,
            40.762722
          ],
          [
            -73.9552636,
            40.762736
          ],
          [
            -73.9553878,
            40.7625555
          ],
          [
            -73.9555811,
            40.7626477
          ],
          [
            -73.9555593,
            40.7626781
          ],
          [
            -73.9556861,
            40.762732
          ],
          [
            -73.9559577,
            40.7628524
          ],
          [
            -73.9562626,
            40.7629772
          ],
          [
            -73.9563612,
            40.763069
          ],
          [
            -73.9564856,
            40.7631181
          ],
          [
            -73.9566076,
            40.7631662
          ],
          [
            -73.9570145,
            40.7633345
          ],
          [
            -73.958602,
            40.7639955
          ],
          [
            -73.9587279,
            40.7640476
          ],
          [
            -73.9588753,
            40.7641086
          ],
          [
            -73.9609799,
            40.7649984
          ],
          [
            -73.961007,
            40.7650099
          ],
          [
            -73.9611026,
            40.7650491
          ],
          [
            -73.96121,
            40.7650932
          ],
          [
            -73.9612323,
            40.765103
          ],
          [
            -73.9613368,
            40.765147
          ],
          [
            -73.9615301,
            40.7652284
          ],
          [
            -73.9632112,
            40.7659361
          ],
          [
            -73.9632296,
            40.7659464
          ],
          [
            -73.9633456,
            40.7659911
          ],
          [
            -73.9634611,
            40.7660344
          ],
          [
            -73.9634967,
            40.7660482
          ],
          [
            -73.9648426,
            40.7666188
          ],
          [
            -73.964952,
            40.7666642
          ],
          [
            -73.9650515,
            40.7667053
          ],
          [
            -73.9663679,
            40.7672695
          ],
          [
            -73.9664798,
            40.7673172
          ],
          [
            -73.9666621,
            40.7673947
          ],
          [
            -73.9667657,
            40.7674388
          ],
          [
            -73.9680447,
            40.7679693
          ],
          [
            -73.9680696,
            40.7680009
          ],
          [
            -73.9681662,
            40.7680352
          ],
          [
            -73.968286,
            40.7680778
          ],
          [
            -73.9686645,
            40.7682305
          ],
          [
            -73.9688274,
            40.7682973
          ],
          [
            -73.9696641,
            40.7686643
          ],
          [
            -73.9697757,
            40.7687122
          ],
          [
            -73.9698747,
            40.7687557
          ],
          [
            -73.9695996,
            40.7691438
          ],
          [
            -73.9696609,
            40.769167
          ],
          [
            -73.9697298,
            40.7691924
          ],
          [
            -73.9697843,
            40.7692049
          ],
          [
            -73.9698406,
            40.7692111
          ],
          [
            -73.969914,
            40.7692214
          ],
          [
            -73.9699817,
            40.7692372
          ],
          [
            -73.9700226,
            40.7692476
          ],
          [
            -73.9700837,
            40.7692685
          ],
          [
            -73.9701189,
            40.7692896
          ],
          [
            -73.9701652,
            40.7693302
          ],
          [
            -73.9702605,
            40.7694025
          ],
          [
            -73.9704614,
            40.7694792
          ],
          [
            -73.9707111,
            40.7695761
          ],
          [
            -73.9707955,
            40.7696376
          ],
          [
            -73.9708499,
            40.7697048
          ],
          [
            -73.9708797,
            40.7697998
          ],
          [
            -73.9708979,
            40.7698835
          ],
          [
            -73.9709387,
            40.7699713
          ],
          [
            -73.9709482,
            40.7699756
          ],
          [
            -73.9709784,
            40.7699956
          ],
          [
            -73.9710308,
            40.7700195
          ],
          [
            -73.9710833,
            40.7700451
          ],
          [
            -73.9712184,
            40.770107
          ],
          [
            -73.9713578,
            40.7701709
          ],
          [
            -73.9714816,
            40.7702276
          ],
          [
            -73.9715224,
            40.7702487
          ],
          [
            -73.9715526,
            40.7702676
          ],
          [
            -73.9715686,
            40.7702804
          ],
          [
            -73.9715804,
            40.7702911
          ],
          [
            -73.9715911,
            40.7703063
          ],
          [
            -73.9715964,
            40.7703188
          ],
          [
            -73.9716029,
            40.7703349
          ],
          [
            -73.9716071,
            40.7703578
          ],
          [
            -73.9716091,
            40.7703717
          ],
          [
            -73.97161,
            40.7703878
          ],
          [
            -73.9716093,
            40.7704208
          ],
          [
            -73.9716067,
            40.7704568
          ],
          [
            -73.9715996,
            40.7704942
          ],
          [
            -73.9715891,
            40.770526
          ],
          [
            -73.9716199,
            40.7705676
          ],
          [
            -73.9716839,
            40.7706225
          ],
          [
            -73.9717231,
            40.7706445
          ],
          [
            -73.9717629,
            40.7706691
          ],
          [
            -73.9718376,
            40.7706999
          ],
          [
            -73.9719167,
            40.7707248
          ],
          [
            -73.972008,
            40.7707429
          ],
          [
            -73.9721133,
            40.7707664
          ],
          [
            -73.9721393,
            40.7707722
          ],
          [
            -73.9722062,
            40.7707875
          ],
          [
            -73.9722764,
            40.7708035
          ],
          [
            -73.9722978,
            40.7708088
          ],
          [
            -73.9723922,
            40.770828
          ],
          [
            -73.9724647,
            40.7708429
          ],
          [
            -73.9725262,
            40.7708612
          ],
          [
            -73.9725811,
            40.7708845
          ],
          [
            -73.9726679,
            40.770917
          ],
          [
            -73.9727559,
            40.7709499
          ],
          [
            -73.9727975,
            40.7710143
          ],
          [
            -73.9728298,
            40.7710493
          ],
          [
            -73.9728756,
            40.7711043
          ],
          [
            -73.9729084,
            40.7711457
          ],
          [
            -73.9729436,
            40.7712006
          ],
          [
            -73.9729607,
            40.771253
          ],
          [
            -73.9729672,
            40.7712831
          ],
          [
            -73.9729655,
            40.7713486
          ],
          [
            -73.9729501,
            40.7713888
          ],
          [
            -73.9729326,
            40.7714177
          ],
          [
            -73.9729161,
            40.7714443
          ],
          [
            -73.9728898,
            40.7714771
          ],
          [
            -73.9728436,
            40.7715225
          ],
          [
            -73.9727842,
            40.7715808
          ],
          [
            -73.9727327,
            40.7716281
          ],
          [
            -73.9726811,
            40.7716797
          ],
          [
            -73.9726424,
            40.7717263
          ],
          [
            -73.972602,
            40.7717919
          ],
          [
            -73.9725855,
            40.7718327
          ],
          [
            -73.9725789,
            40.7718801
          ],
          [
            -73.9725755,
            40.7719279
          ],
          [
            -73.9725844,
            40.7719633
          ],
          [
            -73.9725932,
            40.7720015
          ],
          [
            -73.972602,
            40.772039
          ],
          [
            -73.9726141,
            40.7720905
          ],
          [
            -73.9726213,
            40.7721392
          ],
          [
            -73.9726146,
            40.7721933
          ],
          [
            -73.9726009,
            40.7722644
          ],
          [
            -73.9725731,
            40.7723252
          ],
          [
            -73.9725405,
            40.7723808
          ],
          [
            -73.9725076,
            40.7724351
          ],
          [
            -73.9726702,
            40.7725137
          ],
          [
            -73.9727711,
            40.7725675
          ],
          [
            -73.9727272,
            40.7726396
          ],
          [
            -73.9726915,
            40.7727313
          ],
          [
            -73.9726635,
            40.7728277
          ],
          [
            -73.9726465,
            40.7729088
          ],
          [
            -73.9726371,
            40.7729735
          ],
          [
            -73.9726371,
            40.7730288
          ],
          [
            -73.9726434,
            40.7730676
          ],
          [
            -73.9726667,
            40.7731123
          ],
          [
            -73.9727055,
            40.7731699
          ],
          [
            -73.9727365,
            40.7732204
          ],
          [
            -73.9727505,
            40.7732604
          ],
          [
            -73.9727489,
            40.773311
          ],
          [
            -73.9727334,
            40.7733745
          ],
          [
            -73.972735,
            40.7734192
          ],
          [
            -73.9727552,
            40.7734603
          ],
          [
            -73.9728118,
            40.7735435
          ],
          [
            -73.9728642,
            40.7736111
          ],
          [
            -73.9729062,
            40.7736549
          ],
          [
            -73.9729578,
            40.7737019
          ],
          [
            -73.9730509,
            40.7737328
          ],
          [
            -73.9731437,
            40.7737643
          ],
          [
            -73.9732233,
            40.7737966
          ],
          [
            -73.9732885,
            40.7738254
          ],
          [
            -73.9733665,
            40.7738642
          ],
          [
            -73.9734294,
            40.7739045
          ],
          [
            -73.9735191,
            40.7739689
          ],
          [
            -73.9735909,
            40.7740247
          ],
          [
            -73.9737532,
            40.7741837
          ],
          [
            -73.9737184,
            40.7742082
          ],
          [
            -73.9737648,
            40.7742552
          ],
          [
            -73.973844,
            40.7743275
          ],
          [
            -73.9738906,
            40.7743616
          ],
          [
            -73.9739597,
            40.774411
          ],
          [
            -73.9740334,
            40.7744563
          ],
          [
            -73.9740994,
            40.7744915
          ],
          [
            -73.9741662,
            40.7745221
          ],
          [
            -73.974219,
            40.7745427
          ],
          [
            -73.9742997,
            40.7745715
          ],
          [
            -73.9743719,
            40.7745926
          ],
          [
            -73.9744433,
            40.7746085
          ],
          [
            -73.9744751,
            40.7746184
          ],
          [
            -73.9744573,
            40.77468
          ],
          [
            -73.9744472,
            40.77472
          ],
          [
            -73.9743928,
            40.7747695
          ],
          [
            -73.9744375,
            40.7748407
          ],
          [
            -73.9744615,
            40.7748783
          ],
          [
            -73.9745357,
            40.7749748
          ],
          [
            -73.9745779,
            40.7750028
          ],
          [
            -73.9746039,
            40.7750838
          ],
          [
            -73.9746188,
            40.7751135
          ],
          [
            -73.9746281,
            40.77514
          ],
          [
            -73.9746366,
            40.775167
          ],
          [
            -73.974646,
            40.7752041
          ],
          [
            -73.9746537,
            40.775247
          ],
          [
            -73.9746639,
            40.7752988
          ],
          [
            -73.9746801,
            40.7753752
          ],
          [
            -73.9746972,
            40.7754081
          ],
          [
            -73.9747197,
            40.775434
          ],
          [
            -73.9747555,
            40.7754575
          ],
          [
            -73.9747981,
            40.7754833
          ],
          [
            -73.9748462,
            40.7755052
          ],
          [
            -73.9749231,
            40.7755415
          ],
          [
            -73.9749919,
            40.7755765
          ],
          [
            -73.9750248,
            40.7755956
          ],
          [
            -73.9750443,
            40.7756135
          ],
          [
            -73.9750708,
            40.7756453
          ],
          [
            -73.9750852,
            40.7756605
          ],
          [
            -73.9751463,
            40.7757319
          ],
          [
            -73.9751873,
            40.7757852
          ],
          [
            -73.9752261,
            40.7758518
          ],
          [
            -73.9752417,
            40.7759461
          ],
          [
            -73.9752655,
            40.7759895
          ],
          [
            -73.9752996,
            40.7760201
          ],
          [
            -73.9753428,
            40.7760532
          ],
          [
            -73.9753611,
            40.7760672
          ],
          [
            -73.9754088,
            40.7760858
          ],
          [
            -73.9754565,
            40.7761043
          ],
          [
            -73.97574,
            40.776224
          ],
          [
            -73.975765,
            40.776244
          ],
          [
            -73.9757931,
            40.7762686
          ],
          [
            -73.9758997,
            40.7763121
          ],
          [
            -73.9759844,
            40.7763466
          ],
          [
            -73.9760212,
            40.7763613
          ],
          [
            -73.9763627,
            40.776506
          ],
          [
            -73.9767009,
            40.7766494
          ],
          [
            -73.9785957,
            40.7774525
          ],
          [
            -73.9786316,
            40.7774677
          ],
          [
            -73.9787301,
            40.7775097
          ],
          [
            -73.9788251,
            40.7775501
          ],
          [
            -73.9788556,
            40.777563
          ],
          [
            -73.9814345,
            40.7786543
          ],
          [
            -73.9814583,
            40.7786642
          ],
          [
            -73.9815387,
            40.7786995
          ],
          [
            -73.9816594,
            40.7787519
          ],
          [
            -73.9816881,
            40.7787631
          ],
          [
            -73.9817175,
            40.7787746
          ],
          [
            -73.9817851,
            40.7788009
          ],
          [
            -73.9817448,
            40.7789708
          ],
          [
            -73.9816922,
            40.7791929
          ],
          [
            -73.9816377,
            40.7794228
          ],
          [
            -73.9818057,
            40.7794898
          ],
          [
            -73.9818528,
            40.7795157
          ],
          [
            -73.9819209,
            40.7795531
          ],
          [
            -73.9819453,
            40.7795634
          ],
          [
            -73.9819378,
            40.779589
          ],
          [
            -73.9819284,
            40.7796254
          ],
          [
            -73.9819144,
            40.7796793
          ],
          [
            -73.9819083,
            40.7797016
          ],
          [
            -73.9817377,
            40.7803183
          ],
          [
            -73.9817354,
            40.7803268
          ],
          [
            -73.9817257,
            40.7803727
          ],
          [
            -73.9817155,
            40.780421
          ],
          [
            -73.981713,
            40.780443
          ],
          [
            -73.9815351,
            40.7810533
          ],
          [
            -73.981529,
            40.7810755
          ],
          [
            -73.9815189,
            40.7811193
          ],
          [
            -73.9815091,
            40.7811619
          ],
          [
            -73.9815012,
            40.7811851
          ],
          [
            -73.9812882,
            40.7817807
          ],
          [
            -73.9812802,
            40.781803
          ],
          [
            -73.9812701,
            40.781843
          ],
          [
            -73.9812583,
            40.7818896
          ],
          [
            -73.9812513,
            40.7819102
          ],
          [
            -73.9810454,
            40.7825036
          ],
          [
            -73.9810378,
            40.7825244
          ],
          [
            -73.9810146,
            40.7825777
          ],
          [
            -73.981,
            40.7826067
          ],
          [
            -73.9809888,
            40.7826297
          ],
          [
            -73.9807157,
            40.7831928
          ],
          [
            -73.9807039,
            40.7832171
          ],
          [
            -73.9806896,
            40.7832529
          ],
          [
            -73.9806682,
            40.7832964
          ],
          [
            -73.9806521,
            40.7833163
          ],
          [
            -73.9802602,
            40.7838388
          ],
          [
            -73.9811012,
            40.7842035
          ],
          [
            -73.9811351,
            40.784218
          ],
          [
            -73.9812367,
            40.784262
          ],
          [
            -73.9812928,
            40.7842847
          ],
          [
            -73.9813562,
            40.7843132
          ],
          [
            -73.9813327,
            40.7843451
          ],
          [
            -73.9812917,
            40.7844025
          ],
          [
            -73.9812378,
            40.7844815
          ],
          [
            -73.9812223,
            40.7845006
          ],
          [
            -73.9824555,
            40.7850189
          ],
          [
            -73.9824893,
            40.7850358
          ],
          [
            -73.9825606,
            40.7850612
          ],
          [
            -73.9826218,
            40.785083
          ],
          [
            -73.9826691,
            40.785129
          ],
          [
            -73.9826903,
            40.7851598
          ],
          [
            -73.9827116,
            40.7851968
          ],
          [
            -73.9827201,
            40.7853047
          ],
          [
            -73.9827142,
            40.7854081
          ],
          [
            -73.9827322,
            40.7854663
          ],
          [
            -73.982748,
            40.7855447
          ],
          [
            -73.9827596,
            40.7857175
          ],
          [
            -73.982868,
            40.7857273
          ],
          [
            -73.9829618,
            40.7857285
          ],
          [
            -73.9831198,
            40.7857251
          ],
          [
            -73.9831691,
            40.7857195
          ],
          [
            -73.9832764,
            40.7856987
          ],
          [
            -73.983392,
            40.7856704
          ],
          [
            -73.9834532,
            40.7856486
          ],
          [
            -73.9835501,
            40.7856086
          ],
          [
            -73.9836771,
            40.7855649
          ],
          [
            -73.9837132,
            40.7855551
          ],
          [
            -73.9837459,
            40.7855484
          ],
          [
            -73.9837702,
            40.7855443
          ],
          [
            -73.9837964,
            40.7855456
          ],
          [
            -73.9838132,
            40.7855509
          ],
          [
            -73.9840644,
            40.7856628
          ],
          [
            -73.9840683,
            40.7856664
          ],
          [
            -73.9840882,
            40.7856795
          ],
          [
            -73.9840993,
            40.7856901
          ],
          [
            -73.9841086,
            40.7857042
          ],
          [
            -73.9841156,
            40.7857205
          ],
          [
            -73.9841221,
            40.7857541
          ],
          [
            -73.984128,
            40.7857967
          ],
          [
            -73.9841441,
            40.7858407
          ],
          [
            -73.9841653,
            40.7858793
          ],
          [
            -73.984189,
            40.785911
          ],
          [
            -73.9842169,
            40.785937
          ],
          [
            -73.9842528,
            40.7859585
          ],
          [
            -73.984263,
            40.7859637
          ],
          [
            -73.9842726,
            40.7859646
          ],
          [
            -73.9842819,
            40.7859622
          ],
          [
            -73.9842877,
            40.7859575
          ],
          [
            -73.9843665,
            40.7858774
          ],
          [
            -73.9843894,
            40.785853
          ],
          [
            -73.9844376,
            40.7858703
          ],
          [
            -73.984494,
            40.7858744
          ],
          [
            -73.984549,
            40.785864
          ],
          [
            -73.984593,
            40.7858422
          ],
          [
            -73.9846257,
            40.7858112
          ],
          [
            -73.9846288,
            40.7858074
          ],
          [
            -73.9846658,
            40.7858209
          ],
          [
            -73.9848539,
            40.7858919
          ],
          [
            -73.9848928,
            40.7859067
          ],
          [
            -73.9848013,
            40.7860385
          ],
          [
            -73.9847732,
            40.7860729
          ],
          [
            -73.9847305,
            40.7861178
          ],
          [
            -73.9846893,
            40.7861492
          ],
          [
            -73.9847086,
            40.7861684
          ],
          [
            -73.9847326,
            40.7861873
          ],
          [
            -73.984771,
            40.7862088
          ],
          [
            -73.9848212,
            40.7862305
          ],
          [
            -73.984897,
            40.7861208
          ],
          [
            -73.984941,
            40.786056
          ],
          [
            -73.9850072,
            40.7859585
          ],
          [
            -73.9850537,
            40.7858899
          ],
          [
            -73.9850746,
            40.7858595
          ],
          [
            -73.9852047,
            40.7856863
          ],
          [
            -73.9854261,
            40.7853531
          ],
          [
            -73.9858544,
            40.784718
          ],
          [
            -73.9863781,
            40.7839458
          ],
          [
            -73.98622,
            40.7838843
          ],
          [
            -73.9863781,
            40.7839458
          ],
          [
            -73.9858544,
            40.784718
          ],
          [
            -73.9854261,
            40.7853531
          ],
          [
            -73.9852047,
            40.7856863
          ],
          [
            -73.9850746,
            40.7858595
          ],
          [
            -73.9850537,
            40.7858899
          ],
          [
            -73.9850072,
            40.7859585
          ],
          [
            -73.984941,
            40.786056
          ],
          [
            -73.984897,
            40.7861208
          ],
          [
            -73.9848212,
            40.7862305
          ],
          [
            -73.984771,
            40.7862088
          ],
          [
            -73.9847326,
            40.7861873
          ],
          [
            -73.9847086,
            40.7861684
          ],
          [
            -73.9846893,
            40.7861492
          ],
          [
            -73.9847305,
            40.7861178
          ],
          [
            -73.9847732,
            40.7860729
          ],
          [
            -73.9848013,
            40.7860385
          ],
          [
            -73.9848928,
            40.7859067
          ],
          [
            -73.9848539,
            40.7858919
          ],
          [
            -73.9846658,
            40.7858209
          ],
          [
            -73.9846288,
            40.7858074
          ],
          [
            -73.9846257,
            40.7858112
          ],
          [
            -73.984593,
            40.7858422
          ],
          [
            -73.984549,
            40.785864
          ],
          [
            -73.984494,
            40.7858744
          ],
          [
            -73.9844376,
            40.7858703
          ],
          [
            -73.9843894,
            40.785853
          ],
          [
            -73.9843665,
            40.7858774
          ],
          [
            -73.9842877,
            40.7859575
          ],
          [
            -73.9842819,
            40.7859622
          ],
          [
            -73.9842726,
            40.7859646
          ],
          [
            -73.984263,
            40.7859637
          ],
          [
            -73.9842528,
            40.7859585
          ],
          [
            -73.9842169,
            40.785937
          ],
          [
            -73.984189,
            40.785911
          ],
          [
            -73.9841653,
            40.7858793
          ],
          [
            -73.9841441,
            40.7858407
          ],
          [
            -73.984128,
            40.7857967
          ],
          [
            -73.9841221,
            40.7857541
          ],
          [
            -73.9841156,
            40.7857205
          ],
          [
            -73.9841086,
            40.7857042
          ],
          [
            -73.9840993,
            40.7856901
          ],
          [
            -73.9840882,
            40.7856795
          ],
          [
            -73.9840683,
            40.7856664
          ],
          [
            -73.9840644,
            40.7856628
          ],
          [
            -73.9838132,
            40.7855509
          ],
          [
            -73.9837964,
            40.7855456
          ],
          [
            -73.9837702,
            40.7855443
          ],
          [
            -73.9837459,
            40.7855484
          ],
          [
            -73.9837132,
            40.7855551
          ],
          [
            -73.9836771,
            40.7855649
          ],
          [
            -73.9835501,
            40.7856086
          ],
          [
            -73.9834532,
            40.7856486
          ],
          [
            -73.983392,
            40.7856704
          ],
          [
            -73.9832764,
            40.7856987
          ],
          [
            -73.9831691,
            40.7857195
          ],
          [
            -73.9831198,
            40.7857251
          ],
          [
            -73.9829618,
            40.7857285
          ],
          [
            -73.982868,
            40.7857273
          ],
          [
            -73.9827596,
            40.7857175
          ],
          [
            -73.982748,
            40.7855447
          ],
          [
            -73.9827322,
            40.7854663
          ],
          [
            -73.9827142,
            40.7854081
          ],
          [
            -73.9827201,
            40.7853047
          ],
          [
            -73.9827116,
            40.7851968
          ],
          [
            -73.9826903,
            40.7851598
          ],
          [
            -73.9826691,
            40.785129
          ],
          [
            -73.9827146,
            40.7850873
          ],
          [
            -73.9827499,
            40.7850536
          ],
          [
            -73.9827753,
            40.7850294
          ],
          [
            -73.9828464,
            40.7849632
          ],
          [
            -73.9828789,
            40.7849398
          ],
          [
            -73.9828191,
            40.7849102
          ],
          [
            -73.9827468,
            40.7848842
          ],
          [
            -73.9826765,
            40.784859
          ],
          [
            -73.9826371,
            40.7848497
          ],
          [
            -73.9813917,
            40.784328
          ],
          [
            -73.9813562,
            40.7843132
          ],
          [
            -73.9817478,
            40.7837783
          ],
          [
            -73.9817264,
            40.7837692
          ],
          [
            -73.9816267,
            40.7837252
          ],
          [
            -73.9815306,
            40.7836827
          ],
          [
            -73.9815061,
            40.7836725
          ],
          [
            -73.9806521,
            40.7833163
          ],
          [
            -73.9806139,
            40.7833023
          ],
          [
            -73.9805379,
            40.7832716
          ],
          [
            -73.9803514,
            40.7831913
          ],
          [
            -73.9802818,
            40.7831614
          ],
          [
            -73.9802531,
            40.7831492
          ],
          [
            -73.9802652,
            40.7831331
          ],
          [
            -73.9802919,
            40.7830856
          ],
          [
            -73.9803049,
            40.7830514
          ],
          [
            -73.9803106,
            40.7830267
          ],
          [
            -73.9805919,
            40.782468
          ],
          [
            -73.980604,
            40.782443
          ],
          [
            -73.9806155,
            40.7824058
          ],
          [
            -73.9806319,
            40.7823532
          ],
          [
            -73.9806395,
            40.7823309
          ],
          [
            -73.9808407,
            40.7817432
          ],
          [
            -73.9808516,
            40.7817115
          ],
          [
            -73.9808701,
            40.7816706
          ],
          [
            -73.9808885,
            40.78163
          ],
          [
            -73.9808952,
            40.7816096
          ],
          [
            -73.9810898,
            40.7810162
          ],
          [
            -73.9810971,
            40.7809961
          ],
          [
            -73.9811098,
            40.780948
          ],
          [
            -73.9811237,
            40.7808957
          ],
          [
            -73.9811281,
            40.7808809
          ],
          [
            -73.9813073,
            40.7802764
          ],
          [
            -73.9813136,
            40.7802512
          ],
          [
            -73.9813248,
            40.7802068
          ],
          [
            -73.9813377,
            40.7801553
          ],
          [
            -73.9813426,
            40.7801357
          ],
          [
            -73.981504,
            40.7795299
          ],
          [
            -73.981509,
            40.7795122
          ],
          [
            -73.9815264,
            40.7794559
          ],
          [
            -73.9815386,
            40.7794164
          ],
          [
            -73.981548,
            40.7793871
          ],
          [
            -73.9816052,
            40.7791806
          ],
          [
            -73.9816674,
            40.7789558
          ],
          [
            -73.9817175,
            40.7787746
          ],
          [
            -73.9816881,
            40.7787631
          ],
          [
            -73.9817032,
            40.7787422
          ],
          [
            -73.9817596,
            40.7786634
          ],
          [
            -73.981812,
            40.7785902
          ],
          [
            -73.9818097,
            40.7785764
          ],
          [
            -73.9818059,
            40.7785684
          ],
          [
            -73.9818007,
            40.7785626
          ],
          [
            -73.9817845,
            40.7785505
          ],
          [
            -73.9816772,
            40.7785026
          ],
          [
            -73.981607,
            40.7784713
          ],
          [
            -73.9815773,
            40.7784584
          ],
          [
            -73.9817819,
            40.7781988
          ],
          [
            -73.9818349,
            40.7778802
          ],
          [
            -73.9818375,
            40.7778615
          ],
          [
            -73.9818419,
            40.7778035
          ],
          [
            -73.9818457,
            40.7777556
          ],
          [
            -73.9818468,
            40.777742
          ],
          [
            -73.9818826,
            40.7770822
          ],
          [
            -73.9818845,
            40.7770515
          ],
          [
            -73.9818839,
            40.7770022
          ],
          [
            -73.9818833,
            40.7769535
          ],
          [
            -73.9818841,
            40.7769365
          ],
          [
            -73.9819165,
            40.7762851
          ],
          [
            -73.9819176,
            40.7762664
          ],
          [
            -73.9819184,
            40.7762522
          ],
          [
            -73.9819169,
            40.7762035
          ],
          [
            -73.9819154,
            40.7761546
          ],
          [
            -73.9819173,
            40.7761282
          ],
          [
            -73.9819468,
            40.7754696
          ],
          [
            -73.9819475,
            40.7754469
          ],
          [
            -73.9819522,
            40.775403
          ],
          [
            -73.9819581,
            40.7753472
          ],
          [
            -73.9819608,
            40.7753258
          ],
          [
            -73.9819794,
            40.7746671
          ],
          [
            -73.9819815,
            40.7746429
          ],
          [
            -73.9819827,
            40.7745892
          ],
          [
            -73.9819819,
            40.7745396
          ],
          [
            -73.9819823,
            40.7745215
          ],
          [
            -73.9820065,
            40.7738566
          ],
          [
            -73.9816542,
            40.7737162
          ],
          [
            -73.9816384,
            40.7737098
          ],
          [
            -73.9815401,
            40.7736677
          ],
          [
            -73.9814374,
            40.7736236
          ],
          [
            -73.9814023,
            40.7736092
          ],
          [
            -73.9788222,
            40.7725241
          ],
          [
            -73.9787955,
            40.7725179
          ],
          [
            -73.9786834,
            40.7725006
          ],
          [
            -73.9785572,
            40.772479
          ],
          [
            -73.9785187,
            40.7724726
          ],
          [
            -73.978534,
            40.7724541
          ],
          [
            -73.9785549,
            40.7724252
          ],
          [
            -73.9786003,
            40.7723691
          ],
          [
            -73.9785673,
            40.7723524
          ],
          [
            -73.978539,
            40.7723353
          ],
          [
            -73.9782323,
            40.7720936
          ],
          [
            -73.9780948,
            40.771996
          ],
          [
            -73.977934,
            40.771895
          ],
          [
            -73.9777671,
            40.7717925
          ],
          [
            -73.9776645,
            40.7717082
          ],
          [
            -73.9776163,
            40.7716796
          ],
          [
            -73.9771742,
            40.7713853
          ],
          [
            -73.9769862,
            40.7712729
          ],
          [
            -73.9768108,
            40.7711719
          ],
          [
            -73.976129,
            40.7707855
          ],
          [
            -73.9759518,
            40.7706836
          ],
          [
            -73.9757765,
            40.770581
          ],
          [
            -73.9756095,
            40.7704772
          ],
          [
            -73.9747411,
            40.7699024
          ],
          [
            -73.9743655,
            40.769654
          ],
          [
            -73.9742726,
            40.7695953
          ],
          [
            -73.9741738,
            40.7695366
          ],
          [
            -73.9740916,
            40.7694874
          ],
          [
            -73.9740009,
            40.7694382
          ],
          [
            -73.9738312,
            40.7693532
          ],
          [
            -73.973675,
            40.7692823
          ],
          [
            -73.9735628,
            40.7692354
          ],
          [
            -73.973443,
            40.7691888
          ],
          [
            -73.9733565,
            40.7691581
          ],
          [
            -73.9732596,
            40.7691263
          ],
          [
            -73.9731493,
            40.7690909
          ],
          [
            -73.9727106,
            40.7689724
          ],
          [
            -73.9723598,
            40.7688761
          ],
          [
            -73.9721575,
            40.7688459
          ],
          [
            -73.9720687,
            40.7688306
          ],
          [
            -73.9719816,
            40.768818
          ],
          [
            -73.9718848,
            40.7688047
          ],
          [
            -73.9717942,
            40.7687935
          ],
          [
            -73.9717019,
            40.7687849
          ],
          [
            -73.9716133,
            40.7687806
          ],
          [
            -73.9715314,
            40.7687814
          ],
          [
            -73.9714409,
            40.7687824
          ],
          [
            -73.9711154,
            40.7687981
          ],
          [
            -73.9707939,
            40.7688129
          ],
          [
            -73.970697,
            40.7688155
          ],
          [
            -73.970592,
            40.7688155
          ],
          [
            -73.9704826,
            40.7688097
          ],
          [
            -73.970355,
            40.7687968
          ],
          [
            -73.970235,
            40.7687784
          ],
          [
            -73.9701283,
            40.7687555
          ],
          [
            -73.9700201,
            40.7687238
          ],
          [
            -73.9699242,
            40.7686892
          ],
          [
            -73.9699669,
            40.7686319
          ],
          [
            -73.9698666,
            40.7685894
          ],
          [
            -73.9697513,
            40.7685406
          ],
          [
            -73.9683822,
            40.7679682
          ],
          [
            -73.9682514,
            40.7679181
          ],
          [
            -73.9681523,
            40.7678803
          ],
          [
            -73.966841,
            40.7673276
          ],
          [
            -73.966739,
            40.7672834
          ],
          [
            -73.9665636,
            40.7672073
          ],
          [
            -73.9664431,
            40.7671551
          ],
          [
            -73.9651351,
            40.7665981
          ],
          [
            -73.9650319,
            40.7665554
          ],
          [
            -73.9649214,
            40.7665096
          ],
          [
            -73.9635755,
            40.7659404
          ],
          [
            -73.963536,
            40.7659226
          ],
          [
            -73.9634276,
            40.7658784
          ],
          [
            -73.9633392,
            40.7658408
          ],
          [
            -73.9632899,
            40.7658206
          ],
          [
            -73.9631991,
            40.7657927
          ],
          [
            -73.9630816,
            40.7657426
          ],
          [
            -73.9630454,
            40.7657272
          ],
          [
            -73.9630129,
            40.7657134
          ],
          [
            -73.9623213,
            40.7654164
          ],
          [
            -73.9615926,
            40.7651034
          ],
          [
            -73.9615641,
            40.7650911
          ],
          [
            -73.9615256,
            40.7650744
          ],
          [
            -73.9613255,
            40.7649924
          ],
          [
            -73.9613144,
            40.7649875
          ],
          [
            -73.9611874,
            40.7649314
          ],
          [
            -73.9610876,
            40.7648873
          ],
          [
            -73.9610668,
            40.7648797
          ],
          [
            -73.9608098,
            40.7647722
          ],
          [
            -73.960202,
            40.7645181
          ],
          [
            -73.9589565,
            40.7639973
          ],
          [
            -73.9588119,
            40.763936
          ],
          [
            -73.9586847,
            40.7638821
          ],
          [
            -73.9567005,
            40.7630405
          ],
          [
            -73.9565797,
            40.7629896
          ],
          [
            -73.9564574,
            40.7629381
          ],
          [
            -73.9564359,
            40.7629673
          ],
          [
            -73.956267,
            40.7628958
          ],
          [
            -73.9560437,
            40.7628002
          ],
          [
            -73.9560003,
            40.7628263
          ],
          [
            -73.9555811,
            40.7626477
          ],
          [
            -73.9555593,
            40.7626781
          ],
          [
            -73.9553858,
            40.762911
          ],
          [
            -73.9552353,
            40.7628412
          ],
          [
            -73.9552021,
            40.762848
          ],
          [
            -73.9551687,
            40.7628422
          ],
          [
            -73.9551612,
            40.7628385
          ],
          [
            -73.9551463,
            40.7628312
          ],
          [
            -73.9551295,
            40.7628154
          ],
          [
            -73.9551199,
            40.7627965
          ],
          [
            -73.9551184,
            40.7627763
          ],
          [
            -73.9551253,
            40.7627567
          ],
          [
            -73.9551397,
            40.7627397
          ],
          [
            -73.9549789,
            40.7626746
          ]
        ]
      }
    }
  ]
}
