{
  "type": "FeatureCollection",
  "features": [
    {
      "type": "Feature",
      "properties": {
        "scenario": "Inwood - Dyckman St | 8.0mi | out_and_back | moderate | amenity",
        "shape": "out_and_back",
        "target_miles": 8.0,
        "distance_m": 12874.392996226938,
        "candidate_index": 0
      },
      "geometry": {
        "type": "LineString",
        "coordinates": [
          [
            -73.9280238,
            40.8654429
          ],
          [
            -73.9279083,
            40.865329
          ],
          [
            -73.9281272,
            40.8652149
          ],
          [
            -73.9282884,
            40.8651302
          ],
          [
            -73.9287266,
            40.8648997
          ],
          [
            -73.9289299,
            40.8647849
          ],
          [
            -73.9290352,
            40.8647226
          ],
          [
            -73.9291886,
            40.8646031
          ],
          [
            -73.929233,
            40.864569
          ],
          [
            -73.9294606,
            40.8643815
          ],
          [
            -73.9296576,
            40.8641904
          ],
          [
            -73.9299818,
            40.8637992
          ],
          [
            -73.9301114,
            40.8635412
          ],
          [
            -73.9301802,
            40.8633541
          ],
          [
            -73.930185,
            40.8633245
          ],
          [
            -73.9301892,
            40.8632989
          ],
          [
            -73.930163,
            40.863064
          ],
          [
            -73.9301101,
            40.8626789
          ],
          [
            -73.9300902,
            40.8625349
          ],
          [
            -73.9301141,
            40.8622388
          ],
          [
            -73.9301695,
            40.8620422
          ],
          [
            -73.9302856,
            40.8617399
          ],
          [
            -73.9303764,
            40.861593
          ],
          [
            -73.9305358,
            40.8613221
          ],
          [
            -73.9307581,
            40.8609542
          ],
          [
            -73.9308693,
            40.8607589
          ],
          [
            -73.9308732,
            40.8607521
          ],
          [
            -73.9309312,
            40.8606528
          ],
          [
            -73.9309345,
            40.8606448
          ],
          [
            -73.9314183,
            40.8594799
          ],
          [
            -73.9314371,
            40.8594432
          ],
          [
            -73.9314426,
            40.8594224
          ],
          [
            -73.931462,
            40.8593709
          ],
          [
            -73.9314707,
            40.8593476
          ],
          [
            -73.9314804,
            40.8593207
          ],
          [
            -73.9315491,
            40.8591652
          ],
          [
            -73.9316307,
            40.8589521
          ],
          [
            -73.9317079,
            40.8587949
          ],
          [
            -73.9317951,
            40.8586271
          ],
          [
            -73.9318895,
            40.8584453
          ],
          [
            -73.9319273,
            40.8583743
          ],
          [
            -73.9319893,
            40.8582578
          ],
          [
            -73.9321571,
            40.8579521
          ],
          [
            -73.9321693,
            40.8579299
          ],
          [
            -73.9321905,
            40.857883
          ],
          [
            -73.9322082,
            40.8578439
          ],
          [
            -73.932221,
            40.8578197
          ],
          [
            -73.9327422,
            40.8568354
          ],
          [
            -73.9328251,
            40.8566792
          ],
          [
            -73.9328594,
            40.856613
          ],
          [
            -73.9328726,
            40.8565922
          ],
          [
            -73.9328947,
            40.856546
          ],
          [
            -73.9329157,
            40.8565023
          ],
          [
            -73.9329265,
            40.8564813
          ],
          [
            -73.9330744,
            40.8561962
          ],
          [
            -73.933084,
            40.8561785
          ],
          [
            -73.9333498,
            40.8556784
          ],
          [
            -73.9334435,
            40.8554257
          ],
          [
            -73.9334464,
            40.855406
          ],
          [
            -73.9334585,
            40.855375
          ],
          [
            -73.9334802,
            40.8553194
          ],
          [
            -73.9334782,
            40.8552922
          ],
          [
            -73.9338206,
            40.8542694
          ],
          [
            -73.9338296,
            40.8542424
          ],
          [
            -73.9338538,
            40.8541916
          ],
          [
            -73.933871,
            40.8541556
          ],
          [
            -73.9338828,
            40.8541318
          ],
          [
            -73.9341046,
            40.8536828
          ],
          [
            -73.9341852,
            40.8535269
          ],
          [
            -73.9342593,
            40.8533834
          ],
          [
            -73.9343003,
            40.8533061
          ],
          [
            -73.9343118,
            40.8532845
          ],
          [
            -73.9343331,
            40.8532416
          ],
          [
            -73.934353,
            40.8532016
          ],
          [
            -73.9343618,
            40.8531849
          ],
          [
            -73.9344925,
            40.8529386
          ],
          [
            -73.934546,
            40.852833
          ],
          [
            -73.9346192,
            40.8526886
          ],
          [
            -73.9348807,
            40.8521702
          ],
          [
            -73.9348907,
            40.8521504
          ],
          [
            -73.9349182,
            40.8521005
          ],
          [
            -73.9349357,
            40.8520648
          ],
          [
            -73.9349445,
            40.8520477
          ],
          [
            -73.9351814,
            40.8515838
          ],
          [
            -73.9352638,
            40.8514215
          ],
          [
            -73.9353568,
            40.8512388
          ],
          [
            -73.9353878,
            40.8511785
          ],
          [
            -73.935456,
            40.851046
          ],
          [
            -73.9355992,
            40.8507666
          ],
          [
            -73.935832,
            40.850308
          ],
          [
            -73.9358436,
            40.8502852
          ],
          [
            -73.9358662,
            40.8502323
          ],
          [
            -73.93589,
            40.8501768
          ],
          [
            -73.9359036,
            40.8501523
          ],
          [
            -73.9364835,
            40.8496361
          ],
          [
            -73.9365049,
            40.849617
          ],
          [
            -73.936544,
            40.8495805
          ],
          [
            -73.9365829,
            40.8495447
          ],
          [
            -73.9366019,
            40.8495282
          ],
          [
            -73.9371708,
            40.8490347
          ],
          [
            -73.9371882,
            40.8490196
          ],
          [
            -73.9372341,
            40.8489854
          ],
          [
            -73.9372861,
            40.8489466
          ],
          [
            -73.9373053,
            40.8489292
          ],
          [
            -73.9377766,
            40.848484
          ],
          [
            -73.937789,
            40.8484721
          ],
          [
            -73.9378063,
            40.8484759
          ],
          [
            -73.9378374,
            40.848417
          ],
          [
            -73.9378618,
            40.8483692
          ],
          [
            -73.9378708,
            40.848348
          ],
          [
            -73.9380122,
            40.8480152
          ],
          [
            -73.9381033,
            40.8478105
          ],
          [
            -73.9381633,
            40.8476452
          ],
          [
            -73.9381712,
            40.8476235
          ],
          [
            -73.9381837,
            40.8475771
          ],
          [
            -73.938195,
            40.8475406
          ],
          [
            -73.9382003,
            40.8475224
          ],
          [
            -73.9383557,
            40.846999
          ],
          [
            -73.9383615,
            40.8469795
          ],
          [
            -73.938374,
            40.8469374
          ],
          [
            -73.9383866,
            40.8468947
          ],
          [
            -73.9383933,
            40.8468722
          ],
          [
            -73.938572,
            40.8463051
          ],
          [
            -73.9385784,
            40.8462848
          ],
          [
            -73.9385925,
            40.8462414
          ],
          [
            -73.9385991,
            40.8462034
          ],
          [
            -73.9386063,
            40.8461801
          ],
          [
            -73.9388077,
            40.8455295
          ],
          [
            -73.9388141,
            40.8455077
          ],
          [
            -73.9388285,
            40.8454593
          ],
          [
            -73.9388401,
            40.8454202
          ],
          [
            -73.9388486,
            40.8453915
          ],
          [
            -73.9389814,
            40.8448082
          ],
          [
            -73.9389887,
            40.84478
          ],
          [
            -73.9390003,
            40.8447357
          ],
          [
            -73.9390122,
            40.8446904
          ],
          [
            -73.9390183,
            40.8446671
          ],
          [
            -73.9391416,
            40.8440767
          ],
          [
            -73.9391483,
            40.8440521
          ],
          [
            -73.9391608,
            40.8440056
          ],
          [
            -73.9391733,
            40.8439601
          ],
          [
            -73.9391792,
            40.8439387
          ],
          [
            -73.9393126,
            40.8433635
          ],
          [
            -73.939316,
            40.8433416
          ],
          [
            -73.9393247,
            40.8432851
          ],
          [
            -73.9393318,
            40.8432391
          ],
          [
            -73.9393361,
            40.8432113
          ],
          [
            -73.9393802,
            40.8425792
          ],
          [
            -73.9393815,
            40.8425605
          ],
          [
            -73.9393818,
            40.8425008
          ],
          [
            -73.9393844,
            40.8424305
          ],
          [
            -73.9393848,
            40.8424192
          ],
          [
            -73.9393853,
            40.8424069
          ],
          [
            -73.9393857,
            40.8423946
          ],
          [
            -73.93943,
            40.8418827
          ],
          [
            -73.9394754,
            40.8418244
          ],
          [
            -73.9394877,
            40.8418086
          ],
          [
            -73.9395125,
            40.8417695
          ],
          [
            -73.939546,
            40.8417276
          ],
          [
            -73.9395577,
            40.8417118
          ],
          [
            -73.9399068,
            40.8412394
          ],
          [
            -73.9399217,
            40.8412192
          ],
          [
            -73.9399598,
            40.841163
          ],
          [
            -73.9399907,
            40.841114
          ],
          [
            -73.9400072,
            40.8410948
          ],
          [
            -73.9402755,
            40.8407154
          ],
          [
            -73.9404218,
            40.8405238
          ],
          [
            -73.9407769,
            40.8400467
          ],
          [
            -73.9408729,
            40.83991
          ],
          [
            -73.941052,
            40.8396701
          ],
          [
            -73.9412791,
            40.8393659
          ],
          [
            -73.9413002,
            40.8393391
          ],
          [
            -73.9413489,
            40.8392808
          ],
          [
            -73.941379,
            40.8392414
          ],
          [
            -73.9413983,
            40.8392139
          ],
          [
            -73.9418437,
            40.8385775
          ],
          [
            -73.9418603,
            40.8385544
          ],
          [
            -73.9418889,
            40.8385149
          ],
          [
            -73.9419138,
            40.8384814
          ],
          [
            -73.9419315,
            40.8384559
          ],
          [
            -73.9422939,
            40.8379448
          ],
          [
            -73.9423054,
            40.8379297
          ],
          [
            -73.9423373,
            40.8378868
          ],
          [
            -73.9423645,
            40.8378502
          ],
          [
            -73.9423792,
            40.8378318
          ],
          [
            -73.9427681,
            40.8373304
          ],
          [
            -73.9427806,
            40.8373127
          ],
          [
            -73.9428049,
            40.8372781
          ],
          [
            -73.9428378,
            40.8372312
          ],
          [
            -73.9428542,
            40.8372079
          ],
          [
            -73.9432248,
            40.8367095
          ],
          [
            -73.9432408,
            40.836688
          ],
          [
            -73.9432693,
            40.8366482
          ],
          [
            -73.9433014,
            40.8366071
          ],
          [
            -73.9433155,
            40.8365867
          ],
          [
            -73.943675,
            40.8360835
          ],
          [
            -73.9436892,
            40.8360632
          ],
          [
            -73.9437151,
            40.8360238
          ],
          [
            -73.9437381,
            40.8359875
          ],
          [
            -73.9437503,
            40.8359713
          ],
          [
            -73.9441283,
            40.8354733
          ],
          [
            -73.9441427,
            40.8354504
          ],
          [
            -73.9441791,
            40.8354006
          ],
          [
            -73.9442086,
            40.8353567
          ],
          [
            -73.944227,
            40.8353321
          ],
          [
            -73.9445876,
            40.8348311
          ],
          [
            -73.9446006,
            40.8348129
          ],
          [
            -73.944629,
            40.8347694
          ],
          [
            -73.9446622,
            40.834729
          ],
          [
            -73.9446695,
            40.8347135
          ],
          [
            -73.9450408,
            40.8342078
          ],
          [
            -73.9450549,
            40.8341917
          ],
          [
            -73.9450701,
            40.8341548
          ],
          [
            -73.9450851,
            40.8341182
          ],
          [
            -73.9450969,
            40.8340771
          ],
          [
            -73.9452715,
            40.8338159
          ],
          [
            -73.9453291,
            40.8338073
          ],
          [
            -73.9453711,
            40.8338003
          ],
          [
            -73.9453915,
            40.8337979
          ],
          [
            -73.9454369,
            40.8336376
          ],
          [
            -73.9454845,
            40.8335863
          ],
          [
            -73.9455023,
            40.8335624
          ],
          [
            -73.9455279,
            40.8335263
          ],
          [
            -73.9455567,
            40.8334866
          ],
          [
            -73.9455669,
            40.8334726
          ],
          [
            -73.9459434,
            40.8329445
          ],
          [
            -73.946007,
            40.8328753
          ],
          [
            -73.9460256,
            40.832852
          ],
          [
            -73.9460766,
            40.832784
          ],
          [
            -73.9460915,
            40.8327606
          ],
          [
            -73.9461785,
            40.8326669
          ],
          [
            -73.9463779,
            40.8323857
          ],
          [
            -73.9469325,
            40.8316163
          ],
          [
            -73.9469445,
            40.8315996
          ],
          [
            -73.9469684,
            40.8315603
          ],
          [
            -73.9469901,
            40.8315246
          ],
          [
            -73.947008,
            40.8314989
          ],
          [
            -73.9471271,
            40.8313207
          ],
          [
            -73.947248,
            40.8311423
          ],
          [
            -73.9473649,
            40.830981
          ],
          [
            -73.9473944,
            40.8309838
          ],
          [
            -73.9474322,
            40.8309349
          ],
          [
            -73.9474772,
            40.8308848
          ],
          [
            -73.9474673,
            40.8308663
          ],
          [
            -73.9478486,
            40.8303665
          ],
          [
            -73.9478923,
            40.8303041
          ],
          [
            -73.9479277,
            40.8302535
          ],
          [
            -73.9483076,
            40.8297474
          ],
          [
            -73.948344,
            40.8296881
          ],
          [
            -73.9483808,
            40.8296281
          ],
          [
            -73.9487514,
            40.8291258
          ],
          [
            -73.9487929,
            40.8290686
          ],
          [
            -73.9488344,
            40.8290115
          ],
          [
            -73.9492026,
            40.828494
          ],
          [
            -73.9492139,
            40.8284781
          ],
          [
            -73.9492404,
            40.8284356
          ],
          [
            -73.9492579,
            40.8284063
          ],
          [
            -73.9492688,
            40.828389
          ],
          [
            -73.9496475,
            40.8278714
          ],
          [
            -73.9496641,
            40.8278488
          ],
          [
            -73.9496934,
            40.8278105
          ],
          [
            -73.9497176,
            40.8277804
          ],
          [
            -73.9497331,
            40.8277589
          ],
          [
            -73.9501112,
            40.8272535
          ],
          [
            -73.9511566,
            40.8276835
          ],
          [
            -73.9511631,
            40.8276748
          ],
          [
            -73.951203,
            40.8276279
          ],
          [
            -73.9512263,
            40.8275988
          ],
          [
            -73.9512405,
            40.8275869
          ],
          [
            -73.9513358,
            40.8274829
          ],
          [
            -73.9515526,
            40.827317
          ],
          [
            -73.9517173,
            40.8271893
          ],
          [
            -73.9517751,
            40.8271358
          ],
          [
            -73.9517907,
            40.8271213
          ],
          [
            -73.9518659,
            40.827033
          ],
          [
            -73.9519314,
            40.8269561
          ],
          [
            -73.9519502,
            40.8269321
          ],
          [
            -73.9523331,
            40.8264541
          ],
          [
            -73.9523428,
            40.8264408
          ],
          [
            -73.9523525,
            40.8264308
          ],
          [
            -73.9524024,
            40.8263832
          ],
          [
            -73.9524332,
            40.8263496
          ],
          [
            -73.9524477,
            40.8263335
          ],
          [
            -73.9528603,
            40.8258298
          ],
          [
            -73.9529047,
            40.8257741
          ],
          [
            -73.952944,
            40.8257249
          ],
          [
            -73.9530414,
            40.8256305
          ],
          [
            -73.9531069,
            40.8255758
          ],
          [
            -73.9532078,
            40.8255
          ],
          [
            -73.9533592,
            40.8254133
          ],
          [
            -73.9535491,
            40.8253133
          ],
          [
            -73.953615,
            40.8252723
          ],
          [
            -73.9536914,
            40.8252247
          ],
          [
            -73.9542263,
            40.8247833
          ],
          [
            -73.954299,
            40.8247188
          ],
          [
            -73.954347,
            40.824739
          ],
          [
            -73.95483,
            40.824126
          ],
          [
            -73.9551906,
            40.8237311
          ],
          [
            -73.9552907,
            40.8236481
          ],
          [
            -73.9553166,
            40.8235872
          ],
          [
            -73.9553367,
            40.8235401
          ],
          [
            -73.9553728,
            40.8234725
          ],
          [
            -73.9553927,
            40.8234352
          ],
          [
            -73.9556565,
            40.8229413
          ],
          [
            -73.9557438,
            40.8229693
          ],
          [
            -73.9558327,
            40.8229978
          ],
          [
            -73.955869,
            40.8229304
          ],
          [
            -73.955944,
            40.8229664
          ],
          [
            -73.9560277,
            40.8228492
          ],
          [
            -73.9561604,
            40.8226698
          ],
          [
            -73.9563391,
            40.8225145
          ],
          [
            -73.9565641,
            40.8222846
          ],
          [
            -73.9566338,
            40.8222119
          ],
          [
            -73.9568391,
            40.8219035
          ],
          [
            -73.9568776,
            40.8218953
          ],
          [
            -73.9569302,
            40.8218809
          ],
          [
            -73.9569647,
            40.8218501
          ],
          [
            -73.9569904,
            40.8218019
          ],
          [
            -73.9570463,
            40.8218257
          ],
          [
            -73.957155,
            40.8216924
          ],
          [
            -73.9573698,
            40.8215679
          ],
          [
            -73.9574637,
            40.8215959
          ],
          [
            -73.9576177,
            40.8213956
          ],
          [
            -73.9576417,
            40.8213629
          ],
          [
            -73.9576858,
            40.8213801
          ],
          [
            -73.9577232,
            40.8213825
          ],
          [
            -73.9577833,
            40.8213042
          ],
          [
            -73.9579208,
            40.8213327
          ],
          [
            -73.9582221,
            40.8209805
          ],
          [
            -73.9584715,
            40.8206298
          ],
          [
            -73.9588734,
            40.8200649
          ],
          [
            -73.9589691,
            40.8201008
          ],
          [
            -73.958998,
            40.8200614
          ],
          [
            -73.9594899,
            40.8202619
          ],
          [
            -73.9595341,
            40.8202071
          ],
          [
            -73.9596268,
            40.8202464
          ],
          [
            -73.9600408,
            40.819773
          ],
          [
            -73.9600932,
            40.8197101
          ],
          [
            -73.9601451,
            40.8196524
          ],
          [
            -73.9606084,
            40.8191325
          ],
          [
            -73.9606151,
            40.8191251
          ],
          [
            -73.9606497,
            40.8191395
          ],
          [
            -73.9610032,
            40.8187385
          ],
          [
            -73.9610583,
            40.8186803
          ],
          [
            -73.9611294,
            40.8186187
          ],
          [
            -73.9612924,
            40.8184772
          ],
          [
            -73.9617095,
            40.8180977
          ],
          [
            -73.9617315,
            40.81811
          ],
          [
            -73.9617416,
            40.8181157
          ],
          [
            -73.961766,
            40.8181326
          ],
          [
            -73.9617416,
            40.8181157
          ],
          [
            -73.9617315,
            40.81811
          ],
          [
            -73.9617095,
            40.8180977
          ],
          [
            -73.9612924,
            40.8184772
          ],
          [
            -73.9611294,
            40.8186187
          ],
          [
            -73.9610583,
            40.8186803
          ],
          [
            -73.9610032,
            40.8187385
          ],
          [
            -73.9606497,
            40.8191395
          ],
          [
            -73.9606151,
            40.8191251
          ],
          [
            -73.9606084,
            40.8191325
          ],
          [
            -73.9601451,
            40.8196524
          ],
          [
            -73.9600932,
            40.8197101
          ],
          [
            -73.9600408,
            40.819773
          ],
          [
            -73.9596268,
            40.8202464
          ],
          [
            -73.9595341,
            40.8202071
          ],
          [
            -73.9594899,
            40.8202619
          ],
          [
            -73.958998,
            40.8200614
          ],
          [
            -73.9589691,
            40.8201008
          ],
          [
            -73.9588734,
            40.8200649
          ],
          [
            -73.9584715,
            40.8206298
          ],
          [
            -73.9582221,
            40.8209805
          ],
          [
            -73.9579208,
            40.8213327
          ],
          [
            -73.9577833,
            40.8213042
          ],
          [
            -73.9577232,
            40.8213825
          ],
          [
            -73.9576858,
            40.8213801
          ],
          [
            -73.9576417,
            40.8213629
          ],
          [
            -73.9576177,
            40.8213956
          ],
          [
            -73.9574637,
            40.8215959
          ],
          [
            -73.9573698,
            40.8215679
          ],
          [
            -73.957155,
            40.8216924
          ],
          [
            -73.9570463,
            40.8218257
          ],
          [
            -73.9569904,
            40.8218019
          ],
          [
            -73.9569647,
            40.8218501
          ],
          [
            -73.9569302,
            40.8218809
          ],
          [
            -73.9568776,
            40.8218953
          ],
          [
            -73.9568391,
            40.8219035
          ],
          [
            -73.9566338,
            40.8222119
          ],
          [
            -73.9565641,
            40.8222846
          ],
          [
            -73.9563391,
            40.8225145
          ],
          [
            -73.9561604,
            40.8226698
          ],
          [
            -73.9560277,
            40.8228492
          ],
          [
            -73.955944,
            40.8229664
          ],
          [
            -73.955869,
            40.8229304
          ],
          [
            -73.9558327,
            40.8229978
          ],
          [
            -73.9557438,
            40.8229693
          ],
          [
            -73.9556565,
            40.8229413
          ],
          [
            -73.9553927,
            40.8234352
          ],
          [
            -73.9553728,
            40.8234725
          ],
          [
            -73.9553367,
            40.8235401
          ],
          [
            -73.9553166,
            40.8235872
          ],
          [
            -73.9552907,
            40.8236481
          ],
          [
            -73.9551906,
            40.8237311
          ],
          [
            -73.95483,
            40.824126
          ],
          [
            -73.954347,
            40.824739
          ],
          [
            -73.954299,
            40.8247188
          ],
          [
            -73.9542263,
            40.8247833
          ],
          [
            -73.9536914,
            40.8252247
          ],
          [
            -73.953615,
            40.8252723
          ],
          [
            -73.9535491,
            40.8253133
          ],
          [
            -73.9533592,
            40.8254133
          ],
          [
            -73.9532078,
            40.8255
          ],
          [
            -73.9531069,
            40.8255758
          ],
          [
            -73.9530414,
            40.8256305
          ],
          [
            -73.952944,
            40.8257249
          ],
          [
            -73.9529047,
            40.8257741
          ],
          [
            -73.9528603,
            40.8258298
          ],
          [
            -73.9524477,
            40.8263335
          ],
          [
            -73.9524332,
            40.8263496
          ],
          [
            -73.9524024,
            40.8263832
          ],
          [
            -73.9523525,
            40.8264308
          ],
          [
            -73.9523428,
            40.8264408
          ],
          [
            -73.9523331,
            40.8264541
          ],
          [
            -73.9519502,
            40.8269321
          ],
          [
            -73.9519314,
            40.8269561
          ],
          [
            -73.9518659,
            40.827033
          ],
          [
            -73.9517907,
            40.8271213
          ],
          [
            -73.9517751,
            40.8271358
          ],
          [
            -73.9517173,
            40.8271893
          ],
          [
            -73.9515526,
            40.827317
          ],
          [
            -73.9513358,
            40.8274829
          ],
          [
            -73.9512405,
            40.8275869
          ],
          [
            -73.9512263,
            40.8275988
          ],
          [
            -73.951203,
            40.8276279
          ],
          [
            -73.9511631,
            40.8276748
          ],
          [
            -73.9511566,
            40.8276835
          ],
          [
            -73.9501112,
            40.8272535
          ],
          [
            -73.9497331,
            40.8277589
          ],
          [
            -73.9497176,
            40.8277804
          ],
          [
            -73.9496934,
            40.8278105
          ],
          [
            -73.9496641,
            40.8278488
          ],
          [
            -73.9496475,
            40.8278714
          ],
          [
            -73.9492688,
            40.828389
          ],
          [
            -73.9492579,
            40.8284063
          ],
          [
            -73.9492404,
            40.8284356
          ],
          [
            -73.9492139,
            40.8284781
          ],
          [
            -73.9492026,
            40.828494
          ],
          [
            -73.9488344,
            40.8290115
          ],
          [
            -73.9487929,
            40.8290686
          ],
          [
            -73.9487514,
            40.8291258
          ],
          [
            -73.9483808,
            40.8296281
          ],
          [
            -73.948344,
            40.8296881
          ],
          [
            -73.9483076,
            40.8297474
          ],
          [
            -73.9479277,
            40.8302535
          ],
          [
            -73.9478923,
            40.8303041
          ],
          [
            -73.9478486,
            40.8303665
          ],
          [
            -73.9474673,
            40.8308663
          ],
          [
            -73.9474772,
            40.8308848
          ],
          [
            -73.9474322,
            40.8309349
          ],
          [
            -73.9473944,
            40.8309838
          ],
          [
            -73.9473649,
            40.830981
          ],
          [
            -73.947248,
            40.8311423
          ],
          [
            -73.9471271,
            40.8313207
          ],
          [
            -73.947008,
            40.8314989
          ],
          [
            -73.9469901,
            40.8315246
          ],
          [
            -73.9469684,
            40.8315603
          ],
          [
            -73.9469445,
            40.8315996
          ],
          [
            -73.9469325,
            40.8316163
          ],
          [
            -73.9463779,
            40.8323857
          ],
          [
            -73.9461785,
            40.8326669
          ],
          [
            -73.9460915,
            40.8327606
          ],
          [
            -73.9460766,
            40.832784
          ],
          [
            -73.9460256,
            40.832852
          ],
          [
            -73.946007,
            40.8328753
          ],
          [
            -73.9459434,
            40.8329445
          ],
          [
            -73.9455669,
            40.8334726
          ],
          [
            -73.9455567,
            40.8334866
          ],
          [
            -73.9455279,
            40.8335263
          ],
          [
            -73.9455023,
            40.8335624
          ],
          [
            -73.9454845,
            40.8335863
          ],
          [
            -73.9454369,
            40.8336376
          ],
          [
            -73.9453915,
            40.8337979
          ],
          [
            -73.9453711,
            40.8338003
          ],
          [
            -73.9453291,
            40.8338073
          ],
          [
            -73.9452715,
            40.8338159
          ],
          [
            -73.9450969,
            40.8340771
          ],
          [
            -73.9450851,
            40.8341182
          ],
          [
            -73.9450701,
            40.8341548
          ],
          [
            -73.9450549,
            40.8341917
          ],
          [
            -73.9450408,
            40.8342078
          ],
          [
            -73.9446695,
            40.8347135
          ],
          [
            -73.9446622,
            40.834729
          ],
          [
            -73.944629,
            40.8347694
          ],
          [
            -73.9446006,
            40.8348129
          ],
          [
            -73.9445876,
            40.8348311
          ],
          [
            -73.944227,
            40.8353321
          ],
          [
            -73.9442086,
            40.8353567
          ],
          [
            -73.9441791,
            40.8354006
          ],
          [
            -73.9441427,
            40.8354504
          ],
          [
            -73.9441283,
            40.8354733
          ],
          [
            -73.9437503,
            40.8359713
          ],
          [
            -73.9437381,
            40.8359875
          ],
          [
            -73.9437151,
            40.8360238
          ],
          [
            -73.9436892,
            40.8360632
          ],
          [
            -73.943675,
            40.8360835
          ],
          [
            -73.9433155,
            40.8365867
          ],
          [
            -73.9433014,
            40.8366071
          ],
          [
            -73.9432693,
            40.8366482
          ],
          [
            -73.9432408,
            40.836688
          ],
          [
            -73.9432248,
            40.8367095
          ],
          [
            -73.9428542,
            40.8372079
          ],
          [
            -73.9428378,
            40.8372312
          ],
          [
            -73.9428049,
            40.8372781
          ],
          [
            -73.9427806,
            40.8373127
          ],
          [
            -73.9427681,
            40.8373304
          ],
          [
            -73.9423792,
            40.8378318
          ],
          [
            -73.9423645,
            40.8378502
          ],
          [
            -73.9423373,
            40.8378868
          ],
          [
            -73.9423054,
            40.8379297
          ],
          [
            -73.9422939,
            40.8379448
          ],
          [
            -73.9419315,
            40.8384559
          ],
          [
            -73.9419138,
            40.8384814
          ],
          [
            -73.9418889,
            40.8385149
          ],
          [
            -73.9418603,
            40.8385544
          ],
          [
            -73.9418437,
            40.8385775
          ],
          [
            -73.9413983,
            40.8392139
          ],
          [
            -73.941379,
            40.8392414
          ],
          [
            -73.9413489,
            40.8392808
          ],
          [
            -73.9413002,
            40.8393391
          ],
          [
            -73.9412791,
            40.8393659
          ],
          [
            -73.941052,
            40.8396701
          ],
          [
            -73.9408729,
            40.83991
          ],
          [
            -73.9407769,
            40.8400467
          ],
          [
            -73.9404218,
            40.8405238
          ],
          [
            -73.9402755,
            40.8407154
          ],
          [
            -73.9400072,
            40.8410948
          ],
          [
            -73.9399907,
            40.841114
          ],
          [
            -73.9399598,
            40.841163
          ],
          [
            -73.9399217,
            40.8412192
          ],
          [
            -73.9399068,
            40.8412394
          ],
          [
            -73.9395577,
            40.8417118
          ],
          [
            -73.939546,
            40.8417276
          ],
          [
            -73.9395125,
            40.8417695
          ],
          [
            -73.9394877,
            40.8418086
          ],
          [
            -73.9394754,
            40.8418244
          ],
          [
            -73.93943,
            40.8418827
          ],
          [
            -73.9393857,
            40.8423946
          ],
          [
            -73.9393853,
            40.8424069
          ],
          [
            -73.9393848,
            40.8424192
          ],
          [
            -73.9393844,
            40.8424305
          ],
          [
            -73.9393818,
            40.8425008
          ],
          [
            -73.9393815,
            40.8425605
          ],
          [
            -73.9393802,
            40.8425792
          ],
          [
            -73.9393361,
            40.8432113
          ],
          [
            -73.9393318,
            40.8432391
          ],
          [
            -73.9393247,
            40.8432851
          ],
          [
            -73.939316,
            40.8433416
          ],
          [
            -73.9393126,
            40.8433635
          ],
          [
            -73.9391792,
            40.8439387
          ],
          [
            -73.9391733,
            40.8439601
          ],
          [
            -73.9391608,
            40.8440056
          ],
          [
            -73.9391483,
            40.8440521
          ],
          [
            -73.9391416,
            40.8440767
          ],
          [
            -73.9390183,
            40.8446671
          ],
          [
            -73.9390122,
            40.8446904
          ],
          [
            -73.9390003,
            40.8447357
          ],
          [
            -73.9389887,
            40.84478
          ],
          [
            -73.9389814,
            40.8448082
          ],
          [
            -73.9388486,
            40.8453915
          ],
          [
            -73.9388401,
            40.8454202
          ],
          [
            -73.9388285,
            40.8454593
          ],
          [
            -73.9388141,
            40.8455077
          ],
          [
            -73.9388077,
            40.8455295
          ],
          [
            -73.9386063,
            40.8461801
          ],
          [
            -73.9385991,
            40.8462034
          ],
          [
            -73.9385925,
            40.8462414
          ],
          [
            -73.9385784,
            40.8462848
          ],
          [
            -73.938572,
            40.8463051
          ],
          [
            -73.9383933,
            40.8468722
          ],
          [
            -73.9383866,
            40.8468947
          ],
          [
            -73.938374,
            40.8469374
          ],
          [
            -73.9383615,
            40.8469795
          ],
          [
            -73.9383557,
            40.846999
          ],
          [
            -73.9382003,
            40.8475224
          ],
          [
            -73.938195,
            40.8475406
          ],
          [
            -73.9381837,
            40.8475771
          ],
          [
            -73.9381712,
            40.8476235
          ],
          [
            -73.9381633,
            40.8476452
          ],
          [
            -73.9381033,
            40.8478105
          ],
          [
            -73.9380122,
            40.8480152
          ],
          [
            -73.9378708,
            40.848348
          ],
          [
            -73.9378618,
            40.8483692
          ],
          [
            -73.9378374,
            40.848417
          ],
          [
            -73.9378063,
            40.8484759
          ],
          [
            -73.937789,
            40.8484721
          ],
          [
            -73.9377766,
            40.848484
          ],
          [
            -73.9373053,
            40.8489292
          ],
          [
            -73.9372861,
            40.8489466
          ],
          [
            -73.9372341,
            40.8489854
          ],
          [
            -73.9371882,
            40.8490196
          ],
          [
            -73.9371708,
            40.8490347
          ],
          [
            -73.9366019,
            40.8495282
          ],
          [
            -73.9365829,
            40.8495447
          ],
          [
            -73.936544,
            40.8495805
          ],
          [
            -73.9365049,
            40.849617
          ],
          [
            -73.9364835,
            40.8496361
          ],
          [
            -73.9359036,
            40.8501523
          ],
          [
            -73.93589,
            40.8501768
          ],
          [
            -73.9358662,
            40.8502323
          ],
          [
            -73.9358436,
            40.8502852
          ],
          [
            -73.935832,
            40.850308
          ],
          [
            -73.9355992,
            40.8507666
          ],
          [
            -73.935456,
            40.851046
          ],
          [
            -73.9353878,
            40.8511785
          ],
          [
            -73.9353568,
            40.8512388
          ],
          [
            -73.9352638,
            40.8514215
          ],
          [
            -73.9351814,
            40.8515838
          ],
          [
            -73.9349445,
            40.8520477
          ],
          [
            -73.9349357,
            40.8520648
          ],
          [
            -73.9349182,
            40.8521005
          ],
          [
            -73.9348907,
            40.8521504
          ],
          [
            -73.9348807,
            40.8521702
          ],
          [
            -73.9346192,
            40.8526886
          ],
          [
            -73.934546,
            40.852833
          ],
          [
            -73.9344925,
            40.8529386
          ],
          [
            -73.9343618,
            40.8531849
          ],
          [
            -73.934353,
            40.8532016
          ],
          [
            -73.9343331,
            40.8532416
          ],
          [
            -73.9343118,
            40.8532845
          ],
          [
            -73.9343003,
            40.8533061
          ],
          [
            -73.9342593,
            40.8533834
          ],
          [
            -73.9341852,
            40.8535269
          ],
          [
            -73.9341046,
            40.8536828
          ],
          [
            -73.9338828,
            40.8541318
          ],
          [
            -73.933871,
            40.8541556
          ],
          [
            -73.9338538,
            40.8541916
          ],
          [
            -73.9338296,
            40.8542424
          ],
          [
            -73.9338206,
            40.8542694
          ],
          [
            -73.9334782,
            40.8552922
          ],
          [
            -73.9334802,
            40.8553194
          ],
          [
            -73.9334585,
            40.855375
          ],
          [
            -73.9334464,
            40.855406
          ],
          [
            -73.9334435,
            40.8554257
          ],
          [
            -73.9333498,
            40.8556784
          ],
          [
            -73.933084,
            40.8561785
          ],
          [
            -73.9330744,
            40.8561962
          ],
          [
            -73.9329265,
            40.8564813
          ],
          [
            -73.9329157,
            40.8565023
          ],
          [
            -73.9328947,
            40.856546
          ],
          [
            -73.9328726,
            40.8565922
          ],
          [
            -73.9328594,
            40.856613
          ],
          [
            -73.9328251,
            40.8566792
          ],
          [
            -73.9327422,
            40.8568354
          ],
          [
            -73.932221,
            40.8578197
          ],
          [
            -73.9322082,
            40.8578439
          ],
          [
            -73.9321905,
            40.857883
          ],
          [
            -73.9321693,
            40.8579299
          ],
          [
            -73.9321571,
            40.8579521
          ],
          [
            -73.9319893,
            40.8582578
          ],
          [
            -73.9319273,
            40.8583743
          ],
          [
            -73.9318895,
            40.8584453
          ],
          [
            -73.9317951,
            40.8586271
          ],
          [
            -73.9317079,
            40.8587949
          ],
          [
            -73.9316307,
            40.8589521
          ],
          [
            -73.9315491,
            40.8591652
          ],
          [
            -73.9314804,
            40.8593207
          ],
          [
            -73.9314707,
            40.8593476
          ],
          [
            -73.931462,
            40.8593709
          ],
          [
            -73.9314426,
            40.8594224
          ],
          [
            -73.9314371,
            40.8594432
          ],
          [
            -73.9314183,
            40.8594799
          ],
          [
            -73.9309345,
            40.8606448
          ],
          [
            -73.9309312,
            40.8606528
          ],
          [
            -73.9308732,
            40.8607521
          ],
          [
            -73.9308693,
            40.8607589
          ],
          [
            -73.9307581,
            40.8609542
          ],
          [
            -73.9305358,
            40.8613221
          ],
          [
            -73.9303764,
            40.861593
          ],
          [
            -73.9302856,
            40.8617399
          ],
          [
            -73.9301695,
            40.8620422
          ],
          [
            -73.9301141,
            40.8622388
          ],
          [
            -73.9300902,
            40.8625349
          ],
          [
            -73.9301101,
            40.8626789
          ],
          [
            -73.930163,
            40.863064
          ],
          [
            -73.9301892,
            40.8632989
          ],
          [
            -73.930185,
            40.8633245
          ],
          [
            -73.9301802,
            40.8633541
          ],
          [
            -73.9301114,
            40.8635412
          ],
          [
            -73.9299818,
            40.8637992
          ],
          [
            -73.9296576,
            40.8641904
          ],
          [
            -73.9294606,
            40.8643815
          ],
          [
            -73.929233,
            40.864569
          ],
          [
            -73.9291886,
            40.8646031
          ],
          [
            -73.9290352,
            40.8647226
          ],
          [
            -73.9289299,
            40.8647849
          ],
          [
            -73.9287266,
            40.8648997
          ],
          [
            -73.9282884,
            40.8651302
          ],
          [
            -73.9281272,
            40.8652149
          ],
          [
            -73.9279083,
            40.865329
          ],
          [
            -73.9280238,
            40.8654429
          ],
          [
            -73.9281593,
            40.8653787
          ],
          [
            -73.9282997,
            40.8653369
          ],
          [
            -73.9283945,
            40.8653194
          ],
          [
            -73.9286125,
            40.865279
          ],
          [
            -73.9286767,
            40.8652672
          ],
          [
            -73.9286634,
            40.8651991
          ],
          [
            -73.9287155,
            40.8651726
          ],
          [
            -73.9289434,
            40.8650521
          ],
          [
            -73.9287155,
            40.8651726
          ],
          [
            -73.9286634,
            40.8651991
          ],
          [
            -73.9286767,
            40.8652672
          ],
          [
            -73.9286125,
            40.865279
          ],
          [
            -73.9283945,
            40.8653194
          ],
          [
            -73.9282997,
            40.8653369
          ],
          [
            -73.9281593,
            40.8653787
          ],
          [
            -73.9280238,
            40.8654429
          ]
        ]
      }
    },
    {
      "type": "Feature",
      "properties": {
        "scenario": "Inwood - Dyckman St | 8.0mi | out_and_back | moderate | amenity",
        "shape": "out_and_back",
        "target_miles": 8.0,
        "distance_m": 12874.392996226938,
        "candidate_index": 1
      },
      "geometry": {
        "type": "LineString",
        "coordinates": [
          [
            -73.9280238,
            40.8654429
          ],
          [
            -73.9281593,
            40.8653787
          ],
          [
            -73.9282997,
            40.8653369
          ],
          [
            -73.9283945,
            40.8653194
          ],
          [
            -73.9286125,
            40.865279
          ],
          [
            -73.9286767,
            40.8652672
          ],
          [
            -73.9286634,
            40.8651991
          ],
          [
            -73.9287155,
            40.8651726
          ],
          [
            -73.9289434,
            40.8650521
          ],
          [
            -73.9287155,
            40.8651726
          ],
          [
            -73.9286634,
            40.8651991
          ],
          [
            -73.9286767,
            40.8652672
          ],
          [
            -73.9286125,
            40.865279
          ],
          [
            -73.9283945,
            40.8653194
          ],
          [
            -73.9282997,
            40.8653369
          ],
          [
            -73.9281593,
            40.8653787
          ],
          [
            -73.9280238,
            40.8654429
          ],
          [
            -73.9279083,
            40.865329
          ],
          [
            -73.9281272,
            40.8652149
          ],
          [
            -73.9282884,
            40.8651302
          ],
          [
            -73.9287266,
            40.8648997
          ],
          [
            -73.9289299,
            40.8647849
          ],
          [
            -73.9290352,
            40.8647226
          ],
          [
            -73.9291886,
            40.8646031
          ],
          [
            -73.929233,
            40.864569
          ],
          [
            -73.9294606,
            40.8643815
          ],
          [
            -73.9296576,
            40.8641904
          ],
          [
            -73.9299818,
            40.8637992
          ],
          [
            -73.9301114,
            40.8635412
          ],
          [
            -73.9301802,
            40.8633541
          ],
          [
            -73.930185,
            40.8633245
          ],
          [
            -73.9301892,
            40.8632989
          ],
          [
            -73.930163,
            40.863064
          ],
          [
            -73.9301101,
            40.8626789
          ],
          [
            -73.9300902,
            40.8625349
          ],
          [
            -73.9301141,
            40.8622388
          ],
          [
            -73.9301695,
            40.8620422
          ],
          [
            -73.9302856,
            40.8617399
          ],
          [
            -73.9303764,
            40.861593
          ],
          [
            -73.9305358,
            40.8613221
          ],
          [
            -73.9307581,
            40.8609542
          ],
          [
            -73.9308693,
            40.8607589
          ],
          [
            -73.9308732,
            40.8607521
          ],
          [
            -73.9309312,
            40.8606528
          ],
          [
            -73.9309345,
            40.8606448
          ],
          [
            -73.9314183,
            40.8594799
          ],
          [
            -73.9314371,
            40.8594432
          ],
          [
            -73.9314426,
            40.8594224
          ],
          [
            -73.931462,
            40.8593709
          ],
          [
            -73.9314707,
            40.8593476
          ],
          [
            -73.9314804,
            40.8593207
          ],
          [
            -73.9315491,
            40.8591652
          ],
          [
            -73.9316307,
            40.8589521
          ],
          [
            -73.9317079,
            40.8587949
          ],
          [
            -73.9317951,
            40.8586271
          ],
          [
            -73.9318895,
            40.8584453
          ],
          [
            -73.9319273,
            40.8583743
          ],
          [
            -73.9319893,
            40.8582578
          ],
          [
            -73.9321571,
            40.8579521
          ],
          [
            -73.9321693,
            40.8579299
          ],
          [
            -73.9321905,
            40.857883
          ],
          [
            -73.9322082,
            40.8578439
          ],
          [
            -73.932221,
            40.8578197
          ],
          [
            -73.9327422,
            40.8568354
          ],
          [
            -73.9328251,
            40.8566792
          ],
          [
            -73.9328594,
            40.856613
          ],
          [
            -73.9328726,
            40.8565922
          ],
          [
            -73.9328947,
            40.856546
          ],
          [
            -73.9329157,
            40.8565023
          ],
          [
            -73.9329265,
            40.8564813
          ],
          [
            -73.9330744,
            40.8561962
          ],
          [
            -73.933084,
            40.8561785
          ],
          [
            -73.9333498,
            40.8556784
          ],
          [
            -73.9334435,
            40.8554257
          ],
          [
            -73.9334464,
            40.855406
          ],
          [
            -73.9334585,
            40.855375
          ],
          [
            -73.9334802,
            40.8553194
          ],
          [
            -73.9334782,
            40.8552922
          ],
          [
            -73.9338206,
            40.8542694
          ],
          [
            -73.9338296,
            40.8542424
          ],
          [
            -73.9338538,
            40.8541916
          ],
          [
            -73.933871,
            40.8541556
          ],
          [
            -73.9338828,
            40.8541318
          ],
          [
            -73.9341046,
            40.8536828
          ],
          [
            -73.9341852,
            40.8535269
          ],
          [
            -73.9342593,
            40.8533834
          ],
          [
            -73.9343003,
            40.8533061
          ],
          [
            -73.9343118,
            40.8532845
          ],
          [
            -73.9343331,
            40.8532416
          ],
          [
            -73.934353,
            40.8532016
          ],
          [
            -73.9343618,
            40.8531849
          ],
          [
            -73.9344925,
            40.8529386
          ],
          [
            -73.934546,
            40.852833
          ],
          [
            -73.9346192,
            40.8526886
          ],
          [
            -73.9348807,
            40.8521702
          ],
          [
            -73.9348907,
            40.8521504
          ],
          [
            -73.9349182,
            40.8521005
          ],
          [
            -73.9349357,
            40.8520648
          ],
          [
            -73.9349445,
            40.8520477
          ],
          [
            -73.9351814,
            40.8515838
          ],
          [
            -73.9352638,
            40.8514215
          ],
          [
            -73.9353568,
            40.8512388
          ],
          [
            -73.9353878,
            40.8511785
          ],
          [
            -73.935456,
            40.851046
          ],
          [
            -73.9355992,
            40.8507666
          ],
          [
            -73.935832,
            40.850308
          ],
          [
            -73.9358436,
            40.8502852
          ],
          [
            -73.9358662,
            40.8502323
          ],
          [
            -73.93589,
            40.8501768
          ],
          [
            -73.9359036,
            40.8501523
          ],
          [
            -73.9364835,
            40.8496361
          ],
          [
            -73.9365049,
            40.849617
          ],
          [
            -73.936544,
            40.8495805
          ],
          [
            -73.9365829,
            40.8495447
          ],
          [
            -73.9366019,
            40.8495282
          ],
          [
            -73.9371708,
            40.8490347
          ],
          [
            -73.9371882,
            40.8490196
          ],
          [
            -73.9372341,
            40.8489854
          ],
          [
            -73.9372861,
            40.8489466
          ],
          [
            -73.9373053,
            40.8489292
          ],
          [
            -73.9377766,
            40.848484
          ],
          [
            -73.937789,
            40.8484721
          ],
          [
            -73.9378063,
            40.8484759
          ],
          [
            -73.9378374,
            40.848417
          ],
          [
            -73.9378618,
            40.8483692
          ],
          [
            -73.9378708,
            40.848348
          ],
          [
            -73.9380122,
            40.8480152
          ],
          [
            -73.9381033,
            40.8478105
          ],
          [
            -73.9381633,
            40.8476452
          ],
          [
            -73.9381712,
            40.8476235
          ],
          [
            -73.9381837,
            40.8475771
          ],
          [
            -73.938195,
            40.8475406
          ],
          [
            -73.9382003,
            40.8475224
          ],
          [
            -73.9383557,
            40.846999
          ],
          [
            -73.9383615,
            40.8469795
          ],
          [
            -73.938374,
            40.8469374
          ],
          [
            -73.9383866,
            40.8468947
          ],
          [
            -73.9383933,
            40.8468722
          ],
          [
            -73.938572,
            40.8463051
          ],
          [
            -73.9385784,
            40.8462848
          ],
          [
            -73.9385925,
            40.8462414
          ],
          [
            -73.9385991,
            40.8462034
          ],
          [
            -73.9386063,
            40.8461801
          ],
          [
            -73.9388077,
            40.8455295
          ],
          [
            -73.9388141,
            40.8455077
          ],
          [
            -73.9388285,
            40.8454593
          ],
          [
            -73.9388401,
            40.8454202
          ],
          [
            -73.9388486,
            40.8453915
          ],
          [
            -73.9389814,
            40.8448082
          ],
          [
            -73.9389887,
            40.84478
          ],
          [
            -73.9390003,
            40.8447357
          ],
          [
            -73.9390122,
            40.8446904
          ],
          [
            -73.9390183,
            40.8446671
          ],
          [
            -73.9391416,
            40.8440767
          ],
          [
            -73.9391483,
            40.8440521
          ],
          [
            -73.9391608,
            40.8440056
          ],
          [
            -73.9391733,
            40.8439601
          ],
          [
            -73.9391792,
            40.8439387
          ],
          [
            -73.9393126,
            40.8433635
          ],
          [
            -73.939316,
            40.8433416
          ],
          [
            -73.9393247,
            40.8432851
          ],
          [
            -73.9393318,
            40.8432391
          ],
          [
            -73.9393361,
            40.8432113
          ],
          [
            -73.9393802,
            40.8425792
          ],
          [
            -73.9393815,
            40.8425605
          ],
          [
            -73.9393818,
            40.8425008
          ],
          [
            -73.9393844,
            40.8424305
          ],
          [
            -73.9393848,
            40.8424192
          ],
          [
            -73.9393853,
            40.8424069
          ],
          [
            -73.9393857,
            40.8423946
          ],
          [
            -73.93943,
            40.8418827
          ],
          [
            -73.9394754,
            40.8418244
          ],
          [
            -73.9394877,
            40.8418086
          ],
          [
            -73.9395125,
            40.8417695
          ],
          [
            -73.939546,
            40.8417276
          ],
          [
            -73.9395577,
            40.8417118
          ],
          [
            -73.9399068,
            40.8412394
          ],
          [
            -73.9399217,
            40.8412192
          ],
          [
            -73.9399598,
            40.841163
          ],
          [
            -73.9399907,
            40.841114
          ],
          [
            -73.9400072,
            40.8410948
          ],
          [
            -73.9402755,
            40.8407154
          ],
          [
            -73.9404218,
            40.8405238
          ],
          [
            -73.9407769,
            40.8400467
          ],
          [
            -73.9408729,
            40.83991
          ],
          [
            -73.941052,
            40.8396701
          ],
          [
            -73.9412791,
            40.8393659
          ],
          [
            -73.9413002,
            40.8393391
          ],
          [
            -73.9413489,
            40.8392808
          ],
          [
            -73.941379,
            40.8392414
          ],
          [
            -73.9413983,
            40.8392139
          ],
          [
            -73.9418437,
            40.8385775
          ],
          [
            -73.9418603,
            40.8385544
          ],
          [
            -73.9418889,
            40.8385149
          ],
          [
            -73.9419138,
            40.8384814
          ],
          [
            -73.9419315,
            40.8384559
          ],
          [
            -73.9422939,
            40.8379448
          ],
          [
            -73.9423054,
            40.8379297
          ],
          [
            -73.9423373,
            40.8378868
          ],
          [
            -73.9423645,
            40.8378502
          ],
          [
            -73.9423792,
            40.8378318
          ],
          [
            -73.9427681,
            40.8373304
          ],
          [
            -73.9427806,
            40.8373127
          ],
          [
            -73.9428049,
            40.8372781
          ],
          [
            -73.9428378,
            40.8372312
          ],
          [
            -73.9428542,
            40.8372079
          ],
          [
            -73.9432248,
            40.8367095
          ],
          [
            -73.9432408,
            40.836688
          ],
          [
            -73.9432693,
            40.8366482
          ],
          [
            -73.9433014,
            40.8366071
          ],
          [
            -73.9433155,
            40.8365867
          ],
          [
            -73.943675,
            40.8360835
          ],
          [
            -73.9436892,
            40.8360632
          ],
          [
            -73.9437151,
            40.8360238
          ],
          [
            -73.9437381,
            40.8359875
          ],
          [
            -73.9437503,
            40.8359713
          ],
          [
            -73.9441283,
            40.8354733
          ],
          [
            -73.9441427,
            40.8354504
          ],
          [
            -73.9441791,
            40.8354006
          ],
          [
            -73.9442086,
            40.8353567
          ],
          [
            -73.944227,
            40.8353321
          ],
          [
            -73.9445876,
            40.8348311
          ],
          [
            -73.9446006,
            40.8348129
          ],
          [
            -73.944629,
            40.8347694
          ],
          [
            -73.9446622,
            40.834729
          ],
          [
            -73.9446695,
            40.8347135
          ],
          [
            -73.9450408,
            40.8342078
          ],
          [
            -73.9450549,
            40.8341917
          ],
          [
            -73.9450701,
            40.8341548
          ],
          [
            -73.9450851,
            40.8341182
          ],
          [
            -73.9450969,
            40.8340771
          ],
          [
            -73.9452715,
            40.8338159
          ],
          [
            -73.9453291,
            40.8338073
          ],
          [
            -73.9453711,
            40.8338003
          ],
          [
            -73.9453915,
            40.8337979
          ],
          [
            -73.9454369,
            40.8336376
          ],
          [
            -73.9454845,
            40.8335863
          ],
          [
            -73.9455023,
            40.8335624
          ],
          [
            -73.9455279,
            40.8335263
          ],
          [
            -73.9455567,
            40.8334866
          ],
          [
            -73.9455669,
            40.8334726
          ],
          [
            -73.9459434,
            40.8329445
          ],
          [
            -73.946007,
            40.8328753
          ],
          [
            -73.9460256,
            40.832852
          ],
          [
            -73.9460766,
            40.832784
          ],
          [
            -73.9460915,
            40.8327606
          ],
          [
            -73.9461785,
            40.8326669
          ],
          [
            -73.9463779,
            40.8323857
          ],
          [
            -73.9469325,
            40.8316163
          ],
          [
            -73.9469445,
            40.8315996
          ],
          [
            -73.9469684,
            40.8315603
          ],
          [
            -73.9469901,
            40.8315246
          ],
          [
            -73.947008,
            40.8314989
          ],
          [
            -73.9471271,
            40.8313207
          ],
          [
            -73.947248,
            40.8311423
          ],
          [
            -73.9473649,
            40.830981
          ],
          [
            -73.9473944,
            40.8309838
          ],
          [
            -73.9474322,
            40.8309349
          ],
          [
            -73.9474772,
            40.8308848
          ],
          [
            -73.9474673,
            40.8308663
          ],
          [
            -73.9478486,
            40.8303665
          ],
          [
            -73.9478923,
            40.8303041
          ],
          [
            -73.9479277,
            40.8302535
          ],
          [
            -73.9483076,
            40.8297474
          ],
          [
            -73.948344,
            40.8296881
          ],
          [
            -73.9483808,
            40.8296281
          ],
          [
            -73.9487514,
            40.8291258
          ],
          [
            -73.9487929,
            40.8290686
          ],
          [
            -73.9488344,
            40.8290115
          ],
          [
            -73.9492026,
            40.828494
          ],
          [
            -73.9492139,
            40.8284781
          ],
          [
            -73.9492404,
            40.8284356
          ],
          [
            -73.9492579,
            40.8284063
          ],
          [
            -73.9492688,
            40.828389
          ],
          [
            -73.9496475,
            40.8278714
          ],
          [
            -73.9496641,
            40.8278488
          ],
          [
            -73.9496934,
            40.8278105
          ],
          [
            -73.9497176,
            40.8277804
          ],
          [
            -73.9497331,
            40.8277589
          ],
          [
            -73.9501112,
            40.8272535
          ],
          [
            -73.9511566,
            40.8276835
          ],
          [
            -73.9511631,
            40.8276748
          ],
          [
            -73.951203,
            40.8276279
          ],
          [
            -73.9512263,
            40.8275988
          ],
          [
            -73.9512405,
            40.8275869
          ],
          [
            -73.9513358,
            40.8274829
          ],
          [
            -73.9515526,
            40.827317
          ],
          [
            -73.9517173,
            40.8271893
          ],
          [
            -73.9517751,
            40.8271358
          ],
          [
            -73.9517907,
            40.8271213
          ],
          [
            -73.9518659,
            40.827033
          ],
          [
            -73.9519314,
            40.8269561
          ],
          [
            -73.9519502,
            40.8269321
          ],
          [
            -73.9523331,
            40.8264541
          ],
          [
            -73.9523428,
            40.8264408
          ],
          [
            -73.9523525,
            40.8264308
          ],
          [
            -73.9524024,
            40.8263832
          ],
          [
            -73.9524332,
            40.8263496
          ],
          [
            -73.9524477,
            40.8263335
          ],
          [
            -73.9528603,
            40.8258298
          ],
          [
            -73.9529047,
            40.8257741
          ],
          [
            -73.952944,
            40.8257249
          ],
          [
            -73.9530414,
            40.8256305
          ],
          [
            -73.9531069,
            40.8255758
          ],
          [
            -73.9532078,
            40.8255
          ],
          [
            -73.9533592,
            40.8254133
          ],
          [
            -73.9535491,
            40.8253133
          ],
          [
            -73.953615,
            40.8252723
          ],
          [
            -73.9536914,
            40.8252247
          ],
          [
            -73.9542263,
            40.8247833
          ],
          [
            -73.954299,
            40.8247188
          ],
          [
            -73.954347,
            40.824739
          ],
          [
            -73.95483,
            40.824126
          ],
          [
            -73.9551906,
            40.8237311
          ],
          [
            -73.9552907,
            40.8236481
          ],
          [
            -73.9553166,
            40.8235872
          ],
          [
            -73.9553367,
            40.8235401
          ],
          [
            -73.9553728,
            40.8234725
          ],
          [
            -73.9553927,
            40.8234352
          ],
          [
            -73.9556565,
            40.8229413
          ],
          [
            -73.9557438,
            40.8229693
          ],
          [
            -73.9558327,
            40.8229978
          ],
          [
            -73.955869,
            40.8229304
          ],
          [
            -73.955944,
            40.8229664
          ],
          [
            -73.9560277,
            40.8228492
          ],
          [
            -73.9561604,
            40.8226698
          ],
          [
            -73.9563391,
            40.8225145
          ],
          [
            -73.9565641,
            40.8222846
          ],
          [
            -73.9566338,
            40.8222119
          ],
          [
            -73.9568391,
            40.8219035
          ],
          [
            -73.9568776,
            40.8218953
          ],
          [
            -73.9569302,
            40.8218809
          ],
          [
            -73.9569647,
            40.8218501
          ],
          [
            -73.9569904,
            40.8218019
          ],
          [
            -73.9570463,
            40.8218257
          ],
          [
            -73.957155,
            40.8216924
          ],
          [
            -73.9573698,
            40.8215679
          ],
          [
            -73.9574637,
            40.8215959
          ],
          [
            -73.9576177,
            40.8213956
          ],
          [
            -73.9576417,
            40.8213629
          ],
          [
            -73.9576858,
            40.8213801
          ],
          [
            -73.9577232,
            40.8213825
          ],
          [
            -73.9577833,
            40.8213042
          ],
          [
            -73.9579208,
            40.8213327
          ],
          [
            -73.9582221,
            40.8209805
          ],
          [
            -73.9584715,
            40.8206298
          ],
          [
            -73.9588734,
            40.8200649
          ],
          [
            -73.9589691,
            40.8201008
          ],
          [
            -73.958998,
            40.8200614
          ],
          [
            -73.9594899,
            40.8202619
          ],
          [
            -73.9595341,
            40.8202071
          ],
          [
            -73.9596268,
            40.8202464
          ],
          [
            -73.9600408,
            40.819773
          ],
          [
            -73.9600932,
            40.8197101
          ],
          [
            -73.9601451,
            40.8196524
          ],
          [
            -73.9606084,
            40.8191325
          ],
          [
            -73.9606151,
            40.8191251
          ],
          [
            -73.9606497,
            40.8191395
          ],
          [
            -73.9610032,
            40.8187385
          ],
          [
            -73.9610583,
            40.8186803
          ],
          [
            -73.9611294,
            40.8186187
          ],
          [
            -73.9612924,
            40.8184772
          ],
          [
            -73.9617095,
            40.8180977
          ],
          [
            -73.9617315,
            40.81811
          ],
          [
            -73.9617416,
            40.8181157
          ],
          [
            -73.961766,
            40.8181326
          ],
          [
            -73.9617416,
            40.8181157
          ],
          [
            -73.9617315,
            40.81811
          ],
          [
            -73.9617095,
            40.8180977
          ],
          [
            -73.9612924,
            40.8184772
          ],
          [
            -73.9611294,
            40.8186187
          ],
          [
            -73.9610583,
            40.8186803
          ],
          [
            -73.9610032,
            40.8187385
          ],
          [
            -73.9606497,
            40.8191395
          ],
          [
            -73.9606151,
            40.8191251
          ],
          [
            -73.9606084,
            40.8191325
          ],
          [
            -73.9601451,
            40.8196524
          ],
          [
            -73.9600932,
            40.8197101
          ],
          [
            -73.9600408,
            40.819773
          ],
          [
            -73.9596268,
            40.8202464
          ],
          [
            -73.9595341,
            40.8202071
          ],
          [
            -73.9594899,
            40.8202619
          ],
          [
            -73.958998,
            40.8200614
          ],
          [
            -73.9589691,
            40.8201008
          ],
          [
            -73.9588734,
            40.8200649
          ],
          [
            -73.9584715,
            40.8206298
          ],
          [
            -73.9582221,
            40.8209805
          ],
          [
            -73.9579208,
            40.8213327
          ],
          [
            -73.9577833,
            40.8213042
          ],
          [
            -73.9577232,
            40.8213825
          ],
          [
            -73.9576858,
            40.8213801
          ],
          [
            -73.9576417,
            40.8213629
          ],
          [
            -73.9576177,
            40.8213956
          ],
          [
            -73.9574637,
            40.8215959
          ],
          [
            -73.9573698,
            40.8215679
          ],
          [
            -73.957155,
            40.8216924
          ],
          [
            -73.9570463,
            40.8218257
          ],
          [
            -73.9569904,
            40.8218019
          ],
          [
            -73.9569647,
            40.8218501
          ],
          [
            -73.9569302,
            40.8218809
          ],
          [
            -73.9568776,
            40.8218953
          ],
          [
            -73.9568391,
            40.8219035
          ],
          [
            -73.9566338,
            40.8222119
          ],
          [
            -73.9565641,
            40.8222846
          ],
          [
            -73.9563391,
            40.8225145
          ],
          [
            -73.9561604,
            40.8226698
          ],
          [
            -73.9560277,
            40.8228492
          ],
          [
            -73.955944,
            40.8229664
          ],
          [
            -73.955869,
            40.8229304
          ],
          [
            -73.9558327,
            40.8229978
          ],
          [
            -73.9557438,
            40.8229693
          ],
          [
            -73.9556565,
            40.8229413
          ],
          [
            -73.9553927,
            40.8234352
          ],
          [
            -73.9553728,
            40.8234725
          ],
          [
            -73.9553367,
            40.8235401
          ],
          [
            -73.9553166,
            40.8235872
          ],
          [
            -73.9552907,
            40.8236481
          ],
          [
            -73.9551906,
            40.8237311
          ],
          [
            -73.95483,
            40.824126
          ],
          [
            -73.954347,
            40.824739
          ],
          [
            -73.954299,
            40.8247188
          ],
          [
            -73.9542263,
            40.8247833
          ],
          [
            -73.9536914,
            40.8252247
          ],
          [
            -73.953615,
            40.8252723
          ],
          [
            -73.9535491,
            40.8253133
          ],
          [
            -73.9533592,
            40.8254133
          ],
          [
            -73.9532078,
            40.8255
          ],
          [
            -73.9531069,
            40.8255758
          ],
          [
            -73.9530414,
            40.8256305
          ],
          [
            -73.952944,
            40.8257249
          ],
          [
            -73.9529047,
            40.8257741
          ],
          [
            -73.9528603,
            40.8258298
          ],
          [
            -73.9524477,
            40.8263335
          ],
          [
            -73.9524332,
            40.8263496
          ],
          [
            -73.9524024,
            40.8263832
          ],
          [
            -73.9523525,
            40.8264308
          ],
          [
            -73.9523428,
            40.8264408
          ],
          [
            -73.9523331,
            40.8264541
          ],
          [
            -73.9519502,
            40.8269321
          ],
          [
            -73.9519314,
            40.8269561
          ],
          [
            -73.9518659,
            40.827033
          ],
          [
            -73.9517907,
            40.8271213
          ],
          [
            -73.9517751,
            40.8271358
          ],
          [
            -73.9517173,
            40.8271893
          ],
          [
            -73.9515526,
            40.827317
          ],
          [
            -73.9513358,
            40.8274829
          ],
          [
            -73.9512405,
            40.8275869
          ],
          [
            -73.9512263,
            40.8275988
          ],
          [
            -73.951203,
            40.8276279
          ],
          [
            -73.9511631,
            40.8276748
          ],
          [
            -73.9511566,
            40.8276835
          ],
          [
            -73.9501112,
            40.8272535
          ],
          [
            -73.9497331,
            40.8277589
          ],
          [
            -73.9497176,
            40.8277804
          ],
          [
            -73.9496934,
            40.8278105
          ],
          [
            -73.9496641,
            40.8278488
          ],
          [
            -73.9496475,
            40.8278714
          ],
          [
            -73.9492688,
            40.828389
          ],
          [
            -73.9492579,
            40.8284063
          ],
          [
            -73.9492404,
            40.8284356
          ],
          [
            -73.9492139,
            40.8284781
          ],
          [
            -73.9492026,
            40.828494
          ],
          [
            -73.9488344,
            40.8290115
          ],
          [
            -73.9487929,
            40.8290686
          ],
          [
            -73.9487514,
            40.8291258
          ],
          [
            -73.9483808,
            40.8296281
          ],
          [
            -73.948344,
            40.8296881
          ],
          [
            -73.9483076,
            40.8297474
          ],
          [
            -73.9479277,
            40.8302535
          ],
          [
            -73.9478923,
            40.8303041
          ],
          [
            -73.9478486,
            40.8303665
          ],
          [
            -73.9474673,
            40.8308663
          ],
          [
            -73.9474772,
            40.8308848
          ],
          [
            -73.9474322,
            40.8309349
          ],
          [
            -73.9473944,
            40.8309838
          ],
          [
            -73.9473649,
            40.830981
          ],
          [
            -73.947248,
            40.8311423
          ],
          [
            -73.9471271,
            40.8313207
          ],
          [
            -73.947008,
            40.8314989
          ],
          [
            -73.9469901,
            40.8315246
          ],
          [
            -73.9469684,
            40.8315603
          ],
          [
            -73.9469445,
            40.8315996
          ],
          [
            -73.9469325,
            40.8316163
          ],
          [
            -73.9463779,
            40.8323857
          ],
          [
            -73.9461785,
            40.8326669
          ],
          [
            -73.9460915,
            40.8327606
          ],
          [
            -73.9460766,
            40.832784
          ],
          [
            -73.9460256,
            40.832852
          ],
          [
            -73.946007,
            40.8328753
          ],
          [
            -73.9459434,
            40.8329445
          ],
          [
            -73.9455669,
            40.8334726
          ],
          [
            -73.9455567,
            40.8334866
          ],
          [
            -73.9455279,
            40.8335263
          ],
          [
            -73.9455023,
            40.8335624
          ],
          [
            -73.9454845,
            40.8335863
          ],
          [
            -73.9454369,
            40.8336376
          ],
          [
            -73.9453915,
            40.8337979
          ],
          [
            -73.9453711,
            40.8338003
          ],
          [
            -73.9453291,
            40.8338073
          ],
          [
            -73.9452715,
            40.8338159
          ],
          [
            -73.9450969,
            40.8340771
          ],
          [
            -73.9450851,
            40.8341182
          ],
          [
            -73.9450701,
            40.8341548
          ],
          [
            -73.9450549,
            40.8341917
          ],
          [
            -73.9450408,
            40.8342078
          ],
          [
            -73.9446695,
            40.8347135
          ],
          [
            -73.9446622,
            40.834729
          ],
          [
            -73.944629,
            40.8347694
          ],
          [
            -73.9446006,
            40.8348129
          ],
          [
            -73.9445876,
            40.8348311
          ],
          [
            -73.944227,
            40.8353321
          ],
          [
            -73.9442086,
            40.8353567
          ],
          [
            -73.9441791,
            40.8354006
          ],
          [
            -73.9441427,
            40.8354504
          ],
          [
            -73.9441283,
            40.8354733
          ],
          [
            -73.9437503,
            40.8359713
          ],
          [
            -73.9437381,
            40.8359875
          ],
          [
            -73.9437151,
            40.8360238
          ],
          [
            -73.9436892,
            40.8360632
          ],
          [
            -73.943675,
            40.8360835
          ],
          [
            -73.9433155,
            40.8365867
          ],
          [
            -73.9433014,
            40.8366071
          ],
          [
            -73.9432693,
            40.8366482
          ],
          [
            -73.9432408,
            40.836688
          ],
          [
            -73.9432248,
            40.8367095
          ],
          [
            -73.9428542,
            40.8372079
          ],
          [
            -73.9428378,
            40.8372312
          ],
          [
            -73.9428049,
            40.8372781
          ],
          [
            -73.9427806,
            40.8373127
          ],
          [
            -73.9427681,
            40.8373304
          ],
          [
            -73.9423792,
            40.8378318
          ],
          [
            -73.9423645,
            40.8378502
          ],
          [
            -73.9423373,
            40.8378868
          ],
          [
            -73.9423054,
            40.8379297
          ],
          [
            -73.9422939,
            40.8379448
          ],
          [
            -73.9419315,
            40.8384559
          ],
          [
            -73.9419138,
            40.8384814
          ],
          [
            -73.9418889,
            40.8385149
          ],
          [
            -73.9418603,
            40.8385544
          ],
          [
            -73.9418437,
            40.8385775
          ],
          [
            -73.9413983,
            40.8392139
          ],
          [
            -73.941379,
            40.8392414
          ],
          [
            -73.9413489,
            40.8392808
          ],
          [
            -73.9413002,
            40.8393391
          ],
          [
            -73.9412791,
            40.8393659
          ],
          [
            -73.941052,
            40.8396701
          ],
          [
            -73.9408729,
            40.83991
          ],
          [
            -73.9407769,
            40.8400467
          ],
          [
            -73.9404218,
            40.8405238
          ],
          [
            -73.9402755,
            40.8407154
          ],
          [
            -73.9400072,
            40.8410948
          ],
          [
            -73.9399907,
            40.841114
          ],
          [
            -73.9399598,
            40.841163
          ],
          [
            -73.9399217,
            40.8412192
          ],
          [
            -73.9399068,
            40.8412394
          ],
          [
            -73.9395577,
            40.8417118
          ],
          [
            -73.939546,
            40.8417276
          ],
          [
            -73.9395125,
            40.8417695
          ],
          [
            -73.9394877,
            40.8418086
          ],
          [
            -73.9394754,
            40.8418244
          ],
          [
            -73.93943,
            40.8418827
          ],
          [
            -73.9393857,
            40.8423946
          ],
          [
            -73.9393853,
            40.8424069
          ],
          [
            -73.9393848,
            40.8424192
          ],
          [
            -73.9393844,
            40.8424305
          ],
          [
            -73.9393818,
            40.8425008
          ],
          [
            -73.9393815,
            40.8425605
          ],
          [
            -73.9393802,
            40.8425792
          ],
          [
            -73.9393361,
            40.8432113
          ],
          [
            -73.9393318,
            40.8432391
          ],
          [
            -73.9393247,
            40.8432851
          ],
          [
            -73.939316,
            40.8433416
          ],
          [
            -73.9393126,
            40.8433635
          ],
          [
            -73.9391792,
            40.8439387
          ],
          [
            -73.9391733,
            40.8439601
          ],
          [
            -73.9391608,
            40.8440056
          ],
          [
            -73.9391483,
            40.8440521
          ],
          [
            -73.9391416,
            40.8440767
          ],
          [
            -73.9390183,
            40.8446671
          ],
          [
            -73.9390122,
            40.8446904
          ],
          [
            -73.9390003,
            40.8447357
          ],
          [
            -73.9389887,
            40.84478
          ],
          [
            -73.9389814,
            40.8448082
          ],
          [
            -73.9388486,
            40.8453915
          ],
          [
            -73.9388401,
            40.8454202
          ],
          [
            -73.9388285,
            40.8454593
          ],
          [
            -73.9388141,
            40.8455077
          ],
          [
            -73.9388077,
            40.8455295
          ],
          [
            -73.9386063,
            40.8461801
          ],
          [
            -73.9385991,
            40.8462034
          ],
          [
            -73.9385925,
            40.8462414
          ],
          [
            -73.9385784,
            40.8462848
          ],
          [
            -73.938572,
            40.8463051
          ],
          [
            -73.9383933,
            40.8468722
          ],
          [
            -73.9383866,
            40.8468947
          ],
          [
            -73.938374,
            40.8469374
          ],
          [
            -73.9383615,
            40.8469795
          ],
          [
            -73.9383557,
            40.846999
          ],
          [
            -73.9382003,
            40.8475224
          ],
          [
            -73.938195,
            40.8475406
          ],
          [
            -73.9381837,
            40.8475771
          ],
          [
            -73.9381712,
            40.8476235
          ],
          [
            -73.9381633,
            40.8476452
          ],
          [
            -73.9381033,
            40.8478105
          ],
          [
            -73.9380122,
            40.8480152
          ],
          [
            -73.9378708,
            40.848348
          ],
          [
            -73.9378618,
            40.8483692
          ],
          [
            -73.9378374,
            40.848417
          ],
          [
            -73.9378063,
            40.8484759
          ],
          [
            -73.937789,
            40.8484721
          ],
          [
            -73.9377766,
            40.848484
          ],
          [
            -73.9373053,
            40.8489292
          ],
          [
            -73.9372861,
            40.8489466
          ],
          [
            -73.9372341,
            40.8489854
          ],
          [
            -73.9371882,
            40.8490196
          ],
          [
            -73.9371708,
            40.8490347
          ],
          [
            -73.9366019,
            40.8495282
          ],
          [
            -73.9365829,
            40.8495447
          ],
          [
            -73.936544,
            40.8495805
          ],
          [
            -73.9365049,
            40.849617
          ],
          [
            -73.9364835,
            40.8496361
          ],
          [
            -73.9359036,
            40.8501523
          ],
          [
            -73.93589,
            40.8501768
          ],
          [
            -73.9358662,
            40.8502323
          ],
          [
            -73.9358436,
            40.8502852
          ],
          [
            -73.935832,
            40.850308
          ],
          [
            -73.9355992,
            40.8507666
          ],
          [
            -73.935456,
            40.851046
          ],
          [
            -73.9353878,
            40.8511785
          ],
          [
            -73.9353568,
            40.8512388
          ],
          [
            -73.9352638,
            40.8514215
          ],
          [
            -73.9351814,
            40.8515838
          ],
          [
            -73.9349445,
            40.8520477
          ],
          [
            -73.9349357,
            40.8520648
          ],
          [
            -73.9349182,
            40.8521005
          ],
          [
            -73.9348907,
            40.8521504
          ],
          [
            -73.9348807,
            40.8521702
          ],
          [
            -73.9346192,
            40.8526886
          ],
          [
            -73.934546,
            40.852833
          ],
          [
            -73.9344925,
            40.8529386
          ],
          [
            -73.9343618,
            40.8531849
          ],
          [
            -73.934353,
            40.8532016
          ],
          [
            -73.9343331,
            40.8532416
          ],
          [
            -73.9343118,
            40.8532845
          ],
          [
            -73.9343003,
            40.8533061
          ],
          [
            -73.9342593,
            40.8533834
          ],
          [
            -73.9341852,
            40.8535269
          ],
          [
            -73.9341046,
            40.8536828
          ],
          [
            -73.9338828,
            40.8541318
          ],
          [
            -73.933871,
            40.8541556
          ],
          [
            -73.9338538,
            40.8541916
          ],
          [
            -73.9338296,
            40.8542424
          ],
          [
            -73.9338206,
            40.8542694
          ],
          [
            -73.9334782,
            40.8552922
          ],
          [
            -73.9334802,
            40.8553194
          ],
          [
            -73.9334585,
            40.855375
          ],
          [
            -73.9334464,
            40.855406
          ],
          [
            -73.9334435,
            40.8554257
          ],
          [
            -73.9333498,
            40.8556784
          ],
          [
            -73.933084,
            40.8561785
          ],
          [
            -73.9330744,
            40.8561962
          ],
          [
            -73.9329265,
            40.8564813
          ],
          [
            -73.9329157,
            40.8565023
          ],
          [
            -73.9328947,
            40.856546
          ],
          [
            -73.9328726,
            40.8565922
          ],
          [
            -73.9328594,
            40.856613
          ],
          [
            -73.9328251,
            40.8566792
          ],
          [
            -73.9327422,
            40.8568354
          ],
          [
            -73.932221,
            40.8578197
          ],
          [
            -73.9322082,
            40.8578439
          ],
          [
            -73.9321905,
            40.857883
          ],
          [
            -73.9321693,
            40.8579299
          ],
          [
            -73.9321571,
            40.8579521
          ],
          [
            -73.9319893,
            40.8582578
          ],
          [
            -73.9319273,
            40.8583743
          ],
          [
            -73.9318895,
            40.8584453
          ],
          [
            -73.9317951,
            40.8586271
          ],
          [
            -73.9317079,
            40.8587949
          ],
          [
            -73.9316307,
            40.8589521
          ],
          [
            -73.9315491,
            40.8591652
          ],
          [
            -73.9314804,
            40.8593207
          ],
          [
            -73.9314707,
            40.8593476
          ],
          [
            -73.931462,
            40.8593709
          ],
          [
            -73.9314426,
            40.8594224
          ],
          [
            -73.9314371,
            40.8594432
          ],
          [
            -73.9314183,
            40.8594799
          ],
          [
            -73.9309345,
            40.8606448
          ],
          [
            -73.9309312,
            40.8606528
          ],
          [
            -73.9308732,
            40.8607521
          ],
          [
            -73.9308693,
            40.8607589
          ],
          [
            -73.9307581,
            40.8609542
          ],
          [
            -73.9305358,
            40.8613221
          ],
          [
            -73.9303764,
            40.861593
          ],
          [
            -73.9302856,
            40.8617399
          ],
          [
            -73.9301695,
            40.8620422
          ],
          [
            -73.9301141,
            40.8622388
          ],
          [
            -73.9300902,
            40.8625349
          ],
          [
            -73.9301101,
            40.8626789
          ],
          [
            -73.930163,
            40.863064
          ],
          [
            -73.9301892,
            40.8632989
          ],
          [
            -73.930185,
            40.8633245
          ],
          [
            -73.9301802,
            40.8633541
          ],
          [
            -73.9301114,
            40.8635412
          ],
          [
            -73.9299818,
            40.8637992
          ],
          [
            -73.9296576,
            40.8641904
          ],
          [
            -73.9294606,
            40.8643815
          ],
          [
            -73.929233,
            40.864569
          ],
          [
            -73.9291886,
            40.8646031
          ],
          [
            -73.9290352,
            40.8647226
          ],
          [
            -73.9289299,
            40.8647849
          ],
          [
            -73.9287266,
            40.8648997
          ],
          [
            -73.9282884,
            40.8651302
          ],
          [
            -73.9281272,
            40.8652149
          ],
          [
            -73.9279083,
            40.865329
          ],
          [
            -73.9280238,
            40.8654429
          ]
        ]
      }
    },
    {
      "type": "Feature",
      "properties": {
        "scenario": "Inwood - Dyckman St | 8.0mi | out_and_back | moderate | amenity",
        "shape": "out_and_back",
        "target_miles": 8.0,
        "distance_m": 12872.666092406129,
        "candidate_index": 2
      },
      "geometry": {
        "type": "LineString",
        "coordinates": [
          [
            -73.9280238,
            40.8654429
          ],
          [
            -73.9281593,
            40.8653787
          ],
          [
            -73.9282997,
            40.8653369
          ],
          [
            -73.9283945,
            40.8653194
          ],
          [
            -73.9286125,
            40.865279
          ],
          [
            -73.9286767,
            40.8652672
          ],
          [
            -73.9287428,
            40.8652561
          ],
          [
            -73.928757,
            40.8652537
          ],
          [
            -73.9287653,
            40.8652524
          ],
          [
            -73.9287878,
            40.8652486
          ],
          [
            -73.9288097,
            40.8653048
          ],
          [
            -73.9290436,
            40.8653259
          ],
          [
            -73.9292311,
            40.8653429
          ],
          [
            -73.9292634,
            40.8653238
          ],
          [
            -73.9292616,
            40.8653008
          ],
          [
            -73.929273,
            40.8652881
          ],
          [
            -73.9292574,
            40.8652274
          ],
          [
            -73.929267,
            40.8652121
          ],
          [
            -73.9292574,
            40.8652274
          ],
          [
            -73.929273,
            40.8652881
          ],
          [
            -73.9292616,
            40.8653008
          ],
          [
            -73.9292634,
            40.8653238
          ],
          [
            -73.9292311,
            40.8653429
          ],
          [
            -73.9290436,
            40.8653259
          ],
          [
            -73.9288097,
            40.8653048
          ],
          [
            -73.9287878,
            40.8652486
          ],
          [
            -73.9287653,
            40.8652524
          ],
          [
            -73.928757,
            40.8652537
          ],
          [
            -73.9287428,
            40.8652561
          ],
          [
            -73.9286767,
            40.8652672
          ],
          [
            -73.9286125,
            40.865279
          ],
          [
            -73.9283945,
            40.8653194
          ],
          [
            -73.9282997,
            40.8653369
          ],
          [
            -73.9281593,
            40.8653787
          ],
          [
            -73.9280238,
            40.8654429
          ],
          [
            -73.9279083,
            40.865329
          ],
          [
            -73.9281272,
            40.8652149
          ],
          [
            -73.9282884,
            40.8651302
          ],
          [
            -73.9287266,
            40.8648997
          ],
          [
            -73.9289299,
            40.8647849
          ],
          [
            -73.9290352,
            40.8647226
          ],
          [
            -73.9291886,
            40.8646031
          ],
          [
            -73.929233,
            40.864569
          ],
          [
            -73.9294606,
            40.8643815
          ],
          [
            -73.9296576,
            40.8641904
          ],
          [
            -73.9299818,
            40.8637992
          ],
          [
            -73.9301114,
            40.8635412
          ],
          [
            -73.9301802,
            40.8633541
          ],
          [
            -73.930185,
            40.8633245
          ],
          [
            -73.9301892,
            40.8632989
          ],
          [
            -73.930163,
            40.863064
          ],
          [
            -73.9301101,
            40.8626789
          ],
          [
            -73.9300902,
            40.8625349
          ],
          [
            -73.9301141,
            40.8622388
          ],
          [
            -73.9301695,
            40.8620422
          ],
          [
            -73.9302856,
            40.8617399
          ],
          [
            -73.9303764,
            40.861593
          ],
          [
            -73.9305358,
            40.8613221
          ],
          [
            -73.9307581,
            40.8609542
          ],
          [
            -73.9308693,
            40.8607589
          ],
          [
            -73.9308732,
            40.8607521
          ],
          [
            -73.9309312,
            40.8606528
          ],
          [
            -73.9309345,
            40.8606448
          ],
          [
            -73.9314183,
            40.8594799
          ],
          [
            -73.9314371,
            40.8594432
          ],
          [
            -73.9314426,
            40.8594224
          ],
          [
            -73.931462,
            40.8593709
          ],
          [
            -73.9314707,
            40.8593476
          ],
          [
            -73.9314804,
            40.8593207
          ],
          [
            -73.9315491,
            40.8591652
          ],
          [
            -73.9316307,
            40.8589521
          ],
          [
            -73.9317079,
            40.8587949
          ],
          [
            -73.9317951,
            40.8586271
          ],
          [
            -73.9318895,
            40.8584453
          ],
          [
            -73.9319273,
            40.8583743
          ],
          [
            -73.9319893,
            40.8582578
          ],
          [
            -73.9321571,
            40.8579521
          ],
          [
            -73.9321693,
            40.8579299
          ],
          [
            -73.9321905,
            40.857883
          ],
          [
            -73.9322082,
            40.8578439
          ],
          [
            -73.932221,
            40.8578197
          ],
          [
            -73.9327422,
            40.8568354
          ],
          [
            -73.9328251,
            40.8566792
          ],
          [
            -73.9328594,
            40.856613
          ],
          [
            -73.9328726,
            40.8565922
          ],
          [
            -73.9328947,
            40.856546
          ],
          [
            -73.9329157,
            40.8565023
          ],
          [
            -73.9329265,
            40.8564813
          ],
          [
            -73.9330744,
            40.8561962
          ],
          [
            -73.933084,
            40.8561785
          ],
          [
            -73.9333498,
            40.8556784
          ],
          [
            -73.9334435,
            40.8554257
          ],
          [
            -73.9334464,
            40.855406
          ],
          [
            -73.9334585,
            40.855375
          ],
          [
            -73.9334802,
            40.8553194
          ],
          [
            -73.9334782,
            40.8552922
          ],
          [
            -73.9338206,
            40.8542694
          ],
          [
            -73.9338296,
            40.8542424
          ],
          [
            -73.9338538,
            40.8541916
          ],
          [
            -73.933871,
            40.8541556
          ],
          [
            -73.9338828,
            40.8541318
          ],
          [
            -73.9341046,
            40.8536828
          ],
          [
            -73.9341852,
            40.8535269
          ],
          [
            -73.9342593,
            40.8533834
          ],
          [
            -73.9343003,
            40.8533061
          ],
          [
            -73.9343118,
            40.8532845
          ],
          [
            -73.9343331,
            40.8532416
          ],
          [
            -73.934353,
            40.8532016
          ],
          [
            -73.9343618,
            40.8531849
          ],
          [
            -73.9344925,
            40.8529386
          ],
          [
            -73.934546,
            40.852833
          ],
          [
            -73.9346192,
            40.8526886
          ],
          [
            -73.9348807,
            40.8521702
          ],
          [
            -73.9348907,
            40.8521504
          ],
          [
            -73.9349182,
            40.8521005
          ],
          [
            -73.9349357,
            40.8520648
          ],
          [
            -73.9349445,
            40.8520477
          ],
          [
            -73.9351814,
            40.8515838
          ],
          [
            -73.9352638,
            40.8514215
          ],
          [
            -73.9353568,
            40.8512388
          ],
          [
            -73.9353878,
            40.8511785
          ],
          [
            -73.935456,
            40.851046
          ],
          [
            -73.9355992,
            40.8507666
          ],
          [
            -73.935832,
            40.850308
          ],
          [
            -73.9358436,
            40.8502852
          ],
          [
            -73.9358662,
            40.8502323
          ],
          [
            -73.93589,
            40.8501768
          ],
          [
            -73.9359036,
            40.8501523
          ],
          [
            -73.9364835,
            40.8496361
          ],
          [
            -73.9365049,
            40.849617
          ],
          [
            -73.936544,
            40.8495805
          ],
          [
            -73.9365829,
            40.8495447
          ],
          [
            -73.9366019,
            40.8495282
          ],
          [
            -73.9371708,
            40.8490347
          ],
          [
            -73.9371882,
            40.8490196
          ],
          [
            -73.9372341,
            40.8489854
          ],
          [
            -73.9372861,
            40.8489466
          ],
          [
            -73.9373053,
            40.8489292
          ],
          [
            -73.9377766,
            40.848484
          ],
          [
            -73.937789,
            40.8484721
          ],
          [
            -73.9378063,
            40.8484759
          ],
          [
            -73.9378374,
            40.848417
          ],
          [
            -73.9378618,
            40.8483692
          ],
          [
            -73.9378708,
            40.848348
          ],
          [
            -73.9380122,
            40.8480152
          ],
          [
            -73.9381033,
            40.8478105
          ],
          [
            -73.9381633,
            40.8476452
          ],
          [
            -73.9381712,
            40.8476235
          ],
          [
            -73.9381837,
            40.8475771
          ],
          [
            -73.938195,
            40.8475406
          ],
          [
            -73.9382003,
            40.8475224
          ],
          [
            -73.9383557,
            40.846999
          ],
          [
            -73.9383615,
            40.8469795
          ],
          [
            -73.938374,
            40.8469374
          ],
          [
            -73.9383866,
            40.8468947
          ],
          [
            -73.9383933,
            40.8468722
          ],
          [
            -73.938572,
            40.8463051
          ],
          [
            -73.9385784,
            40.8462848
          ],
          [
            -73.9385925,
            40.8462414
          ],
          [
            -73.9385991,
            40.8462034
          ],
          [
            -73.9386063,
            40.8461801
          ],
          [
            -73.9388077,
            40.8455295
          ],
          [
            -73.9388141,
            40.8455077
          ],
          [
            -73.9388285,
            40.8454593
          ],
          [
            -73.9388401,
            40.8454202
          ],
          [
            -73.9388486,
            40.8453915
          ],
          [
            -73.9389814,
            40.8448082
          ],
          [
            -73.9389887,
            40.84478
          ],
          [
            -73.9390003,
            40.8447357
          ],
          [
            -73.9390122,
            40.8446904
          ],
          [
            -73.9390183,
            40.8446671
          ],
          [
            -73.9391416,
            40.8440767
          ],
          [
            -73.9391483,
            40.8440521
          ],
          [
            -73.9391608,
            40.8440056
          ],
          [
            -73.9391733,
            40.8439601
          ],
          [
            -73.9391792,
            40.8439387
          ],
          [
            -73.9393126,
            40.8433635
          ],
          [
            -73.939316,
            40.8433416
          ],
          [
            -73.9393247,
            40.8432851
          ],
          [
            -73.9393318,
            40.8432391
          ],
          [
            -73.9393361,
            40.8432113
          ],
          [
            -73.9393802,
            40.8425792
          ],
          [
            -73.9393815,
            40.8425605
          ],
          [
            -73.9393818,
            40.8425008
          ],
          [
            -73.9393844,
            40.8424305
          ],
          [
            -73.9393848,
            40.8424192
          ],
          [
            -73.9393853,
            40.8424069
          ],
          [
            -73.9393857,
            40.8423946
          ],
          [
            -73.93943,
            40.8418827
          ],
          [
            -73.9394754,
            40.8418244
          ],
          [
            -73.9394877,
            40.8418086
          ],
          [
            -73.9395125,
            40.8417695
          ],
          [
            -73.939546,
            40.8417276
          ],
          [
            -73.9395577,
            40.8417118
          ],
          [
            -73.9399068,
            40.8412394
          ],
          [
            -73.9399217,
            40.8412192
          ],
          [
            -73.9399598,
            40.841163
          ],
          [
            -73.9399907,
            40.841114
          ],
          [
            -73.9400072,
            40.8410948
          ],
          [
            -73.9402755,
            40.8407154
          ],
          [
            -73.9404218,
            40.8405238
          ],
          [
            -73.9407769,
            40.8400467
          ],
          [
            -73.9408729,
            40.83991
          ],
          [
            -73.941052,
            40.8396701
          ],
          [
            -73.9412791,
            40.8393659
          ],
          [
            -73.9413002,
            40.8393391
          ],
          [
            -73.9413489,
            40.8392808
          ],
          [
            -73.941379,
            40.8392414
          ],
          [
            -73.9413983,
            40.8392139
          ],
          [
            -73.9418437,
            40.8385775
          ],
          [
            -73.9418603,
            40.8385544
          ],
          [
            -73.9418889,
            40.8385149
          ],
          [
            -73.9419138,
            40.8384814
          ],
          [
            -73.9419315,
            40.8384559
          ],
          [
            -73.9422939,
            40.8379448
          ],
          [
            -73.9423054,
            40.8379297
          ],
          [
            -73.9423373,
            40.8378868
          ],
          [
            -73.9423645,
            40.8378502
          ],
          [
            -73.9423792,
            40.8378318
          ],
          [
            -73.9427681,
            40.8373304
          ],
          [
            -73.9427806,
            40.8373127
          ],
          [
            -73.9428049,
            40.8372781
          ],
          [
            -73.9428378,
            40.8372312
          ],
          [
            -73.9428542,
            40.8372079
          ],
          [
            -73.9432248,
            40.8367095
          ],
          [
            -73.9432408,
            40.836688
          ],
          [
            -73.9432693,
            40.8366482
          ],
          [
            -73.9433014,
            40.8366071
          ],
          [
            -73.9433155,
            40.8365867
          ],
          [
            -73.943675,
            40.8360835
          ],
          [
            -73.9436892,
            40.8360632
          ],
          [
            -73.9437151,
            40.8360238
          ],
          [
            -73.9437381,
            40.8359875
          ],
          [
            -73.9437503,
            40.8359713
          ],
          [
            -73.9441283,
            40.8354733
          ],
          [
            -73.9441427,
            40.8354504
          ],
          [
            -73.9441791,
            40.8354006
          ],
          [
            -73.9442086,
            40.8353567
          ],
          [
            -73.944227,
            40.8353321
          ],
          [
            -73.9445876,
            40.8348311
          ],
          [
            -73.9446006,
            40.8348129
          ],
          [
            -73.944629,
            40.8347694
          ],
          [
            -73.9446622,
            40.834729
          ],
          [
            -73.9446695,
            40.8347135
          ],
          [
            -73.9450408,
            40.8342078
          ],
          [
            -73.9450549,
            40.8341917
          ],
          [
            -73.9450701,
            40.8341548
          ],
          [
            -73.9450851,
            40.8341182
          ],
          [
            -73.9450969,
            40.8340771
          ],
          [
            -73.9452715,
            40.8338159
          ],
          [
            -73.9453291,
            40.8338073
          ],
          [
            -73.9453711,
            40.8338003
          ],
          [
            -73.9453915,
            40.8337979
          ],
          [
            -73.9454369,
            40.8336376
          ],
          [
            -73.9454845,
            40.8335863
          ],
          [
            -73.9455023,
            40.8335624
          ],
          [
            -73.9455279,
            40.8335263
          ],
          [
            -73.9455567,
            40.8334866
          ],
          [
            -73.9455669,
            40.8334726
          ],
          [
            -73.9459434,
            40.8329445
          ],
          [
            -73.946007,
            40.8328753
          ],
          [
            -73.9460256,
            40.832852
          ],
          [
            -73.9460766,
            40.832784
          ],
          [
            -73.9460915,
            40.8327606
          ],
          [
            -73.9461785,
            40.8326669
          ],
          [
            -73.9463779,
            40.8323857
          ],
          [
            -73.9469325,
            40.8316163
          ],
          [
            -73.9469445,
            40.8315996
          ],
          [
            -73.9469684,
            40.8315603
          ],
          [
            -73.9469901,
            40.8315246
          ],
          [
            -73.947008,
            40.8314989
          ],
          [
            -73.9471271,
            40.8313207
          ],
          [
            -73.947248,
            40.8311423
          ],
          [
            -73.9473649,
            40.830981
          ],
          [
            -73.9473944,
            40.8309838
          ],
          [
            -73.9474322,
            40.8309349
          ],
          [
            -73.9474772,
            40.8308848
          ],
          [
            -73.9474673,
            40.8308663
          ],
          [
            -73.9478486,
            40.8303665
          ],
          [
            -73.9478923,
            40.8303041
          ],
          [
            -73.9479277,
            40.8302535
          ],
          [
            -73.9483076,
            40.8297474
          ],
          [
            -73.948344,
            40.8296881
          ],
          [
            -73.9483808,
            40.8296281
          ],
          [
            -73.9487514,
            40.8291258
          ],
          [
            -73.9487929,
            40.8290686
          ],
          [
            -73.9488344,
            40.8290115
          ],
          [
            -73.9492026,
            40.828494
          ],
          [
            -73.9492139,
            40.8284781
          ],
          [
            -73.9492404,
            40.8284356
          ],
          [
            -73.9492579,
            40.8284063
          ],
          [
            -73.9492688,
            40.828389
          ],
          [
            -73.9496475,
            40.8278714
          ],
          [
            -73.9496641,
            40.8278488
          ],
          [
            -73.9496934,
            40.8278105
          ],
          [
            -73.9497176,
            40.8277804
          ],
          [
            -73.9497331,
            40.8277589
          ],
          [
            -73.9501112,
            40.8272535
          ],
          [
            -73.9511566,
            40.8276835
          ],
          [
            -73.9511631,
            40.8276748
          ],
          [
            -73.951203,
            40.8276279
          ],
          [
            -73.9512263,
            40.8275988
          ],
          [
            -73.9512405,
            40.8275869
          ],
          [
            -73.9513358,
            40.8274829
          ],
          [
            -73.9515526,
            40.827317
          ],
          [
            -73.9517173,
            40.8271893
          ],
          [
            -73.9517751,
            40.8271358
          ],
          [
            -73.9517907,
            40.8271213
          ],
          [
            -73.9518659,
            40.827033
          ],
          [
            -73.9519314,
            40.8269561
          ],
          [
            -73.9519502,
            40.8269321
          ],
          [
            -73.9523331,
            40.8264541
          ],
          [
            -73.9523428,
            40.8264408
          ],
          [
            -73.9523525,
            40.8264308
          ],
          [
            -73.9524024,
            40.8263832
          ],
          [
            -73.9524332,
            40.8263496
          ],
          [
            -73.9524477,
            40.8263335
          ],
          [
            -73.9528603,
            40.8258298
          ],
          [
            -73.9529047,
            40.8257741
          ],
          [
            -73.952944,
            40.8257249
          ],
          [
            -73.9530414,
            40.8256305
          ],
          [
            -73.9531069,
            40.8255758
          ],
          [
            -73.9532078,
            40.8255
          ],
          [
            -73.9533592,
            40.8254133
          ],
          [
            -73.9535491,
            40.8253133
          ],
          [
            -73.953615,
            40.8252723
          ],
          [
            -73.9536914,
            40.8252247
          ],
          [
            -73.9542263,
            40.8247833
          ],
          [
            -73.954299,
            40.8247188
          ],
          [
            -73.954347,
            40.824739
          ],
          [
            -73.95483,
            40.824126
          ],
          [
            -73.9551906,
            40.8237311
          ],
          [
            -73.9552907,
            40.8236481
          ],
          [
            -73.9553166,
            40.8235872
          ],
          [
            -73.9553367,
            40.8235401
          ],
          [
            -73.9553728,
            40.8234725
          ],
          [
            -73.9553927,
            40.8234352
          ],
          [
            -73.9556565,
            40.8229413
          ],
          [
            -73.9557438,
            40.8229693
          ],
          [
            -73.9558327,
            40.8229978
          ],
          [
            -73.955869,
            40.8229304
          ],
          [
            -73.955944,
            40.8229664
          ],
          [
            -73.9560277,
            40.8228492
          ],
          [
            -73.9561604,
            40.8226698
          ],
          [
            -73.9563391,
            40.8225145
          ],
          [
            -73.9565641,
            40.8222846
          ],
          [
            -73.9566338,
            40.8222119
          ],
          [
            -73.9568391,
            40.8219035
          ],
          [
            -73.9568776,
            40.8218953
          ],
          [
            -73.9569302,
            40.8218809
          ],
          [
            -73.9569647,
            40.8218501
          ],
          [
            -73.9569904,
            40.8218019
          ],
          [
            -73.9570463,
            40.8218257
          ],
          [
            -73.957155,
            40.8216924
          ],
          [
            -73.9573698,
            40.8215679
          ],
          [
            -73.9574637,
            40.8215959
          ],
          [
            -73.9576177,
            40.8213956
          ],
          [
            -73.9576417,
            40.8213629
          ],
          [
            -73.9576858,
            40.8213801
          ],
          [
            -73.9577232,
            40.8213825
          ],
          [
            -73.9577833,
            40.8213042
          ],
          [
            -73.9579208,
            40.8213327
          ],
          [
            -73.9582221,
            40.8209805
          ],
          [
            -73.9584715,
            40.8206298
          ],
          [
            -73.9588734,
            40.8200649
          ],
          [
            -73.9589691,
            40.8201008
          ],
          [
            -73.958998,
            40.8200614
          ],
          [
            -73.9594899,
            40.8202619
          ],
          [
            -73.9596517,
            40.8203291
          ],
          [
            -73.9596909,
            40.8202796
          ],
          [
            -73.959738,
            40.820304
          ],
          [
            -73.9602001,
            40.8200063
          ],
          [
            -73.9604111,
            40.8198704
          ],
          [
            -73.9604456,
            40.8198482
          ],
          [
            -73.9609727,
            40.8192555
          ],
          [
            -73.9611522,
            40.8190522
          ],
          [
            -73.9615318,
            40.8186206
          ],
          [
            -73.9613248,
            40.8185354
          ],
          [
            -73.9615318,
            40.8186206
          ],
          [
            -73.9611522,
            40.8190522
          ],
          [
            -73.9609727,
            40.8192555
          ],
          [
            -73.9604456,
            40.8198482
          ],
          [
            -73.9604111,
            40.8198704
          ],
          [
            -73.9602001,
            40.8200063
          ],
          [
            -73.959738,
            40.820304
          ],
          [
            -73.9596909,
            40.8202796
          ],
          [
            -73.9596517,
            40.8203291
          ],
          [
            -73.9594899,
            40.8202619
          ],
          [
            -73.958998,
            40.8200614
          ],
          [
            -73.9589691,
            40.8201008
          ],
          [
            -73.9588734,
            40.8200649
          ],
          [
            -73.9584715,
            40.8206298
          ],
          [
            -73.9582221,
            40.8209805
          ],
          [
            -73.9579208,
            40.8213327
          ],
          [
            -73.9577833,
            40.8213042
          ],
          [
            -73.9577232,
            40.8213825
          ],
          [
            -73.9576858,
            40.8213801
          ],
          [
            -73.9576417,
            40.8213629
          ],
          [
            -73.9576177,
            40.8213956
          ],
          [
            -73.9574637,
            40.8215959
          ],
          [
            -73.9573698,
            40.8215679
          ],
          [
            -73.957155,
            40.8216924
          ],
          [
            -73.9570463,
            40.8218257
          ],
          [
            -73.9569904,
            40.8218019
          ],
          [
            -73.9569647,
            40.8218501
          ],
          [
            -73.9569302,
            40.8218809
          ],
          [
            -73.9568776,
            40.8218953
          ],
          [
            -73.9568391,
            40.8219035
          ],
          [
            -73.9566338,
            40.8222119
          ],
          [
            -73.9565641,
            40.8222846
          ],
          [
            -73.9563391,
            40.8225145
          ],
          [
            -73.9561604,
            40.8226698
          ],
          [
            -73.9560277,
            40.8228492
          ],
          [
            -73.955944,
            40.8229664
          ],
          [
            -73.955869,
            40.8229304
          ],
          [
            -73.9558327,
            40.8229978
          ],
          [
            -73.9557438,
            40.8229693
          ],
          [
            -73.9556565,
            40.8229413
          ],
          [
            -73.9553927,
            40.8234352
          ],
          [
            -73.9553728,
            40.8234725
          ],
          [
            -73.9553367,
            40.8235401
          ],
          [
            -73.9553166,
            40.8235872
          ],
          [
            -73.9552907,
            40.8236481
          ],
          [
            -73.9551906,
            40.8237311
          ],
          [
            -73.95483,
            40.824126
          ],
          [
            -73.954347,
            40.824739
          ],
          [
            -73.954299,
            40.8247188
          ],
          [
            -73.9542263,
            40.8247833
          ],
          [
            -73.9536914,
            40.8252247
          ],
          [
            -73.953615,
            40.8252723
          ],
          [
            -73.9535491,
            40.8253133
          ],
          [
            -73.9533592,
            40.8254133
          ],
          [
            -73.9532078,
            40.8255
          ],
          [
            -73.9531069,
            40.8255758
          ],
          [
            -73.9530414,
            40.8256305
          ],
          [
            -73.952944,
            40.8257249
          ],
          [
            -73.9529047,
            40.8257741
          ],
          [
            -73.9528603,
            40.8258298
          ],
          [
            -73.9524477,
            40.8263335
          ],
          [
            -73.9524332,
            40.8263496
          ],
          [
            -73.9524024,
            40.8263832
          ],
          [
            -73.9523525,
            40.8264308
          ],
          [
            -73.9523428,
            40.8264408
          ],
          [
            -73.9523331,
            40.8264541
          ],
          [
            -73.9519502,
            40.8269321
          ],
          [
            -73.9519314,
            40.8269561
          ],
          [
            -73.9518659,
            40.827033
          ],
          [
            -73.9517907,
            40.8271213
          ],
          [
            -73.9517751,
            40.8271358
          ],
          [
            -73.9517173,
            40.8271893
          ],
          [
            -73.9515526,
            40.827317
          ],
          [
            -73.9513358,
            40.8274829
          ],
          [
            -73.9512405,
            40.8275869
          ],
          [
            -73.9512263,
            40.8275988
          ],
          [
            -73.951203,
            40.8276279
          ],
          [
            -73.9511631,
            40.8276748
          ],
          [
            -73.9511566,
            40.8276835
          ],
          [
            -73.9501112,
            40.8272535
          ],
          [
            -73.9497331,
            40.8277589
          ],
          [
            -73.9497176,
            40.8277804
          ],
          [
            -73.9496934,
            40.8278105
          ],
          [
            -73.9496641,
            40.8278488
          ],
          [
            -73.9496475,
            40.8278714
          ],
          [
            -73.9492688,
            40.828389
          ],
          [
            -73.9492579,
            40.8284063
          ],
          [
            -73.9492404,
            40.8284356
          ],
          [
            -73.9492139,
            40.8284781
          ],
          [
            -73.9492026,
            40.828494
          ],
          [
            -73.9488344,
            40.8290115
          ],
          [
            -73.9487929,
            40.8290686
          ],
          [
            -73.9487514,
            40.8291258
          ],
          [
            -73.9483808,
            40.8296281
          ],
          [
            -73.948344,
            40.8296881
          ],
          [
            -73.9483076,
            40.8297474
          ],
          [
            -73.9479277,
            40.8302535
          ],
          [
            -73.9478923,
            40.8303041
          ],
          [
            -73.9478486,
            40.8303665
          ],
          [
            -73.9474673,
            40.8308663
          ],
          [
            -73.9474772,
            40.8308848
          ],
          [
            -73.9474322,
            40.8309349
          ],
          [
            -73.9473944,
            40.8309838
          ],
          [
            -73.9473649,
            40.830981
          ],
          [
            -73.947248,
            40.8311423
          ],
          [
            -73.9471271,
            40.8313207
          ],
          [
            -73.947008,
            40.8314989
          ],
          [
            -73.9469901,
            40.8315246
          ],
          [
            -73.9469684,
            40.8315603
          ],
          [
            -73.9469445,
            40.8315996
          ],
          [
            -73.9469325,
            40.8316163
          ],
          [
            -73.9463779,
            40.8323857
          ],
          [
            -73.9461785,
            40.8326669
          ],
          [
            -73.9460915,
            40.8327606
          ],
          [
            -73.9460766,
            40.832784
          ],
          [
            -73.9460256,
            40.832852
          ],
          [
            -73.946007,
            40.8328753
          ],
          [
            -73.9459434,
            40.8329445
          ],
          [
            -73.9455669,
            40.8334726
          ],
          [
            -73.9455567,
            40.8334866
          ],
          [
            -73.9455279,
            40.8335263
          ],
          [
            -73.9455023,
            40.8335624
          ],
          [
            -73.9454845,
            40.8335863
          ],
          [
            -73.9454369,
            40.8336376
          ],
          [
            -73.9453915,
            40.8337979
          ],
          [
            -73.9453711,
            40.8338003
          ],
          [
            -73.9453291,
            40.8338073
          ],
          [
            -73.9452715,
            40.8338159
          ],
          [
            -73.9450969,
            40.8340771
          ],
          [
            -73.9450851,
            40.8341182
          ],
          [
            -73.9450701,
            40.8341548
          ],
          [
            -73.9450549,
            40.8341917
          ],
          [
            -73.9450408,
            40.8342078
          ],
          [
            -73.9446695,
            40.8347135
          ],
          [
            -73.9446622,
            40.834729
          ],
          [
            -73.944629,
            40.8347694
          ],
          [
            -73.9446006,
            40.8348129
          ],
          [
            -73.9445876,
            40.8348311
          ],
          [
            -73.944227,
            40.8353321
          ],
          [
            -73.9442086,
            40.8353567
          ],
          [
            -73.9441791,
            40.8354006
          ],
          [
            -73.9441427,
            40.8354504
          ],
          [
            -73.9441283,
            40.8354733
          ],
          [
            -73.9437503,
            40.8359713
          ],
          [
            -73.9437381,
            40.8359875
          ],
          [
            -73.9437151,
            40.8360238
          ],
          [
            -73.9436892,
            40.8360632
          ],
          [
            -73.943675,
            40.8360835
          ],
          [
            -73.9433155,
            40.8365867
          ],
          [
            -73.9433014,
            40.8366071
          ],
          [
            -73.9432693,
            40.8366482
          ],
          [
            -73.9432408,
            40.836688
          ],
          [
            -73.9432248,
            40.8367095
          ],
          [
            -73.9428542,
            40.8372079
          ],
          [
            -73.9428378,
            40.8372312
          ],
          [
            -73.9428049,
            40.8372781
          ],
          [
            -73.9427806,
            40.8373127
          ],
          [
            -73.9427681,
            40.8373304
          ],
          [
            -73.9423792,
            40.8378318
          ],
          [
            -73.9423645,
            40.8378502
          ],
          [
            -73.9423373,
            40.8378868
          ],
          [
            -73.9423054,
            40.8379297
          ],
          [
            -73.9422939,
            40.8379448
          ],
          [
            -73.9419315,
            40.8384559
          ],
          [
            -73.9419138,
            40.8384814
          ],
          [
            -73.9418889,
            40.8385149
          ],
          [
            -73.9418603,
            40.8385544
          ],
          [
            -73.9418437,
            40.8385775
          ],
          [
            -73.9413983,
            40.8392139
          ],
          [
            -73.941379,
            40.8392414
          ],
          [
            -73.9413489,
            40.8392808
          ],
          [
            -73.9413002,
            40.8393391
          ],
          [
            -73.9412791,
            40.8393659
          ],
          [
            -73.941052,
            40.8396701
          ],
          [
            -73.9408729,
            40.83991
          ],
          [
            -73.9407769,
            40.8400467
          ],
          [
            -73.9404218,
            40.8405238
          ],
          [
            -73.9402755,
            40.8407154
          ],
          [
            -73.9400072,
            40.8410948
          ],
          [
            -73.9399907,
            40.841114
          ],
          [
            -73.9399598,
            40.841163
          ],
          [
            -73.9399217,
            40.8412192
          ],
          [
            -73.9399068,
            40.8412394
          ],
          [
            -73.9395577,
            40.8417118
          ],
          [
            -73.939546,
            40.8417276
          ],
          [
            -73.9395125,
            40.8417695
          ],
          [
            -73.9394877,
            40.8418086
          ],
          [
            -73.9394754,
            40.8418244
          ],
          [
            -73.93943,
            40.8418827
          ],
          [
            -73.9393857,
            40.8423946
          ],
          [
            -73.9393853,
            40.8424069
          ],
          [
            -73.9393848,
            40.8424192
          ],
          [
            -73.9393844,
            40.8424305
          ],
          [
            -73.9393818,
            40.8425008
          ],
          [
            -73.9393815,
            40.8425605
          ],
          [
            -73.9393802,
            40.8425792
          ],
          [
            -73.9393361,
            40.8432113
          ],
          [
            -73.9393318,
            40.8432391
          ],
          [
            -73.9393247,
            40.8432851
          ],
          [
            -73.939316,
            40.8433416
          ],
          [
            -73.9393126,
            40.8433635
          ],
          [
            -73.9391792,
            40.8439387
          ],
          [
            -73.9391733,
            40.8439601
          ],
          [
            -73.9391608,
            40.8440056
          ],
          [
            -73.9391483,
            40.8440521
          ],
          [
            -73.9391416,
            40.8440767
          ],
          [
            -73.9390183,
            40.8446671
          ],
          [
            -73.9390122,
            40.8446904
          ],
          [
            -73.9390003,
            40.8447357
          ],
          [
            -73.9389887,
            40.84478
          ],
          [
            -73.9389814,
            40.8448082
          ],
          [
            -73.9388486,
            40.8453915
          ],
          [
            -73.9388401,
            40.8454202
          ],
          [
            -73.9388285,
            40.8454593
          ],
          [
            -73.9388141,
            40.8455077
          ],
          [
            -73.9388077,
            40.8455295
          ],
          [
            -73.9386063,
            40.8461801
          ],
          [
            -73.9385991,
            40.8462034
          ],
          [
            -73.9385925,
            40.8462414
          ],
          [
            -73.9385784,
            40.8462848
          ],
          [
            -73.938572,
            40.8463051
          ],
          [
            -73.9383933,
            40.8468722
          ],
          [
            -73.9383866,
            40.8468947
          ],
          [
            -73.938374,
            40.8469374
          ],
          [
            -73.9383615,
            40.8469795
          ],
          [
            -73.9383557,
            40.846999
          ],
          [
            -73.9382003,
            40.8475224
          ],
          [
            -73.938195,
            40.8475406
          ],
          [
            -73.9381837,
            40.8475771
          ],
          [
            -73.9381712,
            40.8476235
          ],
          [
            -73.9381633,
            40.8476452
          ],
          [
            -73.9381033,
            40.8478105
          ],
          [
            -73.9380122,
            40.8480152
          ],
          [
            -73.9378708,
            40.848348
          ],
          [
            -73.9378618,
            40.8483692
          ],
          [
            -73.9378374,
            40.848417
          ],
          [
            -73.9378063,
            40.8484759
          ],
          [
            -73.937789,
            40.8484721
          ],
          [
            -73.9377766,
            40.848484
          ],
          [
            -73.9373053,
            40.8489292
          ],
          [
            -73.9372861,
            40.8489466
          ],
          [
            -73.9372341,
            40.8489854
          ],
          [
            -73.9371882,
            40.8490196
          ],
          [
            -73.9371708,
            40.8490347
          ],
          [
            -73.9366019,
            40.8495282
          ],
          [
            -73.9365829,
            40.8495447
          ],
          [
            -73.936544,
            40.8495805
          ],
          [
            -73.9365049,
            40.849617
          ],
          [
            -73.9364835,
            40.8496361
          ],
          [
            -73.9359036,
            40.8501523
          ],
          [
            -73.93589,
            40.8501768
          ],
          [
            -73.9358662,
            40.8502323
          ],
          [
            -73.9358436,
            40.8502852
          ],
          [
            -73.935832,
            40.850308
          ],
          [
            -73.9355992,
            40.8507666
          ],
          [
            -73.935456,
            40.851046
          ],
          [
            -73.9353878,
            40.8511785
          ],
          [
            -73.9353568,
            40.8512388
          ],
          [
            -73.9352638,
            40.8514215
          ],
          [
            -73.9351814,
            40.8515838
          ],
          [
            -73.9349445,
            40.8520477
          ],
          [
            -73.9349357,
            40.8520648
          ],
          [
            -73.9349182,
            40.8521005
          ],
          [
            -73.9348907,
            40.8521504
          ],
          [
            -73.9348807,
            40.8521702
          ],
          [
            -73.9346192,
            40.8526886
          ],
          [
            -73.934546,
            40.852833
          ],
          [
            -73.9344925,
            40.8529386
          ],
          [
            -73.9343618,
            40.8531849
          ],
          [
            -73.934353,
            40.8532016
          ],
          [
            -73.9343331,
            40.8532416
          ],
          [
            -73.9343118,
            40.8532845
          ],
          [
            -73.9343003,
            40.8533061
          ],
          [
            -73.9342593,
            40.8533834
          ],
          [
            -73.9341852,
            40.8535269
          ],
          [
            -73.9341046,
            40.8536828
          ],
          [
            -73.9338828,
            40.8541318
          ],
          [
            -73.933871,
            40.8541556
          ],
          [
            -73.9338538,
            40.8541916
          ],
          [
            -73.9338296,
            40.8542424
          ],
          [
            -73.9338206,
            40.8542694
          ],
          [
            -73.9334782,
            40.8552922
          ],
          [
            -73.9334802,
            40.8553194
          ],
          [
            -73.9334585,
            40.855375
          ],
          [
            -73.9334464,
            40.855406
          ],
          [
            -73.9334435,
            40.8554257
          ],
          [
            -73.9333498,
            40.8556784
          ],
          [
            -73.933084,
            40.8561785
          ],
          [
            -73.9330744,
            40.8561962
          ],
          [
            -73.9329265,
            40.8564813
          ],
          [
            -73.9329157,
            40.8565023
          ],
          [
            -73.9328947,
            40.856546
          ],
          [
            -73.9328726,
            40.8565922
          ],
          [
            -73.9328594,
            40.856613
          ],
          [
            -73.9328251,
            40.8566792
          ],
          [
            -73.9327422,
            40.8568354
          ],
          [
            -73.932221,
            40.8578197
          ],
          [
            -73.9322082,
            40.8578439
          ],
          [
            -73.9321905,
            40.857883
          ],
          [
            -73.9321693,
            40.8579299
          ],
          [
            -73.9321571,
            40.8579521
          ],
          [
            -73.9319893,
            40.8582578
          ],
          [
            -73.9319273,
            40.8583743
          ],
          [
            -73.9318895,
            40.8584453
          ],
          [
            -73.9317951,
            40.8586271
          ],
          [
            -73.9317079,
            40.8587949
          ],
          [
            -73.9316307,
            40.8589521
          ],
          [
            -73.9315491,
            40.8591652
          ],
          [
            -73.9314804,
            40.8593207
          ],
          [
            -73.9314707,
            40.8593476
          ],
          [
            -73.931462,
            40.8593709
          ],
          [
            -73.9314426,
            40.8594224
          ],
          [
            -73.9314371,
            40.8594432
          ],
          [
            -73.9314183,
            40.8594799
          ],
          [
            -73.9309345,
            40.8606448
          ],
          [
            -73.9309312,
            40.8606528
          ],
          [
            -73.9308732,
            40.8607521
          ],
          [
            -73.9308693,
            40.8607589
          ],
          [
            -73.9307581,
            40.8609542
          ],
          [
            -73.9305358,
            40.8613221
          ],
          [
            -73.9303764,
            40.861593
          ],
          [
            -73.9302856,
            40.8617399
          ],
          [
            -73.9301695,
            40.8620422
          ],
          [
            -73.9301141,
            40.8622388
          ],
          [
            -73.9300902,
            40.8625349
          ],
          [
            -73.9301101,
            40.8626789
          ],
          [
            -73.930163,
            40.863064
          ],
          [
            -73.9301892,
            40.8632989
          ],
          [
            -73.930185,
            40.8633245
          ],
          [
            -73.9301802,
            40.8633541
          ],
          [
            -73.9301114,
            40.8635412
          ],
          [
            -73.9299818,
            40.8637992
          ],
          [
            -73.9296576,
            40.8641904
          ],
          [
            -73.9294606,
            40.8643815
          ],
          [
            -73.929233,
            40.864569
          ],
          [
            -73.9291886,
            40.8646031
          ],
          [
            -73.9290352,
            40.8647226
          ],
          [
            -73.9289299,
            40.8647849
          ],
          [
            -73.9287266,
            40.8648997
          ],
          [
            -73.9282884,
            40.8651302
          ],
          [
            -73.9281272,
            40.8652149
          ],
          [
            -73.9279083,
            40.865329
          ],
          [
            -73.9280238,
            40.8654429
          ]
        ]
      }
    },
    {
      "type": "Feature",
      "properties": {
        "scenario": "Inwood - Dyckman St | 8.0mi | out_and_back | moderate | amenity",
        "shape": "out_and_back",
        "target_miles": 8.0,
        "distance_m": 12872.666092406127,
        "candidate_index": 3
      },
      "geometry": {
        "type": "LineString",
        "coordinates": [
          [
            -73.9280238,
            40.8654429
          ],
          [
            -73.9279083,
            40.865329
          ],
          [
            -73.9281272,
            40.8652149
          ],
          [
            -73.9282884,
            40.8651302
          ],
          [
            -73.9287266,
            40.8648997
          ],
          [
            -73.9289299,
            40.8647849
          ],
          [
            -73.9290352,
            40.8647226
          ],
          [
            -73.9291886,
            40.8646031
          ],
          [
            -73.929233,
            40.864569
          ],
          [
            -73.9294606,
            40.8643815
          ],
          [
            -73.9296576,
            40.8641904
          ],
          [
            -73.9299818,
            40.8637992
          ],
          [
            -73.9301114,
            40.8635412
          ],
          [
            -73.9301802,
            40.8633541
          ],
          [
            -73.930185,
            40.8633245
          ],
          [
            -73.9301892,
            40.8632989
          ],
          [
            -73.930163,
            40.863064
          ],
          [
            -73.9301101,
            40.8626789
          ],
          [
            -73.9300902,
            40.8625349
          ],
          [
            -73.9301141,
            40.8622388
          ],
          [
            -73.9301695,
            40.8620422
          ],
          [
            -73.9302856,
            40.8617399
          ],
          [
            -73.9303764,
            40.861593
          ],
          [
            -73.9305358,
            40.8613221
          ],
          [
            -73.9307581,
            40.8609542
          ],
          [
            -73.9308693,
            40.8607589
          ],
          [
            -73.9308732,
            40.8607521
          ],
          [
            -73.9309312,
            40.8606528
          ],
          [
            -73.9309345,
            40.8606448
          ],
          [
            -73.9314183,
            40.8594799
          ],
          [
            -73.9314371,
            40.8594432
          ],
          [
            -73.9314426,
            40.8594224
          ],
          [
            -73.931462,
            40.8593709
          ],
          [
            -73.9314707,
            40.8593476
          ],
          [
            -73.9314804,
            40.8593207
          ],
          [
            -73.9315491,
            40.8591652
          ],
          [
            -73.9316307,
            40.8589521
          ],
          [
            -73.9317079,
            40.8587949
          ],
          [
            -73.9317951,
            40.8586271
          ],
          [
            -73.9318895,
            40.8584453
          ],
          [
            -73.9319273,
            40.8583743
          ],
          [
            -73.9319893,
            40.8582578
          ],
          [
            -73.9321571,
            40.8579521
          ],
          [
            -73.9321693,
            40.8579299
          ],
          [
            -73.9321905,
            40.857883
          ],
          [
            -73.9322082,
            40.8578439
          ],
          [
            -73.932221,
            40.8578197
          ],
          [
            -73.9327422,
            40.8568354
          ],
          [
            -73.9328251,
            40.8566792
          ],
          [
            -73.9328594,
            40.856613
          ],
          [
            -73.9328726,
            40.8565922
          ],
          [
            -73.9328947,
            40.856546
          ],
          [
            -73.9329157,
            40.8565023
          ],
          [
            -73.9329265,
            40.8564813
          ],
          [
            -73.9330744,
            40.8561962
          ],
          [
            -73.933084,
            40.8561785
          ],
          [
            -73.9333498,
            40.8556784
          ],
          [
            -73.9334435,
            40.8554257
          ],
          [
            -73.9334464,
            40.855406
          ],
          [
            -73.9334585,
            40.855375
          ],
          [
            -73.9334802,
            40.8553194
          ],
          [
            -73.9334782,
            40.8552922
          ],
          [
            -73.9338206,
            40.8542694
          ],
          [
            -73.9338296,
            40.8542424
          ],
          [
            -73.9338538,
            40.8541916
          ],
          [
            -73.933871,
            40.8541556
          ],
          [
            -73.9338828,
            40.8541318
          ],
          [
            -73.9341046,
            40.8536828
          ],
          [
            -73.9341852,
            40.8535269
          ],
          [
            -73.9342593,
            40.8533834
          ],
          [
            -73.9343003,
            40.8533061
          ],
          [
            -73.9343118,
            40.8532845
          ],
          [
            -73.9343331,
            40.8532416
          ],
          [
            -73.934353,
            40.8532016
          ],
          [
            -73.9343618,
            40.8531849
          ],
          [
            -73.9344925,
            40.8529386
          ],
          [
            -73.934546,
            40.852833
          ],
          [
            -73.9346192,
            40.8526886
          ],
          [
            -73.9348807,
            40.8521702
          ],
          [
            -73.9348907,
            40.8521504
          ],
          [
            -73.9349182,
            40.8521005
          ],
          [
            -73.9349357,
            40.8520648
          ],
          [
            -73.9349445,
            40.8520477
          ],
          [
            -73.9351814,
            40.8515838
          ],
          [
            -73.9352638,
            40.8514215
          ],
          [
            -73.9353568,
            40.8512388
          ],
          [
            -73.9353878,
            40.8511785
          ],
          [
            -73.935456,
            40.851046
          ],
          [
            -73.9355992,
            40.8507666
          ],
          [
            -73.935832,
            40.850308
          ],
          [
            -73.9358436,
            40.8502852
          ],
          [
            -73.9358662,
            40.8502323
          ],
          [
            -73.93589,
            40.8501768
          ],
          [
            -73.9359036,
            40.8501523
          ],
          [
            -73.9364835,
            40.8496361
          ],
          [
            -73.9365049,
            40.849617
          ],
          [
            -73.936544,
            40.8495805
          ],
          [
            -73.9365829,
            40.8495447
          ],
          [
            -73.9366019,
            40.8495282
          ],
          [
            -73.9371708,
            40.8490347
          ],
          [
            -73.9371882,
            40.8490196
          ],
          [
            -73.9372341,
            40.8489854
          ],
          [
            -73.9372861,
            40.8489466
          ],
          [
            -73.9373053,
            40.8489292
          ],
          [
            -73.9377766,
            40.848484
          ],
          [
            -73.937789,
            40.8484721
          ],
          [
            -73.9378063,
            40.8484759
          ],
          [
            -73.9378374,
            40.848417
          ],
          [
            -73.9378618,
            40.8483692
          ],
          [
            -73.9378708,
            40.848348
          ],
          [
            -73.9380122,
            40.8480152
          ],
          [
            -73.9381033,
            40.8478105
          ],
          [
            -73.9381633,
            40.8476452
          ],
          [
            -73.9381712,
            40.8476235
          ],
          [
            -73.9381837,
            40.8475771
          ],
          [
            -73.938195,
            40.8475406
          ],
          [
            -73.9382003,
            40.8475224
          ],
          [
            -73.9383557,
            40.846999
          ],
          [
            -73.9383615,
            40.8469795
          ],
          [
            -73.938374,
            40.8469374
          ],
          [
            -73.9383866,
            40.8468947
          ],
          [
            -73.9383933,
            40.8468722
          ],
          [
            -73.938572,
            40.8463051
          ],
          [
            -73.9385784,
            40.8462848
          ],
          [
            -73.9385925,
            40.8462414
          ],
          [
            -73.9385991,
            40.8462034
          ],
          [
            -73.9386063,
            40.8461801
          ],
          [
            -73.9388077,
            40.8455295
          ],
          [
            -73.9388141,
            40.8455077
          ],
          [
            -73.9388285,
            40.8454593
          ],
          [
            -73.9388401,
            40.8454202
          ],
          [
            -73.9388486,
            40.8453915
          ],
          [
            -73.9389814,
            40.8448082
          ],
          [
            -73.9389887,
            40.84478
          ],
          [
            -73.9390003,
            40.8447357
          ],
          [
            -73.9390122,
            40.8446904
          ],
          [
            -73.9390183,
            40.8446671
          ],
          [
            -73.9391416,
            40.8440767
          ],
          [
            -73.9391483,
            40.8440521
          ],
          [
            -73.9391608,
            40.8440056
          ],
          [
            -73.9391733,
            40.8439601
          ],
          [
            -73.9391792,
            40.8439387
          ],
          [
            -73.9393126,
            40.8433635
          ],
          [
            -73.939316,
            40.8433416
          ],
          [
            -73.9393247,
            40.8432851
          ],
          [
            -73.9393318,
            40.8432391
          ],
          [
            -73.9393361,
            40.8432113
          ],
          [
            -73.9393802,
            40.8425792
          ],
          [
            -73.9393815,
            40.8425605
          ],
          [
            -73.9393818,
            40.8425008
          ],
          [
            -73.9393844,
            40.8424305
          ],
          [
            -73.9393848,
            40.8424192
          ],
          [
            -73.9393853,
            40.8424069
          ],
          [
            -73.9393857,
            40.8423946
          ],
          [
            -73.93943,
            40.8418827
          ],
          [
            -73.9394754,
            40.8418244
          ],
          [
            -73.9394877,
            40.8418086
          ],
          [
            -73.9395125,
            40.8417695
          ],
          [
            -73.939546,
            40.8417276
          ],
          [
            -73.9395577,
            40.8417118
          ],
          [
            -73.9399068,
            40.8412394
          ],
          [
            -73.9399217,
            40.8412192
          ],
          [
            -73.9399598,
            40.841163
          ],
          [
            -73.9399907,
            40.841114
          ],
          [
            -73.9400072,
            40.8410948
          ],
          [
            -73.9402755,
            40.8407154
          ],
          [
            -73.9404218,
            40.8405238
          ],
          [
            -73.9407769,
            40.8400467
          ],
          [
            -73.9408729,
            40.83991
          ],
          [
            -73.941052,
            40.8396701
          ],
          [
            -73.9412791,
            40.8393659
          ],
          [
            -73.9413002,
            40.8393391
          ],
          [
            -73.9413489,
            40.8392808
          ],
          [
            -73.941379,
            40.8392414
          ],
          [
            -73.9413983,
            40.8392139
          ],
          [
            -73.9418437,
            40.8385775
          ],
          [
            -73.9418603,
            40.8385544
          ],
          [
            -73.9418889,
            40.8385149
          ],
          [
            -73.9419138,
            40.8384814
          ],
          [
            -73.9419315,
            40.8384559
          ],
          [
            -73.9422939,
            40.8379448
          ],
          [
            -73.9423054,
            40.8379297
          ],
          [
            -73.9423373,
            40.8378868
          ],
          [
            -73.9423645,
            40.8378502
          ],
          [
            -73.9423792,
            40.8378318
          ],
          [
            -73.9427681,
            40.8373304
          ],
          [
            -73.9427806,
            40.8373127
          ],
          [
            -73.9428049,
            40.8372781
          ],
          [
            -73.9428378,
            40.8372312
          ],
          [
            -73.9428542,
            40.8372079
          ],
          [
            -73.9432248,
            40.8367095
          ],
          [
            -73.9432408,
            40.836688
          ],
          [
            -73.9432693,
            40.8366482
          ],
          [
            -73.9433014,
            40.8366071
          ],
          [
            -73.9433155,
            40.8365867
          ],
          [
            -73.943675,
            40.8360835
          ],
          [
            -73.9436892,
            40.8360632
          ],
          [
            -73.9437151,
            40.8360238
          ],
          [
            -73.9437381,
            40.8359875
          ],
          [
            -73.9437503,
            40.8359713
          ],
          [
            -73.9441283,
            40.8354733
          ],
          [
            -73.9441427,
            40.8354504
          ],
          [
            -73.9441791,
            40.8354006
          ],
          [
            -73.9442086,
            40.8353567
          ],
          [
            -73.944227,
            40.8353321
          ],
          [
            -73.9445876,
            40.8348311
          ],
          [
            -73.9446006,
            40.8348129
          ],
          [
            -73.944629,
            40.8347694
          ],
          [
            -73.9446622,
            40.834729
          ],
          [
            -73.9446695,
            40.8347135
          ],
          [
            -73.9450408,
            40.8342078
          ],
          [
            -73.9450549,
            40.8341917
          ],
          [
            -73.9450701,
            40.8341548
          ],
          [
            -73.9450851,
            40.8341182
          ],
          [
            -73.9450969,
            40.8340771
          ],
          [
            -73.9452715,
            40.8338159
          ],
          [
            -73.9453291,
            40.8338073
          ],
          [
            -73.9453711,
            40.8338003
          ],
          [
            -73.9453915,
            40.8337979
          ],
          [
            -73.9454369,
            40.8336376
          ],
          [
            -73.9454845,
            40.8335863
          ],
          [
            -73.9455023,
            40.8335624
          ],
          [
            -73.9455279,
            40.8335263
          ],
          [
            -73.9455567,
            40.8334866
          ],
          [
            -73.9455669,
            40.8334726
          ],
          [
            -73.9459434,
            40.8329445
          ],
          [
            -73.946007,
            40.8328753
          ],
          [
            -73.9460256,
            40.832852
          ],
          [
            -73.9460766,
            40.832784
          ],
          [
            -73.9460915,
            40.8327606
          ],
          [
            -73.9461785,
            40.8326669
          ],
          [
            -73.9463779,
            40.8323857
          ],
          [
            -73.9469325,
            40.8316163
          ],
          [
            -73.9469445,
            40.8315996
          ],
          [
            -73.9469684,
            40.8315603
          ],
          [
            -73.9469901,
            40.8315246
          ],
          [
            -73.947008,
            40.8314989
          ],
          [
            -73.9471271,
            40.8313207
          ],
          [
            -73.947248,
            40.8311423
          ],
          [
            -73.9473649,
            40.830981
          ],
          [
            -73.9473944,
            40.8309838
          ],
          [
            -73.9474322,
            40.8309349
          ],
          [
            -73.9474772,
            40.8308848
          ],
          [
            -73.9474673,
            40.8308663
          ],
          [
            -73.9478486,
            40.8303665
          ],
          [
            -73.9478923,
            40.8303041
          ],
          [
            -73.9479277,
            40.8302535
          ],
          [
            -73.9483076,
            40.8297474
          ],
          [
            -73.948344,
            40.8296881
          ],
          [
            -73.9483808,
            40.8296281
          ],
          [
            -73.9487514,
            40.8291258
          ],
          [
            -73.9487929,
            40.8290686
          ],
          [
            -73.9488344,
            40.8290115
          ],
          [
            -73.9492026,
            40.828494
          ],
          [
            -73.9492139,
            40.8284781
          ],
          [
            -73.9492404,
            40.8284356
          ],
          [
            -73.9492579,
            40.8284063
          ],
          [
            -73.9492688,
            40.828389
          ],
          [
            -73.9496475,
            40.8278714
          ],
          [
            -73.9496641,
            40.8278488
          ],
          [
            -73.9496934,
            40.8278105
          ],
          [
            -73.9497176,
            40.8277804
          ],
          [
            -73.9497331,
            40.8277589
          ],
          [
            -73.9501112,
            40.8272535
          ],
          [
            -73.9511566,
            40.8276835
          ],
          [
            -73.9511631,
            40.8276748
          ],
          [
            -73.951203,
            40.8276279
          ],
          [
            -73.9512263,
            40.8275988
          ],
          [
            -73.9512405,
            40.8275869
          ],
          [
            -73.9513358,
            40.8274829
          ],
          [
            -73.9515526,
            40.827317
          ],
          [
            -73.9517173,
            40.8271893
          ],
          [
            -73.9517751,
            40.8271358
          ],
          [
            -73.9517907,
            40.8271213
          ],
          [
            -73.9518659,
            40.827033
          ],
          [
            -73.9519314,
            40.8269561
          ],
          [
            -73.9519502,
            40.8269321
          ],
          [
            -73.9523331,
            40.8264541
          ],
          [
            -73.9523428,
            40.8264408
          ],
          [
            -73.9523525,
            40.8264308
          ],
          [
            -73.9524024,
            40.8263832
          ],
          [
            -73.9524332,
            40.8263496
          ],
          [
            -73.9524477,
            40.8263335
          ],
          [
            -73.9528603,
            40.8258298
          ],
          [
            -73.9529047,
            40.8257741
          ],
          [
            -73.952944,
            40.8257249
          ],
          [
            -73.9530414,
            40.8256305
          ],
          [
            -73.9531069,
            40.8255758
          ],
          [
            -73.9532078,
            40.8255
          ],
          [
            -73.9533592,
            40.8254133
          ],
          [
            -73.9535491,
            40.8253133
          ],
          [
            -73.953615,
            40.8252723
          ],
          [
            -73.9536914,
            40.8252247
          ],
          [
            -73.9542263,
            40.8247833
          ],
          [
            -73.954299,
            40.8247188
          ],
          [
            -73.954347,
            40.824739
          ],
          [
            -73.95483,
            40.824126
          ],
          [
            -73.9551906,
            40.8237311
          ],
          [
            -73.9552907,
            40.8236481
          ],
          [
            -73.9553166,
            40.8235872
          ],
          [
            -73.9553367,
            40.8235401
          ],
          [
            -73.9553728,
            40.8234725
          ],
          [
            -73.9553927,
            40.8234352
          ],
          [
            -73.9556565,
            40.8229413
          ],
          [
            -73.9557438,
            40.8229693
          ],
          [
            -73.9558327,
            40.8229978
          ],
          [
            -73.955869,
            40.8229304
          ],
          [
            -73.955944,
            40.8229664
          ],
          [
            -73.9560277,
            40.8228492
          ],
          [
            -73.9561604,
            40.8226698
          ],
          [
            -73.9563391,
            40.8225145
          ],
          [
            -73.9565641,
            40.8222846
          ],
          [
            -73.9566338,
            40.8222119
          ],
          [
            -73.9568391,
            40.8219035
          ],
          [
            -73.9568776,
            40.8218953
          ],
          [
            -73.9569302,
            40.8218809
          ],
          [
            -73.9569647,
            40.8218501
          ],
          [
            -73.9569904,
            40.8218019
          ],
          [
            -73.9570463,
            40.8218257
          ],
          [
            -73.957155,
            40.8216924
          ],
          [
            -73.9573698,
            40.8215679
          ],
          [
            -73.9574637,
            40.8215959
          ],
          [
            -73.9576177,
            40.8213956
          ],
          [
            -73.9576417,
            40.8213629
          ],
          [
            -73.9576858,
            40.8213801
          ],
          [
            -73.9577232,
            40.8213825
          ],
          [
            -73.9577833,
            40.8213042
          ],
          [
            -73.9579208,
            40.8213327
          ],
          [
            -73.9582221,
            40.8209805
          ],
          [
            -73.9584715,
            40.8206298
          ],
          [
            -73.9588734,
            40.8200649
          ],
          [
            -73.9589691,
            40.8201008
          ],
          [
            -73.958998,
            40.8200614
          ],
          [
            -73.9594899,
            40.8202619
          ],
          [
            -73.9596517,
            40.8203291
          ],
          [
            -73.9596909,
            40.8202796
          ],
          [
            -73.959738,
            40.820304
          ],
          [
            -73.9602001,
            40.8200063
          ],
          [
            -73.9604111,
            40.8198704
          ],
          [
            -73.9604456,
            40.8198482
          ],
          [
            -73.9609727,
            40.8192555
          ],
          [
            -73.9611522,
            40.8190522
          ],
          [
            -73.9615318,
            40.8186206
          ],
          [
            -73.9613248,
            40.8185354
          ],
          [
            -73.9615318,
            40.8186206
          ],
          [
            -73.9611522,
            40.8190522
          ],
          [
            -73.9609727,
            40.8192555
          ],
          [
            -73.9604456,
            40.8198482
          ],
          [
            -73.9604111,
            40.8198704
          ],
          [
            -73.9602001,
            40.8200063
          ],
          [
            -73.959738,
            40.820304
          ],
          [
            -73.9596909,
            40.8202796
          ],
          [
            -73.9596517,
            40.8203291
          ],
          [
            -73.9594899,
            40.8202619
          ],
          [
            -73.958998,
            40.8200614
          ],
          [
            -73.9589691,
            40.8201008
          ],
          [
            -73.9588734,
            40.8200649
          ],
          [
            -73.9584715,
            40.8206298
          ],
          [
            -73.9582221,
            40.8209805
          ],
          [
            -73.9579208,
            40.8213327
          ],
          [
            -73.9577833,
            40.8213042
          ],
          [
            -73.9577232,
            40.8213825
          ],
          [
            -73.9576858,
            40.8213801
          ],
          [
            -73.9576417,
            40.8213629
          ],
          [
            -73.9576177,
            40.8213956
          ],
          [
            -73.9574637,
            40.8215959
          ],
          [
            -73.9573698,
            40.8215679
          ],
          [
            -73.957155,
            40.8216924
          ],
          [
            -73.9570463,
            40.8218257
          ],
          [
            -73.9569904,
            40.8218019
          ],
          [
            -73.9569647,
            40.8218501
          ],
          [
            -73.9569302,
            40.8218809
          ],
          [
            -73.9568776,
            40.8218953
          ],
          [
            -73.9568391,
            40.8219035
          ],
          [
            -73.9566338,
            40.8222119
          ],
          [
            -73.9565641,
            40.8222846
          ],
          [
            -73.9563391,
            40.8225145
          ],
          [
            -73.9561604,
            40.8226698
          ],
          [
            -73.9560277,
            40.8228492
          ],
          [
            -73.955944,
            40.8229664
          ],
          [
            -73.955869,
            40.8229304
          ],
          [
            -73.9558327,
            40.8229978
          ],
          [
            -73.9557438,
            40.8229693
          ],
          [
            -73.9556565,
            40.8229413
          ],
          [
            -73.9553927,
            40.8234352
          ],
          [
            -73.9553728,
            40.8234725
          ],
          [
            -73.9553367,
            40.8235401
          ],
          [
            -73.9553166,
            40.8235872
          ],
          [
            -73.9552907,
            40.8236481
          ],
          [
            -73.9551906,
            40.8237311
          ],
          [
            -73.95483,
            40.824126
          ],
          [
            -73.954347,
            40.824739
          ],
          [
            -73.954299,
            40.8247188
          ],
          [
            -73.9542263,
            40.8247833
          ],
          [
            -73.9536914,
            40.8252247
          ],
          [
            -73.953615,
            40.8252723
          ],
          [
            -73.9535491,
            40.8253133
          ],
          [
            -73.9533592,
            40.8254133
          ],
          [
            -73.9532078,
            40.8255
          ],
          [
            -73.9531069,
            40.8255758
          ],
          [
            -73.9530414,
            40.8256305
          ],
          [
            -73.952944,
            40.8257249
          ],
          [
            -73.9529047,
            40.8257741
          ],
          [
            -73.9528603,
            40.8258298
          ],
          [
            -73.9524477,
            40.8263335
          ],
          [
            -73.9524332,
            40.8263496
          ],
          [
            -73.9524024,
            40.8263832
          ],
          [
            -73.9523525,
            40.8264308
          ],
          [
            -73.9523428,
            40.8264408
          ],
          [
            -73.9523331,
            40.8264541
          ],
          [
            -73.9519502,
            40.8269321
          ],
          [
            -73.9519314,
            40.8269561
          ],
          [
            -73.9518659,
            40.827033
          ],
          [
            -73.9517907,
            40.8271213
          ],
          [
            -73.9517751,
            40.8271358
          ],
          [
            -73.9517173,
            40.8271893
          ],
          [
            -73.9515526,
            40.827317
          ],
          [
            -73.9513358,
            40.8274829
          ],
          [
            -73.9512405,
            40.8275869
          ],
          [
            -73.9512263,
            40.8275988
          ],
          [
            -73.951203,
            40.8276279
          ],
          [
            -73.9511631,
            40.8276748
          ],
          [
            -73.9511566,
            40.8276835
          ],
          [
            -73.9501112,
            40.8272535
          ],
          [
            -73.9497331,
            40.8277589
          ],
          [
            -73.9497176,
            40.8277804
          ],
          [
            -73.9496934,
            40.8278105
          ],
          [
            -73.9496641,
            40.8278488
          ],
          [
            -73.9496475,
            40.8278714
          ],
          [
            -73.9492688,
            40.828389
          ],
          [
            -73.9492579,
            40.8284063
          ],
          [
            -73.9492404,
            40.8284356
          ],
          [
            -73.9492139,
            40.8284781
          ],
          [
            -73.9492026,
            40.828494
          ],
          [
            -73.9488344,
            40.8290115
          ],
          [
            -73.9487929,
            40.8290686
          ],
          [
            -73.9487514,
            40.8291258
          ],
          [
            -73.9483808,
            40.8296281
          ],
          [
            -73.948344,
            40.8296881
          ],
          [
            -73.9483076,
            40.8297474
          ],
          [
            -73.9479277,
            40.8302535
          ],
          [
            -73.9478923,
            40.8303041
          ],
          [
            -73.9478486,
            40.8303665
          ],
          [
            -73.9474673,
            40.8308663
          ],
          [
            -73.9474772,
            40.8308848
          ],
          [
            -73.9474322,
            40.8309349
          ],
          [
            -73.9473944,
            40.8309838
          ],
          [
            -73.9473649,
            40.830981
          ],
          [
            -73.947248,
            40.8311423
          ],
          [
            -73.9471271,
            40.8313207
          ],
          [
            -73.947008,
            40.8314989
          ],
          [
            -73.9469901,
            40.8315246
          ],
          [
            -73.9469684,
            40.8315603
          ],
          [
            -73.9469445,
            40.8315996
          ],
          [
            -73.9469325,
            40.8316163
          ],
          [
            -73.9463779,
            40.8323857
          ],
          [
            -73.9461785,
            40.8326669
          ],
          [
            -73.9460915,
            40.8327606
          ],
          [
            -73.9460766,
            40.832784
          ],
          [
            -73.9460256,
            40.832852
          ],
          [
            -73.946007,
            40.8328753
          ],
          [
            -73.9459434,
            40.8329445
          ],
          [
            -73.9455669,
            40.8334726
          ],
          [
            -73.9455567,
            40.8334866
          ],
          [
            -73.9455279,
            40.8335263
          ],
          [
            -73.9455023,
            40.8335624
          ],
          [
            -73.9454845,
            40.8335863
          ],
          [
            -73.9454369,
            40.8336376
          ],
          [
            -73.9453915,
            40.8337979
          ],
          [
            -73.9453711,
            40.8338003
          ],
          [
            -73.9453291,
            40.8338073
          ],
          [
            -73.9452715,
            40.8338159
          ],
          [
            -73.9450969,
            40.8340771
          ],
          [
            -73.9450851,
            40.8341182
          ],
          [
            -73.9450701,
            40.8341548
          ],
          [
            -73.9450549,
            40.8341917
          ],
          [
            -73.9450408,
            40.8342078
          ],
          [
            -73.9446695,
            40.8347135
          ],
          [
            -73.9446622,
            40.834729
          ],
          [
            -73.944629,
            40.8347694
          ],
          [
            -73.9446006,
            40.8348129
          ],
          [
            -73.9445876,
            40.8348311
          ],
          [
            -73.944227,
            40.8353321
          ],
          [
            -73.9442086,
            40.8353567
          ],
          [
            -73.9441791,
            40.8354006
          ],
          [
            -73.9441427,
            40.8354504
          ],
          [
            -73.9441283,
            40.8354733
          ],
          [
            -73.9437503,
            40.8359713
          ],
          [
            -73.9437381,
            40.8359875
          ],
          [
            -73.9437151,
            40.8360238
          ],
          [
            -73.9436892,
            40.8360632
          ],
          [
            -73.943675,
            40.8360835
          ],
          [
            -73.9433155,
            40.8365867
          ],
          [
            -73.9433014,
            40.8366071
          ],
          [
            -73.9432693,
            40.8366482
          ],
          [
            -73.9432408,
            40.836688
          ],
          [
            -73.9432248,
            40.8367095
          ],
          [
            -73.9428542,
            40.8372079
          ],
          [
            -73.9428378,
            40.8372312
          ],
          [
            -73.9428049,
            40.8372781
          ],
          [
            -73.9427806,
            40.8373127
          ],
          [
            -73.9427681,
            40.8373304
          ],
          [
            -73.9423792,
            40.8378318
          ],
          [
            -73.9423645,
            40.8378502
          ],
          [
            -73.9423373,
            40.8378868
          ],
          [
            -73.9423054,
            40.8379297
          ],
          [
            -73.9422939,
            40.8379448
          ],
          [
            -73.9419315,
            40.8384559
          ],
          [
            -73.9419138,
            40.8384814
          ],
          [
            -73.9418889,
            40.8385149
          ],
          [
            -73.9418603,
            40.8385544
          ],
          [
            -73.9418437,
            40.8385775
          ],
          [
            -73.9413983,
            40.8392139
          ],
          [
            -73.941379,
            40.8392414
          ],
          [
            -73.9413489,
            40.8392808
          ],
          [
            -73.9413002,
            40.8393391
          ],
          [
            -73.9412791,
            40.8393659
          ],
          [
            -73.941052,
            40.8396701
          ],
          [
            -73.9408729,
            40.83991
          ],
          [
            -73.9407769,
            40.8400467
          ],
          [
            -73.9404218,
            40.8405238
          ],
          [
            -73.9402755,
            40.8407154
          ],
          [
            -73.9400072,
            40.8410948
          ],
          [
            -73.9399907,
            40.841114
          ],
          [
            -73.9399598,
            40.841163
          ],
          [
            -73.9399217,
            40.8412192
          ],
          [
            -73.9399068,
            40.8412394
          ],
          [
            -73.9395577,
            40.8417118
          ],
          [
            -73.939546,
            40.8417276
          ],
          [
            -73.9395125,
            40.8417695
          ],
          [
            -73.9394877,
            40.8418086
          ],
          [
            -73.9394754,
            40.8418244
          ],
          [
            -73.93943,
            40.8418827
          ],
          [
            -73.9393857,
            40.8423946
          ],
          [
            -73.9393853,
            40.8424069
          ],
          [
            -73.9393848,
            40.8424192
          ],
          [
            -73.9393844,
            40.8424305
          ],
          [
            -73.9393818,
            40.8425008
          ],
          [
            -73.9393815,
            40.8425605
          ],
          [
            -73.9393802,
            40.8425792
          ],
          [
            -73.9393361,
            40.8432113
          ],
          [
            -73.9393318,
            40.8432391
          ],
          [
            -73.9393247,
            40.8432851
          ],
          [
            -73.939316,
            40.8433416
          ],
          [
            -73.9393126,
            40.8433635
          ],
          [
            -73.9391792,
            40.8439387
          ],
          [
            -73.9391733,
            40.8439601
          ],
          [
            -73.9391608,
            40.8440056
          ],
          [
            -73.9391483,
            40.8440521
          ],
          [
            -73.9391416,
            40.8440767
          ],
          [
            -73.9390183,
            40.8446671
          ],
          [
            -73.9390122,
            40.8446904
          ],
          [
            -73.9390003,
            40.8447357
          ],
          [
            -73.9389887,
            40.84478
          ],
          [
            -73.9389814,
            40.8448082
          ],
          [
            -73.9388486,
            40.8453915
          ],
          [
            -73.9388401,
            40.8454202
          ],
          [
            -73.9388285,
            40.8454593
          ],
          [
            -73.9388141,
            40.8455077
          ],
          [
            -73.9388077,
            40.8455295
          ],
          [
            -73.9386063,
            40.8461801
          ],
          [
            -73.9385991,
            40.8462034
          ],
          [
            -73.9385925,
            40.8462414
          ],
          [
            -73.9385784,
            40.8462848
          ],
          [
            -73.938572,
            40.8463051
          ],
          [
            -73.9383933,
            40.8468722
          ],
          [
            -73.9383866,
            40.8468947
          ],
          [
            -73.938374,
            40.8469374
          ],
          [
            -73.9383615,
            40.8469795
          ],
          [
            -73.9383557,
            40.846999
          ],
          [
            -73.9382003,
            40.8475224
          ],
          [
            -73.938195,
            40.8475406
          ],
          [
            -73.9381837,
            40.8475771
          ],
          [
            -73.9381712,
            40.8476235
          ],
          [
            -73.9381633,
            40.8476452
          ],
          [
            -73.9381033,
            40.8478105
          ],
          [
            -73.9380122,
            40.8480152
          ],
          [
            -73.9378708,
            40.848348
          ],
          [
            -73.9378618,
            40.8483692
          ],
          [
            -73.9378374,
            40.848417
          ],
          [
            -73.9378063,
            40.8484759
          ],
          [
            -73.937789,
            40.8484721
          ],
          [
            -73.9377766,
            40.848484
          ],
          [
            -73.9373053,
            40.8489292
          ],
          [
            -73.9372861,
            40.8489466
          ],
          [
            -73.9372341,
            40.8489854
          ],
          [
            -73.9371882,
            40.8490196
          ],
          [
            -73.9371708,
            40.8490347
          ],
          [
            -73.9366019,
            40.8495282
          ],
          [
            -73.9365829,
            40.8495447
          ],
          [
            -73.936544,
            40.8495805
          ],
          [
            -73.9365049,
            40.849617
          ],
          [
            -73.9364835,
            40.8496361
          ],
          [
            -73.9359036,
            40.8501523
          ],
          [
            -73.93589,
            40.8501768
          ],
          [
            -73.9358662,
            40.8502323
          ],
          [
            -73.9358436,
            40.8502852
          ],
          [
            -73.935832,
            40.850308
          ],
          [
            -73.9355992,
            40.8507666
          ],
          [
            -73.935456,
            40.851046
          ],
          [
            -73.9353878,
            40.8511785
          ],
          [
            -73.9353568,
            40.8512388
          ],
          [
            -73.9352638,
            40.8514215
          ],
          [
            -73.9351814,
            40.8515838
          ],
          [
            -73.9349445,
            40.8520477
          ],
          [
            -73.9349357,
            40.8520648
          ],
          [
            -73.9349182,
            40.8521005
          ],
          [
            -73.9348907,
            40.8521504
          ],
          [
            -73.9348807,
            40.8521702
          ],
          [
            -73.9346192,
            40.8526886
          ],
          [
            -73.934546,
            40.852833
          ],
          [
            -73.9344925,
            40.8529386
          ],
          [
            -73.9343618,
            40.8531849
          ],
          [
            -73.934353,
            40.8532016
          ],
          [
            -73.9343331,
            40.8532416
          ],
          [
            -73.9343118,
            40.8532845
          ],
          [
            -73.9343003,
            40.8533061
          ],
          [
            -73.9342593,
            40.8533834
          ],
          [
            -73.9341852,
            40.8535269
          ],
          [
            -73.9341046,
            40.8536828
          ],
          [
            -73.9338828,
            40.8541318
          ],
          [
            -73.933871,
            40.8541556
          ],
          [
            -73.9338538,
            40.8541916
          ],
          [
            -73.9338296,
            40.8542424
          ],
          [
            -73.9338206,
            40.8542694
          ],
          [
            -73.9334782,
            40.8552922
          ],
          [
            -73.9334802,
            40.8553194
          ],
          [
            -73.9334585,
            40.855375
          ],
          [
            -73.9334464,
            40.855406
          ],
          [
            -73.9334435,
            40.8554257
          ],
          [
            -73.9333498,
            40.8556784
          ],
          [
            -73.933084,
            40.8561785
          ],
          [
            -73.9330744,
            40.8561962
          ],
          [
            -73.9329265,
            40.8564813
          ],
          [
            -73.9329157,
            40.8565023
          ],
          [
            -73.9328947,
            40.856546
          ],
          [
            -73.9328726,
            40.8565922
          ],
          [
            -73.9328594,
            40.856613
          ],
          [
            -73.9328251,
            40.8566792
          ],
          [
            -73.9327422,
            40.8568354
          ],
          [
            -73.932221,
            40.8578197
          ],
          [
            -73.9322082,
            40.8578439
          ],
          [
            -73.9321905,
            40.857883
          ],
          [
            -73.9321693,
            40.8579299
          ],
          [
            -73.9321571,
            40.8579521
          ],
          [
            -73.9319893,
            40.8582578
          ],
          [
            -73.9319273,
            40.8583743
          ],
          [
            -73.9318895,
            40.8584453
          ],
          [
            -73.9317951,
            40.8586271
          ],
          [
            -73.9317079,
            40.8587949
          ],
          [
            -73.9316307,
            40.8589521
          ],
          [
            -73.9315491,
            40.8591652
          ],
          [
            -73.9314804,
            40.8593207
          ],
          [
            -73.9314707,
            40.8593476
          ],
          [
            -73.931462,
            40.8593709
          ],
          [
            -73.9314426,
            40.8594224
          ],
          [
            -73.9314371,
            40.8594432
          ],
          [
            -73.9314183,
            40.8594799
          ],
          [
            -73.9309345,
            40.8606448
          ],
          [
            -73.9309312,
            40.8606528
          ],
          [
            -73.9308732,
            40.8607521
          ],
          [
            -73.9308693,
            40.8607589
          ],
          [
            -73.9307581,
            40.8609542
          ],
          [
            -73.9305358,
            40.8613221
          ],
          [
            -73.9303764,
            40.861593
          ],
          [
            -73.9302856,
            40.8617399
          ],
          [
            -73.9301695,
            40.8620422
          ],
          [
            -73.9301141,
            40.8622388
          ],
          [
            -73.9300902,
            40.8625349
          ],
          [
            -73.9301101,
            40.8626789
          ],
          [
            -73.930163,
            40.863064
          ],
          [
            -73.9301892,
            40.8632989
          ],
          [
            -73.930185,
            40.8633245
          ],
          [
            -73.9301802,
            40.8633541
          ],
          [
            -73.9301114,
            40.8635412
          ],
          [
            -73.9299818,
            40.8637992
          ],
          [
            -73.9296576,
            40.8641904
          ],
          [
            -73.9294606,
            40.8643815
          ],
          [
            -73.929233,
            40.864569
          ],
          [
            -73.9291886,
            40.8646031
          ],
          [
            -73.9290352,
            40.8647226
          ],
          [
            -73.9289299,
            40.8647849
          ],
          [
            -73.9287266,
            40.8648997
          ],
          [
            -73.9282884,
            40.8651302
          ],
          [
            -73.9281272,
            40.8652149
          ],
          [
            -73.9279083,
            40.865329
          ],
          [
            -73.9280238,
            40.8654429
          ],
          [
            -73.9281593,
            40.8653787
          ],
          [
            -73.9282997,
            40.8653369
          ],
          [
            -73.9283945,
            40.8653194
          ],
          [
            -73.9286125,
            40.865279
          ],
          [
            -73.9286767,
            40.8652672
          ],
          [
            -73.9287428,
            40.8652561
          ],
          [
            -73.928757,
            40.8652537
          ],
          [
            -73.9287653,
            40.8652524
          ],
          [
            -73.9287878,
            40.8652486
          ],
          [
            -73.9288097,
            40.8653048
          ],
          [
            -73.9290436,
            40.8653259
          ],
          [
            -73.9292311,
            40.8653429
          ],
          [
            -73.9292634,
            40.8653238
          ],
          [
            -73.9292616,
            40.8653008
          ],
          [
            -73.929273,
            40.8652881
          ],
          [
            -73.9292574,
            40.8652274
          ],
          [
            -73.929267,
            40.8652121
          ],
          [
            -73.9292574,
            40.8652274
          ],
          [
            -73.929273,
            40.8652881
          ],
          [
            -73.9292616,
            40.8653008
          ],
          [
            -73.9292634,
            40.8653238
          ],
          [
            -73.9292311,
            40.8653429
          ],
          [
            -73.9290436,
            40.8653259
          ],
          [
            -73.9288097,
            40.8653048
          ],
          [
            -73.9287878,
            40.8652486
          ],
          [
            -73.9287653,
            40.8652524
          ],
          [
            -73.928757,
            40.8652537
          ],
          [
            -73.9287428,
            40.8652561
          ],
          [
            -73.9286767,
            40.8652672
          ],
          [
            -73.9286125,
            40.865279
          ],
          [
            -73.9283945,
            40.8653194
          ],
          [
            -73.9282997,
            40.8653369
          ],
          [
            -73.9281593,
            40.8653787
          ],
          [
            -73.9280238,
            40.8654429
          ]
        ]
      }
    },
    {
      "type": "Feature",
      "properties": {
        "scenario": "Inwood - Dyckman St | 8.0mi | out_and_back | moderate | amenity",
        "shape": "out_and_back",
        "target_miles": 8.0,
        "distance_m": 12872.132649688378,
        "candidate_index": 4
      },
      "geometry": {
        "type": "LineString",
        "coordinates": [
          [
            -73.9280238,
            40.8654429
          ],
          [
            -73.9281593,
            40.8653787
          ],
          [
            -73.9282997,
            40.8653369
          ],
          [
            -73.9283945,
            40.8653194
          ],
          [
            -73.9286125,
            40.865279
          ],
          [
            -73.9286767,
            40.8652672
          ],
          [
            -73.9286634,
            40.8651991
          ],
          [
            -73.9287155,
            40.8651726
          ],
          [
            -73.9286634,
            40.8651991
          ],
          [
            -73.9286767,
            40.8652672
          ],
          [
            -73.9286125,
            40.865279
          ],
          [
            -73.9283945,
            40.8653194
          ],
          [
            -73.9282997,
            40.8653369
          ],
          [
            -73.9281593,
            40.8653787
          ],
          [
            -73.9280238,
            40.8654429
          ],
          [
            -73.9279083,
            40.865329
          ],
          [
            -73.9281272,
            40.8652149
          ],
          [
            -73.9282884,
            40.8651302
          ],
          [
            -73.9287266,
            40.8648997
          ],
          [
            -73.9289299,
            40.8647849
          ],
          [
            -73.9290352,
            40.8647226
          ],
          [
            -73.9290243,
            40.8647087
          ],
          [
            -73.9289665,
            40.8646215
          ],
          [
            -73.9289166,
            40.8645463
          ],
          [
            -73.9288996,
            40.8645236
          ],
          [
            -73.9290762,
            40.8643694
          ],
          [
            -73.9293105,
            40.8641676
          ],
          [
            -73.9295992,
            40.8638737
          ],
          [
            -73.9297413,
            40.8636925
          ],
          [
            -73.9298366,
            40.863487
          ],
          [
            -73.9298469,
            40.8634625
          ],
          [
            -73.9298727,
            40.8634053
          ],
          [
            -73.9298941,
            40.8633579
          ],
          [
            -73.9298995,
            40.863334
          ],
          [
            -73.9298887,
            40.8631523
          ],
          [
            -73.9298751,
            40.8629806
          ],
          [
            -73.9298668,
            40.8628761
          ],
          [
            -73.9298396,
            40.8627084
          ],
          [
            -73.9297966,
            40.8625066
          ],
          [
            -73.9297507,
            40.8624605
          ],
          [
            -73.9297761,
            40.8624418
          ],
          [
            -73.9298048,
            40.8624191
          ],
          [
            -73.9298324,
            40.8623992
          ],
          [
            -73.9298356,
            40.8623788
          ],
          [
            -73.9298515,
            40.8622743
          ],
          [
            -73.9298558,
            40.8622464
          ],
          [
            -73.929857,
            40.8622239
          ],
          [
            -73.9298608,
            40.8621511
          ],
          [
            -73.9298629,
            40.8621119
          ],
          [
            -73.9298654,
            40.8620801
          ],
          [
            -73.9298733,
            40.8620246
          ],
          [
            -73.9298848,
            40.8619672
          ],
          [
            -73.9299069,
            40.8618983
          ],
          [
            -73.92994,
            40.8618022
          ],
          [
            -73.9301765,
            40.8613758
          ],
          [
            -73.9306046,
            40.8606676
          ],
          [
            -73.930615,
            40.8606505
          ],
          [
            -73.9306397,
            40.8606013
          ],
          [
            -73.9306524,
            40.860576
          ],
          [
            -73.9306637,
            40.8605568
          ],
          [
            -73.9307553,
            40.8604006
          ],
          [
            -73.9308487,
            40.860185
          ],
          [
            -73.9309759,
            40.8598873
          ],
          [
            -73.9310661,
            40.8596741
          ],
          [
            -73.9310771,
            40.8596027
          ],
          [
            -73.9311447,
            40.8594863
          ],
          [
            -73.9311741,
            40.8594122
          ],
          [
            -73.9311788,
            40.8593955
          ],
          [
            -73.9311946,
            40.8593214
          ],
          [
            -73.9312057,
            40.8592692
          ],
          [
            -73.9312161,
            40.8592396
          ],
          [
            -73.9312277,
            40.8591884
          ],
          [
            -73.9312315,
            40.8591582
          ],
          [
            -73.931236,
            40.8591233
          ],
          [
            -73.9312457,
            40.8590902
          ],
          [
            -73.9312485,
            40.8590849
          ],
          [
            -73.9316614,
            40.8582896
          ],
          [
            -73.9316699,
            40.8582739
          ],
          [
            -73.9316921,
            40.8582329
          ],
          [
            -73.9317106,
            40.8581989
          ],
          [
            -73.9317223,
            40.8581768
          ],
          [
            -73.9318851,
            40.8578668
          ],
          [
            -73.9319511,
            40.857737
          ],
          [
            -73.9324746,
            40.856748
          ],
          [
            -73.9324817,
            40.8567346
          ],
          [
            -73.9325079,
            40.8566829
          ],
          [
            -73.9325332,
            40.8566331
          ],
          [
            -73.9325431,
            40.8566138
          ],
          [
            -73.9326357,
            40.8564349
          ],
          [
            -73.9329582,
            40.8558338
          ],
          [
            -73.9330944,
            40.8555739
          ],
          [
            -73.9331577,
            40.8553802
          ],
          [
            -73.9331975,
            40.8552585
          ],
          [
            -73.933535,
            40.8542282
          ],
          [
            -73.9335425,
            40.8542054
          ],
          [
            -73.9335694,
            40.8541399
          ],
          [
            -73.9335901,
            40.8540894
          ],
          [
            -73.9336039,
            40.8540632
          ],
          [
            -73.9339532,
            40.8533973
          ],
          [
            -73.9340432,
            40.8532174
          ],
          [
            -73.9340966,
            40.8531106
          ],
          [
            -73.9342705,
            40.8527543
          ],
          [
            -73.9342824,
            40.8527299
          ],
          [
            -73.9343129,
            40.8526788
          ],
          [
            -73.9343401,
            40.8526178
          ],
          [
            -73.9343533,
            40.8525918
          ],
          [
            -73.9346082,
            40.8520887
          ],
          [
            -73.9346178,
            40.8520697
          ],
          [
            -73.9346542,
            40.8520093
          ],
          [
            -73.9346653,
            40.8519911
          ],
          [
            -73.9346769,
            40.851968
          ],
          [
            -73.9349221,
            40.8514774
          ],
          [
            -73.9349311,
            40.8514593
          ],
          [
            -73.9349705,
            40.8513868
          ],
          [
            -73.9349915,
            40.8513421
          ],
          [
            -73.9350045,
            40.8513167
          ],
          [
            -73.9352739,
            40.850794
          ],
          [
            -73.9352785,
            40.8507802
          ],
          [
            -73.9353082,
            40.8507263
          ],
          [
            -73.9353199,
            40.8507028
          ],
          [
            -73.9353336,
            40.8506761
          ],
          [
            -73.9355721,
            40.8502051
          ],
          [
            -73.9355835,
            40.8501827
          ],
          [
            -73.9356068,
            40.8501265
          ],
          [
            -73.9356376,
            40.8500544
          ],
          [
            -73.9356603,
            40.8500336
          ],
          [
            -73.935932,
            40.8497836
          ],
          [
            -73.9362042,
            40.8495372
          ],
          [
            -73.936229,
            40.8495148
          ],
          [
            -73.9362658,
            40.8494845
          ],
          [
            -73.9363025,
            40.8494542
          ],
          [
            -73.9363235,
            40.8494356
          ],
          [
            -73.9368338,
            40.8489771
          ],
          [
            -73.9368497,
            40.8489627
          ],
          [
            -73.9368957,
            40.8489192
          ],
          [
            -73.9369286,
            40.8488883
          ],
          [
            -73.9369426,
            40.848875
          ],
          [
            -73.9374588,
            40.8484051
          ],
          [
            -73.9374685,
            40.8483903
          ],
          [
            -73.9375238,
            40.8483423
          ],
          [
            -73.9375656,
            40.8482974
          ],
          [
            -73.9375879,
            40.8482767
          ],
          [
            -73.9378246,
            40.8477313
          ],
          [
            -73.937833,
            40.847712
          ],
          [
            -73.9378498,
            40.8476592
          ],
          [
            -73.9378618,
            40.8476274
          ],
          [
            -73.937872,
            40.8475953
          ],
          [
            -73.9380567,
            40.8470188
          ],
          [
            -73.9380655,
            40.8469954
          ],
          [
            -73.9380775,
            40.8469528
          ],
          [
            -73.9380919,
            40.8469016
          ],
          [
            -73.9380976,
            40.8468838
          ],
          [
            -73.9382888,
            40.8462626
          ],
          [
            -73.9383141,
            40.8461804
          ],
          [
            -73.9383295,
            40.8461304
          ],
          [
            -73.9385241,
            40.8454985
          ],
          [
            -73.9385344,
            40.8454642
          ],
          [
            -73.9385504,
            40.8454111
          ],
          [
            -73.9385609,
            40.8453762
          ],
          [
            -73.9385676,
            40.845354
          ],
          [
            -73.9385961,
            40.8452478
          ],
          [
            -73.9386304,
            40.8451197
          ],
          [
            -73.9387326,
            40.8447382
          ],
          [
            -73.9387362,
            40.8447168
          ],
          [
            -73.9387468,
            40.844654
          ],
          [
            -73.9387559,
            40.8445997
          ],
          [
            -73.9387608,
            40.8445708
          ],
          [
            -73.9388761,
            40.8439559
          ],
          [
            -73.9388819,
            40.8439336
          ],
          [
            -73.9388941,
            40.8438867
          ],
          [
            -73.9389049,
            40.8438455
          ],
          [
            -73.938911,
            40.843822
          ],
          [
            -73.9389715,
            40.8435584
          ],
          [
            -73.9390424,
            40.8432498
          ],
          [
            -73.9390441,
            40.8432249
          ],
          [
            -73.9390481,
            40.8431682
          ],
          [
            -73.9390518,
            40.8431159
          ],
          [
            -73.9390531,
            40.8430966
          ],
          [
            -73.9391131,
            40.8424609
          ],
          [
            -73.939115,
            40.8424374
          ],
          [
            -73.9391162,
            40.8424119
          ],
          [
            -73.9391174,
            40.8423864
          ],
          [
            -73.9391196,
            40.8423586
          ],
          [
            -73.9391218,
            40.8423308
          ],
          [
            -73.9391227,
            40.8423197
          ],
          [
            -73.9391257,
            40.8422791
          ],
          [
            -73.9391196,
            40.8419836
          ],
          [
            -73.9391578,
            40.8419095
          ],
          [
            -73.9391604,
            40.8418721
          ],
          [
            -73.9391645,
            40.8418125
          ],
          [
            -73.9392178,
            40.8417128
          ],
          [
            -73.9391901,
            40.8417007
          ],
          [
            -73.9391735,
            40.8416934
          ],
          [
            -73.93916,
            40.8416878
          ],
          [
            -73.9391667,
            40.8416653
          ],
          [
            -73.9391772,
            40.8416189
          ],
          [
            -73.9391874,
            40.8415731
          ],
          [
            -73.9391933,
            40.8415518
          ],
          [
            -73.9393496,
            40.8409947
          ],
          [
            -73.939355,
            40.8409758
          ],
          [
            -73.9393717,
            40.840913
          ],
          [
            -73.9393906,
            40.8408561
          ],
          [
            -73.9393982,
            40.840827
          ],
          [
            -73.9395406,
            40.8402914
          ],
          [
            -73.9395477,
            40.8402651
          ],
          [
            -73.9395623,
            40.8402109
          ],
          [
            -73.9395718,
            40.8401774
          ],
          [
            -73.9395756,
            40.8401629
          ],
          [
            -73.9397266,
            40.839601
          ],
          [
            -73.9397323,
            40.8395757
          ],
          [
            -73.9397466,
            40.8395113
          ],
          [
            -73.9397587,
            40.8394571
          ],
          [
            -73.9397645,
            40.839437
          ],
          [
            -73.9397073,
            40.8388155
          ],
          [
            -73.9397076,
            40.8387544
          ],
          [
            -73.9397005,
            40.8387098
          ],
          [
            -73.9398419,
            40.8386617
          ],
          [
            -73.9398455,
            40.8385135
          ],
          [
            -73.9398575,
            40.8384352
          ],
          [
            -73.93986,
            40.8384189
          ],
          [
            -73.9399035,
            40.8381898
          ],
          [
            -73.9399302,
            40.8380495
          ],
          [
            -73.9399789,
            40.8377935
          ],
          [
            -73.939994,
            40.837714
          ],
          [
            -73.9400085,
            40.8376528
          ],
          [
            -73.9401239,
            40.837035
          ],
          [
            -73.9401365,
            40.8369673
          ],
          [
            -73.9401287,
            40.8368944
          ],
          [
            -73.9400641,
            40.8362906
          ],
          [
            -73.9400362,
            40.8361153
          ],
          [
            -73.9399863,
            40.8358917
          ],
          [
            -73.9399834,
            40.8358785
          ],
          [
            -73.9398835,
            40.8358221
          ],
          [
            -73.9397975,
            40.8357792
          ],
          [
            -73.9397604,
            40.8357605
          ],
          [
            -73.9397818,
            40.8357278
          ],
          [
            -73.9398011,
            40.8357012
          ],
          [
            -73.9397413,
            40.835676
          ],
          [
            -73.9397277,
            40.8356298
          ],
          [
            -73.9397539,
            40.8356196
          ],
          [
            -73.9397775,
            40.8356016
          ],
          [
            -73.9397861,
            40.8355796
          ],
          [
            -73.9397882,
            40.835558
          ],
          [
            -73.9397338,
            40.8352806
          ],
          [
            -73.9397352,
            40.8352622
          ],
          [
            -73.9397416,
            40.8351698
          ],
          [
            -73.9397872,
            40.8350754
          ],
          [
            -73.93986,
            40.834918
          ],
          [
            -73.9400164,
            40.8345637
          ],
          [
            -73.940048,
            40.8344923
          ],
          [
            -73.9400741,
            40.8344332
          ],
          [
            -73.9403266,
            40.8338615
          ],
          [
            -73.94036,
            40.833786
          ],
          [
            -73.9403844,
            40.8337286
          ],
          [
            -73.9406224,
            40.8331698
          ],
          [
            -73.940653,
            40.833098
          ],
          [
            -73.9406709,
            40.8330409
          ],
          [
            -73.9408558,
            40.8324537
          ],
          [
            -73.9408792,
            40.8323747
          ],
          [
            -73.9408993,
            40.8323137
          ],
          [
            -73.9409759,
            40.8320757
          ],
          [
            -73.9410137,
            40.8319588
          ],
          [
            -73.9410779,
            40.8317605
          ],
          [
            -73.9411243,
            40.831617
          ],
          [
            -73.9411272,
            40.8316081
          ],
          [
            -73.9412136,
            40.8313508
          ],
          [
            -73.9413327,
            40.8309961
          ],
          [
            -73.941368,
            40.830891
          ],
          [
            -73.9414116,
            40.8307845
          ],
          [
            -73.9415,
            40.8305684
          ],
          [
            -73.9416494,
            40.8302031
          ],
          [
            -73.941667,
            40.83016
          ],
          [
            -73.9416948,
            40.8300879
          ],
          [
            -73.9418535,
            40.8296773
          ],
          [
            -73.9419219,
            40.8295002
          ],
          [
            -73.9419307,
            40.8294775
          ],
          [
            -73.9419432,
            40.8294451
          ],
          [
            -73.9419663,
            40.8293829
          ],
          [
            -73.9420124,
            40.8292591
          ],
          [
            -73.9420399,
            40.829193
          ],
          [
            -73.9421149,
            40.8290059
          ],
          [
            -73.9421961,
            40.828805
          ],
          [
            -73.942224,
            40.828736
          ],
          [
            -73.9422606,
            40.8286455
          ],
          [
            -73.9424773,
            40.8281091
          ],
          [
            -73.9425031,
            40.8280452
          ],
          [
            -73.9425315,
            40.8279768
          ],
          [
            -73.9425429,
            40.8279494
          ],
          [
            -73.9425935,
            40.8278211
          ],
          [
            -73.9427414,
            40.8274463
          ],
          [
            -73.942756,
            40.8274129
          ],
          [
            -73.9427817,
            40.8273441
          ],
          [
            -73.9428043,
            40.8272872
          ],
          [
            -73.9430315,
            40.8267144
          ],
          [
            -73.9430556,
            40.8266537
          ],
          [
            -73.9430834,
            40.8265901
          ],
          [
            -73.9431638,
            40.8264027
          ],
          [
            -73.9433352,
            40.8260229
          ],
          [
            -73.943357,
            40.825956
          ],
          [
            -73.9433964,
            40.8259021
          ],
          [
            -73.9435475,
            40.8256953
          ],
          [
            -73.943551,
            40.8256906
          ],
          [
            -73.9436124,
            40.8256064
          ],
          [
            -73.943774,
            40.8253854
          ],
          [
            -73.943813,
            40.825332
          ],
          [
            -73.9438628,
            40.8252632
          ],
          [
            -73.9437528,
            40.8251937
          ],
          [
            -73.944112,
            40.8247002
          ],
          [
            -73.9441737,
            40.8246154
          ],
          [
            -73.944558,
            40.8240899
          ],
          [
            -73.9446343,
            40.8239853
          ],
          [
            -73.9447042,
            40.8238893
          ],
          [
            -73.9448233,
            40.8236327
          ],
          [
            -73.9450585,
            40.8231326
          ],
          [
            -73.9453991,
            40.8224061
          ],
          [
            -73.9455963,
            40.8219749
          ],
          [
            -73.945759,
            40.8216342
          ],
          [
            -73.9459168,
            40.8212833
          ],
          [
            -73.9459542,
            40.8212101
          ],
          [
            -73.9459784,
            40.8211564
          ],
          [
            -73.9462443,
            40.8206082
          ],
          [
            -73.9462691,
            40.8205296
          ],
          [
            -73.9462861,
            40.8204761
          ],
          [
            -73.946549,
            40.8199141
          ],
          [
            -73.9461215,
            40.8197306
          ],
          [
            -73.9460216,
            40.8196884
          ],
          [
            -73.9459437,
            40.8196533
          ],
          [
            -73.9447737,
            40.8191639
          ],
          [
            -73.944643,
            40.8191094
          ],
          [
            -73.9445278,
            40.8190596
          ],
          [
            -73.9428124,
            40.8183375
          ],
          [
            -73.9419878,
            40.8179889
          ],
          [
            -73.9418826,
            40.8179441
          ],
          [
            -73.9417212,
            40.8178754
          ],
          [
            -73.9416217,
            40.8178331
          ],
          [
            -73.9413088,
            40.817701
          ],
          [
            -73.9391202,
            40.8167776
          ],
          [
            -73.9391591,
            40.8167281
          ],
          [
            -73.9390685,
            40.8166971
          ],
          [
            -73.9389307,
            40.8166504
          ],
          [
            -73.9388278,
            40.8166076
          ],
          [
            -73.9384836,
            40.8164644
          ],
          [
            -73.9378676,
            40.816208
          ],
          [
            -73.9371922,
            40.815927
          ],
          [
            -73.9378676,
            40.816208
          ],
          [
            -73.9384836,
            40.8164644
          ],
          [
            -73.9388278,
            40.8166076
          ],
          [
            -73.9389307,
            40.8166504
          ],
          [
            -73.9390685,
            40.8166971
          ],
          [
            -73.9391591,
            40.8167281
          ],
          [
            -73.9391202,
            40.8167776
          ],
          [
            -73.9413088,
            40.817701
          ],
          [
            -73.9416217,
            40.8178331
          ],
          [
            -73.9417212,
            40.8178754
          ],
          [
            -73.9418826,
            40.8179441
          ],
          [
            -73.9419878,
            40.8179889
          ],
          [
            -73.9428124,
            40.8183375
          ],
          [
            -73.9445278,
            40.8190596
          ],
          [
            -73.944643,
            40.8191094
          ],
          [
            -73.9447737,
            40.8191639
          ],
          [
            -73.9459437,
            40.8196533
          ],
          [
            -73.9460216,
            40.8196884
          ],
          [
            -73.9461215,
            40.8197306
          ],
          [
            -73.946549,
            40.8199141
          ],
          [
            -73.9462861,
            40.8204761
          ],
          [
            -73.9462691,
            40.8205296
          ],
          [
            -73.9462443,
            40.8206082
          ],
          [
            -73.9459784,
            40.8211564
          ],
          [
            -73.9459542,
            40.8212101
          ],
          [
            -73.9459168,
            40.8212833
          ],
          [
            -73.945759,
            40.8216342
          ],
          [
            -73.9455963,
            40.8219749
          ],
          [
            -73.9453991,
            40.8224061
          ],
          [
            -73.9450585,
            40.8231326
          ],
          [
            -73.9448233,
            40.8236327
          ],
          [
            -73.9447042,
            40.8238893
          ],
          [
            -73.9446343,
            40.8239853
          ],
          [
            -73.944558,
            40.8240899
          ],
          [
            -73.9441737,
            40.8246154
          ],
          [
            -73.944112,
            40.8247002
          ],
          [
            -73.9437528,
            40.8251937
          ],
          [
            -73.9438628,
            40.8252632
          ],
          [
            -73.943813,
            40.825332
          ],
          [
            -73.943774,
            40.8253854
          ],
          [
            -73.9436124,
            40.8256064
          ],
          [
            -73.943551,
            40.8256906
          ],
          [
            -73.9435475,
            40.8256953
          ],
          [
            -73.9433964,
            40.8259021
          ],
          [
            -73.943357,
            40.825956
          ],
          [
            -73.9433352,
            40.8260229
          ],
          [
            -73.9431638,
            40.8264027
          ],
          [
            -73.9430834,
            40.8265901
          ],
          [
            -73.9430556,
            40.8266537
          ],
          [
            -73.9430315,
            40.8267144
          ],
          [
            -73.9428043,
            40.8272872
          ],
          [
            -73.9427817,
            40.8273441
          ],
          [
            -73.942756,
            40.8274129
          ],
          [
            -73.9427414,
            40.8274463
          ],
          [
            -73.9425935,
            40.8278211
          ],
          [
            -73.9425429,
            40.8279494
          ],
          [
            -73.9425315,
            40.8279768
          ],
          [
            -73.9425031,
            40.8280452
          ],
          [
            -73.9424773,
            40.8281091
          ],
          [
            -73.9422606,
            40.8286455
          ],
          [
            -73.942224,
            40.828736
          ],
          [
            -73.9421961,
            40.828805
          ],
          [
            -73.9421149,
            40.8290059
          ],
          [
            -73.9420399,
            40.829193
          ],
          [
            -73.9420124,
            40.8292591
          ],
          [
            -73.9419663,
            40.8293829
          ],
          [
            -73.9419432,
            40.8294451
          ],
          [
            -73.9419307,
            40.8294775
          ],
          [
            -73.9419219,
            40.8295002
          ],
          [
            -73.9418535,
            40.8296773
          ],
          [
            -73.9416948,
            40.8300879
          ],
          [
            -73.941667,
            40.83016
          ],
          [
            -73.9416494,
            40.8302031
          ],
          [
            -73.9415,
            40.8305684
          ],
          [
            -73.9414116,
            40.8307845
          ],
          [
            -73.941368,
            40.830891
          ],
          [
            -73.9413327,
            40.8309961
          ],
          [
            -73.9412136,
            40.8313508
          ],
          [
            -73.9411272,
            40.8316081
          ],
          [
            -73.9411243,
            40.831617
          ],
          [
            -73.9410779,
            40.8317605
          ],
          [
            -73.9410137,
            40.8319588
          ],
          [
            -73.9409759,
            40.8320757
          ],
          [
            -73.9408993,
            40.8323137
          ],
          [
            -73.9408792,
            40.8323747
          ],
          [
            -73.9408558,
            40.8324537
          ],
          [
            -73.9406709,
            40.8330409
          ],
          [
            -73.940653,
            40.833098
          ],
          [
            -73.9406224,
            40.8331698
          ],
          [
            -73.9403844,
            40.8337286
          ],
          [
            -73.94036,
            40.833786
          ],
          [
            -73.9403266,
            40.8338615
          ],
          [
            -73.9400741,
            40.8344332
          ],
          [
            -73.940048,
            40.8344923
          ],
          [
            -73.9400164,
            40.8345637
          ],
          [
            -73.93986,
            40.834918
          ],
          [
            -73.9397872,
            40.8350754
          ],
          [
            -73.9397416,
            40.8351698
          ],
          [
            -73.9397352,
            40.8352622
          ],
          [
            -73.9397338,
            40.8352806
          ],
          [
            -73.9397882,
            40.835558
          ],
          [
            -73.9397861,
            40.8355796
          ],
          [
            -73.9397775,
            40.8356016
          ],
          [
            -73.9397539,
            40.8356196
          ],
          [
            -73.9397277,
            40.8356298
          ],
          [
            -73.9397413,
            40.835676
          ],
          [
            -73.9398011,
            40.8357012
          ],
          [
            -73.9397818,
            40.8357278
          ],
          [
            -73.9397604,
            40.8357605
          ],
          [
            -73.9397975,
            40.8357792
          ],
          [
            -73.9398835,
            40.8358221
          ],
          [
            -73.9399834,
            40.8358785
          ],
          [
            -73.9399863,
            40.8358917
          ],
          [
            -73.9400362,
            40.8361153
          ],
          [
            -73.9400641,
            40.8362906
          ],
          [
            -73.9401287,
            40.8368944
          ],
          [
            -73.9401365,
            40.8369673
          ],
          [
            -73.9401239,
            40.837035
          ],
          [
            -73.9400085,
            40.8376528
          ],
          [
            -73.939994,
            40.837714
          ],
          [
            -73.9399789,
            40.8377935
          ],
          [
            -73.9399302,
            40.8380495
          ],
          [
            -73.9399035,
            40.8381898
          ],
          [
            -73.93986,
            40.8384189
          ],
          [
            -73.9398575,
            40.8384352
          ],
          [
            -73.9398455,
            40.8385135
          ],
          [
            -73.9398419,
            40.8386617
          ],
          [
            -73.9397005,
            40.8387098
          ],
          [
            -73.9397076,
            40.8387544
          ],
          [
            -73.9397073,
            40.8388155
          ],
          [
            -73.9397645,
            40.839437
          ],
          [
            -73.9397587,
            40.8394571
          ],
          [
            -73.9397466,
            40.8395113
          ],
          [
            -73.9397323,
            40.8395757
          ],
          [
            -73.9397266,
            40.839601
          ],
          [
            -73.9395756,
            40.8401629
          ],
          [
            -73.9395718,
            40.8401774
          ],
          [
            -73.9395623,
            40.8402109
          ],
          [
            -73.9395477,
            40.8402651
          ],
          [
            -73.9395406,
            40.8402914
          ],
          [
            -73.9393982,
            40.840827
          ],
          [
            -73.9393906,
            40.8408561
          ],
          [
            -73.9393717,
            40.840913
          ],
          [
            -73.939355,
            40.8409758
          ],
          [
            -73.9393496,
            40.8409947
          ],
          [
            -73.9391933,
            40.8415518
          ],
          [
            -73.9391874,
            40.8415731
          ],
          [
            -73.9391772,
            40.8416189
          ],
          [
            -73.9391667,
            40.8416653
          ],
          [
            -73.93916,
            40.8416878
          ],
          [
            -73.9391735,
            40.8416934
          ],
          [
            -73.9391901,
            40.8417007
          ],
          [
            -73.9392178,
            40.8417128
          ],
          [
            -73.9391645,
            40.8418125
          ],
          [
            -73.9391604,
            40.8418721
          ],
          [
            -73.9391578,
            40.8419095
          ],
          [
            -73.9391196,
            40.8419836
          ],
          [
            -73.9391257,
            40.8422791
          ],
          [
            -73.9391227,
            40.8423197
          ],
          [
            -73.9391218,
            40.8423308
          ],
          [
            -73.9391196,
            40.8423586
          ],
          [
            -73.9391174,
            40.8423864
          ],
          [
            -73.9391162,
            40.8424119
          ],
          [
            -73.939115,
            40.8424374
          ],
          [
            -73.9391131,
            40.8424609
          ],
          [
            -73.9390531,
            40.8430966
          ],
          [
            -73.9390518,
            40.8431159
          ],
          [
            -73.9390481,
            40.8431682
          ],
          [
            -73.9390441,
            40.8432249
          ],
          [
            -73.9390424,
            40.8432498
          ],
          [
            -73.9389715,
            40.8435584
          ],
          [
            -73.938911,
            40.843822
          ],
          [
            -73.9389049,
            40.8438455
          ],
          [
            -73.9388941,
            40.8438867
          ],
          [
            -73.9388819,
            40.8439336
          ],
          [
            -73.9388761,
            40.8439559
          ],
          [
            -73.9387608,
            40.8445708
          ],
          [
            -73.9387559,
            40.8445997
          ],
          [
            -73.9387468,
            40.844654
          ],
          [
            -73.9387362,
            40.8447168
          ],
          [
            -73.9387326,
            40.8447382
          ],
          [
            -73.9386304,
            40.8451197
          ],
          [
            -73.9385961,
            40.8452478
          ],
          [
            -73.9385676,
            40.845354
          ],
          [
            -73.9385609,
            40.8453762
          ],
          [
            -73.9385504,
            40.8454111
          ],
          [
            -73.9385344,
            40.8454642
          ],
          [
            -73.9385241,
            40.8454985
          ],
          [
            -73.9383295,
            40.8461304
          ],
          [
            -73.9383141,
            40.8461804
          ],
          [
            -73.9382888,
            40.8462626
          ],
          [
            -73.9380976,
            40.8468838
          ],
          [
            -73.9380919,
            40.8469016
          ],
          [
            -73.9380775,
            40.8469528
          ],
          [
            -73.9380655,
            40.8469954
          ],
          [
            -73.9380567,
            40.8470188
          ],
          [
            -73.937872,
            40.8475953
          ],
          [
            -73.9378618,
            40.8476274
          ],
          [
            -73.9378498,
            40.8476592
          ],
          [
            -73.937833,
            40.847712
          ],
          [
            -73.9378246,
            40.8477313
          ],
          [
            -73.9375879,
            40.8482767
          ],
          [
            -73.9375656,
            40.8482974
          ],
          [
            -73.9375238,
            40.8483423
          ],
          [
            -73.9374685,
            40.8483903
          ],
          [
            -73.9374588,
            40.8484051
          ],
          [
            -73.9369426,
            40.848875
          ],
          [
            -73.9369286,
            40.8488883
          ],
          [
            -73.9368957,
            40.8489192
          ],
          [
            -73.9368497,
            40.8489627
          ],
          [
            -73.9368338,
            40.8489771
          ],
          [
            -73.9363235,
            40.8494356
          ],
          [
            -73.9363025,
            40.8494542
          ],
          [
            -73.9362658,
            40.8494845
          ],
          [
            -73.936229,
            40.8495148
          ],
          [
            -73.9362042,
            40.8495372
          ],
          [
            -73.935932,
            40.8497836
          ],
          [
            -73.9356603,
            40.8500336
          ],
          [
            -73.9356376,
            40.8500544
          ],
          [
            -73.9356068,
            40.8501265
          ],
          [
            -73.9355835,
            40.8501827
          ],
          [
            -73.9355721,
            40.8502051
          ],
          [
            -73.9353336,
            40.8506761
          ],
          [
            -73.9353199,
            40.8507028
          ],
          [
            -73.9353082,
            40.8507263
          ],
          [
            -73.9352785,
            40.8507802
          ],
          [
            -73.9352739,
            40.850794
          ],
          [
            -73.9350045,
            40.8513167
          ],
          [
            -73.9349915,
            40.8513421
          ],
          [
            -73.9349705,
            40.8513868
          ],
          [
            -73.9349311,
            40.8514593
          ],
          [
            -73.9349221,
            40.8514774
          ],
          [
            -73.9346769,
            40.851968
          ],
          [
            -73.9346653,
            40.8519911
          ],
          [
            -73.9346542,
            40.8520093
          ],
          [
            -73.9346178,
            40.8520697
          ],
          [
            -73.9346082,
            40.8520887
          ],
          [
            -73.9343533,
            40.8525918
          ],
          [
            -73.9343401,
            40.8526178
          ],
          [
            -73.9343129,
            40.8526788
          ],
          [
            -73.9342824,
            40.8527299
          ],
          [
            -73.9342705,
            40.8527543
          ],
          [
            -73.9340966,
            40.8531106
          ],
          [
            -73.9340432,
            40.8532174
          ],
          [
            -73.9339532,
            40.8533973
          ],
          [
            -73.9336039,
            40.8540632
          ],
          [
            -73.9335901,
            40.8540894
          ],
          [
            -73.9335694,
            40.8541399
          ],
          [
            -73.9335425,
            40.8542054
          ],
          [
            -73.933535,
            40.8542282
          ],
          [
            -73.9331975,
            40.8552585
          ],
          [
            -73.9331577,
            40.8553802
          ],
          [
            -73.9330944,
            40.8555739
          ],
          [
            -73.9329582,
            40.8558338
          ],
          [
            -73.9326357,
            40.8564349
          ],
          [
            -73.9325431,
            40.8566138
          ],
          [
            -73.9325332,
            40.8566331
          ],
          [
            -73.9325079,
            40.8566829
          ],
          [
            -73.9324817,
            40.8567346
          ],
          [
            -73.9324746,
            40.856748
          ],
          [
            -73.9319511,
            40.857737
          ],
          [
            -73.9318851,
            40.8578668
          ],
          [
            -73.9317223,
            40.8581768
          ],
          [
            -73.9317106,
            40.8581989
          ],
          [
            -73.9316921,
            40.8582329
          ],
          [
            -73.9316699,
            40.8582739
          ],
          [
            -73.9316614,
            40.8582896
          ],
          [
            -73.9312485,
            40.8590849
          ],
          [
            -73.9312457,
            40.8590902
          ],
          [
            -73.931236,
            40.8591233
          ],
          [
            -73.9312315,
            40.8591582
          ],
          [
            -73.9312277,
            40.8591884
          ],
          [
            -73.9312161,
            40.8592396
          ],
          [
            -73.9312057,
            40.8592692
          ],
          [
            -73.9311946,
            40.8593214
          ],
          [
            -73.9311788,
            40.8593955
          ],
          [
            -73.9311741,
            40.8594122
          ],
          [
            -73.9311447,
            40.8594863
          ],
          [
            -73.9310771,
            40.8596027
          ],
          [
            -73.9310661,
            40.8596741
          ],
          [
            -73.9309759,
            40.8598873
          ],
          [
            -73.9308487,
            40.860185
          ],
          [
            -73.9307553,
            40.8604006
          ],
          [
            -73.9306637,
            40.8605568
          ],
          [
            -73.9306524,
            40.860576
          ],
          [
            -73.9306397,
            40.8606013
          ],
          [
            -73.930615,
            40.8606505
          ],
          [
            -73.9306046,
            40.8606676
          ],
          [
            -73.9301765,
            40.8613758
          ],
          [
            -73.92994,
            40.8618022
          ],
          [
            -73.9299069,
            40.8618983
          ],
          [
            -73.9298848,
            40.8619672
          ],
          [
            -73.9298733,
            40.8620246
          ],
          [
            -73.9298654,
            40.8620801
          ],
          [
            -73.9298629,
            40.8621119
          ],
          [
            -73.9298608,
            40.8621511
          ],
          [
            -73.929857,
            40.8622239
          ],
          [
            -73.9298558,
            40.8622464
          ],
          [
            -73.9298515,
            40.8622743
          ],
          [
            -73.9298356,
            40.8623788
          ],
          [
            -73.9298324,
            40.8623992
          ],
          [
            -73.9298048,
            40.8624191
          ],
          [
            -73.9297761,
            40.8624418
          ],
          [
            -73.9297507,
            40.8624605
          ],
          [
            -73.9297966,
            40.8625066
          ],
          [
            -73.9298396,
            40.8627084
          ],
          [
            -73.9298668,
            40.8628761
          ],
          [
            -73.9298751,
            40.8629806
          ],
          [
            -73.9298887,
            40.8631523
          ],
          [
            -73.9298995,
            40.863334
          ],
          [
            -73.9298941,
            40.8633579
          ],
          [
            -73.9298727,
            40.8634053
          ],
          [
            -73.9298469,
            40.8634625
          ],
          [
            -73.9298366,
            40.863487
          ],
          [
            -73.9297413,
            40.8636925
          ],
          [
            -73.9295992,
            40.8638737
          ],
          [
            -73.9293105,
            40.8641676
          ],
          [
            -73.9290762,
            40.8643694
          ],
          [
            -73.9288996,
            40.8645236
          ],
          [
            -73.9289166,
            40.8645463
          ],
          [
            -73.9289665,
            40.8646215
          ],
          [
            -73.9290243,
            40.8647087
          ],
          [
            -73.9290352,
            40.8647226
          ],
          [
            -73.9289299,
            40.8647849
          ],
          [
            -73.9287266,
            40.8648997
          ],
          [
            -73.9282884,
            40.8651302
          ],
          [
            -73.9281272,
            40.8652149
          ],
          [
            -73.9279083,
            40.865329
          ],
          [
            -73.9280238,
            40.8654429
          ]
        ]
      }
    }
  ]
}
