{
  "type": "FeatureCollection",
  "features": [
    {
      "type": "Feature",
      "properties": {
        "scenario": "Inwood - Dyckman St | 5.0mi | mix | hilly | amenity",
        "shape": "mix",
        "target_miles": 5.0,
        "distance_m": 8047.139172783541,
        "candidate_index": 0
      },
      "geometry": {
        "type": "LineString",
        "coordinates": [
          [
            -73.9280238,
            40.8654429
          ],
          [
            -73.9279083,
            40.865329
          ],
          [
            -73.9281272,
            40.8652149
          ],
          [
            -73.9280999,
            40.8651846
          ],
          [
            -73.9280485,
            40.8651182
          ],
          [
            -73.9279933,
            40.8650468
          ],
          [
            -73.9279767,
            40.8650213
          ],
          [
            -73.9269156,
            40.8633722
          ],
          [
            -73.9269004,
            40.8633457
          ],
          [
            -73.9268491,
            40.8632652
          ],
          [
            -73.926803,
            40.8631929
          ],
          [
            -73.9267907,
            40.8631756
          ],
          [
            -73.9256562,
            40.8614031
          ],
          [
            -73.9256367,
            40.8613758
          ],
          [
            -73.9255794,
            40.8612972
          ],
          [
            -73.9255365,
            40.8612262
          ],
          [
            -73.9255193,
            40.8611959
          ],
          [
            -73.9255365,
            40.8612262
          ],
          [
            -73.9255794,
            40.8612972
          ],
          [
            -73.9256367,
            40.8613758
          ],
          [
            -73.9256562,
            40.8614031
          ],
          [
            -73.9267907,
            40.8631756
          ],
          [
            -73.926803,
            40.8631929
          ],
          [
            -73.9268491,
            40.8632652
          ],
          [
            -73.9269004,
            40.8633457
          ],
          [
            -73.9269156,
            40.8633722
          ],
          [
            -73.9279767,
            40.8650213
          ],
          [
            -73.9279933,
            40.8650468
          ],
          [
            -73.9280485,
            40.8651182
          ],
          [
            -73.9280999,
            40.8651846
          ],
          [
            -73.9281272,
            40.8652149
          ],
          [
            -73.9279083,
            40.865329
          ],
          [
            -73.9280238,
            40.8654429
          ],
          [
            -73.9279083,
            40.865329
          ],
          [
            -73.9281272,
            40.8652149
          ],
          [
            -73.9282884,
            40.8651302
          ],
          [
            -73.9287266,
            40.8648997
          ],
          [
            -73.9289299,
            40.8647849
          ],
          [
            -73.9290352,
            40.8647226
          ],
          [
            -73.9290243,
            40.8647087
          ],
          [
            -73.9289665,
            40.8646215
          ],
          [
            -73.9289166,
            40.8645463
          ],
          [
            -73.9288996,
            40.8645236
          ],
          [
            -73.9290762,
            40.8643694
          ],
          [
            -73.9293105,
            40.8641676
          ],
          [
            -73.9295992,
            40.8638737
          ],
          [
            -73.9297413,
            40.8636925
          ],
          [
            -73.9298366,
            40.863487
          ],
          [
            -73.9298469,
            40.8634625
          ],
          [
            -73.9298727,
            40.8634053
          ],
          [
            -73.9298941,
            40.8633579
          ],
          [
            -73.9298995,
            40.863334
          ],
          [
            -73.9298887,
            40.8631523
          ],
          [
            -73.9298751,
            40.8629806
          ],
          [
            -73.9298668,
            40.8628761
          ],
          [
            -73.9298396,
            40.8627084
          ],
          [
            -73.9297966,
            40.8625066
          ],
          [
            -73.9297507,
            40.8624605
          ],
          [
            -73.9297761,
            40.8624418
          ],
          [
            -73.9298048,
            40.8624191
          ],
          [
            -73.9298324,
            40.8623992
          ],
          [
            -73.9298356,
            40.8623788
          ],
          [
            -73.9298515,
            40.8622743
          ],
          [
            -73.9298558,
            40.8622464
          ],
          [
            -73.929857,
            40.8622239
          ],
          [
            -73.9298608,
            40.8621511
          ],
          [
            -73.9298629,
            40.8621119
          ],
          [
            -73.9298654,
            40.8620801
          ],
          [
            -73.9298733,
            40.8620246
          ],
          [
            -73.9298848,
            40.8619672
          ],
          [
            -73.9299069,
            40.8618983
          ],
          [
            -73.92994,
            40.8618022
          ],
          [
            -73.9301765,
            40.8613758
          ],
          [
            -73.9306046,
            40.8606676
          ],
          [
            -73.930615,
            40.8606505
          ],
          [
            -73.9306397,
            40.8606013
          ],
          [
            -73.9306524,
            40.860576
          ],
          [
            -73.9306637,
            40.8605568
          ],
          [
            -73.9307553,
            40.8604006
          ],
          [
            -73.9308487,
            40.860185
          ],
          [
            -73.9309759,
            40.8598873
          ],
          [
            -73.9310661,
            40.8596741
          ],
          [
            -73.9310771,
            40.8596027
          ],
          [
            -73.9311447,
            40.8594863
          ],
          [
            -73.9311741,
            40.8594122
          ],
          [
            -73.9311788,
            40.8593955
          ],
          [
            -73.9311946,
            40.8593214
          ],
          [
            -73.9312057,
            40.8592692
          ],
          [
            -73.9312161,
            40.8592396
          ],
          [
            -73.9312277,
            40.8591884
          ],
          [
            -73.9312315,
            40.8591582
          ],
          [
            -73.931236,
            40.8591233
          ],
          [
            -73.9312457,
            40.8590902
          ],
          [
            -73.9312485,
            40.8590849
          ],
          [
            -73.9316614,
            40.8582896
          ],
          [
            -73.9316699,
            40.8582739
          ],
          [
            -73.9316921,
            40.8582329
          ],
          [
            -73.9317106,
            40.8581989
          ],
          [
            -73.9317223,
            40.8581768
          ],
          [
            -73.9318851,
            40.8578668
          ],
          [
            -73.9319511,
            40.857737
          ],
          [
            -73.9324746,
            40.856748
          ],
          [
            -73.9324817,
            40.8567346
          ],
          [
            -73.9325079,
            40.8566829
          ],
          [
            -73.9325332,
            40.8566331
          ],
          [
            -73.9325431,
            40.8566138
          ],
          [
            -73.9326357,
            40.8564349
          ],
          [
            -73.9329582,
            40.8558338
          ],
          [
            -73.9330944,
            40.8555739
          ],
          [
            -73.9331577,
            40.8553802
          ],
          [
            -73.9331975,
            40.8552585
          ],
          [
            -73.933535,
            40.8542282
          ],
          [
            -73.9335425,
            40.8542054
          ],
          [
            -73.9335694,
            40.8541399
          ],
          [
            -73.9335901,
            40.8540894
          ],
          [
            -73.9336039,
            40.8540632
          ],
          [
            -73.9339532,
            40.8533973
          ],
          [
            -73.9340432,
            40.8532174
          ],
          [
            -73.9340966,
            40.8531106
          ],
          [
            -73.9342705,
            40.8527543
          ],
          [
            -73.9342824,
            40.8527299
          ],
          [
            -73.9343129,
            40.8526788
          ],
          [
            -73.9343401,
            40.8526178
          ],
          [
            -73.9343533,
            40.8525918
          ],
          [
            -73.9346082,
            40.8520887
          ],
          [
            -73.9346178,
            40.8520697
          ],
          [
            -73.9346542,
            40.8520093
          ],
          [
            -73.9346653,
            40.8519911
          ],
          [
            -73.9346769,
            40.851968
          ],
          [
            -73.9349221,
            40.8514774
          ],
          [
            -73.9349311,
            40.8514593
          ],
          [
            -73.9349705,
            40.8513868
          ],
          [
            -73.9349915,
            40.8513421
          ],
          [
            -73.9350045,
            40.8513167
          ],
          [
            -73.9352739,
            40.850794
          ],
          [
            -73.9352785,
            40.8507802
          ],
          [
            -73.9353082,
            40.8507263
          ],
          [
            -73.9353199,
            40.8507028
          ],
          [
            -73.9353336,
            40.8506761
          ],
          [
            -73.9355721,
            40.8502051
          ],
          [
            -73.9355835,
            40.8501827
          ],
          [
            -73.9356068,
            40.8501265
          ],
          [
            -73.9356376,
            40.8500544
          ],
          [
            -73.9356603,
            40.8500336
          ],
          [
            -73.935932,
            40.8497836
          ],
          [
            -73.9362042,
            40.8495372
          ],
          [
            -73.936229,
            40.8495148
          ],
          [
            -73.9362658,
            40.8494845
          ],
          [
            -73.9363025,
            40.8494542
          ],
          [
            -73.9363235,
            40.8494356
          ],
          [
            -73.9368338,
            40.8489771
          ],
          [
            -73.9368497,
            40.8489627
          ],
          [
            -73.9368957,
            40.8489192
          ],
          [
            -73.9369286,
            40.8488883
          ],
          [
            -73.9369426,
            40.848875
          ],
          [
            -73.9374588,
            40.8484051
          ],
          [
            -73.9374685,
            40.8483903
          ],
          [
            -73.9375238,
            40.8483423
          ],
          [
            -73.9375656,
            40.8482974
          ],
          [
            -73.9375879,
            40.8482767
          ],
          [
            -73.9378246,
            40.8477313
          ],
          [
            -73.937833,
            40.847712
          ],
          [
            -73.9378498,
            40.8476592
          ],
          [
            -73.9378618,
            40.8476274
          ],
          [
            -73.937872,
            40.8475953
          ],
          [
            -73.9380567,
            40.8470188
          ],
          [
            -73.9380655,
            40.8469954
          ],
          [
            -73.9380775,
            40.8469528
          ],
          [
            -73.9380919,
            40.8469016
          ],
          [
            -73.9380976,
            40.8468838
          ],
          [
            -73.9382888,
            40.8462626
          ],
          [
            -73.9383141,
            40.8461804
          ],
          [
            -73.9383295,
            40.8461304
          ],
          [
            -73.9385241,
            40.8454985
          ],
          [
            -73.9385344,
            40.8454642
          ],
          [
            -73.9385504,
            40.8454111
          ],
          [
            -73.9385609,
            40.8453762
          ],
          [
            -73.9385676,
            40.845354
          ],
          [
            -73.9385961,
            40.8452478
          ],
          [
            -73.9386304,
            40.8451197
          ],
          [
            -73.9387326,
            40.8447382
          ],
          [
            -73.9387362,
            40.8447168
          ],
          [
            -73.9387468,
            40.844654
          ],
          [
            -73.9387559,
            40.8445997
          ],
          [
            -73.9387608,
            40.8445708
          ],
          [
            -73.9388761,
            40.8439559
          ],
          [
            -73.9388819,
            40.8439336
          ],
          [
            -73.9388941,
            40.8438867
          ],
          [
            -73.9389049,
            40.8438455
          ],
          [
            -73.938911,
            40.843822
          ],
          [
            -73.9389715,
            40.8435584
          ],
          [
            -73.9390424,
            40.8432498
          ],
          [
            -73.9390441,
            40.8432249
          ],
          [
            -73.9390481,
            40.8431682
          ],
          [
            -73.9390518,
            40.8431159
          ],
          [
            -73.9390531,
            40.8430966
          ],
          [
            -73.9391131,
            40.8424609
          ],
          [
            -73.939115,
            40.8424374
          ],
          [
            -73.9391162,
            40.8424119
          ],
          [
            -73.9391174,
            40.8423864
          ],
          [
            -73.9391196,
            40.8423586
          ],
          [
            -73.9391218,
            40.8423308
          ],
          [
            -73.9391227,
            40.8423197
          ],
          [
            -73.9391257,
            40.8422791
          ],
          [
            -73.9391196,
            40.8419836
          ],
          [
            -73.9391578,
            40.8419095
          ],
          [
            -73.9391604,
            40.8418721
          ],
          [
            -73.9391645,
            40.8418125
          ],
          [
            -73.9392178,
            40.8417128
          ],
          [
            -73.9391901,
            40.8417007
          ],
          [
            -73.9391735,
            40.8416934
          ],
          [
            -73.93916,
            40.8416878
          ],
          [
            -73.9391667,
            40.8416653
          ],
          [
            -73.9391772,
            40.8416189
          ],
          [
            -73.9391874,
            40.8415731
          ],
          [
            -73.9391933,
            40.8415518
          ],
          [
            -73.9393496,
            40.8409947
          ],
          [
            -73.939355,
            40.8409758
          ],
          [
            -73.9393717,
            40.840913
          ],
          [
            -73.9393906,
            40.8408561
          ],
          [
            -73.9393982,
            40.840827
          ],
          [
            -73.9385171,
            40.8404668
          ],
          [
            -73.9384898,
            40.8404557
          ],
          [
            -73.9384124,
            40.8404219
          ],
          [
            -73.9383529,
            40.8403959
          ],
          [
            -73.9383195,
            40.8403825
          ],
          [
            -73.9380954,
            40.8402928
          ],
          [
            -73.9371084,
            40.8398679
          ],
          [
            -73.937311,
            40.8395711
          ],
          [
            -73.9372761,
            40.839556
          ],
          [
            -73.9371724,
            40.8395081
          ],
          [
            -73.9370945,
            40.8394721
          ],
          [
            -73.9370659,
            40.8394307
          ],
          [
            -73.9366369,
            40.8388098
          ],
          [
            -73.9366142,
            40.8387762
          ],
          [
            -73.9365898,
            40.8387468
          ],
          [
            -73.9365663,
            40.8387185
          ],
          [
            -73.9365555,
            40.8386808
          ],
          [
            -73.9362213,
            40.8382432
          ],
          [
            -73.9361923,
            40.8382131
          ],
          [
            -73.9361666,
            40.8381932
          ],
          [
            -73.9361351,
            40.8381688
          ],
          [
            -73.9360731,
            40.8381279
          ],
          [
            -73.9360047,
            40.8382011
          ],
          [
            -73.9358961,
            40.8383002
          ],
          [
            -73.9358461,
            40.8382638
          ],
          [
            -73.9358903,
            40.8382206
          ],
          [
            -73.9359345,
            40.8381775
          ],
          [
            -73.9359298,
            40.8381648
          ],
          [
            -73.9359345,
            40.8381775
          ],
          [
            -73.9358903,
            40.8382206
          ],
          [
            -73.9358461,
            40.8382638
          ],
          [
            -73.9358961,
            40.8383002
          ],
          [
            -73.9360047,
            40.8382011
          ],
          [
            -73.9360731,
            40.8381279
          ],
          [
            -73.9361351,
            40.8381688
          ],
          [
            -73.9361666,
            40.8381932
          ],
          [
            -73.9361923,
            40.8382131
          ],
          [
            -73.9362213,
            40.8382432
          ],
          [
            -73.9365555,
            40.8386808
          ],
          [
            -73.9365663,
            40.8387185
          ],
          [
            -73.9365898,
            40.8387468
          ],
          [
            -73.9366142,
            40.8387762
          ],
          [
            -73.9366369,
            40.8388098
          ],
          [
            -73.9370659,
            40.8394307
          ],
          [
            -73.9370945,
            40.8394721
          ],
          [
            -73.9371724,
            40.8395081
          ],
          [
            -73.9372761,
            40.839556
          ],
          [
            -73.937311,
            40.8395711
          ],
          [
            -73.9371084,
            40.8398679
          ],
          [
            -73.9380954,
            40.8402928
          ],
          [
            -73.9383195,
            40.8403825
          ],
          [
            -73.9383529,
            40.8403959
          ],
          [
            -73.9384124,
            40.8404219
          ],
          [
            -73.9384898,
            40.8404557
          ],
          [
            -73.9385171,
            40.8404668
          ],
          [
            -73.9393982,
            40.840827
          ],
          [
            -73.9393906,
            40.8408561
          ],
          [
            -73.9393717,
            40.840913
          ],
          [
            -73.939355,
            40.8409758
          ],
          [
            -73.9393496,
            40.8409947
          ],
          [
            -73.9391933,
            40.8415518
          ],
          [
            -73.9391874,
            40.8415731
          ],
          [
            -73.9391772,
            40.8416189
          ],
          [
            -73.9391667,
            40.8416653
          ],
          [
            -73.93916,
            40.8416878
          ],
          [
            -73.9391735,
            40.8416934
          ],
          [
            -73.9391901,
            40.8417007
          ],
          [
            -73.9392178,
            40.8417128
          ],
          [
            -73.9391645,
            40.8418125
          ],
          [
            -73.9391604,
            40.8418721
          ],
          [
            -73.9391578,
            40.8419095
          ],
          [
            -73.9391196,
            40.8419836
          ],
          [
            -73.9391257,
            40.8422791
          ],
          [
            -73.9391227,
            40.8423197
          ],
          [
            -73.9391218,
            40.8423308
          ],
          [
            -73.9391196,
            40.8423586
          ],
          [
            -73.9391174,
            40.8423864
          ],
          [
            -73.9391162,
            40.8424119
          ],
          [
            -73.939115,
            40.8424374
          ],
          [
            -73.9391131,
            40.8424609
          ],
          [
            -73.9390531,
            40.8430966
          ],
          [
            -73.9390518,
            40.8431159
          ],
          [
            -73.9390481,
            40.8431682
          ],
          [
            -73.9390441,
            40.8432249
          ],
          [
            -73.9390424,
            40.8432498
          ],
          [
            -73.9389715,
            40.8435584
          ],
          [
            -73.938911,
            40.843822
          ],
          [
            -73.9389049,
            40.8438455
          ],
          [
            -73.9388941,
            40.8438867
          ],
          [
            -73.9388819,
            40.8439336
          ],
          [
            -73.9388761,
            40.8439559
          ],
          [
            -73.9387608,
            40.8445708
          ],
          [
            -73.9387559,
            40.8445997
          ],
          [
            -73.9387468,
            40.844654
          ],
          [
            -73.9387362,
            40.8447168
          ],
          [
            -73.9387326,
            40.8447382
          ],
          [
            -73.9386304,
            40.8451197
          ],
          [
            -73.9385961,
            40.8452478
          ],
          [
            -73.9385676,
            40.845354
          ],
          [
            -73.9385609,
            40.8453762
          ],
          [
            -73.9385504,
            40.8454111
          ],
          [
            -73.9385344,
            40.8454642
          ],
          [
            -73.9385241,
            40.8454985
          ],
          [
            -73.9383295,
            40.8461304
          ],
          [
            -73.9383141,
            40.8461804
          ],
          [
            -73.9382888,
            40.8462626
          ],
          [
            -73.9380976,
            40.8468838
          ],
          [
            -73.9380919,
            40.8469016
          ],
          [
            -73.9380775,
            40.8469528
          ],
          [
            -73.9380655,
            40.8469954
          ],
          [
            -73.9380567,
            40.8470188
          ],
          [
            -73.937872,
            40.8475953
          ],
          [
            -73.9378618,
            40.8476274
          ],
          [
            -73.9378498,
            40.8476592
          ],
          [
            -73.937833,
            40.847712
          ],
          [
            -73.9378246,
            40.8477313
          ],
          [
            -73.9375879,
            40.8482767
          ],
          [
            -73.9375656,
            40.8482974
          ],
          [
            -73.9375238,
            40.8483423
          ],
          [
            -73.9374685,
            40.8483903
          ],
          [
            -73.9374588,
            40.8484051
          ],
          [
            -73.9369426,
            40.848875
          ],
          [
            -73.9369286,
            40.8488883
          ],
          [
            -73.9368957,
            40.8489192
          ],
          [
            -73.9368497,
            40.8489627
          ],
          [
            -73.9368338,
            40.8489771
          ],
          [
            -73.9363235,
            40.8494356
          ],
          [
            -73.9363025,
            40.8494542
          ],
          [
            -73.9362658,
            40.8494845
          ],
          [
            -73.936229,
            40.8495148
          ],
          [
            -73.9362042,
            40.8495372
          ],
          [
            -73.935932,
            40.8497836
          ],
          [
            -73.9356603,
            40.8500336
          ],
          [
            -73.9356376,
            40.8500544
          ],
          [
            -73.9356068,
            40.8501265
          ],
          [
            -73.9355835,
            40.8501827
          ],
          [
            -73.9355721,
            40.8502051
          ],
          [
            -73.9353336,
            40.8506761
          ],
          [
            -73.9353199,
            40.8507028
          ],
          [
            -73.9353082,
            40.8507263
          ],
          [
            -73.9352785,
            40.8507802
          ],
          [
            -73.9352739,
            40.850794
          ],
          [
            -73.9350045,
            40.8513167
          ],
          [
            -73.9349915,
            40.8513421
          ],
          [
            -73.9349705,
            40.8513868
          ],
          [
            -73.9349311,
            40.8514593
          ],
          [
            -73.9349221,
            40.8514774
          ],
          [
            -73.9346769,
            40.851968
          ],
          [
            -73.9346653,
            40.8519911
          ],
          [
            -73.9346542,
            40.8520093
          ],
          [
            -73.9346178,
            40.8520697
          ],
          [
            -73.9346082,
            40.8520887
          ],
          [
            -73.9343533,
            40.8525918
          ],
          [
            -73.9343401,
            40.8526178
          ],
          [
            -73.9343129,
            40.8526788
          ],
          [
            -73.9342824,
            40.8527299
          ],
          [
            -73.9342705,
            40.8527543
          ],
          [
            -73.9340966,
            40.8531106
          ],
          [
            -73.9340432,
            40.8532174
          ],
          [
            -73.9339532,
            40.8533973
          ],
          [
            -73.9336039,
            40.8540632
          ],
          [
            -73.9335901,
            40.8540894
          ],
          [
            -73.9335694,
            40.8541399
          ],
          [
            -73.9335425,
            40.8542054
          ],
          [
            -73.933535,
            40.8542282
          ],
          [
            -73.9331975,
            40.8552585
          ],
          [
            -73.9331577,
            40.8553802
          ],
          [
            -73.9330944,
            40.8555739
          ],
          [
            -73.9329582,
            40.8558338
          ],
          [
            -73.9326357,
            40.8564349
          ],
          [
            -73.9325431,
            40.8566138
          ],
          [
            -73.9325332,
            40.8566331
          ],
          [
            -73.9325079,
            40.8566829
          ],
          [
            -73.9324817,
            40.8567346
          ],
          [
            -73.9324746,
            40.856748
          ],
          [
            -73.9319511,
            40.857737
          ],
          [
            -73.9318851,
            40.8578668
          ],
          [
            -73.9317223,
            40.8581768
          ],
          [
            -73.9317106,
            40.8581989
          ],
          [
            -73.9316921,
            40.8582329
          ],
          [
            -73.9316699,
            40.8582739
          ],
          [
            -73.9316614,
            40.8582896
          ],
          [
            -73.9312485,
            40.8590849
          ],
          [
            -73.9312457,
            40.8590902
          ],
          [
            -73.931236,
            40.8591233
          ],
          [
            -73.9312315,
            40.8591582
          ],
          [
            -73.9312277,
            40.8591884
          ],
          [
            -73.9312161,
            40.8592396
          ],
          [
            -73.9312057,
            40.8592692
          ],
          [
            -73.9311946,
            40.8593214
          ],
          [
            -73.9311788,
            40.8593955
          ],
          [
            -73.9311741,
            40.8594122
          ],
          [
            -73.9311447,
            40.8594863
          ],
          [
            -73.9310771,
            40.8596027
          ],
          [
            -73.9310661,
            40.8596741
          ],
          [
            -73.9309759,
            40.8598873
          ],
          [
            -73.9308487,
            40.860185
          ],
          [
            -73.9307553,
            40.8604006
          ],
          [
            -73.9306637,
            40.8605568
          ],
          [
            -73.9306524,
            40.860576
          ],
          [
            -73.9306397,
            40.8606013
          ],
          [
            -73.930615,
            40.8606505
          ],
          [
            -73.9306046,
            40.8606676
          ],
          [
            -73.9301765,
            40.8613758
          ],
          [
            -73.92994,
            40.8618022
          ],
          [
            -73.9299069,
            40.8618983
          ],
          [
            -73.9298848,
            40.8619672
          ],
          [
            -73.9298733,
            40.8620246
          ],
          [
            -73.9298654,
            40.8620801
          ],
          [
            -73.9298629,
            40.8621119
          ],
          [
            -73.9298608,
            40.8621511
          ],
          [
            -73.929857,
            40.8622239
          ],
          [
            -73.9298558,
            40.8622464
          ],
          [
            -73.9298515,
            40.8622743
          ],
          [
            -73.9298356,
            40.8623788
          ],
          [
            -73.9298324,
            40.8623992
          ],
          [
            -73.9298048,
            40.8624191
          ],
          [
            -73.9297761,
            40.8624418
          ],
          [
            -73.9297507,
            40.8624605
          ],
          [
            -73.9297966,
            40.8625066
          ],
          [
            -73.9298396,
            40.8627084
          ],
          [
            -73.9298668,
            40.8628761
          ],
          [
            -73.9298751,
            40.8629806
          ],
          [
            -73.9298887,
            40.8631523
          ],
          [
            -73.9298995,
            40.863334
          ],
          [
            -73.9298941,
            40.8633579
          ],
          [
            -73.9298727,
            40.8634053
          ],
          [
            -73.9298469,
            40.8634625
          ],
          [
            -73.9298366,
            40.863487
          ],
          [
            -73.9297413,
            40.8636925
          ],
          [
            -73.9295992,
            40.8638737
          ],
          [
            -73.9293105,
            40.8641676
          ],
          [
            -73.9290762,
            40.8643694
          ],
          [
            -73.9288996,
            40.8645236
          ],
          [
            -73.9289166,
            40.8645463
          ],
          [
            -73.9289665,
            40.8646215
          ],
          [
            -73.9290243,
            40.8647087
          ],
          [
            -73.9290352,
            40.8647226
          ],
          [
            -73.9289299,
            40.8647849
          ],
          [
            -73.9287266,
            40.8648997
          ],
          [
            -73.9282884,
            40.8651302
          ],
          [
            -73.9281272,
            40.8652149
          ],
          [
            -73.9279083,
            40.865329
          ],
          [
            -73.9280238,
            40.8654429
          ]
        ]
      }
    },
    {
      "type": "Feature",
      "properties": {
        "scenario": "Inwood - Dyckman St | 5.0mi | mix | hilly | amenity",
        "shape": "mix",
        "target_miles": 5.0,
        "distance_m": 8047.880271486295,
        "candidate_index": 1
      },
      "geometry": {
        "type": "LineString",
        "coordinates": [
          [
            -73.9280238,
            40.8654429
          ],
          [
            -73.9280888,
            40.8655071
          ],
          [
            -73.9283347,
            40.8655281
          ],
          [
            -73.9283284,
            40.8655583
          ],
          [
            -73.9283189,
            40.8655976
          ],
          [
            -73.9284054,
            40.865631
          ],
          [
            -73.9285317,
            40.8656428
          ],
          [
            -73.928961,
            40.8656828
          ],
          [
            -73.9291682,
            40.8657141
          ],
          [
            -73.9293567,
            40.8657506
          ],
          [
            -73.9296337,
            40.8658411
          ],
          [
            -73.929749,
            40.8658934
          ],
          [
            -73.9297622,
            40.8659003
          ],
          [
            -73.9298529,
            40.8659478
          ],
          [
            -73.9299347,
            40.8660054
          ],
          [
            -73.9300109,
            40.8660591
          ],
          [
            -73.9304693,
            40.866438
          ],
          [
            -73.9300109,
            40.8660591
          ],
          [
            -73.9299347,
            40.8660054
          ],
          [
            -73.9298529,
            40.8659478
          ],
          [
            -73.9297622,
            40.8659003
          ],
          [
            -73.929749,
            40.8658934
          ],
          [
            -73.9296337,
            40.8658411
          ],
          [
            -73.9293567,
            40.8657506
          ],
          [
            -73.9291682,
            40.8657141
          ],
          [
            -73.928961,
            40.8656828
          ],
          [
            -73.9285317,
            40.8656428
          ],
          [
            -73.9284054,
            40.865631
          ],
          [
            -73.9283189,
            40.8655976
          ],
          [
            -73.9283284,
            40.8655583
          ],
          [
            -73.9283347,
            40.8655281
          ],
          [
            -73.9280888,
            40.8655071
          ],
          [
            -73.9280238,
            40.8654429
          ],
          [
            -73.9279083,
            40.865329
          ],
          [
            -73.9281272,
            40.8652149
          ],
          [
            -73.9282884,
            40.8651302
          ],
          [
            -73.9287266,
            40.8648997
          ],
          [
            -73.9289299,
            40.8647849
          ],
          [
            -73.9290352,
            40.8647226
          ],
          [
            -73.9290243,
            40.8647087
          ],
          [
            -73.9289665,
            40.8646215
          ],
          [
            -73.9289166,
            40.8645463
          ],
          [
            -73.9288996,
            40.8645236
          ],
          [
            -73.9290762,
            40.8643694
          ],
          [
            -73.9293105,
            40.8641676
          ],
          [
            -73.9295992,
            40.8638737
          ],
          [
            -73.9297413,
            40.8636925
          ],
          [
            -73.9298366,
            40.863487
          ],
          [
            -73.9298469,
            40.8634625
          ],
          [
            -73.9298727,
            40.8634053
          ],
          [
            -73.9298941,
            40.8633579
          ],
          [
            -73.9298995,
            40.863334
          ],
          [
            -73.9298887,
            40.8631523
          ],
          [
            -73.9298751,
            40.8629806
          ],
          [
            -73.9298668,
            40.8628761
          ],
          [
            -73.9298396,
            40.8627084
          ],
          [
            -73.9297966,
            40.8625066
          ],
          [
            -73.9297507,
            40.8624605
          ],
          [
            -73.9297761,
            40.8624418
          ],
          [
            -73.9298048,
            40.8624191
          ],
          [
            -73.9298324,
            40.8623992
          ],
          [
            -73.9298356,
            40.8623788
          ],
          [
            -73.9298515,
            40.8622743
          ],
          [
            -73.9298558,
            40.8622464
          ],
          [
            -73.929857,
            40.8622239
          ],
          [
            -73.9298608,
            40.8621511
          ],
          [
            -73.9298629,
            40.8621119
          ],
          [
            -73.9298654,
            40.8620801
          ],
          [
            -73.9298733,
            40.8620246
          ],
          [
            -73.9298848,
            40.8619672
          ],
          [
            -73.9299069,
            40.8618983
          ],
          [
            -73.92994,
            40.8618022
          ],
          [
            -73.9301765,
            40.8613758
          ],
          [
            -73.9306046,
            40.8606676
          ],
          [
            -73.930615,
            40.8606505
          ],
          [
            -73.9306397,
            40.8606013
          ],
          [
            -73.9306524,
            40.860576
          ],
          [
            -73.9306637,
            40.8605568
          ],
          [
            -73.9307553,
            40.8604006
          ],
          [
            -73.9308487,
            40.860185
          ],
          [
            -73.9309759,
            40.8598873
          ],
          [
            -73.9310661,
            40.8596741
          ],
          [
            -73.9310771,
            40.8596027
          ],
          [
            -73.9311447,
            40.8594863
          ],
          [
            -73.9311741,
            40.8594122
          ],
          [
            -73.9311788,
            40.8593955
          ],
          [
            -73.9311946,
            40.8593214
          ],
          [
            -73.9312057,
            40.8592692
          ],
          [
            -73.9312161,
            40.8592396
          ],
          [
            -73.9312277,
            40.8591884
          ],
          [
            -73.9312315,
            40.8591582
          ],
          [
            -73.931236,
            40.8591233
          ],
          [
            -73.9312457,
            40.8590902
          ],
          [
            -73.9312485,
            40.8590849
          ],
          [
            -73.9316614,
            40.8582896
          ],
          [
            -73.9316699,
            40.8582739
          ],
          [
            -73.9316921,
            40.8582329
          ],
          [
            -73.9317106,
            40.8581989
          ],
          [
            -73.9317223,
            40.8581768
          ],
          [
            -73.9318851,
            40.8578668
          ],
          [
            -73.9319511,
            40.857737
          ],
          [
            -73.9324746,
            40.856748
          ],
          [
            -73.9324817,
            40.8567346
          ],
          [
            -73.9325079,
            40.8566829
          ],
          [
            -73.9325332,
            40.8566331
          ],
          [
            -73.9325431,
            40.8566138
          ],
          [
            -73.9326357,
            40.8564349
          ],
          [
            -73.9329582,
            40.8558338
          ],
          [
            -73.9330944,
            40.8555739
          ],
          [
            -73.9331577,
            40.8553802
          ],
          [
            -73.9331975,
            40.8552585
          ],
          [
            -73.933535,
            40.8542282
          ],
          [
            -73.9335425,
            40.8542054
          ],
          [
            -73.9335694,
            40.8541399
          ],
          [
            -73.9335901,
            40.8540894
          ],
          [
            -73.9336039,
            40.8540632
          ],
          [
            -73.9339532,
            40.8533973
          ],
          [
            -73.9340432,
            40.8532174
          ],
          [
            -73.9340966,
            40.8531106
          ],
          [
            -73.9342705,
            40.8527543
          ],
          [
            -73.9342824,
            40.8527299
          ],
          [
            -73.9343129,
            40.8526788
          ],
          [
            -73.9343401,
            40.8526178
          ],
          [
            -73.9343533,
            40.8525918
          ],
          [
            -73.9346082,
            40.8520887
          ],
          [
            -73.9346178,
            40.8520697
          ],
          [
            -73.9346542,
            40.8520093
          ],
          [
            -73.9346653,
            40.8519911
          ],
          [
            -73.9346769,
            40.851968
          ],
          [
            -73.9349221,
            40.8514774
          ],
          [
            -73.9349311,
            40.8514593
          ],
          [
            -73.9349705,
            40.8513868
          ],
          [
            -73.9349915,
            40.8513421
          ],
          [
            -73.9350045,
            40.8513167
          ],
          [
            -73.9352739,
            40.850794
          ],
          [
            -73.9352785,
            40.8507802
          ],
          [
            -73.9353082,
            40.8507263
          ],
          [
            -73.9353199,
            40.8507028
          ],
          [
            -73.9353336,
            40.8506761
          ],
          [
            -73.9355721,
            40.8502051
          ],
          [
            -73.9355835,
            40.8501827
          ],
          [
            -73.9356068,
            40.8501265
          ],
          [
            -73.9356376,
            40.8500544
          ],
          [
            -73.9356603,
            40.8500336
          ],
          [
            -73.935932,
            40.8497836
          ],
          [
            -73.9362042,
            40.8495372
          ],
          [
            -73.936229,
            40.8495148
          ],
          [
            -73.9362658,
            40.8494845
          ],
          [
            -73.9363025,
            40.8494542
          ],
          [
            -73.9363235,
            40.8494356
          ],
          [
            -73.9368338,
            40.8489771
          ],
          [
            -73.9368497,
            40.8489627
          ],
          [
            -73.9368957,
            40.8489192
          ],
          [
            -73.9369286,
            40.8488883
          ],
          [
            -73.9369426,
            40.848875
          ],
          [
            -73.9374588,
            40.8484051
          ],
          [
            -73.9374685,
            40.8483903
          ],
          [
            -73.9375238,
            40.8483423
          ],
          [
            -73.9375656,
            40.8482974
          ],
          [
            -73.9375879,
            40.8482767
          ],
          [
            -73.9378246,
            40.8477313
          ],
          [
            -73.937833,
            40.847712
          ],
          [
            -73.9378498,
            40.8476592
          ],
          [
            -73.9378618,
            40.8476274
          ],
          [
            -73.937872,
            40.8475953
          ],
          [
            -73.9380567,
            40.8470188
          ],
          [
            -73.9380655,
            40.8469954
          ],
          [
            -73.9380775,
            40.8469528
          ],
          [
            -73.9380919,
            40.8469016
          ],
          [
            -73.9380976,
            40.8468838
          ],
          [
            -73.9382888,
            40.8462626
          ],
          [
            -73.9383141,
            40.8461804
          ],
          [
            -73.9383295,
            40.8461304
          ],
          [
            -73.9385241,
            40.8454985
          ],
          [
            -73.9385344,
            40.8454642
          ],
          [
            -73.9385504,
            40.8454111
          ],
          [
            -73.9385609,
            40.8453762
          ],
          [
            -73.9385676,
            40.845354
          ],
          [
            -73.9385961,
            40.8452478
          ],
          [
            -73.9386304,
            40.8451197
          ],
          [
            -73.9387326,
            40.8447382
          ],
          [
            -73.9387362,
            40.8447168
          ],
          [
            -73.9387468,
            40.844654
          ],
          [
            -73.9387559,
            40.8445997
          ],
          [
            -73.9387608,
            40.8445708
          ],
          [
            -73.9388761,
            40.8439559
          ],
          [
            -73.9388819,
            40.8439336
          ],
          [
            -73.9388941,
            40.8438867
          ],
          [
            -73.9389049,
            40.8438455
          ],
          [
            -73.938911,
            40.843822
          ],
          [
            -73.9389715,
            40.8435584
          ],
          [
            -73.9390424,
            40.8432498
          ],
          [
            -73.9390441,
            40.8432249
          ],
          [
            -73.9390481,
            40.8431682
          ],
          [
            -73.9390518,
            40.8431159
          ],
          [
            -73.9390531,
            40.8430966
          ],
          [
            -73.9385891,
            40.8429049
          ],
          [
            -73.9385573,
            40.8428915
          ],
          [
            -73.938474,
            40.8428566
          ],
          [
            -73.9384604,
            40.8428509
          ],
          [
            -73.9383683,
            40.8428123
          ],
          [
            -73.9383392,
            40.8428001
          ],
          [
            -73.9386953,
            40.8422843
          ],
          [
            -73.9387078,
            40.8422662
          ],
          [
            -73.9387187,
            40.8422542
          ],
          [
            -73.9387616,
            40.8422007
          ],
          [
            -73.9387829,
            40.8421683
          ],
          [
            -73.9388012,
            40.8421439
          ],
          [
            -73.9383988,
            40.8419838
          ],
          [
            -73.9376436,
            40.841649
          ],
          [
            -73.9377866,
            40.8414509
          ],
          [
            -73.9379809,
            40.8411943
          ],
          [
            -73.9379949,
            40.8411758
          ],
          [
            -73.9380333,
            40.8411318
          ],
          [
            -73.9380629,
            40.8410979
          ],
          [
            -73.9380751,
            40.841081
          ],
          [
            -73.9382633,
            40.8408213
          ],
          [
            -73.9384129,
            40.8406148
          ],
          [
            -73.9393496,
            40.8409947
          ],
          [
            -73.9393746,
            40.8410061
          ],
          [
            -73.9394108,
            40.8410226
          ],
          [
            -73.9394597,
            40.841044
          ],
          [
            -73.9394991,
            40.8410612
          ],
          [
            -73.9395673,
            40.8410905
          ],
          [
            -73.9395909,
            40.8411028
          ],
          [
            -73.9396311,
            40.8411188
          ],
          [
            -73.9396688,
            40.8411353
          ],
          [
            -73.9397627,
            40.8411762
          ],
          [
            -73.9398089,
            40.8411964
          ],
          [
            -73.9398639,
            40.8412212
          ],
          [
            -73.9399068,
            40.8412394
          ],
          [
            -73.9399217,
            40.8412192
          ],
          [
            -73.9399598,
            40.841163
          ],
          [
            -73.9399907,
            40.841114
          ],
          [
            -73.9400072,
            40.8410948
          ],
          [
            -73.9402755,
            40.8407154
          ],
          [
            -73.9404218,
            40.8405238
          ],
          [
            -73.9407769,
            40.8400467
          ],
          [
            -73.9408729,
            40.83991
          ],
          [
            -73.941052,
            40.8396701
          ],
          [
            -73.9411191,
            40.8396971
          ],
          [
            -73.9411647,
            40.8397145
          ],
          [
            -73.941225,
            40.8397054
          ],
          [
            -73.9414036,
            40.8394843
          ],
          [
            -73.9414229,
            40.8394587
          ],
          [
            -73.9414341,
            40.8394461
          ],
          [
            -73.9417719,
            40.8396168
          ],
          [
            -73.9425727,
            40.8400417
          ],
          [
            -73.9427909,
            40.8401547
          ],
          [
            -73.942893,
            40.8402107
          ],
          [
            -73.9429268,
            40.8402309
          ],
          [
            -73.9429585,
            40.8402441
          ],
          [
            -73.9430319,
            40.8402864
          ],
          [
            -73.9431023,
            40.8403271
          ],
          [
            -73.9431301,
            40.8403417
          ],
          [
            -73.9431723,
            40.840362
          ],
          [
            -73.943704,
            40.8406408
          ],
          [
            -73.9438545,
            40.8407197
          ],
          [
            -73.9444531,
            40.8410335
          ],
          [
            -73.9444719,
            40.8410424
          ],
          [
            -73.9444886,
            40.8410508
          ],
          [
            -73.9446359,
            40.8411246
          ],
          [
            -73.944724,
            40.8411687
          ],
          [
            -73.9447555,
            40.8411847
          ],
          [
            -73.9446374,
            40.8413154
          ],
          [
            -73.9445416,
            40.8414551
          ],
          [
            -73.944435,
            40.8416671
          ],
          [
            -73.9443411,
            40.841935
          ],
          [
            -73.94427,
            40.8421452
          ],
          [
            -73.9442586,
            40.842179
          ],
          [
            -73.9441996,
            40.8424291
          ],
          [
            -73.9441988,
            40.8424356
          ],
          [
            -73.9440335,
            40.8424312
          ],
          [
            -73.9441988,
            40.8424356
          ],
          [
            -73.9441554,
            40.842771
          ],
          [
            -73.9441419,
            40.8429074
          ],
          [
            -73.9441292,
            40.8432086
          ],
          [
            -73.9441194,
            40.8432838
          ],
          [
            -73.9441066,
            40.8433815
          ],
          [
            -73.944115,
            40.8435702
          ],
          [
            -73.9441163,
            40.8436223
          ],
          [
            -73.9441165,
            40.8436292
          ],
          [
            -73.9441179,
            40.8436812
          ],
          [
            -73.9440474,
            40.8441392
          ],
          [
            -73.9439926,
            40.84457
          ],
          [
            -73.9439267,
            40.8451384
          ],
          [
            -73.9438775,
            40.8454426
          ],
          [
            -73.9439064,
            40.845535
          ],
          [
            -73.9439551,
            40.845619
          ],
          [
            -73.9439927,
            40.8456783
          ],
          [
            -73.9439558,
            40.845704
          ],
          [
            -73.943914,
            40.8457315
          ],
          [
            -73.9439573,
            40.8457873
          ],
          [
            -73.9440124,
            40.8458366
          ],
          [
            -73.9441265,
            40.8459125
          ],
          [
            -73.9442244,
            40.8459914
          ],
          [
            -73.9443609,
            40.846116
          ],
          [
            -73.9445105,
            40.8462947
          ],
          [
            -73.9447841,
            40.846595
          ],
          [
            -73.9448278,
            40.8466192
          ],
          [
            -73.9448487,
            40.8466257
          ],
          [
            -73.9448754,
            40.8466278
          ],
          [
            -73.9449282,
            40.846623
          ],
          [
            -73.9449714,
            40.8466008
          ],
          [
            -73.945015,
            40.8465572
          ],
          [
            -73.9450283,
            40.8465173
          ],
          [
            -73.9450205,
            40.8464523
          ],
          [
            -73.9450199,
            40.8464253
          ],
          [
            -73.9449674,
            40.8464023
          ],
          [
            -73.9449008,
            40.8464085
          ],
          [
            -73.9447742,
            40.8464386
          ],
          [
            -73.9446534,
            40.8469053
          ],
          [
            -73.9446373,
            40.8471285
          ],
          [
            -73.9446427,
            40.8474572
          ],
          [
            -73.9445944,
            40.8477737
          ],
          [
            -73.9444603,
            40.8480619
          ],
          [
            -73.9443154,
            40.8482688
          ],
          [
            -73.944074,
            40.8485732
          ],
          [
            -73.9439989,
            40.8487923
          ],
          [
            -73.9439131,
            40.8489749
          ],
          [
            -73.9437843,
            40.849194
          ],
          [
            -73.9436529,
            40.8493543
          ],
          [
            -73.9434015,
            40.8493605
          ],
          [
            -73.9431038,
            40.8493299
          ],
          [
            -73.9431047,
            40.8491806
          ],
          [
            -73.943098,
            40.849164
          ],
          [
            -73.9430761,
            40.8491623
          ],
          [
            -73.9430242,
            40.8491584
          ],
          [
            -73.9429626,
            40.849152
          ],
          [
            -73.9428374,
            40.8500918
          ],
          [
            -73.942767,
            40.8505433
          ],
          [
            -73.9427205,
            40.8507301
          ],
          [
            -73.9426316,
            40.8509383
          ],
          [
            -73.9424724,
            40.8511685
          ],
          [
            -73.9422871,
            40.8513594
          ],
          [
            -73.9420607,
            40.8515348
          ],
          [
            -73.9419408,
            40.8516135
          ],
          [
            -73.9415971,
            40.8513684
          ],
          [
            -73.941543,
            40.8513358
          ],
          [
            -73.9414821,
            40.8513022
          ],
          [
            -73.9414235,
            40.8512777
          ],
          [
            -73.9413939,
            40.8512736
          ],
          [
            -73.9413506,
            40.8512747
          ],
          [
            -73.9413251,
            40.8513057
          ],
          [
            -73.9413019,
            40.8513304
          ],
          [
            -73.9412763,
            40.8513482
          ],
          [
            -73.9412497,
            40.8513603
          ],
          [
            -73.9412123,
            40.8513723
          ],
          [
            -73.9411264,
            40.8513601
          ],
          [
            -73.9409474,
            40.8513342
          ],
          [
            -73.9408902,
            40.851328
          ],
          [
            -73.940837,
            40.8513234
          ],
          [
            -73.9407815,
            40.8513206
          ],
          [
            -73.940727,
            40.8513202
          ],
          [
            -73.9406758,
            40.8513213
          ],
          [
            -73.9403961,
            40.8513344
          ],
          [
            -73.9403217,
            40.8513366
          ],
          [
            -73.9402558,
            40.8514054
          ],
          [
            -73.9402274,
            40.8514251
          ],
          [
            -73.9401939,
            40.8514263
          ],
          [
            -73.9401453,
            40.8514259
          ],
          [
            -73.9400976,
            40.8514254
          ],
          [
            -73.9400744,
            40.8514249
          ],
          [
            -73.9400457,
            40.8515358
          ],
          [
            -73.9397948,
            40.8523848
          ],
          [
            -73.9394756,
            40.8534647
          ],
          [
            -73.9394373,
            40.8535307
          ],
          [
            -73.9388793,
            40.8542636
          ],
          [
            -73.9386194,
            40.854594
          ],
          [
            -73.9385455,
            40.854688
          ],
          [
            -73.9379876,
            40.8554011
          ],
          [
            -73.9379666,
            40.855428
          ],
          [
            -73.9379484,
            40.85545
          ],
          [
            -73.937929,
            40.8554731
          ],
          [
            -73.9379009,
            40.8555131
          ],
          [
            -73.9378758,
            40.8555487
          ],
          [
            -73.9378545,
            40.8555795
          ],
          [
            -73.937832,
            40.8556126
          ],
          [
            -73.937818,
            40.8556301
          ],
          [
            -73.9377156,
            40.8557574
          ],
          [
            -73.9374733,
            40.8560848
          ],
          [
            -73.9373558,
            40.8562375
          ],
          [
            -73.9372014,
            40.8564388
          ],
          [
            -73.9369049,
            40.856825
          ],
          [
            -73.9368372,
            40.8569131
          ],
          [
            -73.936799,
            40.8569628
          ],
          [
            -73.9365489,
            40.8572708
          ],
          [
            -73.9365344,
            40.8572887
          ],
          [
            -73.9365005,
            40.8573312
          ],
          [
            -73.9364612,
            40.8573765
          ],
          [
            -73.9364527,
            40.8573886
          ],
          [
            -73.9363883,
            40.8574808
          ],
          [
            -73.9363228,
            40.8575846
          ],
          [
            -73.9363,
            40.8576246
          ],
          [
            -73.9362748,
            40.8576718
          ],
          [
            -73.9362508,
            40.8577167
          ],
          [
            -73.9361679,
            40.8578811
          ],
          [
            -73.9361613,
            40.8578941
          ],
          [
            -73.9360984,
            40.8580111
          ],
          [
            -73.936067,
            40.8580696
          ],
          [
            -73.9359488,
            40.8582882
          ],
          [
            -73.9358727,
            40.8584018
          ],
          [
            -73.935784,
            40.8585258
          ],
          [
            -73.9356649,
            40.8586748
          ],
          [
            -73.9353837,
            40.8589645
          ],
          [
            -73.9352447,
            40.8590745
          ],
          [
            -73.9351827,
            40.8591229
          ],
          [
            -73.935075,
            40.8592
          ],
          [
            -73.9349707,
            40.8592689
          ],
          [
            -73.9348894,
            40.8593164
          ],
          [
            -73.9348537,
            40.8593326
          ],
          [
            -73.9348123,
            40.8593452
          ],
          [
            -73.9347703,
            40.8593504
          ],
          [
            -73.9347457,
            40.8593517
          ],
          [
            -73.934721,
            40.859351
          ],
          [
            -73.9346813,
            40.8593435
          ],
          [
            -73.9345615,
            40.8593094
          ],
          [
            -73.934384,
            40.8592604
          ],
          [
            -73.934366,
            40.8592524
          ],
          [
            -73.9343474,
            40.8592417
          ],
          [
            -73.9343375,
            40.8592335
          ],
          [
            -73.9343283,
            40.8592223
          ],
          [
            -73.9342827,
            40.8592144
          ],
          [
            -73.9342337,
            40.8592036
          ],
          [
            -73.9341474,
            40.8591845
          ],
          [
            -73.9341185,
            40.8591781
          ],
          [
            -73.9340607,
            40.8591682
          ],
          [
            -73.9340432,
            40.8591658
          ],
          [
            -73.9338859,
            40.8591269
          ],
          [
            -73.9338776,
            40.8591255
          ],
          [
            -73.933871,
            40.859125
          ],
          [
            -73.9338613,
            40.8591255
          ],
          [
            -73.9338502,
            40.8591271
          ],
          [
            -73.9338402,
            40.8591295
          ],
          [
            -73.9338303,
            40.859133
          ],
          [
            -73.9338244,
            40.859136
          ],
          [
            -73.9338196,
            40.8591396
          ],
          [
            -73.9338154,
            40.8591451
          ],
          [
            -73.9337298,
            40.8593309
          ],
          [
            -73.9336561,
            40.8593088
          ],
          [
            -73.9336276,
            40.8593716
          ],
          [
            -73.9335874,
            40.8593918
          ],
          [
            -73.9334594,
            40.859453
          ],
          [
            -73.9333441,
            40.8595138
          ],
          [
            -73.9333104,
            40.859527
          ],
          [
            -73.9332758,
            40.8595364
          ],
          [
            -73.9331805,
            40.8595503
          ],
          [
            -73.9330317,
            40.8595723
          ],
          [
            -73.9329585,
            40.8595941
          ],
          [
            -73.9328878,
            40.8596265
          ],
          [
            -73.932803,
            40.8596676
          ],
          [
            -73.932755,
            40.8596746
          ],
          [
            -73.932653,
            40.8597011
          ],
          [
            -73.9325508,
            40.8597571
          ],
          [
            -73.9324564,
            40.8598401
          ],
          [
            -73.9324475,
            40.8598469
          ],
          [
            -73.9324135,
            40.8598675
          ],
          [
            -73.9323912,
            40.8598859
          ],
          [
            -73.932374,
            40.8599054
          ],
          [
            -73.932371,
            40.8599105
          ],
          [
            -73.9323646,
            40.8599217
          ],
          [
            -73.93235,
            40.8599522
          ],
          [
            -73.9323314,
            40.8599963
          ],
          [
            -73.9323025,
            40.8600268
          ],
          [
            -73.9322572,
            40.8600429
          ],
          [
            -73.9321972,
            40.8600555
          ],
          [
            -73.9321842,
            40.8600624
          ],
          [
            -73.9321411,
            40.8601067
          ],
          [
            -73.9320977,
            40.8601656
          ],
          [
            -73.932022,
            40.8602448
          ],
          [
            -73.9320048,
            40.8602957
          ],
          [
            -73.931975,
            40.8603346
          ],
          [
            -73.931925,
            40.8603737
          ],
          [
            -73.9318477,
            40.8604341
          ],
          [
            -73.9317938,
            40.8604939
          ],
          [
            -73.9316773,
            40.8607201
          ],
          [
            -73.9316336,
            40.8607806
          ],
          [
            -73.9315679,
            40.860842
          ],
          [
            -73.9315158,
            40.860893
          ],
          [
            -73.9314625,
            40.8609567
          ],
          [
            -73.9313879,
            40.8610364
          ],
          [
            -73.9313209,
            40.8610861
          ],
          [
            -73.9312615,
            40.8611268
          ],
          [
            -73.9312277,
            40.8611389
          ],
          [
            -73.9311916,
            40.8611404
          ],
          [
            -73.9311192,
            40.8611113
          ],
          [
            -73.9310669,
            40.8612979
          ],
          [
            -73.931022,
            40.8612941
          ],
          [
            -73.9309757,
            40.8613361
          ],
          [
            -73.930745,
            40.8615546
          ],
          [
            -73.9306807,
            40.861587
          ],
          [
            -73.9306109,
            40.8616296
          ],
          [
            -73.9305479,
            40.861657
          ],
          [
            -73.9304969,
            40.8616702
          ],
          [
            -73.9304272,
            40.8617899
          ],
          [
            -73.9303052,
            40.8622432
          ],
          [
            -73.9303105,
            40.8624278
          ],
          [
            -73.9303441,
            40.8625678
          ],
          [
            -73.9304473,
            40.8627625
          ],
          [
            -73.9305278,
            40.8628842
          ],
          [
            -73.9305841,
            40.8630262
          ],
          [
            -73.9305801,
            40.8631665
          ],
          [
            -73.9305784,
            40.8632085
          ],
          [
            -73.930568,
            40.8632504
          ],
          [
            -73.9305305,
            40.8633315
          ],
          [
            -73.9304355,
            40.863457
          ],
          [
            -73.9303518,
            40.8636463
          ],
          [
            -73.930336,
            40.8636804
          ],
          [
            -73.9302086,
            40.8639137
          ],
          [
            -73.9299431,
            40.8641023
          ],
          [
            -73.9297111,
            40.8643569
          ],
          [
            -73.9295153,
            40.8645587
          ],
          [
            -73.9293432,
            40.8646484
          ],
          [
            -73.9293416,
            40.8647
          ],
          [
            -73.9293811,
            40.8647707
          ],
          [
            -73.9293878,
            40.8648143
          ],
          [
            -73.9293905,
            40.8648488
          ],
          [
            -73.929383,
            40.8649179
          ],
          [
            -73.9292755,
            40.8649926
          ],
          [
            -73.929184,
            40.8649712
          ],
          [
            -73.9291087,
            40.8649648
          ],
          [
            -73.9289434,
            40.8650521
          ],
          [
            -73.9287155,
            40.8651726
          ],
          [
            -73.9286634,
            40.8651991
          ],
          [
            -73.9286767,
            40.8652672
          ],
          [
            -73.9286125,
            40.865279
          ],
          [
            -73.9283945,
            40.8653194
          ],
          [
            -73.9282997,
            40.8653369
          ],
          [
            -73.9281593,
            40.8653787
          ],
          [
            -73.9280238,
            40.8654429
          ]
        ]
      }
    },
    {
      "type": "Feature",
      "properties": {
        "scenario": "Inwood - Dyckman St | 5.0mi | mix | hilly | amenity",
        "shape": "mix",
        "target_miles": 5.0,
        "distance_m": 8044.581975914564,
        "candidate_index": 2
      },
      "geometry": {
        "type": "LineString",
        "coordinates": [
          [
            -73.9280238,
            40.8654429
          ],
          [
            -73.9279083,
            40.865329
          ],
          [
            -73.9278865,
            40.8653403
          ],
          [
            -73.9278578,
            40.8653587
          ],
          [
            -73.92782,
            40.8653796
          ],
          [
            -73.9278078,
            40.8653879
          ],
          [
            -73.9277915,
            40.865368
          ],
          [
            -73.9277762,
            40.8653645
          ],
          [
            -73.9277609,
            40.8653672
          ],
          [
            -73.9275983,
            40.8654515
          ],
          [
            -73.9275639,
            40.8654692
          ],
          [
            -73.9275597,
            40.8654748
          ],
          [
            -73.9275678,
            40.8654788
          ],
          [
            -73.9275755,
            40.8654801
          ],
          [
            -73.9275671,
            40.8654875
          ],
          [
            -73.9275315,
            40.8655059
          ],
          [
            -73.927465,
            40.865545
          ],
          [
            -73.9274337,
            40.8655634
          ],
          [
            -73.9274042,
            40.8655807
          ],
          [
            -73.927335,
            40.8656213
          ],
          [
            -73.9272887,
            40.8656532
          ],
          [
            -73.9272575,
            40.8656669
          ],
          [
            -73.9260489,
            40.8660937
          ],
          [
            -73.9260229,
            40.8661017
          ],
          [
            -73.9259639,
            40.8661238
          ],
          [
            -73.9259165,
            40.8661365
          ],
          [
            -73.9258843,
            40.8661493
          ],
          [
            -73.9251842,
            40.8664002
          ],
          [
            -73.9251374,
            40.8664146
          ],
          [
            -73.9250706,
            40.8664388
          ],
          [
            -73.9250089,
            40.8664611
          ],
          [
            -73.9249749,
            40.8664767
          ],
          [
            -73.9250089,
            40.8664611
          ],
          [
            -73.9250706,
            40.8664388
          ],
          [
            -73.9251374,
            40.8664146
          ],
          [
            -73.9251842,
            40.8664002
          ],
          [
            -73.9258843,
            40.8661493
          ],
          [
            -73.9259165,
            40.8661365
          ],
          [
            -73.9259639,
            40.8661238
          ],
          [
            -73.9260229,
            40.8661017
          ],
          [
            -73.9260489,
            40.8660937
          ],
          [
            -73.9272575,
            40.8656669
          ],
          [
            -73.9272887,
            40.8656532
          ],
          [
            -73.927335,
            40.8656213
          ],
          [
            -73.9274042,
            40.8655807
          ],
          [
            -73.9274337,
            40.8655634
          ],
          [
            -73.927465,
            40.865545
          ],
          [
            -73.9275315,
            40.8655059
          ],
          [
            -73.9275671,
            40.8654875
          ],
          [
            -73.9275755,
            40.8654801
          ],
          [
            -73.9275678,
            40.8654788
          ],
          [
            -73.9275597,
            40.8654748
          ],
          [
            -73.9275639,
            40.8654692
          ],
          [
            -73.9275983,
            40.8654515
          ],
          [
            -73.9277609,
            40.8653672
          ],
          [
            -73.9277762,
            40.8653645
          ],
          [
            -73.9277915,
            40.865368
          ],
          [
            -73.9278078,
            40.8653879
          ],
          [
            -73.92782,
            40.8653796
          ],
          [
            -73.9278578,
            40.8653587
          ],
          [
            -73.9278865,
            40.8653403
          ],
          [
            -73.9279083,
            40.865329
          ],
          [
            -73.9280238,
            40.8654429
          ],
          [
            -73.9279083,
            40.865329
          ],
          [
            -73.9281272,
            40.8652149
          ],
          [
            -73.9282884,
            40.8651302
          ],
          [
            -73.9287266,
            40.8648997
          ],
          [
            -73.9289299,
            40.8647849
          ],
          [
            -73.9290352,
            40.8647226
          ],
          [
            -73.9291886,
            40.8646031
          ],
          [
            -73.929233,
            40.864569
          ],
          [
            -73.9294606,
            40.8643815
          ],
          [
            -73.9296576,
            40.8641904
          ],
          [
            -73.9299818,
            40.8637992
          ],
          [
            -73.9301114,
            40.8635412
          ],
          [
            -73.9301802,
            40.8633541
          ],
          [
            -73.930185,
            40.8633245
          ],
          [
            -73.9301892,
            40.8632989
          ],
          [
            -73.930163,
            40.863064
          ],
          [
            -73.9301101,
            40.8626789
          ],
          [
            -73.9300902,
            40.8625349
          ],
          [
            -73.9301141,
            40.8622388
          ],
          [
            -73.9301695,
            40.8620422
          ],
          [
            -73.9302856,
            40.8617399
          ],
          [
            -73.9304272,
            40.8617899
          ],
          [
            -73.9304969,
            40.8616702
          ],
          [
            -73.9305479,
            40.861657
          ],
          [
            -73.9306109,
            40.8616296
          ],
          [
            -73.9306807,
            40.861587
          ],
          [
            -73.930745,
            40.8615546
          ],
          [
            -73.9309757,
            40.8613361
          ],
          [
            -73.931022,
            40.8612941
          ],
          [
            -73.9310669,
            40.8612979
          ],
          [
            -73.9311192,
            40.8611113
          ],
          [
            -73.9311916,
            40.8611404
          ],
          [
            -73.9312277,
            40.8611389
          ],
          [
            -73.9312615,
            40.8611268
          ],
          [
            -73.9313209,
            40.8610861
          ],
          [
            -73.9313879,
            40.8610364
          ],
          [
            -73.9314625,
            40.8609567
          ],
          [
            -73.9315158,
            40.860893
          ],
          [
            -73.9315679,
            40.860842
          ],
          [
            -73.9316336,
            40.8607806
          ],
          [
            -73.9316773,
            40.8607201
          ],
          [
            -73.9317938,
            40.8604939
          ],
          [
            -73.9318477,
            40.8604341
          ],
          [
            -73.931925,
            40.8603737
          ],
          [
            -73.931975,
            40.8603346
          ],
          [
            -73.9320048,
            40.8602957
          ],
          [
            -73.932022,
            40.8602448
          ],
          [
            -73.9320977,
            40.8601656
          ],
          [
            -73.9321411,
            40.8601067
          ],
          [
            -73.9321842,
            40.8600624
          ],
          [
            -73.9321972,
            40.8600555
          ],
          [
            -73.9322572,
            40.8600429
          ],
          [
            -73.9323025,
            40.8600268
          ],
          [
            -73.9323314,
            40.8599963
          ],
          [
            -73.93235,
            40.8599522
          ],
          [
            -73.9323646,
            40.8599217
          ],
          [
            -73.932371,
            40.8599105
          ],
          [
            -73.932374,
            40.8599054
          ],
          [
            -73.9323912,
            40.8598859
          ],
          [
            -73.9324135,
            40.8598675
          ],
          [
            -73.9324475,
            40.8598469
          ],
          [
            -73.9324564,
            40.8598401
          ],
          [
            -73.9325508,
            40.8597571
          ],
          [
            -73.932653,
            40.8597011
          ],
          [
            -73.932755,
            40.8596746
          ],
          [
            -73.932803,
            40.8596676
          ],
          [
            -73.9328878,
            40.8596265
          ],
          [
            -73.9329585,
            40.8595941
          ],
          [
            -73.9330317,
            40.8595723
          ],
          [
            -73.9331805,
            40.8595503
          ],
          [
            -73.9332758,
            40.8595364
          ],
          [
            -73.9333104,
            40.859527
          ],
          [
            -73.9333441,
            40.8595138
          ],
          [
            -73.9334594,
            40.859453
          ],
          [
            -73.9335874,
            40.8593918
          ],
          [
            -73.9336276,
            40.8593716
          ],
          [
            -73.9336561,
            40.8593088
          ],
          [
            -73.9337298,
            40.8593309
          ],
          [
            -73.9338154,
            40.8591451
          ],
          [
            -73.9338196,
            40.8591396
          ],
          [
            -73.9338244,
            40.859136
          ],
          [
            -73.9338303,
            40.859133
          ],
          [
            -73.9338402,
            40.8591295
          ],
          [
            -73.9338502,
            40.8591271
          ],
          [
            -73.9338613,
            40.8591255
          ],
          [
            -73.933871,
            40.859125
          ],
          [
            -73.9338776,
            40.8591255
          ],
          [
            -73.9338859,
            40.8591269
          ],
          [
            -73.9340432,
            40.8591658
          ],
          [
            -73.9340607,
            40.8591682
          ],
          [
            -73.9340666,
            40.8591659
          ],
          [
            -73.9340721,
            40.8591628
          ],
          [
            -73.9340757,
            40.85916
          ],
          [
            -73.9340789,
            40.8591567
          ],
          [
            -73.9342364,
            40.8589024
          ],
          [
            -73.93433,
            40.8587308
          ],
          [
            -73.9343982,
            40.8585855
          ],
          [
            -73.9345621,
            40.8583496
          ],
          [
            -73.9346771,
            40.858184
          ],
          [
            -73.9346947,
            40.8581606
          ],
          [
            -73.9348878,
            40.8579039
          ],
          [
            -73.9351187,
            40.8575923
          ],
          [
            -73.9352429,
            40.8574248
          ],
          [
            -73.9354512,
            40.8571484
          ],
          [
            -73.9354645,
            40.8571308
          ],
          [
            -73.9355001,
            40.857085
          ],
          [
            -73.9355311,
            40.857045
          ],
          [
            -73.9355427,
            40.8570294
          ],
          [
            -73.9360736,
            40.8563154
          ],
          [
            -73.9361933,
            40.85616
          ],
          [
            -73.9363291,
            40.8559775
          ],
          [
            -73.9365006,
            40.8557599
          ],
          [
            -73.9365953,
            40.8556153
          ],
          [
            -73.9366972,
            40.8553842
          ],
          [
            -73.9367707,
            40.8551572
          ],
          [
            -73.9367841,
            40.8551134
          ],
          [
            -73.9368105,
            40.855029
          ],
          [
            -73.9373065,
            40.8534236
          ],
          [
            -73.9373457,
            40.8532967
          ],
          [
            -73.9374686,
            40.8528974
          ],
          [
            -73.9375016,
            40.8528995
          ],
          [
            -73.9375886,
            40.8529028
          ],
          [
            -73.9376088,
            40.8528373
          ],
          [
            -73.9377997,
            40.8521935
          ],
          [
            -73.9378214,
            40.8521285
          ],
          [
            -73.9378419,
            40.852068
          ],
          [
            -73.9381831,
            40.8511735
          ],
          [
            -73.9382533,
            40.8509905
          ],
          [
            -73.938284,
            40.850909
          ],
          [
            -73.9383147,
            40.8508331
          ],
          [
            -73.9385576,
            40.8502304
          ],
          [
            -73.938627,
            40.8500578
          ],
          [
            -73.9386521,
            40.8499993
          ],
          [
            -73.9386763,
            40.8499391
          ],
          [
            -73.9388049,
            40.8496208
          ],
          [
            -73.9388994,
            40.8493854
          ],
          [
            -73.9389291,
            40.8493131
          ],
          [
            -73.9389575,
            40.8492427
          ],
          [
            -73.9389647,
            40.8492248
          ],
          [
            -73.9390146,
            40.8491014
          ],
          [
            -73.9390645,
            40.8489777
          ],
          [
            -73.9391062,
            40.8488746
          ],
          [
            -73.9391532,
            40.848758
          ],
          [
            -73.9391578,
            40.8487467
          ],
          [
            -73.9391834,
            40.8486832
          ],
          [
            -73.9392228,
            40.8486779
          ],
          [
            -73.9392499,
            40.8486748
          ],
          [
            -73.9392777,
            40.8486739
          ],
          [
            -73.9392998,
            40.8486733
          ],
          [
            -73.939316,
            40.8486231
          ],
          [
            -73.9393314,
            40.8486224
          ],
          [
            -73.9396084,
            40.8479305
          ],
          [
            -73.9396158,
            40.8479122
          ],
          [
            -73.9396343,
            40.8478678
          ],
          [
            -73.9396503,
            40.8478232
          ],
          [
            -73.9396576,
            40.8478057
          ],
          [
            -73.9398699,
            40.8472966
          ],
          [
            -73.9398799,
            40.8472722
          ],
          [
            -73.9398917,
            40.8472341
          ],
          [
            -73.939907,
            40.8471943
          ],
          [
            -73.9399147,
            40.847175
          ],
          [
            -73.9401367,
            40.8466153
          ],
          [
            -73.940185,
            40.8464956
          ],
          [
            -73.9403296,
            40.8461379
          ],
          [
            -73.9403488,
            40.8460905
          ],
          [
            -73.9403789,
            40.846016
          ],
          [
            -73.9405954,
            40.8454781
          ],
          [
            -73.9406026,
            40.8454603
          ],
          [
            -73.9406197,
            40.8454183
          ],
          [
            -73.9406343,
            40.845375
          ],
          [
            -73.9406417,
            40.8453568
          ],
          [
            -73.9408701,
            40.8447988
          ],
          [
            -73.9408787,
            40.8447778
          ],
          [
            -73.9408997,
            40.8447376
          ],
          [
            -73.9409172,
            40.8446975
          ],
          [
            -73.9409278,
            40.8446715
          ],
          [
            -73.9410353,
            40.8444084
          ],
          [
            -73.9411947,
            40.8441566
          ],
          [
            -73.9412098,
            40.8441328
          ],
          [
            -73.9412391,
            40.8440897
          ],
          [
            -73.9412624,
            40.8440553
          ],
          [
            -73.9412764,
            40.8440382
          ],
          [
            -73.9416763,
            40.8435511
          ],
          [
            -73.9416936,
            40.8435289
          ],
          [
            -73.94172,
            40.8434949
          ],
          [
            -73.9417484,
            40.8434583
          ],
          [
            -73.9417622,
            40.8434406
          ],
          [
            -73.9419566,
            40.843195
          ],
          [
            -73.9420934,
            40.8429272
          ],
          [
            -73.9421016,
            40.8429083
          ],
          [
            -73.9421161,
            40.842861
          ],
          [
            -73.9421293,
            40.8428177
          ],
          [
            -73.942135,
            40.8428004
          ],
          [
            -73.9423442,
            40.8422759
          ],
          [
            -73.9423759,
            40.8422003
          ],
          [
            -73.9423968,
            40.8421504
          ],
          [
            -73.9425831,
            40.8416943
          ],
          [
            -73.9428151,
            40.8411259
          ],
          [
            -73.9429599,
            40.8407712
          ],
          [
            -73.9430191,
            40.8406263
          ],
          [
            -73.9431019,
            40.8404054
          ],
          [
            -73.9431301,
            40.8403417
          ],
          [
            -73.9431723,
            40.840362
          ],
          [
            -73.943704,
            40.8406408
          ],
          [
            -73.9438545,
            40.8407197
          ],
          [
            -73.9444531,
            40.8410335
          ],
          [
            -73.9444719,
            40.8410424
          ],
          [
            -73.9444886,
            40.8410508
          ],
          [
            -73.9446359,
            40.8411246
          ],
          [
            -73.944724,
            40.8411687
          ],
          [
            -73.9447555,
            40.8411847
          ],
          [
            -73.9448051,
            40.841139
          ],
          [
            -73.9452691,
            40.8406789
          ],
          [
            -73.945758,
            40.8402076
          ],
          [
            -73.9459149,
            40.8400407
          ],
          [
            -73.9461281,
            40.8397663
          ],
          [
            -73.9462951,
            40.8394868
          ],
          [
            -73.9464299,
            40.8391357
          ],
          [
            -73.9464097,
            40.8391309
          ],
          [
            -73.946299,
            40.8391065
          ],
          [
            -73.9462073,
            40.8390863
          ],
          [
            -73.946197,
            40.8390843
          ],
          [
            -73.9461562,
            40.8390965
          ],
          [
            -73.9461129,
            40.8391028
          ],
          [
            -73.9460644,
            40.8391098
          ],
          [
            -73.9459571,
            40.8391053
          ],
          [
            -73.9458626,
            40.8390718
          ],
          [
            -73.945916,
            40.8390288
          ],
          [
            -73.9458626,
            40.8390718
          ],
          [
            -73.9459571,
            40.8391053
          ],
          [
            -73.9460644,
            40.8391098
          ],
          [
            -73.9461129,
            40.8391028
          ],
          [
            -73.9461562,
            40.8390965
          ],
          [
            -73.946197,
            40.8390843
          ],
          [
            -73.9462073,
            40.8390863
          ],
          [
            -73.946299,
            40.8391065
          ],
          [
            -73.9464097,
            40.8391309
          ],
          [
            -73.9464299,
            40.8391357
          ],
          [
            -73.9462951,
            40.8394868
          ],
          [
            -73.9461281,
            40.8397663
          ],
          [
            -73.9459149,
            40.8400407
          ],
          [
            -73.945758,
            40.8402076
          ],
          [
            -73.9452691,
            40.8406789
          ],
          [
            -73.9448051,
            40.841139
          ],
          [
            -73.9447555,
            40.8411847
          ],
          [
            -73.944724,
            40.8411687
          ],
          [
            -73.9446359,
            40.8411246
          ],
          [
            -73.9444886,
            40.8410508
          ],
          [
            -73.9444719,
            40.8410424
          ],
          [
            -73.9444531,
            40.8410335
          ],
          [
            -73.9438545,
            40.8407197
          ],
          [
            -73.943704,
            40.8406408
          ],
          [
            -73.9431723,
            40.840362
          ],
          [
            -73.9431301,
            40.8403417
          ],
          [
            -73.9431019,
            40.8404054
          ],
          [
            -73.9430191,
            40.8406263
          ],
          [
            -73.9429599,
            40.8407712
          ],
          [
            -73.9428151,
            40.8411259
          ],
          [
            -73.9425831,
            40.8416943
          ],
          [
            -73.9423968,
            40.8421504
          ],
          [
            -73.9423759,
            40.8422003
          ],
          [
            -73.9423442,
            40.8422759
          ],
          [
            -73.942135,
            40.8428004
          ],
          [
            -73.9421293,
            40.8428177
          ],
          [
            -73.9421161,
            40.842861
          ],
          [
            -73.9421016,
            40.8429083
          ],
          [
            -73.9420934,
            40.8429272
          ],
          [
            -73.9419566,
            40.843195
          ],
          [
            -73.9417622,
            40.8434406
          ],
          [
            -73.9417484,
            40.8434583
          ],
          [
            -73.94172,
            40.8434949
          ],
          [
            -73.9416936,
            40.8435289
          ],
          [
            -73.9416763,
            40.8435511
          ],
          [
            -73.9412764,
            40.8440382
          ],
          [
            -73.9412624,
            40.8440553
          ],
          [
            -73.9412391,
            40.8440897
          ],
          [
            -73.9412098,
            40.8441328
          ],
          [
            -73.9411947,
            40.8441566
          ],
          [
            -73.9410353,
            40.8444084
          ],
          [
            -73.9409278,
            40.8446715
          ],
          [
            -73.9409172,
            40.8446975
          ],
          [
            -73.9408997,
            40.8447376
          ],
          [
            -73.9408787,
            40.8447778
          ],
          [
            -73.9408701,
            40.8447988
          ],
          [
            -73.9406417,
            40.8453568
          ],
          [
            -73.9406343,
            40.845375
          ],
          [
            -73.9406197,
            40.8454183
          ],
          [
            -73.9406026,
            40.8454603
          ],
          [
            -73.9405954,
            40.8454781
          ],
          [
            -73.9403789,
            40.846016
          ],
          [
            -73.9403488,
            40.8460905
          ],
          [
            -73.9403296,
            40.8461379
          ],
          [
            -73.940185,
            40.8464956
          ],
          [
            -73.9401367,
            40.8466153
          ],
          [
            -73.9399147,
            40.847175
          ],
          [
            -73.939907,
            40.8471943
          ],
          [
            -73.9398917,
            40.8472341
          ],
          [
            -73.9398799,
            40.8472722
          ],
          [
            -73.9398699,
            40.8472966
          ],
          [
            -73.9396576,
            40.8478057
          ],
          [
            -73.9396503,
            40.8478232
          ],
          [
            -73.9396343,
            40.8478678
          ],
          [
            -73.9396158,
            40.8479122
          ],
          [
            -73.9396084,
            40.8479305
          ],
          [
            -73.9393314,
            40.8486224
          ],
          [
            -73.939316,
            40.8486231
          ],
          [
            -73.9392998,
            40.8486733
          ],
          [
            -73.9392777,
            40.8486739
          ],
          [
            -73.9392499,
            40.8486748
          ],
          [
            -73.9392228,
            40.8486779
          ],
          [
            -73.9391834,
            40.8486832
          ],
          [
            -73.9391578,
            40.8487467
          ],
          [
            -73.9391532,
            40.848758
          ],
          [
            -73.9391062,
            40.8488746
          ],
          [
            -73.9390645,
            40.8489777
          ],
          [
            -73.9390146,
            40.8491014
          ],
          [
            -73.9389647,
            40.8492248
          ],
          [
            -73.9389575,
            40.8492427
          ],
          [
            -73.9389291,
            40.8493131
          ],
          [
            -73.9388994,
            40.8493854
          ],
          [
            -73.9388049,
            40.8496208
          ],
          [
            -73.9386763,
            40.8499391
          ],
          [
            -73.9386521,
            40.8499993
          ],
          [
            -73.938627,
            40.8500578
          ],
          [
            -73.9385576,
            40.8502304
          ],
          [
            -73.9383147,
            40.8508331
          ],
          [
            -73.938284,
            40.850909
          ],
          [
            -73.9382533,
            40.8509905
          ],
          [
            -73.9381831,
            40.8511735
          ],
          [
            -73.9378419,
            40.852068
          ],
          [
            -73.9378214,
            40.8521285
          ],
          [
            -73.9377997,
            40.8521935
          ],
          [
            -73.9376088,
            40.8528373
          ],
          [
            -73.9375886,
            40.8529028
          ],
          [
            -73.9375016,
            40.8528995
          ],
          [
            -73.9374686,
            40.8528974
          ],
          [
            -73.9373457,
            40.8532967
          ],
          [
            -73.9373065,
            40.8534236
          ],
          [
            -73.9368105,
            40.855029
          ],
          [
            -73.9367841,
            40.8551134
          ],
          [
            -73.9367707,
            40.8551572
          ],
          [
            -73.9366972,
            40.8553842
          ],
          [
            -73.9365953,
            40.8556153
          ],
          [
            -73.9365006,
            40.8557599
          ],
          [
            -73.9363291,
            40.8559775
          ],
          [
            -73.9361933,
            40.85616
          ],
          [
            -73.9360736,
            40.8563154
          ],
          [
            -73.9355427,
            40.8570294
          ],
          [
            -73.9355311,
            40.857045
          ],
          [
            -73.9355001,
            40.857085
          ],
          [
            -73.9354645,
            40.8571308
          ],
          [
            -73.9354512,
            40.8571484
          ],
          [
            -73.9352429,
            40.8574248
          ],
          [
            -73.9351187,
            40.8575923
          ],
          [
            -73.9348878,
            40.8579039
          ],
          [
            -73.9346947,
            40.8581606
          ],
          [
            -73.9346771,
            40.858184
          ],
          [
            -73.9345621,
            40.8583496
          ],
          [
            -73.9343982,
            40.8585855
          ],
          [
            -73.93433,
            40.8587308
          ],
          [
            -73.9342364,
            40.8589024
          ],
          [
            -73.9340789,
            40.8591567
          ],
          [
            -73.9340757,
            40.85916
          ],
          [
            -73.9340721,
            40.8591628
          ],
          [
            -73.9340666,
            40.8591659
          ],
          [
            -73.9340607,
            40.8591682
          ],
          [
            -73.9340432,
            40.8591658
          ],
          [
            -73.9338859,
            40.8591269
          ],
          [
            -73.9338776,
            40.8591255
          ],
          [
            -73.933871,
            40.859125
          ],
          [
            -73.9338613,
            40.8591255
          ],
          [
            -73.9338502,
            40.8591271
          ],
          [
            -73.9338402,
            40.8591295
          ],
          [
            -73.9338303,
            40.859133
          ],
          [
            -73.9338244,
            40.859136
          ],
          [
            -73.9338196,
            40.8591396
          ],
          [
            -73.9338154,
            40.8591451
          ],
          [
            -73.9337298,
            40.8593309
          ],
          [
            -73.9336561,
            40.8593088
          ],
          [
            -73.9336276,
            40.8593716
          ],
          [
            -73.9335874,
            40.8593918
          ],
          [
            -73.9334594,
            40.859453
          ],
          [
            -73.9333441,
            40.8595138
          ],
          [
            -73.9333104,
            40.859527
          ],
          [
            -73.9332758,
            40.8595364
          ],
          [
            -73.9331805,
            40.8595503
          ],
          [
            -73.9330317,
            40.8595723
          ],
          [
            -73.9329585,
            40.8595941
          ],
          [
            -73.9328878,
            40.8596265
          ],
          [
            -73.932803,
            40.8596676
          ],
          [
            -73.932755,
            40.8596746
          ],
          [
            -73.932653,
            40.8597011
          ],
          [
            -73.9325508,
            40.8597571
          ],
          [
            -73.9324564,
            40.8598401
          ],
          [
            -73.9324475,
            40.8598469
          ],
          [
            -73.9324135,
            40.8598675
          ],
          [
            -73.9323912,
            40.8598859
          ],
          [
            -73.932374,
            40.8599054
          ],
          [
            -73.932371,
            40.8599105
          ],
          [
            -73.9323646,
            40.8599217
          ],
          [
            -73.93235,
            40.8599522
          ],
          [
            -73.9323314,
            40.8599963
          ],
          [
            -73.9323025,
            40.8600268
          ],
          [
            -73.9322572,
            40.8600429
          ],
          [
            -73.9321972,
            40.8600555
          ],
          [
            -73.9321842,
            40.8600624
          ],
          [
            -73.9321411,
            40.8601067
          ],
          [
            -73.9320977,
            40.8601656
          ],
          [
            -73.932022,
            40.8602448
          ],
          [
            -73.9320048,
            40.8602957
          ],
          [
            -73.931975,
            40.8603346
          ],
          [
            -73.931925,
            40.8603737
          ],
          [
            -73.9318477,
            40.8604341
          ],
          [
            -73.9317938,
            40.8604939
          ],
          [
            -73.9316773,
            40.8607201
          ],
          [
            -73.9316336,
            40.8607806
          ],
          [
            -73.9315679,
            40.860842
          ],
          [
            -73.9315158,
            40.860893
          ],
          [
            -73.9314625,
            40.8609567
          ],
          [
            -73.9313879,
            40.8610364
          ],
          [
            -73.9313209,
            40.8610861
          ],
          [
            -73.9312615,
            40.8611268
          ],
          [
            -73.9312277,
            40.8611389
          ],
          [
            -73.9311916,
            40.8611404
          ],
          [
            -73.9311192,
            40.8611113
          ],
          [
            -73.9310669,
            40.8612979
          ],
          [
            -73.931022,
            40.8612941
          ],
          [
            -73.9309757,
            40.8613361
          ],
          [
            -73.930745,
            40.8615546
          ],
          [
            -73.9306807,
            40.861587
          ],
          [
            -73.9306109,
            40.8616296
          ],
          [
            -73.9305479,
            40.861657
          ],
          [
            -73.9304969,
            40.8616702
          ],
          [
            -73.9304272,
            40.8617899
          ],
          [
            -73.9302856,
            40.8617399
          ],
          [
            -73.9301695,
            40.8620422
          ],
          [
            -73.9301141,
            40.8622388
          ],
          [
            -73.9300902,
            40.8625349
          ],
          [
            -73.9301101,
            40.8626789
          ],
          [
            -73.930163,
            40.863064
          ],
          [
            -73.9301892,
            40.8632989
          ],
          [
            -73.930185,
            40.8633245
          ],
          [
            -73.9301802,
            40.8633541
          ],
          [
            -73.9301114,
            40.8635412
          ],
          [
            -73.9299818,
            40.8637992
          ],
          [
            -73.9296576,
            40.8641904
          ],
          [
            -73.9294606,
            40.8643815
          ],
          [
            -73.929233,
            40.864569
          ],
          [
            -73.9291886,
            40.8646031
          ],
          [
            -73.9290352,
            40.8647226
          ],
          [
            -73.9289299,
            40.8647849
          ],
          [
            -73.9287266,
            40.8648997
          ],
          [
            -73.9282884,
            40.8651302
          ],
          [
            -73.9281272,
            40.8652149
          ],
          [
            -73.9279083,
            40.865329
          ],
          [
            -73.9280238,
            40.8654429
          ]
        ]
      }
    },
    {
      "type": "Feature",
      "properties": {
        "scenario": "Inwood - Dyckman St | 5.0mi | mix | hilly | amenity",
        "shape": "mix",
        "target_miles": 5.0,
        "distance_m": 8042.448003894373,
        "candidate_index": 3
      },
      "geometry": {
        "type": "LineString",
        "coordinates": [
          [
            -73.9280238,
            40.8654429
          ],
          [
            -73.9279083,
            40.865329
          ],
          [
            -73.9281272,
            40.8652149
          ],
          [
            -73.9282884,
            40.8651302
          ],
          [
            -73.9287266,
            40.8648997
          ],
          [
            -73.9289299,
            40.8647849
          ],
          [
            -73.9290352,
            40.8647226
          ],
          [
            -73.9290243,
            40.8647087
          ],
          [
            -73.9289665,
            40.8646215
          ],
          [
            -73.9289166,
            40.8645463
          ],
          [
            -73.9288996,
            40.8645236
          ],
          [
            -73.9290762,
            40.8643694
          ],
          [
            -73.9293105,
            40.8641676
          ],
          [
            -73.9295992,
            40.8638737
          ],
          [
            -73.9297413,
            40.8636925
          ],
          [
            -73.9298366,
            40.863487
          ],
          [
            -73.9298469,
            40.8634625
          ],
          [
            -73.9298727,
            40.8634053
          ],
          [
            -73.9298941,
            40.8633579
          ],
          [
            -73.9298995,
            40.863334
          ],
          [
            -73.9298887,
            40.8631523
          ],
          [
            -73.9298751,
            40.8629806
          ],
          [
            -73.9298668,
            40.8628761
          ],
          [
            -73.9298396,
            40.8627084
          ],
          [
            -73.9297966,
            40.8625066
          ],
          [
            -73.9297507,
            40.8624605
          ],
          [
            -73.9297761,
            40.8624418
          ],
          [
            -73.9298048,
            40.8624191
          ],
          [
            -73.9298324,
            40.8623992
          ],
          [
            -73.9298356,
            40.8623788
          ],
          [
            -73.9298515,
            40.8622743
          ],
          [
            -73.9298558,
            40.8622464
          ],
          [
            -73.929857,
            40.8622239
          ],
          [
            -73.9298608,
            40.8621511
          ],
          [
            -73.9298629,
            40.8621119
          ],
          [
            -73.9298654,
            40.8620801
          ],
          [
            -73.9298733,
            40.8620246
          ],
          [
            -73.9298848,
            40.8619672
          ],
          [
            -73.9299069,
            40.8618983
          ],
          [
            -73.92994,
            40.8618022
          ],
          [
            -73.9301765,
            40.8613758
          ],
          [
            -73.9306046,
            40.8606676
          ],
          [
            -73.930615,
            40.8606505
          ],
          [
            -73.9306397,
            40.8606013
          ],
          [
            -73.9306524,
            40.860576
          ],
          [
            -73.9306637,
            40.8605568
          ],
          [
            -73.9307553,
            40.8604006
          ],
          [
            -73.9308487,
            40.860185
          ],
          [
            -73.9309759,
            40.8598873
          ],
          [
            -73.9310661,
            40.8596741
          ],
          [
            -73.9310771,
            40.8596027
          ],
          [
            -73.9311447,
            40.8594863
          ],
          [
            -73.9311741,
            40.8594122
          ],
          [
            -73.9311788,
            40.8593955
          ],
          [
            -73.9311946,
            40.8593214
          ],
          [
            -73.9312057,
            40.8592692
          ],
          [
            -73.9312161,
            40.8592396
          ],
          [
            -73.9312277,
            40.8591884
          ],
          [
            -73.9312315,
            40.8591582
          ],
          [
            -73.931236,
            40.8591233
          ],
          [
            -73.9312457,
            40.8590902
          ],
          [
            -73.9312485,
            40.8590849
          ],
          [
            -73.9316614,
            40.8582896
          ],
          [
            -73.9316699,
            40.8582739
          ],
          [
            -73.9316921,
            40.8582329
          ],
          [
            -73.9317106,
            40.8581989
          ],
          [
            -73.9317223,
            40.8581768
          ],
          [
            -73.9317106,
            40.8581989
          ],
          [
            -73.9316921,
            40.8582329
          ],
          [
            -73.9316699,
            40.8582739
          ],
          [
            -73.9316614,
            40.8582896
          ],
          [
            -73.9312485,
            40.8590849
          ],
          [
            -73.9312457,
            40.8590902
          ],
          [
            -73.931236,
            40.8591233
          ],
          [
            -73.9312315,
            40.8591582
          ],
          [
            -73.9312277,
            40.8591884
          ],
          [
            -73.9312161,
            40.8592396
          ],
          [
            -73.9312057,
            40.8592692
          ],
          [
            -73.9311946,
            40.8593214
          ],
          [
            -73.9311788,
            40.8593955
          ],
          [
            -73.9311741,
            40.8594122
          ],
          [
            -73.9311447,
            40.8594863
          ],
          [
            -73.9310771,
            40.8596027
          ],
          [
            -73.9310661,
            40.8596741
          ],
          [
            -73.9309759,
            40.8598873
          ],
          [
            -73.9308487,
            40.860185
          ],
          [
            -73.9307553,
            40.8604006
          ],
          [
            -73.9306637,
            40.8605568
          ],
          [
            -73.9306524,
            40.860576
          ],
          [
            -73.9306397,
            40.8606013
          ],
          [
            -73.930615,
            40.8606505
          ],
          [
            -73.9306046,
            40.8606676
          ],
          [
            -73.9301765,
            40.8613758
          ],
          [
            -73.92994,
            40.8618022
          ],
          [
            -73.9299069,
            40.8618983
          ],
          [
            -73.9298848,
            40.8619672
          ],
          [
            -73.9298733,
            40.8620246
          ],
          [
            -73.9298654,
            40.8620801
          ],
          [
            -73.9298629,
            40.8621119
          ],
          [
            -73.9298608,
            40.8621511
          ],
          [
            -73.929857,
            40.8622239
          ],
          [
            -73.9298558,
            40.8622464
          ],
          [
            -73.9298515,
            40.8622743
          ],
          [
            -73.9298356,
            40.8623788
          ],
          [
            -73.9298324,
            40.8623992
          ],
          [
            -73.9298048,
            40.8624191
          ],
          [
            -73.9297761,
            40.8624418
          ],
          [
            -73.9297507,
            40.8624605
          ],
          [
            -73.9297966,
            40.8625066
          ],
          [
            -73.9298396,
            40.8627084
          ],
          [
            -73.9298668,
            40.8628761
          ],
          [
            -73.9298751,
            40.8629806
          ],
          [
            -73.9298887,
            40.8631523
          ],
          [
            -73.9298995,
            40.863334
          ],
          [
            -73.9298941,
            40.8633579
          ],
          [
            -73.9298727,
            40.8634053
          ],
          [
            -73.9298469,
            40.8634625
          ],
          [
            -73.9298366,
            40.863487
          ],
          [
            -73.9297413,
            40.8636925
          ],
          [
            -73.9295992,
            40.8638737
          ],
          [
            -73.9293105,
            40.8641676
          ],
          [
            -73.9290762,
            40.8643694
          ],
          [
            -73.9288996,
            40.8645236
          ],
          [
            -73.9289166,
            40.8645463
          ],
          [
            -73.9289665,
            40.8646215
          ],
          [
            -73.9290243,
            40.8647087
          ],
          [
            -73.9290352,
            40.8647226
          ],
          [
            -73.9289299,
            40.8647849
          ],
          [
            -73.9287266,
            40.8648997
          ],
          [
            -73.9282884,
            40.8651302
          ],
          [
            -73.9281272,
            40.8652149
          ],
          [
            -73.9279083,
            40.865329
          ],
          [
            -73.9280238,
            40.8654429
          ],
          [
            -73.9279083,
            40.865329
          ],
          [
            -73.9281272,
            40.8652149
          ],
          [
            -73.9282884,
            40.8651302
          ],
          [
            -73.9287266,
            40.8648997
          ],
          [
            -73.9289299,
            40.8647849
          ],
          [
            -73.9290352,
            40.8647226
          ],
          [
            -73.9290243,
            40.8647087
          ],
          [
            -73.9289665,
            40.8646215
          ],
          [
            -73.9289166,
            40.8645463
          ],
          [
            -73.9288996,
            40.8645236
          ],
          [
            -73.9290762,
            40.8643694
          ],
          [
            -73.9293105,
            40.8641676
          ],
          [
            -73.9295992,
            40.8638737
          ],
          [
            -73.9297413,
            40.8636925
          ],
          [
            -73.9298366,
            40.863487
          ],
          [
            -73.9298469,
            40.8634625
          ],
          [
            -73.9298727,
            40.8634053
          ],
          [
            -73.9298941,
            40.8633579
          ],
          [
            -73.9298995,
            40.863334
          ],
          [
            -73.9298887,
            40.8631523
          ],
          [
            -73.9298751,
            40.8629806
          ],
          [
            -73.9298668,
            40.8628761
          ],
          [
            -73.9298396,
            40.8627084
          ],
          [
            -73.9297966,
            40.8625066
          ],
          [
            -73.9297507,
            40.8624605
          ],
          [
            -73.9297761,
            40.8624418
          ],
          [
            -73.9298048,
            40.8624191
          ],
          [
            -73.9298324,
            40.8623992
          ],
          [
            -73.9298356,
            40.8623788
          ],
          [
            -73.9298515,
            40.8622743
          ],
          [
            -73.9298558,
            40.8622464
          ],
          [
            -73.929857,
            40.8622239
          ],
          [
            -73.9298608,
            40.8621511
          ],
          [
            -73.9298629,
            40.8621119
          ],
          [
            -73.9298654,
            40.8620801
          ],
          [
            -73.9298733,
            40.8620246
          ],
          [
            -73.9298848,
            40.8619672
          ],
          [
            -73.9299069,
            40.8618983
          ],
          [
            -73.92994,
            40.8618022
          ],
          [
            -73.9301765,
            40.8613758
          ],
          [
            -73.9306046,
            40.8606676
          ],
          [
            -73.930615,
            40.8606505
          ],
          [
            -73.9306397,
            40.8606013
          ],
          [
            -73.9306524,
            40.860576
          ],
          [
            -73.9306637,
            40.8605568
          ],
          [
            -73.9307553,
            40.8604006
          ],
          [
            -73.9308487,
            40.860185
          ],
          [
            -73.9309759,
            40.8598873
          ],
          [
            -73.9310661,
            40.8596741
          ],
          [
            -73.9310771,
            40.8596027
          ],
          [
            -73.9311447,
            40.8594863
          ],
          [
            -73.9311741,
            40.8594122
          ],
          [
            -73.9311788,
            40.8593955
          ],
          [
            -73.9311946,
            40.8593214
          ],
          [
            -73.9312057,
            40.8592692
          ],
          [
            -73.9312161,
            40.8592396
          ],
          [
            -73.9312277,
            40.8591884
          ],
          [
            -73.9312315,
            40.8591582
          ],
          [
            -73.931236,
            40.8591233
          ],
          [
            -73.9312457,
            40.8590902
          ],
          [
            -73.9312485,
            40.8590849
          ],
          [
            -73.9316614,
            40.8582896
          ],
          [
            -73.9316699,
            40.8582739
          ],
          [
            -73.9316921,
            40.8582329
          ],
          [
            -73.9317106,
            40.8581989
          ],
          [
            -73.9317223,
            40.8581768
          ],
          [
            -73.9318851,
            40.8578668
          ],
          [
            -73.9319511,
            40.857737
          ],
          [
            -73.9324746,
            40.856748
          ],
          [
            -73.9324817,
            40.8567346
          ],
          [
            -73.9325079,
            40.8566829
          ],
          [
            -73.9325332,
            40.8566331
          ],
          [
            -73.9325431,
            40.8566138
          ],
          [
            -73.9326357,
            40.8564349
          ],
          [
            -73.9329582,
            40.8558338
          ],
          [
            -73.9330944,
            40.8555739
          ],
          [
            -73.9331577,
            40.8553802
          ],
          [
            -73.9331975,
            40.8552585
          ],
          [
            -73.933535,
            40.8542282
          ],
          [
            -73.9335425,
            40.8542054
          ],
          [
            -73.9335694,
            40.8541399
          ],
          [
            -73.9335901,
            40.8540894
          ],
          [
            -73.9336039,
            40.8540632
          ],
          [
            -73.9339532,
            40.8533973
          ],
          [
            -73.9340432,
            40.8532174
          ],
          [
            -73.9340966,
            40.8531106
          ],
          [
            -73.9342705,
            40.8527543
          ],
          [
            -73.9342824,
            40.8527299
          ],
          [
            -73.9343129,
            40.8526788
          ],
          [
            -73.9343401,
            40.8526178
          ],
          [
            -73.9343533,
            40.8525918
          ],
          [
            -73.9346082,
            40.8520887
          ],
          [
            -73.9346178,
            40.8520697
          ],
          [
            -73.9346542,
            40.8520093
          ],
          [
            -73.9346653,
            40.8519911
          ],
          [
            -73.9346769,
            40.851968
          ],
          [
            -73.9349221,
            40.8514774
          ],
          [
            -73.9349311,
            40.8514593
          ],
          [
            -73.9349705,
            40.8513868
          ],
          [
            -73.9349915,
            40.8513421
          ],
          [
            -73.9350045,
            40.8513167
          ],
          [
            -73.9352739,
            40.850794
          ],
          [
            -73.9352785,
            40.8507802
          ],
          [
            -73.9353082,
            40.8507263
          ],
          [
            -73.9353199,
            40.8507028
          ],
          [
            -73.9353336,
            40.8506761
          ],
          [
            -73.9355721,
            40.8502051
          ],
          [
            -73.9355835,
            40.8501827
          ],
          [
            -73.9356068,
            40.8501265
          ],
          [
            -73.9356376,
            40.8500544
          ],
          [
            -73.9356603,
            40.8500336
          ],
          [
            -73.935932,
            40.8497836
          ],
          [
            -73.9362042,
            40.8495372
          ],
          [
            -73.936229,
            40.8495148
          ],
          [
            -73.9362658,
            40.8494845
          ],
          [
            -73.9363025,
            40.8494542
          ],
          [
            -73.9363235,
            40.8494356
          ],
          [
            -73.9368338,
            40.8489771
          ],
          [
            -73.9368497,
            40.8489627
          ],
          [
            -73.9368957,
            40.8489192
          ],
          [
            -73.9369286,
            40.8488883
          ],
          [
            -73.9369426,
            40.848875
          ],
          [
            -73.9374588,
            40.8484051
          ],
          [
            -73.9374685,
            40.8483903
          ],
          [
            -73.9375238,
            40.8483423
          ],
          [
            -73.9375656,
            40.8482974
          ],
          [
            -73.9375879,
            40.8482767
          ],
          [
            -73.9378246,
            40.8477313
          ],
          [
            -73.937833,
            40.847712
          ],
          [
            -73.9378498,
            40.8476592
          ],
          [
            -73.9378618,
            40.8476274
          ],
          [
            -73.937872,
            40.8475953
          ],
          [
            -73.9380567,
            40.8470188
          ],
          [
            -73.9380655,
            40.8469954
          ],
          [
            -73.9380775,
            40.8469528
          ],
          [
            -73.9380919,
            40.8469016
          ],
          [
            -73.9380976,
            40.8468838
          ],
          [
            -73.9382888,
            40.8462626
          ],
          [
            -73.9383141,
            40.8461804
          ],
          [
            -73.9383295,
            40.8461304
          ],
          [
            -73.9385241,
            40.8454985
          ],
          [
            -73.9385344,
            40.8454642
          ],
          [
            -73.9385504,
            40.8454111
          ],
          [
            -73.9385609,
            40.8453762
          ],
          [
            -73.9385676,
            40.845354
          ],
          [
            -73.9385961,
            40.8452478
          ],
          [
            -73.9386304,
            40.8451197
          ],
          [
            -73.9387326,
            40.8447382
          ],
          [
            -73.9387362,
            40.8447168
          ],
          [
            -73.9387468,
            40.844654
          ],
          [
            -73.9387559,
            40.8445997
          ],
          [
            -73.9387608,
            40.8445708
          ],
          [
            -73.9388761,
            40.8439559
          ],
          [
            -73.9388819,
            40.8439336
          ],
          [
            -73.9388941,
            40.8438867
          ],
          [
            -73.9389049,
            40.8438455
          ],
          [
            -73.938911,
            40.843822
          ],
          [
            -73.9389715,
            40.8435584
          ],
          [
            -73.9390424,
            40.8432498
          ],
          [
            -73.9390441,
            40.8432249
          ],
          [
            -73.9390481,
            40.8431682
          ],
          [
            -73.9390518,
            40.8431159
          ],
          [
            -73.9390531,
            40.8430966
          ],
          [
            -73.9385891,
            40.8429049
          ],
          [
            -73.9385573,
            40.8428915
          ],
          [
            -73.938474,
            40.8428566
          ],
          [
            -73.9384604,
            40.8428509
          ],
          [
            -73.9383683,
            40.8428123
          ],
          [
            -73.9383392,
            40.8428001
          ],
          [
            -73.9378244,
            40.8425889
          ],
          [
            -73.9371681,
            40.8423072
          ],
          [
            -73.937142,
            40.8422959
          ],
          [
            -73.9370758,
            40.8422662
          ],
          [
            -73.9370089,
            40.8422362
          ],
          [
            -73.9369732,
            40.8422218
          ],
          [
            -73.935749,
            40.8417077
          ],
          [
            -73.9357209,
            40.8416953
          ],
          [
            -73.9356033,
            40.8416505
          ],
          [
            -73.9355163,
            40.8416174
          ],
          [
            -73.9354885,
            40.8416067
          ],
          [
            -73.9354649,
            40.8415975
          ],
          [
            -73.9354086,
            40.8415704
          ],
          [
            -73.9353317,
            40.8415085
          ],
          [
            -73.9352847,
            40.8414751
          ],
          [
            -73.9353317,
            40.8415085
          ],
          [
            -73.9354086,
            40.8415704
          ],
          [
            -73.9354649,
            40.8415975
          ],
          [
            -73.9354885,
            40.8416067
          ],
          [
            -73.9355163,
            40.8416174
          ],
          [
            -73.9356033,
            40.8416505
          ],
          [
            -73.9357209,
            40.8416953
          ],
          [
            -73.935749,
            40.8417077
          ],
          [
            -73.9369732,
            40.8422218
          ],
          [
            -73.9370089,
            40.8422362
          ],
          [
            -73.9370758,
            40.8422662
          ],
          [
            -73.937142,
            40.8422959
          ],
          [
            -73.9371681,
            40.8423072
          ],
          [
            -73.9378244,
            40.8425889
          ],
          [
            -73.9383392,
            40.8428001
          ],
          [
            -73.9383683,
            40.8428123
          ],
          [
            -73.9384604,
            40.8428509
          ],
          [
            -73.938474,
            40.8428566
          ],
          [
            -73.9385573,
            40.8428915
          ],
          [
            -73.9385891,
            40.8429049
          ],
          [
            -73.9390531,
            40.8430966
          ],
          [
            -73.9390518,
            40.8431159
          ],
          [
            -73.9390481,
            40.8431682
          ],
          [
            -73.9390441,
            40.8432249
          ],
          [
            -73.9390424,
            40.8432498
          ],
          [
            -73.9389715,
            40.8435584
          ],
          [
            -73.938911,
            40.843822
          ],
          [
            -73.9389049,
            40.8438455
          ],
          [
            -73.9388941,
            40.8438867
          ],
          [
            -73.9388819,
            40.8439336
          ],
          [
            -73.9388761,
            40.8439559
          ],
          [
            -73.9387608,
            40.8445708
          ],
          [
            -73.9387559,
            40.8445997
          ],
          [
            -73.9387468,
            40.844654
          ],
          [
            -73.9387362,
            40.8447168
          ],
          [
            -73.9387326,
            40.8447382
          ],
          [
            -73.9386304,
            40.8451197
          ],
          [
            -73.9385961,
            40.8452478
          ],
          [
            -73.9385676,
            40.845354
          ],
          [
            -73.9385609,
            40.8453762
          ],
          [
            -73.9385504,
            40.8454111
          ],
          [
            -73.9385344,
            40.8454642
          ],
          [
            -73.9385241,
            40.8454985
          ],
          [
            -73.9383295,
            40.8461304
          ],
          [
            -73.9383141,
            40.8461804
          ],
          [
            -73.9382888,
            40.8462626
          ],
          [
            -73.9380976,
            40.8468838
          ],
          [
            -73.9380919,
            40.8469016
          ],
          [
            -73.9380775,
            40.8469528
          ],
          [
            -73.9380655,
            40.8469954
          ],
          [
            -73.9380567,
            40.8470188
          ],
          [
            -73.937872,
            40.8475953
          ],
          [
            -73.9378618,
            40.8476274
          ],
          [
            -73.9378498,
            40.8476592
          ],
          [
            -73.937833,
            40.847712
          ],
          [
            -73.9378246,
            40.8477313
          ],
          [
            -73.9375879,
            40.8482767
          ],
          [
            -73.9375656,
            40.8482974
          ],
          [
            -73.9375238,
            40.8483423
          ],
          [
            -73.9374685,
            40.8483903
          ],
          [
            -73.9374588,
            40.8484051
          ],
          [
            -73.9369426,
            40.848875
          ],
          [
            -73.9369286,
            40.8488883
          ],
          [
            -73.9368957,
            40.8489192
          ],
          [
            -73.9368497,
            40.8489627
          ],
          [
            -73.9368338,
            40.8489771
          ],
          [
            -73.9363235,
            40.8494356
          ],
          [
            -73.9363025,
            40.8494542
          ],
          [
            -73.9362658,
            40.8494845
          ],
          [
            -73.936229,
            40.8495148
          ],
          [
            -73.9362042,
            40.8495372
          ],
          [
            -73.935932,
            40.8497836
          ],
          [
            -73.9356603,
            40.8500336
          ],
          [
            -73.9356376,
            40.8500544
          ],
          [
            -73.9356068,
            40.8501265
          ],
          [
            -73.9355835,
            40.8501827
          ],
          [
            -73.9355721,
            40.8502051
          ],
          [
            -73.9353336,
            40.8506761
          ],
          [
            -73.9353199,
            40.8507028
          ],
          [
            -73.9353082,
            40.8507263
          ],
          [
            -73.9352785,
            40.8507802
          ],
          [
            -73.9352739,
            40.850794
          ],
          [
            -73.9350045,
            40.8513167
          ],
          [
            -73.9349915,
            40.8513421
          ],
          [
            -73.9349705,
            40.8513868
          ],
          [
            -73.9349311,
            40.8514593
          ],
          [
            -73.9349221,
            40.8514774
          ],
          [
            -73.9346769,
            40.851968
          ],
          [
            -73.9346653,
            40.8519911
          ],
          [
            -73.9346542,
            40.8520093
          ],
          [
            -73.9346178,
            40.8520697
          ],
          [
            -73.9346082,
            40.8520887
          ],
          [
            -73.9343533,
            40.8525918
          ],
          [
            -73.9343401,
            40.8526178
          ],
          [
            -73.9343129,
            40.8526788
          ],
          [
            -73.9342824,
            40.8527299
          ],
          [
            -73.9342705,
            40.8527543
          ],
          [
            -73.9340966,
            40.8531106
          ],
          [
            -73.9340432,
            40.8532174
          ],
          [
            -73.9339532,
            40.8533973
          ],
          [
            -73.9336039,
            40.8540632
          ],
          [
            -73.9335901,
            40.8540894
          ],
          [
            -73.9335694,
            40.8541399
          ],
          [
            -73.9335425,
            40.8542054
          ],
          [
            -73.933535,
            40.8542282
          ],
          [
            -73.9331975,
            40.8552585
          ],
          [
            -73.9331577,
            40.8553802
          ],
          [
            -73.9330944,
            40.8555739
          ],
          [
            -73.9329582,
            40.8558338
          ],
          [
            -73.9326357,
            40.8564349
          ],
          [
            -73.9325431,
            40.8566138
          ],
          [
            -73.9325332,
            40.8566331
          ],
          [
            -73.9325079,
            40.8566829
          ],
          [
            -73.9324817,
            40.8567346
          ],
          [
            -73.9324746,
            40.856748
          ],
          [
            -73.9319511,
            40.857737
          ],
          [
            -73.9318851,
            40.8578668
          ],
          [
            -73.9317223,
            40.8581768
          ],
          [
            -73.9317106,
            40.8581989
          ],
          [
            -73.9316921,
            40.8582329
          ],
          [
            -73.9316699,
            40.8582739
          ],
          [
            -73.9316614,
            40.8582896
          ],
          [
            -73.9312485,
            40.8590849
          ],
          [
            -73.9312457,
            40.8590902
          ],
          [
            -73.931236,
            40.8591233
          ],
          [
            -73.9312315,
            40.8591582
          ],
          [
            -73.9312277,
            40.8591884
          ],
          [
            -73.9312161,
            40.8592396
          ],
          [
            -73.9312057,
            40.8592692
          ],
          [
            -73.9311946,
            40.8593214
          ],
          [
            -73.9311788,
            40.8593955
          ],
          [
            -73.9311741,
            40.8594122
          ],
          [
            -73.9311447,
            40.8594863
          ],
          [
            -73.9310771,
            40.8596027
          ],
          [
            -73.9310661,
            40.8596741
          ],
          [
            -73.9309759,
            40.8598873
          ],
          [
            -73.9308487,
            40.860185
          ],
          [
            -73.9307553,
            40.8604006
          ],
          [
            -73.9306637,
            40.8605568
          ],
          [
            -73.9306524,
            40.860576
          ],
          [
            -73.9306397,
            40.8606013
          ],
          [
            -73.930615,
            40.8606505
          ],
          [
            -73.9306046,
            40.8606676
          ],
          [
            -73.9301765,
            40.8613758
          ],
          [
            -73.92994,
            40.8618022
          ],
          [
            -73.9299069,
            40.8618983
          ],
          [
            -73.9298848,
            40.8619672
          ],
          [
            -73.9298733,
            40.8620246
          ],
          [
            -73.9298654,
            40.8620801
          ],
          [
            -73.9298629,
            40.8621119
          ],
          [
            -73.9298608,
            40.8621511
          ],
          [
            -73.929857,
            40.8622239
          ],
          [
            -73.9298558,
            40.8622464
          ],
          [
            -73.9298515,
            40.8622743
          ],
          [
            -73.9298356,
            40.8623788
          ],
          [
            -73.9298324,
            40.8623992
          ],
          [
            -73.9298048,
            40.8624191
          ],
          [
            -73.9297761,
            40.8624418
          ],
          [
            -73.9297507,
            40.8624605
          ],
          [
            -73.9297966,
            40.8625066
          ],
          [
            -73.9298396,
            40.8627084
          ],
          [
            -73.9298668,
            40.8628761
          ],
          [
            -73.9298751,
            40.8629806
          ],
          [
            -73.9298887,
            40.8631523
          ],
          [
            -73.9298995,
            40.863334
          ],
          [
            -73.9298941,
            40.8633579
          ],
          [
            -73.9298727,
            40.8634053
          ],
          [
            -73.9298469,
            40.8634625
          ],
          [
            -73.9298366,
            40.863487
          ],
          [
            -73.9297413,
            40.8636925
          ],
          [
            -73.9295992,
            40.8638737
          ],
          [
            -73.9293105,
            40.8641676
          ],
          [
            -73.9290762,
            40.8643694
          ],
          [
            -73.9288996,
            40.8645236
          ],
          [
            -73.9289166,
            40.8645463
          ],
          [
            -73.9289665,
            40.8646215
          ],
          [
            -73.9290243,
            40.8647087
          ],
          [
            -73.9290352,
            40.8647226
          ],
          [
            -73.9289299,
            40.8647849
          ],
          [
            -73.9287266,
            40.8648997
          ],
          [
            -73.9282884,
            40.8651302
          ],
          [
            -73.9281272,
            40.8652149
          ],
          [
            -73.9279083,
            40.865329
          ],
          [
            -73.9280238,
            40.8654429
          ]
        ]
      }
    },
    {
      "type": "Feature",
      "properties": {
        "scenario": "Inwood - Dyckman St | 5.0mi | mix | hilly | amenity",
        "shape": "mix",
        "target_miles": 5.0,
        "distance_m": 8220.024024407716,
        "candidate_index": 4
      },
      "geometry": {
        "type": "LineString",
        "coordinates": [
          [
            -73.9280238,
            40.8654429
          ],
          [
            -73.9279083,
            40.865329
          ],
          [
            -73.9281272,
            40.8652149
          ],
          [
            -73.9282884,
            40.8651302
          ],
          [
            -73.9287266,
            40.8648997
          ],
          [
            -73.9289299,
            40.8647849
          ],
          [
            -73.9290352,
            40.8647226
          ],
          [
            -73.9290243,
            40.8647087
          ],
          [
            -73.9289665,
            40.8646215
          ],
          [
            -73.9289166,
            40.8645463
          ],
          [
            -73.9288996,
            40.8645236
          ],
          [
            -73.9290762,
            40.8643694
          ],
          [
            -73.9293105,
            40.8641676
          ],
          [
            -73.9295992,
            40.8638737
          ],
          [
            -73.9297413,
            40.8636925
          ],
          [
            -73.9298366,
            40.863487
          ],
          [
            -73.9298469,
            40.8634625
          ],
          [
            -73.9298727,
            40.8634053
          ],
          [
            -73.9298941,
            40.8633579
          ],
          [
            -73.9298995,
            40.863334
          ],
          [
            -73.9298887,
            40.8631523
          ],
          [
            -73.9298751,
            40.8629806
          ],
          [
            -73.9298668,
            40.8628761
          ],
          [
            -73.9298396,
            40.8627084
          ],
          [
            -73.9297966,
            40.8625066
          ],
          [
            -73.9297507,
            40.8624605
          ],
          [
            -73.9297761,
            40.8624418
          ],
          [
            -73.9298048,
            40.8624191
          ],
          [
            -73.9298324,
            40.8623992
          ],
          [
            -73.9298356,
            40.8623788
          ],
          [
            -73.9298515,
            40.8622743
          ],
          [
            -73.9298558,
            40.8622464
          ],
          [
            -73.929857,
            40.8622239
          ],
          [
            -73.9298608,
            40.8621511
          ],
          [
            -73.9298629,
            40.8621119
          ],
          [
            -73.9298654,
            40.8620801
          ],
          [
            -73.9298733,
            40.8620246
          ],
          [
            -73.9298848,
            40.8619672
          ],
          [
            -73.9299069,
            40.8618983
          ],
          [
            -73.92994,
            40.8618022
          ],
          [
            -73.9301765,
            40.8613758
          ],
          [
            -73.9306046,
            40.8606676
          ],
          [
            -73.930615,
            40.8606505
          ],
          [
            -73.9306397,
            40.8606013
          ],
          [
            -73.9306524,
            40.860576
          ],
          [
            -73.9306637,
            40.8605568
          ],
          [
            -73.9307553,
            40.8604006
          ],
          [
            -73.9308487,
            40.860185
          ],
          [
            -73.9309759,
            40.8598873
          ],
          [
            -73.9310661,
            40.8596741
          ],
          [
            -73.9310771,
            40.8596027
          ],
          [
            -73.9311447,
            40.8594863
          ],
          [
            -73.9311741,
            40.8594122
          ],
          [
            -73.9311788,
            40.8593955
          ],
          [
            -73.9311946,
            40.8593214
          ],
          [
            -73.9312057,
            40.8592692
          ],
          [
            -73.9312161,
            40.8592396
          ],
          [
            -73.9312277,
            40.8591884
          ],
          [
            -73.9312315,
            40.8591582
          ],
          [
            -73.931236,
            40.8591233
          ],
          [
            -73.9312457,
            40.8590902
          ],
          [
            -73.9312485,
            40.8590849
          ],
          [
            -73.9316614,
            40.8582896
          ],
          [
            -73.9316699,
            40.8582739
          ],
          [
            -73.9316921,
            40.8582329
          ],
          [
            -73.9317106,
            40.8581989
          ],
          [
            -73.9317223,
            40.8581768
          ],
          [
            -73.9318851,
            40.8578668
          ],
          [
            -73.9319511,
            40.857737
          ],
          [
            -73.9324746,
            40.856748
          ],
          [
            -73.9324817,
            40.8567346
          ],
          [
            -73.9325079,
            40.8566829
          ],
          [
            -73.9325332,
            40.8566331
          ],
          [
            -73.9325431,
            40.8566138
          ],
          [
            -73.9326357,
            40.8564349
          ],
          [
            -73.9329582,
            40.8558338
          ],
          [
            -73.9330944,
            40.8555739
          ],
          [
            -73.9331577,
            40.8553802
          ],
          [
            -73.9331975,
            40.8552585
          ],
          [
            -73.933535,
            40.8542282
          ],
          [
            -73.9335425,
            40.8542054
          ],
          [
            -73.9335694,
            40.8541399
          ],
          [
            -73.9335901,
            40.8540894
          ],
          [
            -73.9336039,
            40.8540632
          ],
          [
            -73.9339532,
            40.8533973
          ],
          [
            -73.9340432,
            40.8532174
          ],
          [
            -73.9340966,
            40.8531106
          ],
          [
            -73.9342705,
            40.8527543
          ],
          [
            -73.9342824,
            40.8527299
          ],
          [
            -73.9343129,
            40.8526788
          ],
          [
            -73.9343401,
            40.8526178
          ],
          [
            -73.9343533,
            40.8525918
          ],
          [
            -73.9346082,
            40.8520887
          ],
          [
            -73.9346178,
            40.8520697
          ],
          [
            -73.9346542,
            40.8520093
          ],
          [
            -73.9346653,
            40.8519911
          ],
          [
            -73.9346769,
            40.851968
          ],
          [
            -73.9349221,
            40.8514774
          ],
          [
            -73.9349311,
            40.8514593
          ],
          [
            -73.9349705,
            40.8513868
          ],
          [
            -73.9349915,
            40.8513421
          ],
          [
            -73.9350045,
            40.8513167
          ],
          [
            -73.9352739,
            40.850794
          ],
          [
            -73.9352785,
            40.8507802
          ],
          [
            -73.9353082,
            40.8507263
          ],
          [
            -73.9353199,
            40.8507028
          ],
          [
            -73.9353336,
            40.8506761
          ],
          [
            -73.9355721,
            40.8502051
          ],
          [
            -73.9355835,
            40.8501827
          ],
          [
            -73.9356068,
            40.8501265
          ],
          [
            -73.9356376,
            40.8500544
          ],
          [
            -73.9356603,
            40.8500336
          ],
          [
            -73.935932,
            40.8497836
          ],
          [
            -73.9362042,
            40.8495372
          ],
          [
            -73.936229,
            40.8495148
          ],
          [
            -73.9362658,
            40.8494845
          ],
          [
            -73.9363025,
            40.8494542
          ],
          [
            -73.9363235,
            40.8494356
          ],
          [
            -73.9368338,
            40.8489771
          ],
          [
            -73.9368497,
            40.8489627
          ],
          [
            -73.9368957,
            40.8489192
          ],
          [
            -73.9369286,
            40.8488883
          ],
          [
            -73.9369426,
            40.848875
          ],
          [
            -73.9374588,
            40.8484051
          ],
          [
            -73.9374685,
            40.8483903
          ],
          [
            -73.9375238,
            40.8483423
          ],
          [
            -73.9375656,
            40.8482974
          ],
          [
            -73.9375879,
            40.8482767
          ],
          [
            -73.9378246,
            40.8477313
          ],
          [
            -73.937833,
            40.847712
          ],
          [
            -73.9378498,
            40.8476592
          ],
          [
            -73.9378618,
            40.8476274
          ],
          [
            -73.937872,
            40.8475953
          ],
          [
            -73.9380567,
            40.8470188
          ],
          [
            -73.9380655,
            40.8469954
          ],
          [
            -73.9380775,
            40.8469528
          ],
          [
            -73.9380919,
            40.8469016
          ],
          [
            -73.9380976,
            40.8468838
          ],
          [
            -73.9382888,
            40.8462626
          ],
          [
            -73.9383141,
            40.8461804
          ],
          [
            -73.9383295,
            40.8461304
          ],
          [
            -73.9385241,
            40.8454985
          ],
          [
            -73.9385344,
            40.8454642
          ],
          [
            -73.9385504,
            40.8454111
          ],
          [
            -73.9385609,
            40.8453762
          ],
          [
            -73.9385676,
            40.845354
          ],
          [
            -73.9385961,
            40.8452478
          ],
          [
            -73.9386304,
            40.8451197
          ],
          [
            -73.9387326,
            40.8447382
          ],
          [
            -73.9387362,
            40.8447168
          ],
          [
            -73.9387468,
            40.844654
          ],
          [
            -73.9387559,
            40.8445997
          ],
          [
            -73.9387608,
            40.8445708
          ],
          [
            -73.9388761,
            40.8439559
          ],
          [
            -73.9388819,
            40.8439336
          ],
          [
            -73.9388941,
            40.8438867
          ],
          [
            -73.9389049,
            40.8438455
          ],
          [
            -73.938911,
            40.843822
          ],
          [
            -73.9389715,
            40.8435584
          ],
          [
            -73.9390424,
            40.8432498
          ],
          [
            -73.9390441,
            40.8432249
          ],
          [
            -73.9390481,
            40.8431682
          ],
          [
            -73.9390518,
            40.8431159
          ],
          [
            -73.9390531,
            40.8430966
          ],
          [
            -73.9391131,
            40.8424609
          ],
          [
            -73.939115,
            40.8424374
          ],
          [
            -73.9391162,
            40.8424119
          ],
          [
            -73.9391174,
            40.8423864
          ],
          [
            -73.9391196,
            40.8423586
          ],
          [
            -73.9391218,
            40.8423308
          ],
          [
            -73.9391227,
            40.8423197
          ],
          [
            -73.9391257,
            40.8422791
          ],
          [
            -73.9391196,
            40.8419836
          ],
          [
            -73.9391578,
            40.8419095
          ],
          [
            -73.9391604,
            40.8418721
          ],
          [
            -73.9391645,
            40.8418125
          ],
          [
            -73.9392178,
            40.8417128
          ],
          [
            -73.9391901,
            40.8417007
          ],
          [
            -73.9391735,
            40.8416934
          ],
          [
            -73.93916,
            40.8416878
          ],
          [
            -73.9391667,
            40.8416653
          ],
          [
            -73.9391772,
            40.8416189
          ],
          [
            -73.9391874,
            40.8415731
          ],
          [
            -73.9391933,
            40.8415518
          ],
          [
            -73.9393496,
            40.8409947
          ],
          [
            -73.939355,
            40.8409758
          ],
          [
            -73.9393717,
            40.840913
          ],
          [
            -73.9393906,
            40.8408561
          ],
          [
            -73.9393982,
            40.840827
          ],
          [
            -73.9395406,
            40.8402914
          ],
          [
            -73.9395477,
            40.8402651
          ],
          [
            -73.9395623,
            40.8402109
          ],
          [
            -73.9395718,
            40.8401774
          ],
          [
            -73.9395756,
            40.8401629
          ],
          [
            -73.9397266,
            40.839601
          ],
          [
            -73.9397323,
            40.8395757
          ],
          [
            -73.9397466,
            40.8395113
          ],
          [
            -73.9397587,
            40.8394571
          ],
          [
            -73.9397645,
            40.839437
          ],
          [
            -73.9397073,
            40.8388155
          ],
          [
            -73.9397076,
            40.8387544
          ],
          [
            -73.9397005,
            40.8387098
          ],
          [
            -73.9398419,
            40.8386617
          ],
          [
            -73.9398455,
            40.8385135
          ],
          [
            -73.9398575,
            40.8384352
          ],
          [
            -73.93986,
            40.8384189
          ],
          [
            -73.9399035,
            40.8381898
          ],
          [
            -73.9399302,
            40.8380495
          ],
          [
            -73.9399789,
            40.8377935
          ],
          [
            -73.939994,
            40.837714
          ],
          [
            -73.9400085,
            40.8376528
          ],
          [
            -73.9401239,
            40.837035
          ],
          [
            -73.9401365,
            40.8369673
          ],
          [
            -73.9401287,
            40.8368944
          ],
          [
            -73.9400641,
            40.8362906
          ],
          [
            -73.9400362,
            40.8361153
          ],
          [
            -73.9399863,
            40.8358917
          ],
          [
            -73.9399834,
            40.8358785
          ],
          [
            -73.9398835,
            40.8358221
          ],
          [
            -73.9397975,
            40.8357792
          ],
          [
            -73.9397604,
            40.8357605
          ],
          [
            -73.9397818,
            40.8357278
          ],
          [
            -73.9398011,
            40.8357012
          ],
          [
            -73.9397413,
            40.835676
          ],
          [
            -73.9397277,
            40.8356298
          ],
          [
            -73.9397163,
            40.835591
          ],
          [
            -73.9397138,
            40.8355717
          ],
          [
            -73.939674,
            40.8352688
          ],
          [
            -73.9396447,
            40.8351306
          ],
          [
            -73.9397276,
            40.8348835
          ],
          [
            -73.9397367,
            40.8348562
          ],
          [
            -73.9398877,
            40.8345232
          ],
          [
            -73.939901,
            40.8345012
          ],
          [
            -73.9399158,
            40.8344585
          ],
          [
            -73.9399321,
            40.8344115
          ],
          [
            -73.9399403,
            40.8343906
          ],
          [
            -73.9402086,
            40.8338116
          ],
          [
            -73.9402172,
            40.8337899
          ],
          [
            -73.9402328,
            40.8337324
          ],
          [
            -73.9402439,
            40.8336918
          ],
          [
            -73.9402534,
            40.8336629
          ],
          [
            -73.9404989,
            40.8331113
          ],
          [
            -73.9405072,
            40.8330954
          ],
          [
            -73.9405253,
            40.833044
          ],
          [
            -73.9405396,
            40.8330037
          ],
          [
            -73.9405484,
            40.8329844
          ],
          [
            -73.9407309,
            40.8323927
          ],
          [
            -73.9407352,
            40.8323737
          ],
          [
            -73.9407524,
            40.8323234
          ],
          [
            -73.9407674,
            40.8322796
          ],
          [
            -73.9407811,
            40.8322587
          ],
          [
            -73.9402497,
            40.8320303
          ],
          [
            -73.9404058,
            40.8317739
          ],
          [
            -73.940449,
            40.8316674
          ],
          [
            -73.9404622,
            40.8316028
          ],
          [
            -73.9404621,
            40.8315742
          ],
          [
            -73.9403584,
            40.8315806
          ],
          [
            -73.9402505,
            40.8315863
          ],
          [
            -73.9403584,
            40.8315806
          ],
          [
            -73.9404621,
            40.8315742
          ],
          [
            -73.9404622,
            40.8316028
          ],
          [
            -73.940449,
            40.8316674
          ],
          [
            -73.9404058,
            40.8317739
          ],
          [
            -73.9402497,
            40.8320303
          ],
          [
            -73.9407811,
            40.8322587
          ],
          [
            -73.9407674,
            40.8322796
          ],
          [
            -73.9407524,
            40.8323234
          ],
          [
            -73.9407352,
            40.8323737
          ],
          [
            -73.9407309,
            40.8323927
          ],
          [
            -73.9405484,
            40.8329844
          ],
          [
            -73.9405396,
            40.8330037
          ],
          [
            -73.9405253,
            40.833044
          ],
          [
            -73.9405072,
            40.8330954
          ],
          [
            -73.9404989,
            40.8331113
          ],
          [
            -73.9402534,
            40.8336629
          ],
          [
            -73.9402439,
            40.8336918
          ],
          [
            -73.9402328,
            40.8337324
          ],
          [
            -73.9402172,
            40.8337899
          ],
          [
            -73.9402086,
            40.8338116
          ],
          [
            -73.9399403,
            40.8343906
          ],
          [
            -73.9399321,
            40.8344115
          ],
          [
            -73.9399158,
            40.8344585
          ],
          [
            -73.939901,
            40.8345012
          ],
          [
            -73.9398877,
            40.8345232
          ],
          [
            -73.9397367,
            40.8348562
          ],
          [
            -73.9397276,
            40.8348835
          ],
          [
            -73.9396447,
            40.8351306
          ],
          [
            -73.939674,
            40.8352688
          ],
          [
            -73.9397138,
            40.8355717
          ],
          [
            -73.9397163,
            40.835591
          ],
          [
            -73.9397277,
            40.8356298
          ],
          [
            -73.9397413,
            40.835676
          ],
          [
            -73.9398011,
            40.8357012
          ],
          [
            -73.9397818,
            40.8357278
          ],
          [
            -73.9397604,
            40.8357605
          ],
          [
            -73.9397975,
            40.8357792
          ],
          [
            -73.9398835,
            40.8358221
          ],
          [
            -73.9399834,
            40.8358785
          ],
          [
            -73.9399863,
            40.8358917
          ],
          [
            -73.9400362,
            40.8361153
          ],
          [
            -73.9400641,
            40.8362906
          ],
          [
            -73.9401287,
            40.8368944
          ],
          [
            -73.9401365,
            40.8369673
          ],
          [
            -73.9401239,
            40.837035
          ],
          [
            -73.9400085,
            40.8376528
          ],
          [
            -73.939994,
            40.837714
          ],
          [
            -73.9399789,
            40.8377935
          ],
          [
            -73.9399302,
            40.8380495
          ],
          [
            -73.9399035,
            40.8381898
          ],
          [
            -73.93986,
            40.8384189
          ],
          [
            -73.9398575,
            40.8384352
          ],
          [
            -73.9398455,
            40.8385135
          ],
          [
            -73.9398419,
            40.8386617
          ],
          [
            -73.9397005,
            40.8387098
          ],
          [
            -73.9397076,
            40.8387544
          ],
          [
            -73.9397073,
            40.8388155
          ],
          [
            -73.9397645,
            40.839437
          ],
          [
            -73.9397587,
            40.8394571
          ],
          [
            -73.9397466,
            40.8395113
          ],
          [
            -73.9397323,
            40.8395757
          ],
          [
            -73.9397266,
            40.839601
          ],
          [
            -73.9395756,
            40.8401629
          ],
          [
            -73.9395718,
            40.8401774
          ],
          [
            -73.9395623,
            40.8402109
          ],
          [
            -73.9395477,
            40.8402651
          ],
          [
            -73.9395406,
            40.8402914
          ],
          [
            -73.9393982,
            40.840827
          ],
          [
            -73.9393906,
            40.8408561
          ],
          [
            -73.9393717,
            40.840913
          ],
          [
            -73.939355,
            40.8409758
          ],
          [
            -73.9393496,
            40.8409947
          ],
          [
            -73.9391933,
            40.8415518
          ],
          [
            -73.9391874,
            40.8415731
          ],
          [
            -73.9391772,
            40.8416189
          ],
          [
            -73.9391667,
            40.8416653
          ],
          [
            -73.93916,
            40.8416878
          ],
          [
            -73.9391735,
            40.8416934
          ],
          [
            -73.9391901,
            40.8417007
          ],
          [
            -73.9392178,
            40.8417128
          ],
          [
            -73.9391645,
            40.8418125
          ],
          [
            -73.9391604,
            40.8418721
          ],
          [
            -73.9391578,
            40.8419095
          ],
          [
            -73.9391196,
            40.8419836
          ],
          [
            -73.9391257,
            40.8422791
          ],
          [
            -73.9391227,
            40.8423197
          ],
          [
            -73.9391218,
            40.8423308
          ],
          [
            -73.9391196,
            40.8423586
          ],
          [
            -73.9391174,
            40.8423864
          ],
          [
            -73.9391162,
            40.8424119
          ],
          [
            -73.939115,
            40.8424374
          ],
          [
            -73.9391131,
            40.8424609
          ],
          [
            -73.9390531,
            40.8430966
          ],
          [
            -73.9390518,
            40.8431159
          ],
          [
            -73.9390481,
            40.8431682
          ],
          [
            -73.9390441,
            40.8432249
          ],
          [
            -73.9390424,
            40.8432498
          ],
          [
            -73.9389715,
            40.8435584
          ],
          [
            -73.938911,
            40.843822
          ],
          [
            -73.9389049,
            40.8438455
          ],
          [
            -73.9388941,
            40.8438867
          ],
          [
            -73.9388819,
            40.8439336
          ],
          [
            -73.9388761,
            40.8439559
          ],
          [
            -73.9387608,
            40.8445708
          ],
          [
            -73.9387559,
            40.8445997
          ],
          [
            -73.9387468,
            40.844654
          ],
          [
            -73.9387362,
            40.8447168
          ],
          [
            -73.9387326,
            40.8447382
          ],
          [
            -73.9386304,
            40.8451197
          ],
          [
            -73.9385961,
            40.8452478
          ],
          [
            -73.9385676,
            40.845354
          ],
          [
            -73.9385609,
            40.8453762
          ],
          [
            -73.9385504,
            40.8454111
          ],
          [
            -73.9385344,
            40.8454642
          ],
          [
            -73.9385241,
            40.8454985
          ],
          [
            -73.9383295,
            40.8461304
          ],
          [
            -73.9383141,
            40.8461804
          ],
          [
            -73.9382888,
            40.8462626
          ],
          [
            -73.9380976,
            40.8468838
          ],
          [
            -73.9380919,
            40.8469016
          ],
          [
            -73.9380775,
            40.8469528
          ],
          [
            -73.9380655,
            40.8469954
          ],
          [
            -73.9380567,
            40.8470188
          ],
          [
            -73.937872,
            40.8475953
          ],
          [
            -73.9378618,
            40.8476274
          ],
          [
            -73.9378498,
            40.8476592
          ],
          [
            -73.937833,
            40.847712
          ],
          [
            -73.9378246,
            40.8477313
          ],
          [
            -73.9375879,
            40.8482767
          ],
          [
            -73.9375656,
            40.8482974
          ],
          [
            -73.9375238,
            40.8483423
          ],
          [
            -73.9374685,
            40.8483903
          ],
          [
            -73.9374588,
            40.8484051
          ],
          [
            -73.9369426,
            40.848875
          ],
          [
            -73.9369286,
            40.8488883
          ],
          [
            -73.9368957,
            40.8489192
          ],
          [
            -73.9368497,
            40.8489627
          ],
          [
            -73.9368338,
            40.8489771
          ],
          [
            -73.9363235,
            40.8494356
          ],
          [
            -73.9363025,
            40.8494542
          ],
          [
            -73.9362658,
            40.8494845
          ],
          [
            -73.936229,
            40.8495148
          ],
          [
            -73.9362042,
            40.8495372
          ],
          [
            -73.935932,
            40.8497836
          ],
          [
            -73.9356603,
            40.8500336
          ],
          [
            -73.9356376,
            40.8500544
          ],
          [
            -73.9356068,
            40.8501265
          ],
          [
            -73.9355835,
            40.8501827
          ],
          [
            -73.9355721,
            40.8502051
          ],
          [
            -73.9353336,
            40.8506761
          ],
          [
            -73.9353199,
            40.8507028
          ],
          [
            -73.9353082,
            40.8507263
          ],
          [
            -73.9352785,
            40.8507802
          ],
          [
            -73.9352739,
            40.850794
          ],
          [
            -73.9350045,
            40.8513167
          ],
          [
            -73.9349915,
            40.8513421
          ],
          [
            -73.9349705,
            40.8513868
          ],
          [
            -73.9349311,
            40.8514593
          ],
          [
            -73.9349221,
            40.8514774
          ],
          [
            -73.9346769,
            40.851968
          ],
          [
            -73.9346653,
            40.8519911
          ],
          [
            -73.9346542,
            40.8520093
          ],
          [
            -73.9346178,
            40.8520697
          ],
          [
            -73.9346082,
            40.8520887
          ],
          [
            -73.9343533,
            40.8525918
          ],
          [
            -73.9343401,
            40.8526178
          ],
          [
            -73.9343129,
            40.8526788
          ],
          [
            -73.9342824,
            40.8527299
          ],
          [
            -73.9342705,
            40.8527543
          ],
          [
            -73.9340966,
            40.8531106
          ],
          [
            -73.9340432,
            40.8532174
          ],
          [
            -73.9339532,
            40.8533973
          ],
          [
            -73.9336039,
            40.8540632
          ],
          [
            -73.9335901,
            40.8540894
          ],
          [
            -73.9335694,
            40.8541399
          ],
          [
            -73.9335425,
            40.8542054
          ],
          [
            -73.933535,
            40.8542282
          ],
          [
            -73.9331975,
            40.8552585
          ],
          [
            -73.9331577,
            40.8553802
          ],
          [
            -73.9330944,
            40.8555739
          ],
          [
            -73.9329582,
            40.8558338
          ],
          [
            -73.9326357,
            40.8564349
          ],
          [
            -73.9325431,
            40.8566138
          ],
          [
            -73.9325332,
            40.8566331
          ],
          [
            -73.9325079,
            40.8566829
          ],
          [
            -73.9324817,
            40.8567346
          ],
          [
            -73.9324746,
            40.856748
          ],
          [
            -73.9319511,
            40.857737
          ],
          [
            -73.9318851,
            40.8578668
          ],
          [
            -73.9317223,
            40.8581768
          ],
          [
            -73.9317106,
            40.8581989
          ],
          [
            -73.9316921,
            40.8582329
          ],
          [
            -73.9316699,
            40.8582739
          ],
          [
            -73.9316614,
            40.8582896
          ],
          [
            -73.9312485,
            40.8590849
          ],
          [
            -73.9312457,
            40.8590902
          ],
          [
            -73.931236,
            40.8591233
          ],
          [
            -73.9312315,
            40.8591582
          ],
          [
            -73.9312277,
            40.8591884
          ],
          [
            -73.9312161,
            40.8592396
          ],
          [
            -73.9312057,
            40.8592692
          ],
          [
            -73.9311946,
            40.8593214
          ],
          [
            -73.9311788,
            40.8593955
          ],
          [
            -73.9311741,
            40.8594122
          ],
          [
            -73.9311447,
            40.8594863
          ],
          [
            -73.9310771,
            40.8596027
          ],
          [
            -73.9310661,
            40.8596741
          ],
          [
            -73.9309759,
            40.8598873
          ],
          [
            -73.9308487,
            40.860185
          ],
          [
            -73.9307553,
            40.8604006
          ],
          [
            -73.9306637,
            40.8605568
          ],
          [
            -73.9306524,
            40.860576
          ],
          [
            -73.9306397,
            40.8606013
          ],
          [
            -73.930615,
            40.8606505
          ],
          [
            -73.9306046,
            40.8606676
          ],
          [
            -73.9301765,
            40.8613758
          ],
          [
            -73.92994,
            40.8618022
          ],
          [
            -73.9299069,
            40.8618983
          ],
          [
            -73.9298848,
            40.8619672
          ],
          [
            -73.9298733,
            40.8620246
          ],
          [
            -73.9298654,
            40.8620801
          ],
          [
            -73.9298629,
            40.8621119
          ],
          [
            -73.9298608,
            40.8621511
          ],
          [
            -73.929857,
            40.8622239
          ],
          [
            -73.9298558,
            40.8622464
          ],
          [
            -73.9298515,
            40.8622743
          ],
          [
            -73.9298356,
            40.8623788
          ],
          [
            -73.9298324,
            40.8623992
          ],
          [
            -73.9298048,
            40.8624191
          ],
          [
            -73.9297761,
            40.8624418
          ],
          [
            -73.9297507,
            40.8624605
          ],
          [
            -73.9297966,
            40.8625066
          ],
          [
            -73.9298396,
            40.8627084
          ],
          [
            -73.9298668,
            40.8628761
          ],
          [
            -73.9298751,
            40.8629806
          ],
          [
            -73.9298887,
            40.8631523
          ],
          [
            -73.9298995,
            40.863334
          ],
          [
            -73.9298941,
            40.8633579
          ],
          [
            -73.9298727,
            40.8634053
          ],
          [
            -73.9298469,
            40.8634625
          ],
          [
            -73.9298366,
            40.863487
          ],
          [
            -73.9297413,
            40.8636925
          ],
          [
            -73.9295992,
            40.8638737
          ],
          [
            -73.9293105,
            40.8641676
          ],
          [
            -73.9290762,
            40.8643694
          ],
          [
            -73.9288996,
            40.8645236
          ],
          [
            -73.9289166,
            40.8645463
          ],
          [
            -73.9289665,
            40.8646215
          ],
          [
            -73.9290243,
            40.8647087
          ],
          [
            -73.9290352,
            40.8647226
          ],
          [
            -73.9289299,
            40.8647849
          ],
          [
            -73.9287266,
            40.8648997
          ],
          [
            -73.9282884,
            40.8651302
          ],
          [
            -73.9281272,
            40.8652149
          ],
          [
            -73.9279083,
            40.865329
          ],
          [
            -73.9280238,
            40.8654429
          ]
        ]
      }
    }
  ]
}
