{
  "type": "FeatureCollection",
  "features": [
    {
      "type": "Feature",
      "properties": {
        "scenario": "Inwood Hill Park | 2.5mi | round | flat | amenity",
        "shape": "round",
        "target_miles": 2.5,
        "distance_m": 4023.866783745919,
        "candidate_index": 0
      },
      "geometry": {
        "type": "LineString",
        "coordinates": [
          [
            -73.9212171,
            40.867707
          ],
          [
            -73.9211514,
            40.8676035
          ],
          [
            -73.9209918,
            40.867349
          ],
          [
            -73.9208274,
            40.8670932
          ],
          [
            -73.9206665,
            40.8668436
          ],
          [
            -73.920612,
            40.866759
          ],
          [
            -73.9205663,
            40.8666878
          ],
          [
            -73.9204924,
            40.8665723
          ],
          [
            -73.9204108,
            40.8664448
          ],
          [
            -73.9202099,
            40.8661311
          ],
          [
            -73.920064,
            40.8659033
          ],
          [
            -73.919996,
            40.865797
          ],
          [
            -73.9199365,
            40.8657043
          ],
          [
            -73.9200124,
            40.8656746
          ],
          [
            -73.9200401,
            40.8656643
          ],
          [
            -73.9195271,
            40.8648548
          ],
          [
            -73.9195113,
            40.86483
          ],
          [
            -73.9194724,
            40.8647683
          ],
          [
            -73.9194477,
            40.8647292
          ],
          [
            -73.9194307,
            40.8647028
          ],
          [
            -73.9194477,
            40.8647292
          ],
          [
            -73.9194724,
            40.8647683
          ],
          [
            -73.9195113,
            40.86483
          ],
          [
            -73.9195271,
            40.8648548
          ],
          [
            -73.9200401,
            40.8656643
          ],
          [
            -73.9200124,
            40.8656746
          ],
          [
            -73.9199365,
            40.8657043
          ],
          [
            -73.919996,
            40.865797
          ],
          [
            -73.920064,
            40.8659033
          ],
          [
            -73.9202099,
            40.8661311
          ],
          [
            -73.9204108,
            40.8664448
          ],
          [
            -73.9204924,
            40.8665723
          ],
          [
            -73.9205663,
            40.8666878
          ],
          [
            -73.920612,
            40.866759
          ],
          [
            -73.9206665,
            40.8668436
          ],
          [
            -73.9208274,
            40.8670932
          ],
          [
            -73.9209918,
            40.867349
          ],
          [
            -73.9211514,
            40.8676035
          ],
          [
            -73.9212171,
            40.867707
          ],
          [
            -73.9213249,
            40.8676676
          ],
          [
            -73.9230078,
            40.8670533
          ],
          [
            -73.92311,
            40.867016
          ],
          [
            -73.9232126,
            40.8669792
          ],
          [
            -73.9249072,
            40.8663711
          ],
          [
            -73.925005,
            40.866336
          ],
          [
            -73.9251166,
            40.8662959
          ],
          [
            -73.9257983,
            40.8660514
          ],
          [
            -73.925872,
            40.866025
          ],
          [
            -73.925967,
            40.8659914
          ],
          [
            -73.9263199,
            40.8658667
          ],
          [
            -73.9265267,
            40.8657937
          ],
          [
            -73.9271619,
            40.8655693
          ],
          [
            -73.9272475,
            40.865539
          ],
          [
            -73.9272714,
            40.8655306
          ],
          [
            -73.9272948,
            40.8655188
          ],
          [
            -73.9274931,
            40.8654184
          ],
          [
            -73.9275773,
            40.8654449
          ],
          [
            -73.9275983,
            40.8654515
          ],
          [
            -73.9277609,
            40.8653672
          ],
          [
            -73.9277762,
            40.8653645
          ],
          [
            -73.9277915,
            40.865368
          ],
          [
            -73.9278078,
            40.8653879
          ],
          [
            -73.92782,
            40.8653796
          ],
          [
            -73.9278578,
            40.8653587
          ],
          [
            -73.9278865,
            40.8653403
          ],
          [
            -73.9279083,
            40.865329
          ],
          [
            -73.9281272,
            40.8652149
          ],
          [
            -73.9282884,
            40.8651302
          ],
          [
            -73.9287266,
            40.8648997
          ],
          [
            -73.9289299,
            40.8647849
          ],
          [
            -73.9290352,
            40.8647226
          ],
          [
            -73.9291886,
            40.8646031
          ],
          [
            -73.9292205,
            40.8646322
          ],
          [
            -73.9292595,
            40.8646484
          ],
          [
            -73.9293432,
            40.8646484
          ],
          [
            -73.9295153,
            40.8645587
          ],
          [
            -73.9297111,
            40.8643569
          ],
          [
            -73.9299431,
            40.8641023
          ],
          [
            -73.9302086,
            40.8639137
          ],
          [
            -73.9304956,
            40.8637687
          ],
          [
            -73.9305466,
            40.8637342
          ],
          [
            -73.9308215,
            40.8635841
          ],
          [
            -73.9310294,
            40.8634897
          ],
          [
            -73.9313284,
            40.8633711
          ],
          [
            -73.9315296,
            40.8632565
          ],
          [
            -73.931545,
            40.8632455
          ],
          [
            -73.9315762,
            40.8632232
          ],
          [
            -73.9316288,
            40.8631855
          ],
          [
            -73.931716,
            40.8631094
          ],
          [
            -73.9317831,
            40.8630252
          ],
          [
            -73.9318273,
            40.862937
          ],
          [
            -73.9318568,
            40.8628609
          ],
          [
            -73.931865,
            40.862833
          ],
          [
            -73.9318681,
            40.862809
          ],
          [
            -73.9318622,
            40.8627818
          ],
          [
            -73.9318133,
            40.862635
          ],
          [
            -73.9316972,
            40.8625424
          ],
          [
            -73.9315738,
            40.8624775
          ],
          [
            -73.9315162,
            40.8624491
          ],
          [
            -73.9314585,
            40.8623791
          ],
          [
            -73.9314143,
            40.8623051
          ],
          [
            -73.9313982,
            40.8622463
          ],
          [
            -73.9313874,
            40.8621854
          ],
          [
            -73.9315323,
            40.862085
          ],
          [
            -73.9316543,
            40.8621753
          ],
          [
            -73.9317126,
            40.8622473
          ],
          [
            -73.9317135,
            40.8622483
          ],
          [
            -73.9317442,
            40.8622879
          ],
          [
            -73.9318515,
            40.8623589
          ],
          [
            -73.9319494,
            40.8623913
          ],
          [
            -73.9320674,
            40.8624157
          ],
          [
            -73.9322471,
            40.8625049
          ],
          [
            -73.9324329,
            40.8626555
          ],
          [
            -73.932581,
            40.8627159
          ],
          [
            -73.9326446,
            40.8627416
          ],
          [
            -73.9328608,
            40.8628288
          ],
          [
            -73.9329243,
            40.8628544
          ],
          [
            -73.9330329,
            40.8628636
          ],
          [
            -73.9331588,
            40.8628723
          ],
          [
            -73.9332172,
            40.8628566
          ],
          [
            -73.9332622,
            40.8628217
          ],
          [
            -73.9332832,
            40.8627948
          ],
          [
            -73.9333437,
            40.8627401
          ],
          [
            -73.9333948,
            40.8626803
          ],
          [
            -73.9334572,
            40.8625744
          ],
          [
            -73.9334887,
            40.8625074
          ],
          [
            -73.9335585,
            40.8624136
          ],
          [
            -73.9336603,
            40.8623117
          ],
          [
            -73.9337179,
            40.862256
          ],
          [
            -73.9337684,
            40.862191
          ],
          [
            -73.9338026,
            40.8621235
          ],
          [
            -73.9336992,
            40.8620865
          ],
          [
            -73.9338026,
            40.8621235
          ],
          [
            -73.9337684,
            40.862191
          ],
          [
            -73.9337179,
            40.862256
          ],
          [
            -73.9336603,
            40.8623117
          ],
          [
            -73.9335585,
            40.8624136
          ],
          [
            -73.9334887,
            40.8625074
          ],
          [
            -73.9334572,
            40.8625744
          ],
          [
            -73.9333948,
            40.8626803
          ],
          [
            -73.9333437,
            40.8627401
          ],
          [
            -73.9332832,
            40.8627948
          ],
          [
            -73.9332622,
            40.8628217
          ],
          [
            -73.9332172,
            40.8628566
          ],
          [
            -73.9331588,
            40.8628723
          ],
          [
            -73.9330329,
            40.8628636
          ],
          [
            -73.9329243,
            40.8628544
          ],
          [
            -73.9328608,
            40.8628288
          ],
          [
            -73.9326446,
            40.8627416
          ],
          [
            -73.932581,
            40.8627159
          ],
          [
            -73.9324329,
            40.8626555
          ],
          [
            -73.9322471,
            40.8625049
          ],
          [
            -73.9320674,
            40.8624157
          ],
          [
            -73.9319494,
            40.8623913
          ],
          [
            -73.9318515,
            40.8623589
          ],
          [
            -73.9317442,
            40.8622879
          ],
          [
            -73.9317135,
            40.8622483
          ],
          [
            -73.9317126,
            40.8622473
          ],
          [
            -73.9316543,
            40.8621753
          ],
          [
            -73.9315323,
            40.862085
          ],
          [
            -73.9313874,
            40.8621854
          ],
          [
            -73.9313485,
            40.8621428
          ],
          [
            -73.9312681,
            40.862087
          ],
          [
            -73.9311608,
            40.8620282
          ],
          [
            -73.9310696,
            40.8619907
          ],
          [
            -73.9309931,
            40.8619572
          ],
          [
            -73.9309073,
            40.8619055
          ],
          [
            -73.9308845,
            40.8618274
          ],
          [
            -73.9308724,
            40.8617706
          ],
          [
            -73.9308753,
            40.8617422
          ],
          [
            -73.9308778,
            40.8617168
          ],
          [
            -73.9308657,
            40.8616671
          ],
          [
            -73.9308282,
            40.8616256
          ],
          [
            -73.9308121,
            40.861583
          ],
          [
            -73.930788,
            40.8615546
          ],
          [
            -73.930745,
            40.8615546
          ],
          [
            -73.9306807,
            40.861587
          ],
          [
            -73.9306109,
            40.8616296
          ],
          [
            -73.9305479,
            40.861657
          ],
          [
            -73.9304969,
            40.8616702
          ],
          [
            -73.9304272,
            40.8617899
          ],
          [
            -73.9302856,
            40.8617399
          ],
          [
            -73.9303764,
            40.861593
          ],
          [
            -73.9305358,
            40.8613221
          ],
          [
            -73.9307581,
            40.8609542
          ],
          [
            -73.9308693,
            40.8607589
          ],
          [
            -73.9308314,
            40.8607458
          ],
          [
            -73.9307305,
            40.8607111
          ],
          [
            -73.930636,
            40.8606786
          ],
          [
            -73.9306046,
            40.8606676
          ],
          [
            -73.9301765,
            40.8613758
          ],
          [
            -73.92994,
            40.8618022
          ],
          [
            -73.9299069,
            40.8618983
          ],
          [
            -73.9298848,
            40.8619672
          ],
          [
            -73.9298733,
            40.8620246
          ],
          [
            -73.9298654,
            40.8620801
          ],
          [
            -73.9298629,
            40.8621119
          ],
          [
            -73.9298608,
            40.8621511
          ],
          [
            -73.929857,
            40.8622239
          ],
          [
            -73.9298558,
            40.8622464
          ],
          [
            -73.9298515,
            40.8622743
          ],
          [
            -73.9298356,
            40.8623788
          ],
          [
            -73.9298324,
            40.8623992
          ],
          [
            -73.9298048,
            40.8624191
          ],
          [
            -73.9297761,
            40.8624418
          ],
          [
            -73.9297507,
            40.8624605
          ],
          [
            -73.9297966,
            40.8625066
          ],
          [
            -73.9298396,
            40.8627084
          ],
          [
            -73.9298668,
            40.8628761
          ],
          [
            -73.9298751,
            40.8629806
          ],
          [
            -73.9298887,
            40.8631523
          ],
          [
            -73.9298995,
            40.863334
          ],
          [
            -73.9298941,
            40.8633579
          ],
          [
            -73.9298727,
            40.8634053
          ],
          [
            -73.9298469,
            40.8634625
          ],
          [
            -73.9298366,
            40.863487
          ],
          [
            -73.9297413,
            40.8636925
          ],
          [
            -73.9295992,
            40.8638737
          ],
          [
            -73.9293105,
            40.8641676
          ],
          [
            -73.9290762,
            40.8643694
          ],
          [
            -73.9288996,
            40.8645236
          ],
          [
            -73.9288778,
            40.8645384
          ],
          [
            -73.9288355,
            40.8645612
          ],
          [
            -73.9287735,
            40.8645947
          ],
          [
            -73.9287514,
            40.8646074
          ],
          [
            -73.9285938,
            40.8646874
          ],
          [
            -73.9281213,
            40.8649438
          ],
          [
            -73.9280957,
            40.864959
          ],
          [
            -73.9280451,
            40.8649853
          ],
          [
            -73.927998,
            40.8650098
          ],
          [
            -73.9279767,
            40.8650213
          ],
          [
            -73.9274358,
            40.8653135
          ],
          [
            -73.9274131,
            40.8653501
          ],
          [
            -73.927372,
            40.865372
          ],
          [
            -73.9273107,
            40.8654003
          ],
          [
            -73.927211,
            40.8654368
          ],
          [
            -73.9271302,
            40.8654663
          ],
          [
            -73.9270992,
            40.8654827
          ],
          [
            -73.9270161,
            40.8655187
          ],
          [
            -73.926713,
            40.8656282
          ],
          [
            -73.9262633,
            40.8657816
          ],
          [
            -73.9258986,
            40.865906
          ],
          [
            -73.9257333,
            40.8659657
          ],
          [
            -73.925059,
            40.866201
          ],
          [
            -73.9250123,
            40.8662173
          ],
          [
            -73.9249455,
            40.8662426
          ],
          [
            -73.924886,
            40.8662651
          ],
          [
            -73.9248479,
            40.8662778
          ],
          [
            -73.9231507,
            40.8668866
          ],
          [
            -73.9231221,
            40.866896
          ],
          [
            -73.92305,
            40.8669225
          ],
          [
            -73.9229783,
            40.8669489
          ],
          [
            -73.9229478,
            40.8669575
          ],
          [
            -73.9212605,
            40.8675634
          ],
          [
            -73.9212388,
            40.8675753
          ],
          [
            -73.9211514,
            40.8676035
          ],
          [
            -73.9212171,
            40.867707
          ]
        ]
      }
    },
    {
      "type": "Feature",
      "properties": {
        "scenario": "Inwood Hill Park | 2.5mi | round | flat | amenity",
        "shape": "round",
        "target_miles": 2.5,
        "distance_m": 4022.448675140313,
        "candidate_index": 1
      },
      "geometry": {
        "type": "LineString",
        "coordinates": [
          [
            -73.9212171,
            40.867707
          ],
          [
            -73.9211172,
            40.8677392
          ],
          [
            -73.9210631,
            40.8676686
          ],
          [
            -73.9210433,
            40.8676432
          ],
          [
            -73.9205552,
            40.8668842
          ],
          [
            -73.920542,
            40.8668572
          ],
          [
            -73.9205014,
            40.8667999
          ],
          [
            -73.920479,
            40.8667573
          ],
          [
            -73.9204556,
            40.8667281
          ],
          [
            -73.9199611,
            40.8659432
          ],
          [
            -73.9199494,
            40.8659247
          ],
          [
            -73.9198883,
            40.8658368
          ],
          [
            -73.919841,
            40.8657688
          ],
          [
            -73.9198269,
            40.8657468
          ],
          [
            -73.919308,
            40.8649339
          ],
          [
            -73.9192934,
            40.8649112
          ],
          [
            -73.9192689,
            40.8648698
          ],
          [
            -73.9192934,
            40.8649112
          ],
          [
            -73.919308,
            40.8649339
          ],
          [
            -73.9198269,
            40.8657468
          ],
          [
            -73.919841,
            40.8657688
          ],
          [
            -73.9198883,
            40.8658368
          ],
          [
            -73.9199494,
            40.8659247
          ],
          [
            -73.9199611,
            40.8659432
          ],
          [
            -73.9204556,
            40.8667281
          ],
          [
            -73.920479,
            40.8667573
          ],
          [
            -73.9205014,
            40.8667999
          ],
          [
            -73.920542,
            40.8668572
          ],
          [
            -73.9205552,
            40.8668842
          ],
          [
            -73.9210433,
            40.8676432
          ],
          [
            -73.9210631,
            40.8676686
          ],
          [
            -73.9211172,
            40.8677392
          ],
          [
            -73.9212171,
            40.867707
          ],
          [
            -73.9213249,
            40.8676676
          ],
          [
            -73.9230078,
            40.8670533
          ],
          [
            -73.92311,
            40.867016
          ],
          [
            -73.9232126,
            40.8669792
          ],
          [
            -73.9249072,
            40.8663711
          ],
          [
            -73.925005,
            40.866336
          ],
          [
            -73.9251166,
            40.8662959
          ],
          [
            -73.9257983,
            40.8660514
          ],
          [
            -73.925872,
            40.866025
          ],
          [
            -73.925967,
            40.8659914
          ],
          [
            -73.9263199,
            40.8658667
          ],
          [
            -73.9265267,
            40.8657937
          ],
          [
            -73.9271619,
            40.8655693
          ],
          [
            -73.9272475,
            40.865539
          ],
          [
            -73.9272714,
            40.8655306
          ],
          [
            -73.9272948,
            40.8655188
          ],
          [
            -73.9274931,
            40.8654184
          ],
          [
            -73.9275773,
            40.8654449
          ],
          [
            -73.9275983,
            40.8654515
          ],
          [
            -73.9277609,
            40.8653672
          ],
          [
            -73.9277762,
            40.8653645
          ],
          [
            -73.9277915,
            40.865368
          ],
          [
            -73.9278078,
            40.8653879
          ],
          [
            -73.92782,
            40.8653796
          ],
          [
            -73.9278578,
            40.8653587
          ],
          [
            -73.9278865,
            40.8653403
          ],
          [
            -73.9279083,
            40.865329
          ],
          [
            -73.9281272,
            40.8652149
          ],
          [
            -73.9282884,
            40.8651302
          ],
          [
            -73.9287266,
            40.8648997
          ],
          [
            -73.9289299,
            40.8647849
          ],
          [
            -73.9290352,
            40.8647226
          ],
          [
            -73.9291886,
            40.8646031
          ],
          [
            -73.9292205,
            40.8646322
          ],
          [
            -73.9292595,
            40.8646484
          ],
          [
            -73.9293432,
            40.8646484
          ],
          [
            -73.9295153,
            40.8645587
          ],
          [
            -73.9297111,
            40.8643569
          ],
          [
            -73.9299431,
            40.8641023
          ],
          [
            -73.9302086,
            40.8639137
          ],
          [
            -73.9304956,
            40.8637687
          ],
          [
            -73.9305466,
            40.8637342
          ],
          [
            -73.9308215,
            40.8635841
          ],
          [
            -73.9310294,
            40.8634897
          ],
          [
            -73.9313284,
            40.8633711
          ],
          [
            -73.9315296,
            40.8632565
          ],
          [
            -73.931545,
            40.8632455
          ],
          [
            -73.9315762,
            40.8632232
          ],
          [
            -73.9316288,
            40.8631855
          ],
          [
            -73.931716,
            40.8631094
          ],
          [
            -73.9317831,
            40.8630252
          ],
          [
            -73.9318273,
            40.862937
          ],
          [
            -73.9318568,
            40.8628609
          ],
          [
            -73.931865,
            40.862833
          ],
          [
            -73.9318681,
            40.862809
          ],
          [
            -73.9318622,
            40.8627818
          ],
          [
            -73.9318133,
            40.862635
          ],
          [
            -73.9316972,
            40.8625424
          ],
          [
            -73.9315738,
            40.8624775
          ],
          [
            -73.9315162,
            40.8624491
          ],
          [
            -73.9314585,
            40.8623791
          ],
          [
            -73.9314143,
            40.8623051
          ],
          [
            -73.9313982,
            40.8622463
          ],
          [
            -73.9313874,
            40.8621854
          ],
          [
            -73.9315323,
            40.862085
          ],
          [
            -73.9316543,
            40.8621753
          ],
          [
            -73.9317126,
            40.8622473
          ],
          [
            -73.9317135,
            40.8622483
          ],
          [
            -73.9317442,
            40.8622879
          ],
          [
            -73.9318515,
            40.8623589
          ],
          [
            -73.9319494,
            40.8623913
          ],
          [
            -73.9320674,
            40.8624157
          ],
          [
            -73.9322471,
            40.8625049
          ],
          [
            -73.9324329,
            40.8626555
          ],
          [
            -73.932581,
            40.8627159
          ],
          [
            -73.9326446,
            40.8627416
          ],
          [
            -73.9328608,
            40.8628288
          ],
          [
            -73.9329243,
            40.8628544
          ],
          [
            -73.9330329,
            40.8628636
          ],
          [
            -73.9331588,
            40.8628723
          ],
          [
            -73.9332172,
            40.8628566
          ],
          [
            -73.9332622,
            40.8628217
          ],
          [
            -73.9332832,
            40.8627948
          ],
          [
            -73.9333437,
            40.8627401
          ],
          [
            -73.9333948,
            40.8626803
          ],
          [
            -73.9334572,
            40.8625744
          ],
          [
            -73.9334887,
            40.8625074
          ],
          [
            -73.9335585,
            40.8624136
          ],
          [
            -73.9336603,
            40.8623117
          ],
          [
            -73.9337179,
            40.862256
          ],
          [
            -73.9337684,
            40.862191
          ],
          [
            -73.9338026,
            40.8621235
          ],
          [
            -73.9336992,
            40.8620865
          ],
          [
            -73.9336112,
            40.8620672
          ],
          [
            -73.9334085,
            40.862063
          ],
          [
            -73.9331096,
            40.8621061
          ],
          [
            -73.9331421,
            40.8619069
          ],
          [
            -73.933297,
            40.8619371
          ],
          [
            -73.933319,
            40.8619412
          ],
          [
            -73.9333365,
            40.8618829
          ],
          [
            -73.933208,
            40.8618599
          ],
          [
            -73.9333365,
            40.8618829
          ],
          [
            -73.933319,
            40.8619412
          ],
          [
            -73.933297,
            40.8619371
          ],
          [
            -73.9331421,
            40.8619069
          ],
          [
            -73.9331581,
            40.8618287
          ],
          [
            -73.9331101,
            40.861768
          ],
          [
            -73.9330452,
            40.861677
          ],
          [
            -73.9330201,
            40.8616013
          ],
          [
            -73.9330117,
            40.8615355
          ],
          [
            -73.9330173,
            40.8614713
          ],
          [
            -73.9330364,
            40.8613856
          ],
          [
            -73.9330587,
            40.861306
          ],
          [
            -73.9330987,
            40.8612095
          ],
          [
            -73.9331219,
            40.8611534
          ],
          [
            -73.9331662,
            40.8610398
          ],
          [
            -73.9331487,
            40.8609738
          ],
          [
            -73.9330857,
            40.860916
          ],
          [
            -73.9329592,
            40.8608783
          ],
          [
            -73.9328738,
            40.8610114
          ],
          [
            -73.9327773,
            40.8610448
          ],
          [
            -73.932678,
            40.8610651
          ],
          [
            -73.9326009,
            40.861025
          ],
          [
            -73.9325202,
            40.8610166
          ],
          [
            -73.9324546,
            40.861011
          ],
          [
            -73.9324498,
            40.8610436
          ],
          [
            -73.9324402,
            40.8611752
          ],
          [
            -73.932438,
            40.8613086
          ],
          [
            -73.9324429,
            40.8615059
          ],
          [
            -73.9324657,
            40.8617006
          ],
          [
            -73.9325019,
            40.8619024
          ],
          [
            -73.9325515,
            40.8621104
          ],
          [
            -73.9326,
            40.862242
          ],
          [
            -73.9326481,
            40.862369
          ],
          [
            -73.9326896,
            40.8624816
          ],
          [
            -73.9327433,
            40.8626185
          ],
          [
            -73.932767,
            40.8627155
          ],
          [
            -73.9327678,
            40.8628168
          ],
          [
            -73.9327546,
            40.8628992
          ],
          [
            -73.9327274,
            40.8629982
          ],
          [
            -73.9326834,
            40.8630799
          ],
          [
            -73.9326292,
            40.863166
          ],
          [
            -73.9325365,
            40.8632904
          ],
          [
            -73.9323844,
            40.8634018
          ],
          [
            -73.932161,
            40.8636034
          ],
          [
            -73.9319922,
            40.863751
          ],
          [
            -73.9317289,
            40.8639813
          ],
          [
            -73.9312319,
            40.864436
          ],
          [
            -73.9309931,
            40.8646389
          ],
          [
            -73.9309422,
            40.8647443
          ],
          [
            -73.930915,
            40.8648135
          ],
          [
            -73.93091,
            40.8649411
          ],
          [
            -73.930909,
            40.864982
          ],
          [
            -73.9308592,
            40.8649799
          ],
          [
            -73.9307707,
            40.8649925
          ],
          [
            -73.930774,
            40.8650688
          ],
          [
            -73.9307122,
            40.8650844
          ],
          [
            -73.930707,
            40.8650626
          ],
          [
            -73.9307063,
            40.8650256
          ],
          [
            -73.9307263,
            40.8650111
          ],
          [
            -73.9306673,
            40.8649036
          ],
          [
            -73.9306217,
            40.8648519
          ],
          [
            -73.9306083,
            40.8647809
          ],
          [
            -73.9306015,
            40.8647271
          ],
          [
            -73.9305881,
            40.8646886
          ],
          [
            -73.93056,
            40.8646703
          ],
          [
            -73.9305117,
            40.8646805
          ],
          [
            -73.9303747,
            40.8646818
          ],
          [
            -73.9301896,
            40.8647177
          ],
          [
            -73.9299992,
            40.8647957
          ],
          [
            -73.9296985,
            40.8650796
          ],
          [
            -73.92966,
            40.8650865
          ],
          [
            -73.9296239,
            40.865093
          ],
          [
            -73.9295295,
            40.8651065
          ],
          [
            -73.9295118,
            40.8651098
          ],
          [
            -73.9294874,
            40.8650403
          ],
          [
            -73.9294853,
            40.8650344
          ],
          [
            -73.9294695,
            40.8649895
          ],
          [
            -73.9294622,
            40.8649673
          ],
          [
            -73.9294538,
            40.8649508
          ],
          [
            -73.9294384,
            40.8649414
          ],
          [
            -73.929383,
            40.8649179
          ],
          [
            -73.9292755,
            40.8649926
          ],
          [
            -73.929184,
            40.8649712
          ],
          [
            -73.9291087,
            40.8649648
          ],
          [
            -73.9289434,
            40.8650521
          ],
          [
            -73.9287155,
            40.8651726
          ],
          [
            -73.9286634,
            40.8651991
          ],
          [
            -73.9286767,
            40.8652672
          ],
          [
            -73.9286125,
            40.865279
          ],
          [
            -73.9283945,
            40.8653194
          ],
          [
            -73.9282997,
            40.8653369
          ],
          [
            -73.9281593,
            40.8653787
          ],
          [
            -73.9280238,
            40.8654429
          ],
          [
            -73.9279083,
            40.865329
          ],
          [
            -73.9278865,
            40.8653403
          ],
          [
            -73.9278578,
            40.8653587
          ],
          [
            -73.9278461,
            40.8653448
          ],
          [
            -73.9277837,
            40.8652598
          ],
          [
            -73.9274931,
            40.8654184
          ],
          [
            -73.9273929,
            40.8653895
          ],
          [
            -73.927372,
            40.865372
          ],
          [
            -73.9273107,
            40.8654003
          ],
          [
            -73.927211,
            40.8654368
          ],
          [
            -73.9271302,
            40.8654663
          ],
          [
            -73.9270992,
            40.8654827
          ],
          [
            -73.9270161,
            40.8655187
          ],
          [
            -73.926713,
            40.8656282
          ],
          [
            -73.9262633,
            40.8657816
          ],
          [
            -73.9258986,
            40.865906
          ],
          [
            -73.9257333,
            40.8659657
          ],
          [
            -73.925059,
            40.866201
          ],
          [
            -73.9250123,
            40.8662173
          ],
          [
            -73.9249455,
            40.8662426
          ],
          [
            -73.924886,
            40.8662651
          ],
          [
            -73.9248479,
            40.8662778
          ],
          [
            -73.9231507,
            40.8668866
          ],
          [
            -73.9231221,
            40.866896
          ],
          [
            -73.92305,
            40.8669225
          ],
          [
            -73.9229783,
            40.8669489
          ],
          [
            -73.9229478,
            40.8669575
          ],
          [
            -73.9212605,
            40.8675634
          ],
          [
            -73.9212388,
            40.8675753
          ],
          [
            -73.9211514,
            40.8676035
          ],
          [
            -73.9212171,
            40.867707
          ]
        ]
      }
    },
    {
      "type": "Feature",
      "properties": {
        "scenario": "Inwood Hill Park | 2.5mi | round | flat | amenity",
        "shape": "round",
        "target_miles": 2.5,
        "distance_m": 4028.6419815364475,
        "candidate_index": 2
      },
      "geometry": {
        "type": "LineString",
        "coordinates": [
          [
            -73.9212171,
            40.867707
          ],
          [
            -73.921279,
            40.8678061
          ],
          [
            -73.9216842,
            40.8684555
          ],
          [
            -73.921279,
            40.8678061
          ],
          [
            -73.9212171,
            40.867707
          ],
          [
            -73.921279,
            40.8678061
          ],
          [
            -73.9216842,
            40.8684555
          ],
          [
            -73.9217178,
            40.868509
          ],
          [
            -73.9217591,
            40.8685712
          ],
          [
            -73.9220982,
            40.8690799
          ],
          [
            -73.922145,
            40.86915
          ],
          [
            -73.9222427,
            40.8691149
          ],
          [
            -73.9222846,
            40.8691772
          ],
          [
            -73.922298,
            40.8691958
          ],
          [
            -73.9227381,
            40.8690349
          ],
          [
            -73.923415,
            40.8687982
          ],
          [
            -73.923435,
            40.8687912
          ],
          [
            -73.9234916,
            40.8687711
          ],
          [
            -73.9235074,
            40.8687911
          ],
          [
            -73.9235533,
            40.8688398
          ],
          [
            -73.9236086,
            40.8688872
          ],
          [
            -73.9236945,
            40.86894
          ],
          [
            -73.9237394,
            40.8689623
          ],
          [
            -73.9237954,
            40.8689781
          ],
          [
            -73.9238758,
            40.868989
          ],
          [
            -73.9239522,
            40.8689939
          ],
          [
            -73.9240171,
            40.868991
          ],
          [
            -73.924115,
            40.8689775
          ],
          [
            -73.9242605,
            40.868948
          ],
          [
            -73.9245514,
            40.868871
          ],
          [
            -73.9245707,
            40.8688673
          ],
          [
            -73.9248688,
            40.8688104
          ],
          [
            -73.9251354,
            40.8687545
          ],
          [
            -73.925508,
            40.868673
          ],
          [
            -73.9257121,
            40.8686284
          ],
          [
            -73.9258919,
            40.8685873
          ],
          [
            -73.926062,
            40.8685353
          ],
          [
            -73.9262387,
            40.8684686
          ],
          [
            -73.9265748,
            40.8682644
          ],
          [
            -73.9267994,
            40.8681044
          ],
          [
            -73.9269228,
            40.868006
          ],
          [
            -73.9269852,
            40.8679563
          ],
          [
            -73.9270519,
            40.8679097
          ],
          [
            -73.9270813,
            40.8679446
          ],
          [
            -73.927107,
            40.8679598
          ],
          [
            -73.9271512,
            40.867997
          ],
          [
            -73.927269,
            40.8679963
          ],
          [
            -73.9274002,
            40.8679738
          ],
          [
            -73.9276068,
            40.8679202
          ],
          [
            -73.9277894,
            40.8678925
          ],
          [
            -73.9279187,
            40.8679051
          ],
          [
            -73.9281535,
            40.8679415
          ],
          [
            -73.9285124,
            40.8680192
          ],
          [
            -73.9286941,
            40.8681337
          ],
          [
            -73.9287855,
            40.8682494
          ],
          [
            -73.9289101,
            40.8683789
          ],
          [
            -73.9291151,
            40.8684731
          ],
          [
            -73.9293367,
            40.8685433
          ],
          [
            -73.92944,
            40.8686124
          ],
          [
            -73.9294856,
            40.8687526
          ],
          [
            -73.9294805,
            40.8689604
          ],
          [
            -73.9293794,
            40.8691246
          ],
          [
            -73.9293889,
            40.8696835
          ],
          [
            -73.9293763,
            40.8699011
          ],
          [
            -73.9293213,
            40.8702828
          ],
          [
            -73.9292564,
            40.8705996
          ],
          [
            -73.9291976,
            40.8706868
          ],
          [
            -73.9292531,
            40.8707792
          ],
          [
            -73.9293029,
            40.8708906
          ],
          [
            -73.9293434,
            40.8709444
          ],
          [
            -73.9293216,
            40.8710525
          ],
          [
            -73.9292767,
            40.8711243
          ],
          [
            -73.9292635,
            40.8711453
          ],
          [
            -73.9294347,
            40.8712121
          ],
          [
            -73.9293684,
            40.8714675
          ],
          [
            -73.9292644,
            40.8718959
          ],
          [
            -73.9291874,
            40.8721315
          ],
          [
            -73.9290232,
            40.8725309
          ],
          [
            -73.9286839,
            40.8730121
          ],
          [
            -73.9285077,
            40.873477
          ],
          [
            -73.9282281,
            40.873806
          ],
          [
            -73.9282064,
            40.8738274
          ],
          [
            -73.9281607,
            40.8738726
          ],
          [
            -73.9281541,
            40.8738791
          ],
          [
            -73.9281391,
            40.873894
          ],
          [
            -73.9282926,
            40.8739658
          ],
          [
            -73.9284077,
            40.8739897
          ],
          [
            -73.9284989,
            40.8739796
          ],
          [
            -73.9285546,
            40.873951
          ],
          [
            -73.9287391,
            40.8737997
          ],
          [
            -73.9288028,
            40.8737472
          ],
          [
            -73.928981,
            40.8737186
          ],
          [
            -73.9290236,
            40.8737324
          ],
          [
            -73.9290296,
            40.8737351
          ],
          [
            -73.9293489,
            40.8738475
          ],
          [
            -73.9293605,
            40.8738516
          ],
          [
            -73.9293749,
            40.8738566
          ],
          [
            -73.9293791,
            40.8738581
          ],
          [
            -73.9294131,
            40.8738006
          ],
          [
            -73.9294529,
            40.8738144
          ],
          [
            -73.9294192,
            40.87387
          ],
          [
            -73.929482,
            40.8738932
          ],
          [
            -73.929587,
            40.8737755
          ],
          [
            -73.9296719,
            40.8737114
          ],
          [
            -73.9297399,
            40.8736733
          ],
          [
            -73.9298122,
            40.8736406
          ],
          [
            -73.9298955,
            40.8736049
          ],
          [
            -73.9299259,
            40.8735975
          ],
          [
            -73.9298569,
            40.8735824
          ],
          [
            -73.9298125,
            40.8735524
          ],
          [
            -73.9297763,
            40.8735091
          ],
          [
            -73.9297553,
            40.8734703
          ],
          [
            -73.9297335,
            40.8733855
          ],
          [
            -73.9297553,
            40.8734703
          ],
          [
            -73.9297763,
            40.8735091
          ],
          [
            -73.9298125,
            40.8735524
          ],
          [
            -73.9298569,
            40.8735824
          ],
          [
            -73.9299259,
            40.8735975
          ],
          [
            -73.9298955,
            40.8736049
          ],
          [
            -73.9298122,
            40.8736406
          ],
          [
            -73.9297399,
            40.8736733
          ],
          [
            -73.9296719,
            40.8737114
          ],
          [
            -73.929587,
            40.8737755
          ],
          [
            -73.929482,
            40.8738932
          ],
          [
            -73.9294192,
            40.87387
          ],
          [
            -73.9294529,
            40.8738144
          ],
          [
            -73.9294131,
            40.8738006
          ],
          [
            -73.9293791,
            40.8738581
          ],
          [
            -73.9293749,
            40.8738566
          ],
          [
            -73.9293605,
            40.8738516
          ],
          [
            -73.9293489,
            40.8738475
          ],
          [
            -73.9290296,
            40.8737351
          ],
          [
            -73.9290236,
            40.8737324
          ],
          [
            -73.928981,
            40.8737186
          ],
          [
            -73.9288028,
            40.8737472
          ],
          [
            -73.9287391,
            40.8737997
          ],
          [
            -73.9285546,
            40.873951
          ],
          [
            -73.9284693,
            40.8741114
          ],
          [
            -73.9284222,
            40.8742
          ],
          [
            -73.9281806,
            40.874609
          ],
          [
            -73.9280278,
            40.8748157
          ],
          [
            -73.9278064,
            40.8749919
          ],
          [
            -73.9276958,
            40.8751855
          ],
          [
            -73.9275215,
            40.8755508
          ],
          [
            -73.9275399,
            40.8757133
          ],
          [
            -73.9274573,
            40.875928
          ],
          [
            -73.9272992,
            40.8761668
          ],
          [
            -73.92711,
            40.8763917
          ],
          [
            -73.9268802,
            40.8765911
          ],
          [
            -73.9266084,
            40.8766821
          ],
          [
            -73.9264478,
            40.8767342
          ],
          [
            -73.9262011,
            40.8767205
          ],
          [
            -73.9257436,
            40.8766951
          ],
          [
            -73.9254276,
            40.8767171
          ],
          [
            -73.9253,
            40.8767434
          ],
          [
            -73.9251234,
            40.8768572
          ],
          [
            -73.9249458,
            40.8769807
          ],
          [
            -73.924734,
            40.8770495
          ],
          [
            -73.9245524,
            40.8770661
          ],
          [
            -73.9240007,
            40.8770163
          ],
          [
            -73.9237398,
            40.8769826
          ],
          [
            -73.9234209,
            40.8768891
          ],
          [
            -73.9230609,
            40.8767506
          ],
          [
            -73.9227724,
            40.8765844
          ],
          [
            -73.9226796,
            40.876483
          ],
          [
            -73.922648,
            40.8763771
          ],
          [
            -73.9226632,
            40.8761097
          ],
          [
            -73.9226529,
            40.8760302
          ],
          [
            -73.9225973,
            40.8759207
          ],
          [
            -73.9225908,
            40.8758337
          ],
          [
            -73.9226261,
            40.8757447
          ],
          [
            -73.9227265,
            40.8756066
          ],
          [
            -73.9228401,
            40.8753291
          ],
          [
            -73.922917,
            40.8751126
          ],
          [
            -73.9230577,
            40.8748976
          ],
          [
            -73.9232388,
            40.8747099
          ],
          [
            -73.9233431,
            40.874434
          ],
          [
            -73.9236002,
            40.8741865
          ],
          [
            -73.9238258,
            40.8739368
          ],
          [
            -73.9239203,
            40.8738239
          ],
          [
            -73.9239827,
            40.8736862
          ],
          [
            -73.9239447,
            40.8735372
          ],
          [
            -73.9240853,
            40.8733471
          ],
          [
            -73.9242529,
            40.8732289
          ],
          [
            -73.9244107,
            40.8730788
          ],
          [
            -73.9244902,
            40.8729552
          ],
          [
            -73.9245471,
            40.872703
          ],
          [
            -73.9246176,
            40.8724968
          ],
          [
            -73.9246798,
            40.8722723
          ],
          [
            -73.9246293,
            40.8721186
          ],
          [
            -73.9245725,
            40.8720249
          ],
          [
            -73.9244531,
            40.8719103
          ],
          [
            -73.9241773,
            40.8717893
          ],
          [
            -73.9239864,
            40.8716779
          ],
          [
            -73.9238684,
            40.8715808
          ],
          [
            -73.9239273,
            40.8713966
          ],
          [
            -73.9240966,
            40.8711568
          ],
          [
            -73.923863,
            40.871055
          ],
          [
            -73.9237369,
            40.8709786
          ],
          [
            -73.9235247,
            40.8709121
          ],
          [
            -73.92327,
            40.8708459
          ],
          [
            -73.923167,
            40.8708344
          ],
          [
            -73.9230274,
            40.8708027
          ],
          [
            -73.9228621,
            40.8707378
          ],
          [
            -73.9227964,
            40.8706654
          ],
          [
            -73.9227506,
            40.8705745
          ],
          [
            -73.9227725,
            40.8704873
          ],
          [
            -73.9228412,
            40.8703681
          ],
          [
            -73.9228487,
            40.8702375
          ],
          [
            -73.9228421,
            40.8701442
          ],
          [
            -73.922801,
            40.8700406
          ],
          [
            -73.9227164,
            40.8699891
          ],
          [
            -73.922742,
            40.8699739
          ],
          [
            -73.9227648,
            40.8699059
          ],
          [
            -73.9227527,
            40.8698532
          ],
          [
            -73.9226964,
            40.8697842
          ],
          [
            -73.9226427,
            40.8697325
          ],
          [
            -73.9225623,
            40.8696554
          ],
          [
            -73.9225287,
            40.8696027
          ],
          [
            -73.9225355,
            40.8695652
          ],
          [
            -73.9225167,
            40.8695094
          ],
          [
            -73.9224679,
            40.8694446
          ],
          [
            -73.9222737,
            40.8695114
          ],
          [
            -73.9221081,
            40.8692728
          ],
          [
            -73.922089,
            40.8692453
          ],
          [
            -73.9220558,
            40.8691905
          ],
          [
            -73.9220223,
            40.8691351
          ],
          [
            -73.9220085,
            40.8691137
          ],
          [
            -73.9216719,
            40.8685916
          ],
          [
            -73.9216611,
            40.8685804
          ],
          [
            -73.9216338,
            40.8685385
          ],
          [
            -73.9216109,
            40.8685129
          ],
          [
            -73.9215964,
            40.8684861
          ],
          [
            -73.921183,
            40.8678399
          ],
          [
            -73.9211673,
            40.8678115
          ],
          [
            -73.9211172,
            40.8677392
          ],
          [
            -73.9212171,
            40.867707
          ]
        ]
      }
    },
    {
      "type": "Feature",
      "properties": {
        "scenario": "Inwood Hill Park | 2.5mi | round | flat | amenity",
        "shape": "round",
        "target_miles": 2.5,
        "distance_m": 4033.2536136215426,
        "candidate_index": 3
      },
      "geometry": {
        "type": "LineString",
        "coordinates": [
          [
            -73.9212171,
            40.867707
          ],
          [
            -73.9211514,
            40.8676035
          ],
          [
            -73.9209918,
            40.867349
          ],
          [
            -73.9208274,
            40.8670932
          ],
          [
            -73.9206665,
            40.8668436
          ],
          [
            -73.920612,
            40.866759
          ],
          [
            -73.9205663,
            40.8666878
          ],
          [
            -73.9204924,
            40.8665723
          ],
          [
            -73.9204108,
            40.8664448
          ],
          [
            -73.9202099,
            40.8661311
          ],
          [
            -73.920064,
            40.8659033
          ],
          [
            -73.919996,
            40.865797
          ],
          [
            -73.9199365,
            40.8657043
          ],
          [
            -73.9197976,
            40.8654878
          ],
          [
            -73.9194168,
            40.8648944
          ],
          [
            -73.9197976,
            40.8654878
          ],
          [
            -73.9199365,
            40.8657043
          ],
          [
            -73.919996,
            40.865797
          ],
          [
            -73.920064,
            40.8659033
          ],
          [
            -73.9202099,
            40.8661311
          ],
          [
            -73.9204108,
            40.8664448
          ],
          [
            -73.9204924,
            40.8665723
          ],
          [
            -73.9205663,
            40.8666878
          ],
          [
            -73.920612,
            40.866759
          ],
          [
            -73.9206665,
            40.8668436
          ],
          [
            -73.9208274,
            40.8670932
          ],
          [
            -73.9209918,
            40.867349
          ],
          [
            -73.9211514,
            40.8676035
          ],
          [
            -73.9212171,
            40.867707
          ],
          [
            -73.9211514,
            40.8676035
          ],
          [
            -73.9209918,
            40.867349
          ],
          [
            -73.9208274,
            40.8670932
          ],
          [
            -73.9206665,
            40.8668436
          ],
          [
            -73.920612,
            40.866759
          ],
          [
            -73.9205663,
            40.8666878
          ],
          [
            -73.9204924,
            40.8665723
          ],
          [
            -73.9204108,
            40.8664448
          ],
          [
            -73.9202099,
            40.8661311
          ],
          [
            -73.920064,
            40.8659033
          ],
          [
            -73.919996,
            40.865797
          ],
          [
            -73.9199365,
            40.8657043
          ],
          [
            -73.9197976,
            40.8654878
          ],
          [
            -73.9194168,
            40.8648944
          ],
          [
            -73.919362,
            40.864809
          ],
          [
            -73.9193195,
            40.864744
          ],
          [
            -73.9192802,
            40.8646838
          ],
          [
            -73.9192173,
            40.8646211
          ],
          [
            -73.9192034,
            40.8646072
          ],
          [
            -73.9191015,
            40.8645495
          ],
          [
            -73.919069,
            40.8645354
          ],
          [
            -73.9191602,
            40.864406
          ],
          [
            -73.9191767,
            40.86438
          ],
          [
            -73.9194063,
            40.8640193
          ],
          [
            -73.9194966,
            40.8639107
          ],
          [
            -73.9195823,
            40.8638078
          ],
          [
            -73.9196959,
            40.8636712
          ],
          [
            -73.9202647,
            40.8633911
          ],
          [
            -73.9205847,
            40.8632833
          ],
          [
            -73.9205728,
            40.8632637
          ],
          [
            -73.9205064,
            40.8631631
          ],
          [
            -73.9204518,
            40.8630592
          ],
          [
            -73.9204396,
            40.8630391
          ],
          [
            -73.9204627,
            40.8630249
          ],
          [
            -73.9205334,
            40.8629936
          ],
          [
            -73.9206092,
            40.8629584
          ],
          [
            -73.9206344,
            40.8629494
          ],
          [
            -73.9211718,
            40.8627564
          ],
          [
            -73.921535,
            40.8626196
          ],
          [
            -73.9217335,
            40.8625448
          ],
          [
            -73.9222299,
            40.8623562
          ],
          [
            -73.9223022,
            40.8623287
          ],
          [
            -73.9225091,
            40.8622501
          ],
          [
            -73.9225788,
            40.8622236
          ],
          [
            -73.9229244,
            40.8621003
          ],
          [
            -73.9231219,
            40.8620298
          ],
          [
            -73.9235188,
            40.8618881
          ],
          [
            -73.9235996,
            40.8618524
          ],
          [
            -73.923972,
            40.8616878
          ],
          [
            -73.9241536,
            40.8615919
          ],
          [
            -73.9244863,
            40.8614163
          ],
          [
            -73.9245083,
            40.8614121
          ],
          [
            -73.9246067,
            40.8614012
          ],
          [
            -73.9247435,
            40.8613881
          ],
          [
            -73.924761,
            40.861382
          ],
          [
            -73.9247987,
            40.8613719
          ],
          [
            -73.9248223,
            40.8610731
          ],
          [
            -73.9248412,
            40.8609092
          ],
          [
            -73.9248634,
            40.8607897
          ],
          [
            -73.9248459,
            40.8607678
          ],
          [
            -73.9248191,
            40.8606945
          ],
          [
            -73.924803,
            40.8606395
          ],
          [
            -73.924805,
            40.8606002
          ],
          [
            -73.9247831,
            40.8605238
          ],
          [
            -73.9247901,
            40.8604968
          ],
          [
            -73.9248174,
            40.8604629
          ],
          [
            -73.9248212,
            40.8604323
          ],
          [
            -73.9248152,
            40.8604063
          ],
          [
            -73.9248082,
            40.8603538
          ],
          [
            -73.9248446,
            40.8602711
          ],
          [
            -73.9247488,
            40.8602498
          ],
          [
            -73.924691,
            40.8602278
          ],
          [
            -73.9246252,
            40.8602217
          ],
          [
            -73.9245896,
            40.860213
          ],
          [
            -73.9245455,
            40.8602019
          ],
          [
            -73.924494,
            40.8601766
          ],
          [
            -73.9244313,
            40.8601429
          ],
          [
            -73.9243697,
            40.8601054
          ],
          [
            -73.9243493,
            40.8600917
          ],
          [
            -73.9243044,
            40.860084
          ],
          [
            -73.9242774,
            40.860076
          ],
          [
            -73.9242588,
            40.860065
          ],
          [
            -73.9242398,
            40.8600393
          ],
          [
            -73.9242297,
            40.8600225
          ],
          [
            -73.9242203,
            40.8600127
          ],
          [
            -73.9241551,
            40.8599822
          ],
          [
            -73.924098,
            40.859958
          ],
          [
            -73.9240271,
            40.8599121
          ],
          [
            -73.923975,
            40.8598579
          ],
          [
            -73.9239603,
            40.8598277
          ],
          [
            -73.923977,
            40.8598078
          ],
          [
            -73.9240189,
            40.8597973
          ],
          [
            -73.9240393,
            40.85977
          ],
          [
            -73.9240201,
            40.8597106
          ],
          [
            -73.9240175,
            40.8596831
          ],
          [
            -73.9239536,
            40.8596514
          ],
          [
            -73.9239072,
            40.8596066
          ],
          [
            -73.9239021,
            40.8595365
          ],
          [
            -73.9238686,
            40.859445
          ],
          [
            -73.9238403,
            40.8593826
          ],
          [
            -73.9238042,
            40.8593476
          ],
          [
            -73.9238189,
            40.8593143
          ],
          [
            -73.9238619,
            40.8593124
          ],
          [
            -73.9238871,
            40.8593296
          ],
          [
            -73.924,
            40.8593603
          ],
          [
            -73.9240367,
            40.8593474
          ],
          [
            -73.9240597,
            40.8593599
          ],
          [
            -73.9240616,
            40.8593725
          ],
          [
            -73.9240746,
            40.8593829
          ],
          [
            -73.9240894,
            40.8593779
          ],
          [
            -73.9240927,
            40.8593617
          ],
          [
            -73.9241008,
            40.8592989
          ],
          [
            -73.9241196,
            40.8592712
          ],
          [
            -73.9241034,
            40.8591905
          ],
          [
            -73.92408,
            40.8591674
          ],
          [
            -73.9240659,
            40.8591416
          ],
          [
            -73.9240027,
            40.8591074
          ],
          [
            -73.9239758,
            40.8590872
          ],
          [
            -73.9239523,
            40.8590547
          ],
          [
            -73.9239316,
            40.8590265
          ],
          [
            -73.923927,
            40.8589929
          ],
          [
            -73.923925,
            40.8589589
          ],
          [
            -73.9239361,
            40.8589357
          ],
          [
            -73.9239548,
            40.8589144
          ],
          [
            -73.9239809,
            40.858901
          ],
          [
            -73.9240236,
            40.8589057
          ],
          [
            -73.9240762,
            40.8589188
          ],
          [
            -73.9241194,
            40.8589408
          ],
          [
            -73.9241447,
            40.8589666
          ],
          [
            -73.92417,
            40.8590259
          ],
          [
            -73.9241978,
            40.8590813
          ],
          [
            -73.9242458,
            40.8591042
          ],
          [
            -73.9242963,
            40.8591023
          ],
          [
            -73.9243392,
            40.8590813
          ],
          [
            -73.9243619,
            40.8590545
          ],
          [
            -73.9243998,
            40.8588921
          ],
          [
            -73.9243392,
            40.8588539
          ],
          [
            -73.9243013,
            40.8588272
          ],
          [
            -73.9242938,
            40.8587852
          ],
          [
            -73.9243114,
            40.8587393
          ],
          [
            -73.9243392,
            40.8587279
          ],
          [
            -73.9243287,
            40.8587077
          ],
          [
            -73.9243241,
            40.8586878
          ],
          [
            -73.9243064,
            40.8586438
          ],
          [
            -73.9242735,
            40.8585999
          ],
          [
            -73.9242609,
            40.8585693
          ],
          [
            -73.9242685,
            40.8585235
          ],
          [
            -73.9242938,
            40.8584757
          ],
          [
            -73.9242833,
            40.8583525
          ],
          [
            -73.9242554,
            40.8582919
          ],
          [
            -73.9242652,
            40.8582564
          ],
          [
            -73.9242376,
            40.8582173
          ],
          [
            -73.9241933,
            40.8581863
          ],
          [
            -73.9241415,
            40.8581004
          ],
          [
            -73.9241005,
            40.8580527
          ],
          [
            -73.9240562,
            40.8579977
          ],
          [
            -73.9240618,
            40.857957
          ],
          [
            -73.9240924,
            40.8579092
          ],
          [
            -73.9241395,
            40.857894
          ],
          [
            -73.9240924,
            40.8579092
          ],
          [
            -73.9240618,
            40.857957
          ],
          [
            -73.9240562,
            40.8579977
          ],
          [
            -73.9241005,
            40.8580527
          ],
          [
            -73.9241415,
            40.8581004
          ],
          [
            -73.9241933,
            40.8581863
          ],
          [
            -73.9242376,
            40.8582173
          ],
          [
            -73.9242652,
            40.8582564
          ],
          [
            -73.9242554,
            40.8582919
          ],
          [
            -73.9242833,
            40.8583525
          ],
          [
            -73.9242938,
            40.8584757
          ],
          [
            -73.9242685,
            40.8585235
          ],
          [
            -73.9242609,
            40.8585693
          ],
          [
            -73.9242735,
            40.8585999
          ],
          [
            -73.9243064,
            40.8586438
          ],
          [
            -73.9243241,
            40.8586878
          ],
          [
            -73.9243287,
            40.8587077
          ],
          [
            -73.9243392,
            40.8587279
          ],
          [
            -73.9243114,
            40.8587393
          ],
          [
            -73.9242938,
            40.8587852
          ],
          [
            -73.9243013,
            40.8588272
          ],
          [
            -73.9243392,
            40.8588539
          ],
          [
            -73.9243998,
            40.8588921
          ],
          [
            -73.9243619,
            40.8590545
          ],
          [
            -73.9243392,
            40.8590813
          ],
          [
            -73.9242963,
            40.8591023
          ],
          [
            -73.9242458,
            40.8591042
          ],
          [
            -73.9241978,
            40.8590813
          ],
          [
            -73.92417,
            40.8590259
          ],
          [
            -73.9241447,
            40.8589666
          ],
          [
            -73.9241194,
            40.8589408
          ],
          [
            -73.9240762,
            40.8589188
          ],
          [
            -73.9240236,
            40.8589057
          ],
          [
            -73.9239809,
            40.858901
          ],
          [
            -73.9239548,
            40.8589144
          ],
          [
            -73.9239361,
            40.8589357
          ],
          [
            -73.923925,
            40.8589589
          ],
          [
            -73.923927,
            40.8589929
          ],
          [
            -73.9239316,
            40.8590265
          ],
          [
            -73.9239523,
            40.8590547
          ],
          [
            -73.9239758,
            40.8590872
          ],
          [
            -73.9240027,
            40.8591074
          ],
          [
            -73.9240659,
            40.8591416
          ],
          [
            -73.92408,
            40.8591674
          ],
          [
            -73.9241034,
            40.8591905
          ],
          [
            -73.9241196,
            40.8592712
          ],
          [
            -73.9241008,
            40.8592989
          ],
          [
            -73.9240927,
            40.8593617
          ],
          [
            -73.9240894,
            40.8593779
          ],
          [
            -73.9240746,
            40.8593829
          ],
          [
            -73.9240616,
            40.8593725
          ],
          [
            -73.9240597,
            40.8593599
          ],
          [
            -73.9240367,
            40.8593474
          ],
          [
            -73.924,
            40.8593603
          ],
          [
            -73.9238871,
            40.8593296
          ],
          [
            -73.9238619,
            40.8593124
          ],
          [
            -73.9238189,
            40.8593143
          ],
          [
            -73.9238042,
            40.8593476
          ],
          [
            -73.9238403,
            40.8593826
          ],
          [
            -73.9238686,
            40.859445
          ],
          [
            -73.9239021,
            40.8595365
          ],
          [
            -73.9239072,
            40.8596066
          ],
          [
            -73.9239536,
            40.8596514
          ],
          [
            -73.9240175,
            40.8596831
          ],
          [
            -73.9240201,
            40.8597106
          ],
          [
            -73.9240393,
            40.85977
          ],
          [
            -73.9240189,
            40.8597973
          ],
          [
            -73.923977,
            40.8598078
          ],
          [
            -73.9239603,
            40.8598277
          ],
          [
            -73.923975,
            40.8598579
          ],
          [
            -73.9240271,
            40.8599121
          ],
          [
            -73.924098,
            40.859958
          ],
          [
            -73.9241551,
            40.8599822
          ],
          [
            -73.9242203,
            40.8600127
          ],
          [
            -73.9242297,
            40.8600225
          ],
          [
            -73.9242398,
            40.8600393
          ],
          [
            -73.9242588,
            40.860065
          ],
          [
            -73.9242774,
            40.860076
          ],
          [
            -73.9243044,
            40.860084
          ],
          [
            -73.9243493,
            40.8600917
          ],
          [
            -73.9243697,
            40.8601054
          ],
          [
            -73.9244313,
            40.8601429
          ],
          [
            -73.924494,
            40.8601766
          ],
          [
            -73.9245455,
            40.8602019
          ],
          [
            -73.9245896,
            40.860213
          ],
          [
            -73.9246252,
            40.8602217
          ],
          [
            -73.924691,
            40.8602278
          ],
          [
            -73.9247488,
            40.8602498
          ],
          [
            -73.9248446,
            40.8602711
          ],
          [
            -73.9248082,
            40.8603538
          ],
          [
            -73.9248152,
            40.8604063
          ],
          [
            -73.9248212,
            40.8604323
          ],
          [
            -73.9248174,
            40.8604629
          ],
          [
            -73.9247901,
            40.8604968
          ],
          [
            -73.9247831,
            40.8605238
          ],
          [
            -73.924805,
            40.8606002
          ],
          [
            -73.924803,
            40.8606395
          ],
          [
            -73.9247522,
            40.8606164
          ],
          [
            -73.9246951,
            40.8605873
          ],
          [
            -73.9246229,
            40.860555
          ],
          [
            -73.924552,
            40.8605217
          ],
          [
            -73.9245274,
            40.8605164
          ],
          [
            -73.9244795,
            40.860513
          ],
          [
            -73.9244501,
            40.8605033
          ],
          [
            -73.9243884,
            40.860475
          ],
          [
            -73.924346,
            40.8604621
          ],
          [
            -73.9243259,
            40.8604618
          ],
          [
            -73.9242974,
            40.8604593
          ],
          [
            -73.9242546,
            40.8604493
          ],
          [
            -73.9242141,
            40.860457
          ],
          [
            -73.9241751,
            40.8604725
          ],
          [
            -73.924761,
            40.861382
          ],
          [
            -73.9247987,
            40.8613719
          ],
          [
            -73.924819,
            40.8613748
          ],
          [
            -73.924876,
            40.8613886
          ],
          [
            -73.9249005,
            40.8613945
          ],
          [
            -73.924938,
            40.8614092
          ],
          [
            -73.9249291,
            40.8614537
          ],
          [
            -73.924931,
            40.861478
          ],
          [
            -73.9249344,
            40.8615207
          ],
          [
            -73.9249363,
            40.8615471
          ],
          [
            -73.9249378,
            40.8615727
          ],
          [
            -73.9249412,
            40.8616298
          ],
          [
            -73.9249447,
            40.8616597
          ],
          [
            -73.9254704,
            40.8624798
          ],
          [
            -73.9254374,
            40.8624917
          ],
          [
            -73.9253386,
            40.8625277
          ],
          [
            -73.9252392,
            40.8625633
          ],
          [
            -73.9252161,
            40.8625723
          ],
          [
            -73.9252268,
            40.8625878
          ],
          [
            -73.9252585,
            40.862639
          ],
          [
            -73.9252922,
            40.8626898
          ],
          [
            -73.9253055,
            40.8627129
          ],
          [
            -73.924989,
            40.862831
          ],
          [
            -73.9232887,
            40.8634613
          ],
          [
            -73.9232523,
            40.8634747
          ],
          [
            -73.92319,
            40.8634991
          ],
          [
            -73.9231218,
            40.8635257
          ],
          [
            -73.9230907,
            40.8635372
          ],
          [
            -73.921405,
            40.8641604
          ],
          [
            -73.9219214,
            40.8649713
          ],
          [
            -73.9219407,
            40.8649987
          ],
          [
            -73.9219787,
            40.8650649
          ],
          [
            -73.9220303,
            40.8651463
          ],
          [
            -73.9220429,
            40.8651696
          ],
          [
            -73.9220183,
            40.865178
          ],
          [
            -73.9219515,
            40.865206
          ],
          [
            -73.9224537,
            40.8659943
          ],
          [
            -73.9223955,
            40.8660129
          ],
          [
            -73.9223637,
            40.8660285
          ],
          [
            -73.9223767,
            40.8660549
          ],
          [
            -73.9224051,
            40.8660997
          ],
          [
            -73.9224412,
            40.8661565
          ],
          [
            -73.9224591,
            40.8661834
          ],
          [
            -73.9216504,
            40.866476
          ],
          [
            -73.9215771,
            40.8665035
          ],
          [
            -73.9207758,
            40.8668037
          ],
          [
            -73.9212605,
            40.8675634
          ],
          [
            -73.9212812,
            40.8675905
          ],
          [
            -73.9213249,
            40.8676676
          ],
          [
            -73.9212171,
            40.867707
          ]
        ]
      }
    },
    {
      "type": "Feature",
      "properties": {
        "scenario": "Inwood Hill Park | 2.5mi | round | flat | amenity",
        "shape": "round",
        "target_miles": 2.5,
        "distance_m": 3906.459716043234,
        "candidate_index": 4
      },
      "geometry": {
        "type": "LineString",
        "coordinates": [
          [
            -73.9212171,
            40.867707
          ],
          [
            -73.9211514,
            40.8676035
          ],
          [
            -73.9209918,
            40.867349
          ],
          [
            -73.9208274,
            40.8670932
          ],
          [
            -73.9206665,
            40.8668436
          ],
          [
            -73.920612,
            40.866759
          ],
          [
            -73.9205663,
            40.8666878
          ],
          [
            -73.9204924,
            40.8665723
          ],
          [
            -73.9204108,
            40.8664448
          ],
          [
            -73.9202099,
            40.8661311
          ],
          [
            -73.920064,
            40.8659033
          ],
          [
            -73.9202099,
            40.8661311
          ],
          [
            -73.9204108,
            40.8664448
          ],
          [
            -73.9204924,
            40.8665723
          ],
          [
            -73.9205663,
            40.8666878
          ],
          [
            -73.920612,
            40.866759
          ],
          [
            -73.9206665,
            40.8668436
          ],
          [
            -73.9208274,
            40.8670932
          ],
          [
            -73.9209918,
            40.867349
          ],
          [
            -73.9211514,
            40.8676035
          ],
          [
            -73.9212171,
            40.867707
          ],
          [
            -73.9213249,
            40.8676676
          ],
          [
            -73.9230078,
            40.8670533
          ],
          [
            -73.92311,
            40.867016
          ],
          [
            -73.9232126,
            40.8669792
          ],
          [
            -73.9249072,
            40.8663711
          ],
          [
            -73.925005,
            40.866336
          ],
          [
            -73.9251166,
            40.8662959
          ],
          [
            -73.9257983,
            40.8660514
          ],
          [
            -73.925872,
            40.866025
          ],
          [
            -73.925967,
            40.8659914
          ],
          [
            -73.9263199,
            40.8658667
          ],
          [
            -73.9265267,
            40.8657937
          ],
          [
            -73.9271619,
            40.8655693
          ],
          [
            -73.9272475,
            40.865539
          ],
          [
            -73.9272714,
            40.8655306
          ],
          [
            -73.9272948,
            40.8655188
          ],
          [
            -73.9274931,
            40.8654184
          ],
          [
            -73.9275773,
            40.8654449
          ],
          [
            -73.9275983,
            40.8654515
          ],
          [
            -73.9277609,
            40.8653672
          ],
          [
            -73.9277762,
            40.8653645
          ],
          [
            -73.9277915,
            40.865368
          ],
          [
            -73.9278078,
            40.8653879
          ],
          [
            -73.92782,
            40.8653796
          ],
          [
            -73.9278578,
            40.8653587
          ],
          [
            -73.9278865,
            40.8653403
          ],
          [
            -73.9279083,
            40.865329
          ],
          [
            -73.9281272,
            40.8652149
          ],
          [
            -73.9282884,
            40.8651302
          ],
          [
            -73.9287266,
            40.8648997
          ],
          [
            -73.9289299,
            40.8647849
          ],
          [
            -73.9290352,
            40.8647226
          ],
          [
            -73.9291886,
            40.8646031
          ],
          [
            -73.9292205,
            40.8646322
          ],
          [
            -73.9292595,
            40.8646484
          ],
          [
            -73.9293432,
            40.8646484
          ],
          [
            -73.9295153,
            40.8645587
          ],
          [
            -73.9297111,
            40.8643569
          ],
          [
            -73.9299431,
            40.8641023
          ],
          [
            -73.9302086,
            40.8639137
          ],
          [
            -73.9304956,
            40.8637687
          ],
          [
            -73.9305466,
            40.8637342
          ],
          [
            -73.9308215,
            40.8635841
          ],
          [
            -73.9310294,
            40.8634897
          ],
          [
            -73.9313284,
            40.8633711
          ],
          [
            -73.9315296,
            40.8632565
          ],
          [
            -73.931545,
            40.8632455
          ],
          [
            -73.9315762,
            40.8632232
          ],
          [
            -73.9316288,
            40.8631855
          ],
          [
            -73.931716,
            40.8631094
          ],
          [
            -73.9317831,
            40.8630252
          ],
          [
            -73.9318273,
            40.862937
          ],
          [
            -73.9318568,
            40.8628609
          ],
          [
            -73.931865,
            40.862833
          ],
          [
            -73.9318681,
            40.862809
          ],
          [
            -73.9318622,
            40.8627818
          ],
          [
            -73.9318133,
            40.862635
          ],
          [
            -73.9316972,
            40.8625424
          ],
          [
            -73.9315738,
            40.8624775
          ],
          [
            -73.9315162,
            40.8624491
          ],
          [
            -73.9314585,
            40.8623791
          ],
          [
            -73.9314143,
            40.8623051
          ],
          [
            -73.9313982,
            40.8622463
          ],
          [
            -73.9313874,
            40.8621854
          ],
          [
            -73.9315323,
            40.862085
          ],
          [
            -73.9313699,
            40.8619323
          ],
          [
            -73.9313427,
            40.8618685
          ],
          [
            -73.9313436,
            40.8618209
          ],
          [
            -73.9313716,
            40.8617883
          ],
          [
            -73.9314191,
            40.8617681
          ],
          [
            -73.9314714,
            40.8617551
          ],
          [
            -73.931594,
            40.8617493
          ],
          [
            -73.9316422,
            40.861693
          ],
          [
            -73.9316917,
            40.8616387
          ],
          [
            -73.9317126,
            40.8616042
          ],
          [
            -73.9317173,
            40.861557
          ],
          [
            -73.9317109,
            40.8615122
          ],
          [
            -73.9316902,
            40.8614651
          ],
          [
            -73.9316858,
            40.8614221
          ],
          [
            -73.9316929,
            40.861379
          ],
          [
            -73.9317134,
            40.8613467
          ],
          [
            -73.9317497,
            40.8613177
          ],
          [
            -73.9318248,
            40.8612826
          ],
          [
            -73.9319639,
            40.8612284
          ],
          [
            -73.9320557,
            40.8612049
          ],
          [
            -73.9321042,
            40.8611966
          ],
          [
            -73.9321885,
            40.8611788
          ],
          [
            -73.9322651,
            40.8611736
          ],
          [
            -73.9323353,
            40.8611727
          ],
          [
            -73.9323522,
            40.8611734
          ],
          [
            -73.9325251,
            40.8611801
          ],
          [
            -73.932568,
            40.8611818
          ],
          [
            -73.9327598,
            40.8611747
          ],
          [
            -73.9327859,
            40.8611431
          ],
          [
            -73.9328738,
            40.8610114
          ],
          [
            -73.9329592,
            40.8608783
          ],
          [
            -73.9333445,
            40.8603217
          ],
          [
            -73.9334093,
            40.8602179
          ],
          [
            -73.9334474,
            40.8601358
          ],
          [
            -73.9335211,
            40.8599786
          ],
          [
            -73.9335665,
            40.8599141
          ],
          [
            -73.9336222,
            40.8598725
          ],
          [
            -73.9336686,
            40.8598437
          ],
          [
            -73.9337005,
            40.8598341
          ],
          [
            -73.9337316,
            40.8598251
          ],
          [
            -73.93377,
            40.8598188
          ],
          [
            -73.9338099,
            40.8598186
          ],
          [
            -73.9338573,
            40.8598241
          ],
          [
            -73.9339038,
            40.8598348
          ],
          [
            -73.9339357,
            40.8598467
          ],
          [
            -73.9339656,
            40.8598605
          ],
          [
            -73.9340153,
            40.8598895
          ],
          [
            -73.9339656,
            40.8598605
          ],
          [
            -73.9339357,
            40.8598467
          ],
          [
            -73.9339038,
            40.8598348
          ],
          [
            -73.9339561,
            40.8597016
          ],
          [
            -73.9339831,
            40.8596356
          ],
          [
            -73.9338347,
            40.8595926
          ],
          [
            -73.9338262,
            40.859589
          ],
          [
            -73.9338231,
            40.8595863
          ],
          [
            -73.9338203,
            40.8595834
          ],
          [
            -73.9337965,
            40.8595367
          ],
          [
            -73.9337754,
            40.8594992
          ],
          [
            -73.9337552,
            40.8594641
          ],
          [
            -73.9337427,
            40.8594423
          ],
          [
            -73.9337085,
            40.8593889
          ],
          [
            -73.9337073,
            40.8593849
          ],
          [
            -73.9337071,
            40.8593807
          ],
          [
            -73.9337084,
            40.8593747
          ],
          [
            -73.9337298,
            40.8593309
          ],
          [
            -73.9338154,
            40.8591451
          ],
          [
            -73.9338196,
            40.8591396
          ],
          [
            -73.9338244,
            40.859136
          ],
          [
            -73.9338303,
            40.859133
          ],
          [
            -73.9338402,
            40.8591295
          ],
          [
            -73.9338502,
            40.8591271
          ],
          [
            -73.9338613,
            40.8591255
          ],
          [
            -73.933871,
            40.859125
          ],
          [
            -73.9338776,
            40.8591255
          ],
          [
            -73.9338859,
            40.8591269
          ],
          [
            -73.9340432,
            40.8591658
          ],
          [
            -73.9340607,
            40.8591682
          ],
          [
            -73.9340666,
            40.8591659
          ],
          [
            -73.9340721,
            40.8591628
          ],
          [
            -73.9340757,
            40.85916
          ],
          [
            -73.9340789,
            40.8591567
          ],
          [
            -73.9342364,
            40.8589024
          ],
          [
            -73.9341879,
            40.8588895
          ],
          [
            -73.9340421,
            40.8588507
          ],
          [
            -73.9340154,
            40.858844
          ],
          [
            -73.9339879,
            40.8589004
          ],
          [
            -73.9339896,
            40.8590662
          ],
          [
            -73.933881,
            40.8592206
          ],
          [
            -73.9327029,
            40.8589031
          ],
          [
            -73.9326675,
            40.8588924
          ],
          [
            -73.9326484,
            40.8588869
          ],
          [
            -73.9325832,
            40.8588692
          ],
          [
            -73.9325358,
            40.8588564
          ],
          [
            -73.9325106,
            40.8588487
          ],
          [
            -73.9322268,
            40.859407
          ],
          [
            -73.9321876,
            40.8594556
          ],
          [
            -73.9321289,
            40.8594778
          ],
          [
            -73.9320734,
            40.859486
          ],
          [
            -73.9320179,
            40.8594762
          ],
          [
            -73.9314804,
            40.8593207
          ],
          [
            -73.9314707,
            40.8593476
          ],
          [
            -73.931462,
            40.8593709
          ],
          [
            -73.9314426,
            40.8594224
          ],
          [
            -73.9314371,
            40.8594432
          ],
          [
            -73.9314183,
            40.8594799
          ],
          [
            -73.9309345,
            40.8606448
          ],
          [
            -73.9309312,
            40.8606528
          ],
          [
            -73.9308732,
            40.8607521
          ],
          [
            -73.9308693,
            40.8607589
          ],
          [
            -73.9307581,
            40.8609542
          ],
          [
            -73.9305358,
            40.8613221
          ],
          [
            -73.9303764,
            40.861593
          ],
          [
            -73.9302856,
            40.8617399
          ],
          [
            -73.9301695,
            40.8620422
          ],
          [
            -73.9301141,
            40.8622388
          ],
          [
            -73.9300949,
            40.8622414
          ],
          [
            -73.9299851,
            40.8622554
          ],
          [
            -73.9298943,
            40.862267
          ],
          [
            -73.9298515,
            40.8622743
          ],
          [
            -73.9298356,
            40.8623788
          ],
          [
            -73.9298324,
            40.8623992
          ],
          [
            -73.9298048,
            40.8624191
          ],
          [
            -73.9297761,
            40.8624418
          ],
          [
            -73.9297507,
            40.8624605
          ],
          [
            -73.9297966,
            40.8625066
          ],
          [
            -73.9298396,
            40.8627084
          ],
          [
            -73.9298668,
            40.8628761
          ],
          [
            -73.9298751,
            40.8629806
          ],
          [
            -73.9298887,
            40.8631523
          ],
          [
            -73.9298995,
            40.863334
          ],
          [
            -73.9298941,
            40.8633579
          ],
          [
            -73.9298727,
            40.8634053
          ],
          [
            -73.9298469,
            40.8634625
          ],
          [
            -73.9298366,
            40.863487
          ],
          [
            -73.9297413,
            40.8636925
          ],
          [
            -73.9295992,
            40.8638737
          ],
          [
            -73.9293105,
            40.8641676
          ],
          [
            -73.9290762,
            40.8643694
          ],
          [
            -73.9288996,
            40.8645236
          ],
          [
            -73.9288778,
            40.8645384
          ],
          [
            -73.9288355,
            40.8645612
          ],
          [
            -73.9287735,
            40.8645947
          ],
          [
            -73.9287514,
            40.8646074
          ],
          [
            -73.9285938,
            40.8646874
          ],
          [
            -73.9281213,
            40.8649438
          ],
          [
            -73.9280957,
            40.864959
          ],
          [
            -73.9280451,
            40.8649853
          ],
          [
            -73.927998,
            40.8650098
          ],
          [
            -73.9279767,
            40.8650213
          ],
          [
            -73.9274358,
            40.8653135
          ],
          [
            -73.9274131,
            40.8653501
          ],
          [
            -73.927372,
            40.865372
          ],
          [
            -73.9273107,
            40.8654003
          ],
          [
            -73.927211,
            40.8654368
          ],
          [
            -73.9271302,
            40.8654663
          ],
          [
            -73.9270992,
            40.8654827
          ],
          [
            -73.9270161,
            40.8655187
          ],
          [
            -73.926713,
            40.8656282
          ],
          [
            -73.9262633,
            40.8657816
          ],
          [
            -73.9258986,
            40.865906
          ],
          [
            -73.9257333,
            40.8659657
          ],
          [
            -73.925059,
            40.866201
          ],
          [
            -73.9250123,
            40.8662173
          ],
          [
            -73.9249455,
            40.8662426
          ],
          [
            -73.924886,
            40.8662651
          ],
          [
            -73.9248479,
            40.8662778
          ],
          [
            -73.9231507,
            40.8668866
          ],
          [
            -73.9231221,
            40.866896
          ],
          [
            -73.92305,
            40.8669225
          ],
          [
            -73.9229783,
            40.8669489
          ],
          [
            -73.9229478,
            40.8669575
          ],
          [
            -73.9212605,
            40.8675634
          ],
          [
            -73.9212388,
            40.8675753
          ],
          [
            -73.9211514,
            40.8676035
          ],
          [
            -73.9212171,
            40.867707
          ]
        ]
      }
    }
  ]
}
