{
  "type": "FeatureCollection",
  "features": [
    {
      "type": "Feature",
      "properties": {
        "scenario": "Inwood Hill Park | 8.0mi | mix | hilly | amenity",
        "shape": "mix",
        "target_miles": 8.0,
        "distance_m": 12889.443195736952,
        "candidate_index": 0
      },
      "geometry": {
        "type": "LineString",
        "coordinates": [
          [
            -73.9212171,
            40.867707
          ],
          [
            -73.9211514,
            40.8676035
          ],
          [
            -73.9209918,
            40.867349
          ],
          [
            -73.9208274,
            40.8670932
          ],
          [
            -73.9206665,
            40.8668436
          ],
          [
            -73.920612,
            40.866759
          ],
          [
            -73.9205663,
            40.8666878
          ],
          [
            -73.9204924,
            40.8665723
          ],
          [
            -73.9204108,
            40.8664448
          ],
          [
            -73.9202099,
            40.8661311
          ],
          [
            -73.920064,
            40.8659033
          ],
          [
            -73.919996,
            40.865797
          ],
          [
            -73.9199365,
            40.8657043
          ],
          [
            -73.9197976,
            40.8654878
          ],
          [
            -73.9194168,
            40.8648944
          ],
          [
            -73.9197976,
            40.8654878
          ],
          [
            -73.9199365,
            40.8657043
          ],
          [
            -73.919996,
            40.865797
          ],
          [
            -73.920064,
            40.8659033
          ],
          [
            -73.9202099,
            40.8661311
          ],
          [
            -73.9204108,
            40.8664448
          ],
          [
            -73.9204924,
            40.8665723
          ],
          [
            -73.9205663,
            40.8666878
          ],
          [
            -73.920612,
            40.866759
          ],
          [
            -73.9206665,
            40.8668436
          ],
          [
            -73.9208274,
            40.8670932
          ],
          [
            -73.9209918,
            40.867349
          ],
          [
            -73.9211514,
            40.8676035
          ],
          [
            -73.9212171,
            40.867707
          ],
          [
            -73.9211514,
            40.8676035
          ],
          [
            -73.9209918,
            40.867349
          ],
          [
            -73.9208274,
            40.8670932
          ],
          [
            -73.9206665,
            40.8668436
          ],
          [
            -73.920612,
            40.866759
          ],
          [
            -73.9205663,
            40.8666878
          ],
          [
            -73.9204924,
            40.8665723
          ],
          [
            -73.9204108,
            40.8664448
          ],
          [
            -73.9202099,
            40.8661311
          ],
          [
            -73.920064,
            40.8659033
          ],
          [
            -73.919996,
            40.865797
          ],
          [
            -73.9199365,
            40.8657043
          ],
          [
            -73.9197976,
            40.8654878
          ],
          [
            -73.9194168,
            40.8648944
          ],
          [
            -73.919362,
            40.864809
          ],
          [
            -73.9193195,
            40.864744
          ],
          [
            -73.9192802,
            40.8646838
          ],
          [
            -73.9192173,
            40.8646211
          ],
          [
            -73.9192034,
            40.8646072
          ],
          [
            -73.9191015,
            40.8645495
          ],
          [
            -73.919069,
            40.8645354
          ],
          [
            -73.9191602,
            40.864406
          ],
          [
            -73.9191767,
            40.86438
          ],
          [
            -73.9194063,
            40.8640193
          ],
          [
            -73.9194966,
            40.8639107
          ],
          [
            -73.9195823,
            40.8638078
          ],
          [
            -73.9196959,
            40.8636712
          ],
          [
            -73.9202647,
            40.8633911
          ],
          [
            -73.9205847,
            40.8632833
          ],
          [
            -73.9205728,
            40.8632637
          ],
          [
            -73.9205064,
            40.8631631
          ],
          [
            -73.9204518,
            40.8630592
          ],
          [
            -73.9204396,
            40.8630391
          ],
          [
            -73.9202962,
            40.862837
          ],
          [
            -73.920313,
            40.8628147
          ],
          [
            -73.9203706,
            40.8627314
          ],
          [
            -73.9204135,
            40.8626694
          ],
          [
            -73.9204342,
            40.8626406
          ],
          [
            -73.9209862,
            40.8618786
          ],
          [
            -73.9213368,
            40.8614032
          ],
          [
            -73.921403,
            40.861313
          ],
          [
            -73.9214073,
            40.8613072
          ],
          [
            -73.922634,
            40.8596424
          ],
          [
            -73.9226798,
            40.8595802
          ],
          [
            -73.9227419,
            40.8594959
          ],
          [
            -73.9229672,
            40.85919
          ],
          [
            -73.9229855,
            40.8591678
          ],
          [
            -73.9230132,
            40.8591312
          ],
          [
            -73.9230484,
            40.8590719
          ],
          [
            -73.9230936,
            40.8589956
          ],
          [
            -73.9231352,
            40.8589242
          ],
          [
            -73.9231669,
            40.858871
          ],
          [
            -73.9231154,
            40.8587879
          ],
          [
            -73.9230842,
            40.8587273
          ],
          [
            -73.9230782,
            40.8584783
          ],
          [
            -73.9230554,
            40.8580066
          ],
          [
            -73.9230336,
            40.8576638
          ],
          [
            -73.923004,
            40.8571647
          ],
          [
            -73.9229786,
            40.8565168
          ],
          [
            -73.9230376,
            40.8560561
          ],
          [
            -73.9231435,
            40.8556858
          ],
          [
            -73.9232521,
            40.8553896
          ],
          [
            -73.9233916,
            40.8551137
          ],
          [
            -73.9235063,
            40.8549317
          ],
          [
            -73.9236464,
            40.8547065
          ],
          [
            -73.9237973,
            40.8545152
          ],
          [
            -73.9241346,
            40.8540841
          ],
          [
            -73.9245007,
            40.853582
          ],
          [
            -73.9249058,
            40.8530267
          ],
          [
            -73.9259545,
            40.8515005
          ],
          [
            -73.9264132,
            40.850767
          ],
          [
            -73.9270247,
            40.8498712
          ],
          [
            -73.9284168,
            40.848016
          ],
          [
            -73.9286448,
            40.847678
          ],
          [
            -73.9287976,
            40.8473453
          ],
          [
            -73.9290337,
            40.8474548
          ],
          [
            -73.929241,
            40.8472764
          ],
          [
            -73.9292571,
            40.8472135
          ],
          [
            -73.9292919,
            40.8471567
          ],
          [
            -73.9293739,
            40.8470815
          ],
          [
            -73.9293888,
            40.8470678
          ],
          [
            -73.9294302,
            40.8470209
          ],
          [
            -73.9295228,
            40.8470202
          ],
          [
            -73.9295864,
            40.8470178
          ],
          [
            -73.9295843,
            40.8468259
          ],
          [
            -73.9296218,
            40.8466697
          ],
          [
            -73.9296889,
            40.8465277
          ],
          [
            -73.9299043,
            40.8463082
          ],
          [
            -73.9298733,
            40.8462275
          ],
          [
            -73.9298833,
            40.8461625
          ],
          [
            -73.9299494,
            40.8461257
          ],
          [
            -73.9299856,
            40.8461144
          ],
          [
            -73.9300278,
            40.8461045
          ],
          [
            -73.9301893,
            40.8457576
          ],
          [
            -73.9302058,
            40.8457366
          ],
          [
            -73.9302233,
            40.8457149
          ],
          [
            -73.9302428,
            40.8456961
          ],
          [
            -73.9302625,
            40.8456752
          ],
          [
            -73.9302829,
            40.845652
          ],
          [
            -73.9303051,
            40.8456242
          ],
          [
            -73.9303247,
            40.8455967
          ],
          [
            -73.9303444,
            40.8455689
          ],
          [
            -73.9303668,
            40.8455332
          ],
          [
            -73.9304128,
            40.8454451
          ],
          [
            -73.9304275,
            40.8454169
          ],
          [
            -73.9304413,
            40.8453947
          ],
          [
            -73.9304582,
            40.845372
          ],
          [
            -73.9304742,
            40.8453546
          ],
          [
            -73.9304933,
            40.8453384
          ],
          [
            -73.9305179,
            40.8453263
          ],
          [
            -73.9305493,
            40.8453148
          ],
          [
            -73.9305641,
            40.8453067
          ],
          [
            -73.9305795,
            40.8452959
          ],
          [
            -73.9305897,
            40.8452835
          ],
          [
            -73.9305943,
            40.8452712
          ],
          [
            -73.9305972,
            40.8452546
          ],
          [
            -73.9306004,
            40.8452165
          ],
          [
            -73.9306082,
            40.8451874
          ],
          [
            -73.9306204,
            40.8451553
          ],
          [
            -73.9306398,
            40.8451153
          ],
          [
            -73.9306632,
            40.8450747
          ],
          [
            -73.930688,
            40.8450366
          ],
          [
            -73.9307158,
            40.8449976
          ],
          [
            -73.9307421,
            40.8449621
          ],
          [
            -73.930773,
            40.8449216
          ],
          [
            -73.9309278,
            40.8447297
          ],
          [
            -73.9308916,
            40.8445383
          ],
          [
            -73.9308868,
            40.844497
          ],
          [
            -73.9308839,
            40.8444561
          ],
          [
            -73.9308867,
            40.8443202
          ],
          [
            -73.9309445,
            40.8441914
          ],
          [
            -73.9312729,
            40.8437792
          ],
          [
            -73.9313393,
            40.8436628
          ],
          [
            -73.9313858,
            40.8434874
          ],
          [
            -73.9313927,
            40.8433215
          ],
          [
            -73.9313643,
            40.8432181
          ],
          [
            -73.9312979,
            40.8431243
          ],
          [
            -73.9311171,
            40.8430161
          ],
          [
            -73.9310537,
            40.8430082
          ],
          [
            -73.9310965,
            40.842765
          ],
          [
            -73.9312763,
            40.8423559
          ],
          [
            -73.931435,
            40.8421273
          ],
          [
            -73.9318203,
            40.8417422
          ],
          [
            -73.9320235,
            40.8415161
          ],
          [
            -73.9324694,
            40.8407936
          ],
          [
            -73.9327775,
            40.8402493
          ],
          [
            -73.9330612,
            40.8396902
          ],
          [
            -73.9333007,
            40.8392542
          ],
          [
            -73.9334595,
            40.8389688
          ],
          [
            -73.933593,
            40.8387391
          ],
          [
            -73.9339055,
            40.8380997
          ],
          [
            -73.9344425,
            40.8372588
          ],
          [
            -73.9348932,
            40.836621
          ],
          [
            -73.935533,
            40.8357112
          ],
          [
            -73.9358788,
            40.8353145
          ],
          [
            -73.9360783,
            40.8351118
          ],
          [
            -73.9362872,
            40.8349142
          ],
          [
            -73.9367107,
            40.8345751
          ],
          [
            -73.936927,
            40.8344092
          ],
          [
            -73.9376858,
            40.8338227
          ],
          [
            -73.9382672,
            40.8333669
          ],
          [
            -73.9386222,
            40.8330453
          ],
          [
            -73.9389117,
            40.8327044
          ],
          [
            -73.9391172,
            40.8324075
          ],
          [
            -73.9391048,
            40.8324028
          ],
          [
            -73.9389982,
            40.8323628
          ],
          [
            -73.938898,
            40.8323249
          ],
          [
            -73.9388761,
            40.8323169
          ],
          [
            -73.9388614,
            40.8323134
          ],
          [
            -73.9389036,
            40.8322455
          ],
          [
            -73.9389459,
            40.8321699
          ],
          [
            -73.9389856,
            40.8320969
          ],
          [
            -73.9390245,
            40.8320184
          ],
          [
            -73.9390559,
            40.8319488
          ],
          [
            -73.9391518,
            40.8317044
          ],
          [
            -73.9391755,
            40.8316454
          ],
          [
            -73.9391993,
            40.8315927
          ],
          [
            -73.9392288,
            40.8315404
          ],
          [
            -73.9392609,
            40.8314881
          ],
          [
            -73.9392905,
            40.8314431
          ],
          [
            -73.9393298,
            40.8313914
          ],
          [
            -73.9393707,
            40.8313443
          ],
          [
            -73.9396603,
            40.8310464
          ],
          [
            -73.9397034,
            40.8309999
          ],
          [
            -73.9397435,
            40.8309504
          ],
          [
            -73.939775,
            40.8309026
          ],
          [
            -73.9398037,
            40.830853
          ],
          [
            -73.9398267,
            40.8308058
          ],
          [
            -73.9398418,
            40.8307603
          ],
          [
            -73.9399293,
            40.8304447
          ],
          [
            -73.9399566,
            40.8304049
          ],
          [
            -73.939974,
            40.8303809
          ],
          [
            -73.9400054,
            40.8303169
          ],
          [
            -73.940033,
            40.8302473
          ],
          [
            -73.940041,
            40.8302468
          ],
          [
            -73.9400505,
            40.8302432
          ],
          [
            -73.9400591,
            40.8302338
          ],
          [
            -73.9400602,
            40.8302221
          ],
          [
            -73.9400555,
            40.8302079
          ],
          [
            -73.9398568,
            40.8300452
          ],
          [
            -73.939833,
            40.8300411
          ],
          [
            -73.9397972,
            40.8300267
          ],
          [
            -73.9397412,
            40.8300042
          ],
          [
            -73.9397369,
            40.8299722
          ],
          [
            -73.9397192,
            40.8299411
          ],
          [
            -73.9396401,
            40.8298022
          ],
          [
            -73.9395856,
            40.8297065
          ],
          [
            -73.9395706,
            40.829527
          ],
          [
            -73.9396216,
            40.8293549
          ],
          [
            -73.9414196,
            40.8268553
          ],
          [
            -73.9415008,
            40.8267436
          ],
          [
            -73.941872,
            40.8262393
          ],
          [
            -73.9418034,
            40.8262158
          ],
          [
            -73.9418529,
            40.8261356
          ],
          [
            -73.9418037,
            40.8261143
          ],
          [
            -73.9418558,
            40.8260424
          ],
          [
            -73.9419322,
            40.8258802
          ],
          [
            -73.9419738,
            40.8257312
          ],
          [
            -73.9419883,
            40.8256032
          ],
          [
            -73.9419971,
            40.8254421
          ],
          [
            -73.9419776,
            40.8254029
          ],
          [
            -73.9419238,
            40.8253804
          ],
          [
            -73.9418292,
            40.8253406
          ],
          [
            -73.9417309,
            40.8252993
          ],
          [
            -73.9416664,
            40.8252723
          ],
          [
            -73.9415787,
            40.8252189
          ],
          [
            -73.9416282,
            40.825153
          ],
          [
            -73.9415405,
            40.8251174
          ],
          [
            -73.941467,
            40.8250876
          ],
          [
            -73.9418302,
            40.8245689
          ],
          [
            -73.9418727,
            40.8245122
          ],
          [
            -73.9419122,
            40.8244595
          ],
          [
            -73.941145,
            40.8241295
          ],
          [
            -73.9415118,
            40.8236227
          ],
          [
            -73.9413843,
            40.8235666
          ],
          [
            -73.9412586,
            40.8235112
          ],
          [
            -73.9413006,
            40.8234543
          ],
          [
            -73.941344,
            40.8233955
          ],
          [
            -73.9417109,
            40.822889
          ],
          [
            -73.941787,
            40.8227847
          ],
          [
            -73.9418568,
            40.8226893
          ],
          [
            -73.9405853,
            40.8221513
          ],
          [
            -73.9405086,
            40.8221188
          ],
          [
            -73.9404238,
            40.822083
          ],
          [
            -73.9403532,
            40.8221811
          ],
          [
            -73.9404238,
            40.822083
          ],
          [
            -73.9403331,
            40.8220445
          ],
          [
            -73.9393391,
            40.821624
          ],
          [
            -73.9392668,
            40.8217238
          ],
          [
            -73.9391966,
            40.8218209
          ],
          [
            -73.9417109,
            40.822889
          ],
          [
            -73.9418438,
            40.8229446
          ],
          [
            -73.9419787,
            40.8230011
          ],
          [
            -73.9427497,
            40.8233181
          ],
          [
            -73.9428399,
            40.8233543
          ],
          [
            -73.9429336,
            40.8233919
          ],
          [
            -73.9436983,
            40.8237242
          ],
          [
            -73.9437806,
            40.8237576
          ],
          [
            -73.9438567,
            40.8237901
          ],
          [
            -73.944558,
            40.8240899
          ],
          [
            -73.9441737,
            40.8246154
          ],
          [
            -73.944112,
            40.8247002
          ],
          [
            -73.9437528,
            40.8251937
          ],
          [
            -73.9438628,
            40.8252632
          ],
          [
            -73.943813,
            40.825332
          ],
          [
            -73.943774,
            40.8253854
          ],
          [
            -73.9436124,
            40.8256064
          ],
          [
            -73.943551,
            40.8256906
          ],
          [
            -73.9435475,
            40.8256953
          ],
          [
            -73.9433964,
            40.8259021
          ],
          [
            -73.943357,
            40.825956
          ],
          [
            -73.9433352,
            40.8260229
          ],
          [
            -73.9431638,
            40.8264027
          ],
          [
            -73.9430834,
            40.8265901
          ],
          [
            -73.9430556,
            40.8266537
          ],
          [
            -73.9430315,
            40.8267144
          ],
          [
            -73.9428043,
            40.8272872
          ],
          [
            -73.9427817,
            40.8273441
          ],
          [
            -73.942756,
            40.8274129
          ],
          [
            -73.9427414,
            40.8274463
          ],
          [
            -73.9425935,
            40.8278211
          ],
          [
            -73.9425429,
            40.8279494
          ],
          [
            -73.9425315,
            40.8279768
          ],
          [
            -73.9425031,
            40.8280452
          ],
          [
            -73.9424773,
            40.8281091
          ],
          [
            -73.9422606,
            40.8286455
          ],
          [
            -73.942224,
            40.828736
          ],
          [
            -73.9421961,
            40.828805
          ],
          [
            -73.9421149,
            40.8290059
          ],
          [
            -73.9420399,
            40.829193
          ],
          [
            -73.9420124,
            40.8292591
          ],
          [
            -73.9419663,
            40.8293829
          ],
          [
            -73.9419432,
            40.8294451
          ],
          [
            -73.9419307,
            40.8294775
          ],
          [
            -73.9419219,
            40.8295002
          ],
          [
            -73.9418535,
            40.8296773
          ],
          [
            -73.9416948,
            40.8300879
          ],
          [
            -73.941667,
            40.83016
          ],
          [
            -73.9416494,
            40.8302031
          ],
          [
            -73.9415,
            40.8305684
          ],
          [
            -73.9414116,
            40.8307845
          ],
          [
            -73.941368,
            40.830891
          ],
          [
            -73.9413327,
            40.8309961
          ],
          [
            -73.9412136,
            40.8313508
          ],
          [
            -73.9411272,
            40.8316081
          ],
          [
            -73.9411243,
            40.831617
          ],
          [
            -73.9410779,
            40.8317605
          ],
          [
            -73.9410137,
            40.8319588
          ],
          [
            -73.9409759,
            40.8320757
          ],
          [
            -73.9408993,
            40.8323137
          ],
          [
            -73.9408792,
            40.8323747
          ],
          [
            -73.9408558,
            40.8324537
          ],
          [
            -73.9406709,
            40.8330409
          ],
          [
            -73.940653,
            40.833098
          ],
          [
            -73.9406224,
            40.8331698
          ],
          [
            -73.9403844,
            40.8337286
          ],
          [
            -73.94036,
            40.833786
          ],
          [
            -73.9403266,
            40.8338615
          ],
          [
            -73.9400741,
            40.8344332
          ],
          [
            -73.940048,
            40.8344923
          ],
          [
            -73.9400164,
            40.8345637
          ],
          [
            -73.93986,
            40.834918
          ],
          [
            -73.9397872,
            40.8350754
          ],
          [
            -73.9397416,
            40.8351698
          ],
          [
            -73.9397352,
            40.8352622
          ],
          [
            -73.9397338,
            40.8352806
          ],
          [
            -73.9397882,
            40.835558
          ],
          [
            -73.9397861,
            40.8355796
          ],
          [
            -73.9397775,
            40.8356016
          ],
          [
            -73.9397539,
            40.8356196
          ],
          [
            -73.9397277,
            40.8356298
          ],
          [
            -73.9397413,
            40.835676
          ],
          [
            -73.9398011,
            40.8357012
          ],
          [
            -73.9397818,
            40.8357278
          ],
          [
            -73.9397604,
            40.8357605
          ],
          [
            -73.9397975,
            40.8357792
          ],
          [
            -73.9398835,
            40.8358221
          ],
          [
            -73.9399834,
            40.8358785
          ],
          [
            -73.9399863,
            40.8358917
          ],
          [
            -73.9400362,
            40.8361153
          ],
          [
            -73.9400641,
            40.8362906
          ],
          [
            -73.9401287,
            40.8368944
          ],
          [
            -73.9401365,
            40.8369673
          ],
          [
            -73.9401239,
            40.837035
          ],
          [
            -73.9400085,
            40.8376528
          ],
          [
            -73.939994,
            40.837714
          ],
          [
            -73.9399789,
            40.8377935
          ],
          [
            -73.9399302,
            40.8380495
          ],
          [
            -73.9399035,
            40.8381898
          ],
          [
            -73.93986,
            40.8384189
          ],
          [
            -73.9398575,
            40.8384352
          ],
          [
            -73.9398455,
            40.8385135
          ],
          [
            -73.9398419,
            40.8386617
          ],
          [
            -73.9397005,
            40.8387098
          ],
          [
            -73.9397076,
            40.8387544
          ],
          [
            -73.9397073,
            40.8388155
          ],
          [
            -73.9397645,
            40.839437
          ],
          [
            -73.9397587,
            40.8394571
          ],
          [
            -73.9397466,
            40.8395113
          ],
          [
            -73.9397323,
            40.8395757
          ],
          [
            -73.9397266,
            40.839601
          ],
          [
            -73.9395756,
            40.8401629
          ],
          [
            -73.9395718,
            40.8401774
          ],
          [
            -73.9395623,
            40.8402109
          ],
          [
            -73.9395477,
            40.8402651
          ],
          [
            -73.9395406,
            40.8402914
          ],
          [
            -73.9393982,
            40.840827
          ],
          [
            -73.9393906,
            40.8408561
          ],
          [
            -73.9393717,
            40.840913
          ],
          [
            -73.939355,
            40.8409758
          ],
          [
            -73.9393496,
            40.8409947
          ],
          [
            -73.9391933,
            40.8415518
          ],
          [
            -73.9391874,
            40.8415731
          ],
          [
            -73.9391772,
            40.8416189
          ],
          [
            -73.9391667,
            40.8416653
          ],
          [
            -73.93916,
            40.8416878
          ],
          [
            -73.9391735,
            40.8416934
          ],
          [
            -73.9391901,
            40.8417007
          ],
          [
            -73.9392178,
            40.8417128
          ],
          [
            -73.9391645,
            40.8418125
          ],
          [
            -73.9391604,
            40.8418721
          ],
          [
            -73.9391578,
            40.8419095
          ],
          [
            -73.9391196,
            40.8419836
          ],
          [
            -73.9391257,
            40.8422791
          ],
          [
            -73.9391227,
            40.8423197
          ],
          [
            -73.9391218,
            40.8423308
          ],
          [
            -73.9391196,
            40.8423586
          ],
          [
            -73.9391174,
            40.8423864
          ],
          [
            -73.9391162,
            40.8424119
          ],
          [
            -73.939115,
            40.8424374
          ],
          [
            -73.9391131,
            40.8424609
          ],
          [
            -73.9390531,
            40.8430966
          ],
          [
            -73.9390518,
            40.8431159
          ],
          [
            -73.9390481,
            40.8431682
          ],
          [
            -73.9390441,
            40.8432249
          ],
          [
            -73.9390424,
            40.8432498
          ],
          [
            -73.9389715,
            40.8435584
          ],
          [
            -73.938911,
            40.843822
          ],
          [
            -73.9389049,
            40.8438455
          ],
          [
            -73.9388941,
            40.8438867
          ],
          [
            -73.9388819,
            40.8439336
          ],
          [
            -73.9388761,
            40.8439559
          ],
          [
            -73.9387608,
            40.8445708
          ],
          [
            -73.9387559,
            40.8445997
          ],
          [
            -73.9387468,
            40.844654
          ],
          [
            -73.9387362,
            40.8447168
          ],
          [
            -73.9387326,
            40.8447382
          ],
          [
            -73.9386304,
            40.8451197
          ],
          [
            -73.9385961,
            40.8452478
          ],
          [
            -73.9385676,
            40.845354
          ],
          [
            -73.9385609,
            40.8453762
          ],
          [
            -73.9385504,
            40.8454111
          ],
          [
            -73.9385344,
            40.8454642
          ],
          [
            -73.9385241,
            40.8454985
          ],
          [
            -73.9383295,
            40.8461304
          ],
          [
            -73.9383141,
            40.8461804
          ],
          [
            -73.9382888,
            40.8462626
          ],
          [
            -73.9380976,
            40.8468838
          ],
          [
            -73.9380919,
            40.8469016
          ],
          [
            -73.9380775,
            40.8469528
          ],
          [
            -73.9380655,
            40.8469954
          ],
          [
            -73.9380567,
            40.8470188
          ],
          [
            -73.937872,
            40.8475953
          ],
          [
            -73.9378618,
            40.8476274
          ],
          [
            -73.9378498,
            40.8476592
          ],
          [
            -73.937833,
            40.847712
          ],
          [
            -73.9378246,
            40.8477313
          ],
          [
            -73.9375879,
            40.8482767
          ],
          [
            -73.9375656,
            40.8482974
          ],
          [
            -73.9375238,
            40.8483423
          ],
          [
            -73.9374685,
            40.8483903
          ],
          [
            -73.9374588,
            40.8484051
          ],
          [
            -73.9369426,
            40.848875
          ],
          [
            -73.9369286,
            40.8488883
          ],
          [
            -73.9368957,
            40.8489192
          ],
          [
            -73.9368497,
            40.8489627
          ],
          [
            -73.9368338,
            40.8489771
          ],
          [
            -73.9363235,
            40.8494356
          ],
          [
            -73.9363025,
            40.8494542
          ],
          [
            -73.9362658,
            40.8494845
          ],
          [
            -73.936229,
            40.8495148
          ],
          [
            -73.9362042,
            40.8495372
          ],
          [
            -73.935932,
            40.8497836
          ],
          [
            -73.9356603,
            40.8500336
          ],
          [
            -73.9356376,
            40.8500544
          ],
          [
            -73.9356068,
            40.8501265
          ],
          [
            -73.9355835,
            40.8501827
          ],
          [
            -73.9355721,
            40.8502051
          ],
          [
            -73.9353336,
            40.8506761
          ],
          [
            -73.9353199,
            40.8507028
          ],
          [
            -73.9353082,
            40.8507263
          ],
          [
            -73.9352785,
            40.8507802
          ],
          [
            -73.9352739,
            40.850794
          ],
          [
            -73.9350045,
            40.8513167
          ],
          [
            -73.9349915,
            40.8513421
          ],
          [
            -73.9349705,
            40.8513868
          ],
          [
            -73.9349311,
            40.8514593
          ],
          [
            -73.9349221,
            40.8514774
          ],
          [
            -73.9346769,
            40.851968
          ],
          [
            -73.9346653,
            40.8519911
          ],
          [
            -73.9346542,
            40.8520093
          ],
          [
            -73.9346178,
            40.8520697
          ],
          [
            -73.9346082,
            40.8520887
          ],
          [
            -73.9343533,
            40.8525918
          ],
          [
            -73.9343401,
            40.8526178
          ],
          [
            -73.9343129,
            40.8526788
          ],
          [
            -73.9342824,
            40.8527299
          ],
          [
            -73.9342705,
            40.8527543
          ],
          [
            -73.9340966,
            40.8531106
          ],
          [
            -73.9340432,
            40.8532174
          ],
          [
            -73.9339532,
            40.8533973
          ],
          [
            -73.9336039,
            40.8540632
          ],
          [
            -73.9335901,
            40.8540894
          ],
          [
            -73.9335694,
            40.8541399
          ],
          [
            -73.9335425,
            40.8542054
          ],
          [
            -73.933535,
            40.8542282
          ],
          [
            -73.9331975,
            40.8552585
          ],
          [
            -73.9331577,
            40.8553802
          ],
          [
            -73.9330944,
            40.8555739
          ],
          [
            -73.9329582,
            40.8558338
          ],
          [
            -73.9326357,
            40.8564349
          ],
          [
            -73.9325431,
            40.8566138
          ],
          [
            -73.9325332,
            40.8566331
          ],
          [
            -73.9325079,
            40.8566829
          ],
          [
            -73.9324817,
            40.8567346
          ],
          [
            -73.9324746,
            40.856748
          ],
          [
            -73.9319511,
            40.857737
          ],
          [
            -73.9318851,
            40.8578668
          ],
          [
            -73.9317223,
            40.8581768
          ],
          [
            -73.9317106,
            40.8581989
          ],
          [
            -73.9316921,
            40.8582329
          ],
          [
            -73.9316699,
            40.8582739
          ],
          [
            -73.9316614,
            40.8582896
          ],
          [
            -73.9312485,
            40.8590849
          ],
          [
            -73.9312457,
            40.8590902
          ],
          [
            -73.931236,
            40.8591233
          ],
          [
            -73.9312315,
            40.8591582
          ],
          [
            -73.9312277,
            40.8591884
          ],
          [
            -73.9312161,
            40.8592396
          ],
          [
            -73.9312057,
            40.8592692
          ],
          [
            -73.9311946,
            40.8593214
          ],
          [
            -73.9311788,
            40.8593955
          ],
          [
            -73.9311741,
            40.8594122
          ],
          [
            -73.9311447,
            40.8594863
          ],
          [
            -73.9310771,
            40.8596027
          ],
          [
            -73.9310661,
            40.8596741
          ],
          [
            -73.9309759,
            40.8598873
          ],
          [
            -73.9308487,
            40.860185
          ],
          [
            -73.9307553,
            40.8604006
          ],
          [
            -73.9306637,
            40.8605568
          ],
          [
            -73.9306524,
            40.860576
          ],
          [
            -73.9306397,
            40.8606013
          ],
          [
            -73.930615,
            40.8606505
          ],
          [
            -73.9306046,
            40.8606676
          ],
          [
            -73.9301765,
            40.8613758
          ],
          [
            -73.92994,
            40.8618022
          ],
          [
            -73.9299069,
            40.8618983
          ],
          [
            -73.9298848,
            40.8619672
          ],
          [
            -73.9298733,
            40.8620246
          ],
          [
            -73.9298654,
            40.8620801
          ],
          [
            -73.9298629,
            40.8621119
          ],
          [
            -73.9298608,
            40.8621511
          ],
          [
            -73.929857,
            40.8622239
          ],
          [
            -73.9298558,
            40.8622464
          ],
          [
            -73.9298515,
            40.8622743
          ],
          [
            -73.9298356,
            40.8623788
          ],
          [
            -73.9298324,
            40.8623992
          ],
          [
            -73.9298048,
            40.8624191
          ],
          [
            -73.9297761,
            40.8624418
          ],
          [
            -73.9297507,
            40.8624605
          ],
          [
            -73.9297966,
            40.8625066
          ],
          [
            -73.9298396,
            40.8627084
          ],
          [
            -73.9298668,
            40.8628761
          ],
          [
            -73.9298751,
            40.8629806
          ],
          [
            -73.9298887,
            40.8631523
          ],
          [
            -73.9298995,
            40.863334
          ],
          [
            -73.9298941,
            40.8633579
          ],
          [
            -73.9298727,
            40.8634053
          ],
          [
            -73.9298469,
            40.8634625
          ],
          [
            -73.9298366,
            40.863487
          ],
          [
            -73.9297413,
            40.8636925
          ],
          [
            -73.9295992,
            40.8638737
          ],
          [
            -73.9293105,
            40.8641676
          ],
          [
            -73.9290762,
            40.8643694
          ],
          [
            -73.9288996,
            40.8645236
          ],
          [
            -73.9288778,
            40.8645384
          ],
          [
            -73.9288355,
            40.8645612
          ],
          [
            -73.9287735,
            40.8645947
          ],
          [
            -73.9287514,
            40.8646074
          ],
          [
            -73.9285938,
            40.8646874
          ],
          [
            -73.9281213,
            40.8649438
          ],
          [
            -73.9280957,
            40.864959
          ],
          [
            -73.9280451,
            40.8649853
          ],
          [
            -73.927998,
            40.8650098
          ],
          [
            -73.9279767,
            40.8650213
          ],
          [
            -73.9274358,
            40.8653135
          ],
          [
            -73.9274131,
            40.8653501
          ],
          [
            -73.927372,
            40.865372
          ],
          [
            -73.9273107,
            40.8654003
          ],
          [
            -73.927211,
            40.8654368
          ],
          [
            -73.9271302,
            40.8654663
          ],
          [
            -73.9270992,
            40.8654827
          ],
          [
            -73.9270161,
            40.8655187
          ],
          [
            -73.926713,
            40.8656282
          ],
          [
            -73.9262633,
            40.8657816
          ],
          [
            -73.9258986,
            40.865906
          ],
          [
            -73.9257333,
            40.8659657
          ],
          [
            -73.925059,
            40.866201
          ],
          [
            -73.925075,
            40.866231
          ],
          [
            -73.9251166,
            40.8662959
          ],
          [
            -73.925005,
            40.866336
          ],
          [
            -73.9249072,
            40.8663711
          ],
          [
            -73.9232126,
            40.8669792
          ],
          [
            -73.92311,
            40.867016
          ],
          [
            -73.9230078,
            40.8670533
          ],
          [
            -73.9213249,
            40.8676676
          ],
          [
            -73.9212171,
            40.867707
          ]
        ]
      }
    },
    {
      "type": "Feature",
      "properties": {
        "scenario": "Inwood Hill Park | 8.0mi | mix | hilly | amenity",
        "shape": "mix",
        "target_miles": 8.0,
        "distance_m": 12872.876352933074,
        "candidate_index": 1
      },
      "geometry": {
        "type": "LineString",
        "coordinates": [
          [
            -73.9212171,
            40.867707
          ],
          [
            -73.9213249,
            40.8676676
          ],
          [
            -73.9230078,
            40.8670533
          ],
          [
            -73.92311,
            40.867016
          ],
          [
            -73.9232126,
            40.8669792
          ],
          [
            -73.9249072,
            40.8663711
          ],
          [
            -73.925005,
            40.866336
          ],
          [
            -73.9251166,
            40.8662959
          ],
          [
            -73.925075,
            40.866231
          ],
          [
            -73.925059,
            40.866201
          ],
          [
            -73.9257333,
            40.8659657
          ],
          [
            -73.9258986,
            40.865906
          ],
          [
            -73.9262633,
            40.8657816
          ],
          [
            -73.926713,
            40.8656282
          ],
          [
            -73.9270161,
            40.8655187
          ],
          [
            -73.9270992,
            40.8654827
          ],
          [
            -73.9271302,
            40.8654663
          ],
          [
            -73.927211,
            40.8654368
          ],
          [
            -73.9273107,
            40.8654003
          ],
          [
            -73.927372,
            40.865372
          ],
          [
            -73.9274131,
            40.8653501
          ],
          [
            -73.9274358,
            40.8653135
          ],
          [
            -73.9279767,
            40.8650213
          ],
          [
            -73.927998,
            40.8650098
          ],
          [
            -73.9280451,
            40.8649853
          ],
          [
            -73.9280957,
            40.864959
          ],
          [
            -73.9281213,
            40.8649438
          ],
          [
            -73.9285938,
            40.8646874
          ],
          [
            -73.9287514,
            40.8646074
          ],
          [
            -73.9287735,
            40.8645947
          ],
          [
            -73.9288355,
            40.8645612
          ],
          [
            -73.9288778,
            40.8645384
          ],
          [
            -73.9288996,
            40.8645236
          ],
          [
            -73.9288778,
            40.8645384
          ],
          [
            -73.9288355,
            40.8645612
          ],
          [
            -73.9287735,
            40.8645947
          ],
          [
            -73.9287514,
            40.8646074
          ],
          [
            -73.9285938,
            40.8646874
          ],
          [
            -73.9281213,
            40.8649438
          ],
          [
            -73.9280957,
            40.864959
          ],
          [
            -73.9280451,
            40.8649853
          ],
          [
            -73.927998,
            40.8650098
          ],
          [
            -73.9279767,
            40.8650213
          ],
          [
            -73.9274358,
            40.8653135
          ],
          [
            -73.9274131,
            40.8653501
          ],
          [
            -73.927372,
            40.865372
          ],
          [
            -73.9273107,
            40.8654003
          ],
          [
            -73.927211,
            40.8654368
          ],
          [
            -73.9271302,
            40.8654663
          ],
          [
            -73.9270992,
            40.8654827
          ],
          [
            -73.9270161,
            40.8655187
          ],
          [
            -73.926713,
            40.8656282
          ],
          [
            -73.9262633,
            40.8657816
          ],
          [
            -73.9258986,
            40.865906
          ],
          [
            -73.9257333,
            40.8659657
          ],
          [
            -73.925059,
            40.866201
          ],
          [
            -73.925075,
            40.866231
          ],
          [
            -73.9251166,
            40.8662959
          ],
          [
            -73.925005,
            40.866336
          ],
          [
            -73.9249072,
            40.8663711
          ],
          [
            -73.9232126,
            40.8669792
          ],
          [
            -73.92311,
            40.867016
          ],
          [
            -73.9230078,
            40.8670533
          ],
          [
            -73.9213249,
            40.8676676
          ],
          [
            -73.9212171,
            40.867707
          ],
          [
            -73.9211514,
            40.8676035
          ],
          [
            -73.9209918,
            40.867349
          ],
          [
            -73.9208274,
            40.8670932
          ],
          [
            -73.9206665,
            40.8668436
          ],
          [
            -73.920612,
            40.866759
          ],
          [
            -73.9205663,
            40.8666878
          ],
          [
            -73.9204924,
            40.8665723
          ],
          [
            -73.9204108,
            40.8664448
          ],
          [
            -73.9202099,
            40.8661311
          ],
          [
            -73.920064,
            40.8659033
          ],
          [
            -73.919996,
            40.865797
          ],
          [
            -73.9199365,
            40.8657043
          ],
          [
            -73.9197976,
            40.8654878
          ],
          [
            -73.9194168,
            40.8648944
          ],
          [
            -73.919362,
            40.864809
          ],
          [
            -73.9193195,
            40.864744
          ],
          [
            -73.9192802,
            40.8646838
          ],
          [
            -73.9192173,
            40.8646211
          ],
          [
            -73.9192034,
            40.8646072
          ],
          [
            -73.9191015,
            40.8645495
          ],
          [
            -73.919069,
            40.8645354
          ],
          [
            -73.9191602,
            40.864406
          ],
          [
            -73.9191767,
            40.86438
          ],
          [
            -73.9194063,
            40.8640193
          ],
          [
            -73.9194966,
            40.8639107
          ],
          [
            -73.9195823,
            40.8638078
          ],
          [
            -73.9196959,
            40.8636712
          ],
          [
            -73.9202647,
            40.8633911
          ],
          [
            -73.9205847,
            40.8632833
          ],
          [
            -73.9205728,
            40.8632637
          ],
          [
            -73.9205064,
            40.8631631
          ],
          [
            -73.9204518,
            40.8630592
          ],
          [
            -73.9204396,
            40.8630391
          ],
          [
            -73.9202962,
            40.862837
          ],
          [
            -73.920313,
            40.8628147
          ],
          [
            -73.9203706,
            40.8627314
          ],
          [
            -73.9204135,
            40.8626694
          ],
          [
            -73.9204342,
            40.8626406
          ],
          [
            -73.9209862,
            40.8618786
          ],
          [
            -73.9213368,
            40.8614032
          ],
          [
            -73.921403,
            40.861313
          ],
          [
            -73.9214073,
            40.8613072
          ],
          [
            -73.922634,
            40.8596424
          ],
          [
            -73.9226798,
            40.8595802
          ],
          [
            -73.9227419,
            40.8594959
          ],
          [
            -73.9229672,
            40.85919
          ],
          [
            -73.9229855,
            40.8591678
          ],
          [
            -73.9230132,
            40.8591312
          ],
          [
            -73.9230484,
            40.8590719
          ],
          [
            -73.9230936,
            40.8589956
          ],
          [
            -73.9231352,
            40.8589242
          ],
          [
            -73.9231669,
            40.858871
          ],
          [
            -73.9231154,
            40.8587879
          ],
          [
            -73.9230842,
            40.8587273
          ],
          [
            -73.9230782,
            40.8584783
          ],
          [
            -73.9230554,
            40.8580066
          ],
          [
            -73.9230336,
            40.8576638
          ],
          [
            -73.923004,
            40.8571647
          ],
          [
            -73.9229786,
            40.8565168
          ],
          [
            -73.9230376,
            40.8560561
          ],
          [
            -73.9231435,
            40.8556858
          ],
          [
            -73.9232521,
            40.8553896
          ],
          [
            -73.9233916,
            40.8551137
          ],
          [
            -73.9235063,
            40.8549317
          ],
          [
            -73.9236464,
            40.8547065
          ],
          [
            -73.9237973,
            40.8545152
          ],
          [
            -73.9241346,
            40.8540841
          ],
          [
            -73.9245007,
            40.853582
          ],
          [
            -73.9249058,
            40.8530267
          ],
          [
            -73.9259545,
            40.8515005
          ],
          [
            -73.9264132,
            40.850767
          ],
          [
            -73.9270247,
            40.8498712
          ],
          [
            -73.9284168,
            40.848016
          ],
          [
            -73.9286448,
            40.847678
          ],
          [
            -73.9287976,
            40.8473453
          ],
          [
            -73.9290337,
            40.8474548
          ],
          [
            -73.929241,
            40.8472764
          ],
          [
            -73.9292571,
            40.8472135
          ],
          [
            -73.9292919,
            40.8471567
          ],
          [
            -73.9293739,
            40.8470815
          ],
          [
            -73.9293888,
            40.8470678
          ],
          [
            -73.9294302,
            40.8470209
          ],
          [
            -73.9295228,
            40.8470202
          ],
          [
            -73.9295864,
            40.8470178
          ],
          [
            -73.9295843,
            40.8468259
          ],
          [
            -73.9296218,
            40.8466697
          ],
          [
            -73.9296889,
            40.8465277
          ],
          [
            -73.9299043,
            40.8463082
          ],
          [
            -73.9298733,
            40.8462275
          ],
          [
            -73.9298833,
            40.8461625
          ],
          [
            -73.9299494,
            40.8461257
          ],
          [
            -73.9299856,
            40.8461144
          ],
          [
            -73.9300278,
            40.8461045
          ],
          [
            -73.9301893,
            40.8457576
          ],
          [
            -73.9302058,
            40.8457366
          ],
          [
            -73.9302233,
            40.8457149
          ],
          [
            -73.9302428,
            40.8456961
          ],
          [
            -73.9302625,
            40.8456752
          ],
          [
            -73.9302829,
            40.845652
          ],
          [
            -73.9303051,
            40.8456242
          ],
          [
            -73.9303247,
            40.8455967
          ],
          [
            -73.9303444,
            40.8455689
          ],
          [
            -73.9303668,
            40.8455332
          ],
          [
            -73.9304128,
            40.8454451
          ],
          [
            -73.9304275,
            40.8454169
          ],
          [
            -73.9304413,
            40.8453947
          ],
          [
            -73.9304582,
            40.845372
          ],
          [
            -73.9304742,
            40.8453546
          ],
          [
            -73.9304933,
            40.8453384
          ],
          [
            -73.9305179,
            40.8453263
          ],
          [
            -73.9305493,
            40.8453148
          ],
          [
            -73.9305641,
            40.8453067
          ],
          [
            -73.9305795,
            40.8452959
          ],
          [
            -73.9305897,
            40.8452835
          ],
          [
            -73.9305943,
            40.8452712
          ],
          [
            -73.9305972,
            40.8452546
          ],
          [
            -73.9306004,
            40.8452165
          ],
          [
            -73.9306082,
            40.8451874
          ],
          [
            -73.9306204,
            40.8451553
          ],
          [
            -73.9306398,
            40.8451153
          ],
          [
            -73.9306632,
            40.8450747
          ],
          [
            -73.930688,
            40.8450366
          ],
          [
            -73.9307158,
            40.8449976
          ],
          [
            -73.9307421,
            40.8449621
          ],
          [
            -73.930773,
            40.8449216
          ],
          [
            -73.9309278,
            40.8447297
          ],
          [
            -73.9308916,
            40.8445383
          ],
          [
            -73.9308868,
            40.844497
          ],
          [
            -73.9308839,
            40.8444561
          ],
          [
            -73.9308867,
            40.8443202
          ],
          [
            -73.9309445,
            40.8441914
          ],
          [
            -73.9312729,
            40.8437792
          ],
          [
            -73.9313393,
            40.8436628
          ],
          [
            -73.9313858,
            40.8434874
          ],
          [
            -73.9313927,
            40.8433215
          ],
          [
            -73.9313643,
            40.8432181
          ],
          [
            -73.9312979,
            40.8431243
          ],
          [
            -73.9311171,
            40.8430161
          ],
          [
            -73.9310537,
            40.8430082
          ],
          [
            -73.9310965,
            40.842765
          ],
          [
            -73.9312763,
            40.8423559
          ],
          [
            -73.931435,
            40.8421273
          ],
          [
            -73.9318203,
            40.8417422
          ],
          [
            -73.9320235,
            40.8415161
          ],
          [
            -73.9324694,
            40.8407936
          ],
          [
            -73.9327775,
            40.8402493
          ],
          [
            -73.9330612,
            40.8396902
          ],
          [
            -73.9333007,
            40.8392542
          ],
          [
            -73.9334595,
            40.8389688
          ],
          [
            -73.933593,
            40.8387391
          ],
          [
            -73.9339055,
            40.8380997
          ],
          [
            -73.9344425,
            40.8372588
          ],
          [
            -73.9348932,
            40.836621
          ],
          [
            -73.935533,
            40.8357112
          ],
          [
            -73.9358788,
            40.8353145
          ],
          [
            -73.9360783,
            40.8351118
          ],
          [
            -73.9362872,
            40.8349142
          ],
          [
            -73.9367107,
            40.8345751
          ],
          [
            -73.936927,
            40.8344092
          ],
          [
            -73.9376858,
            40.8338227
          ],
          [
            -73.9382672,
            40.8333669
          ],
          [
            -73.9386222,
            40.8330453
          ],
          [
            -73.9389117,
            40.8327044
          ],
          [
            -73.9391172,
            40.8324075
          ],
          [
            -73.9391048,
            40.8324028
          ],
          [
            -73.9389982,
            40.8323628
          ],
          [
            -73.938898,
            40.8323249
          ],
          [
            -73.9388761,
            40.8323169
          ],
          [
            -73.9388614,
            40.8323134
          ],
          [
            -73.9389036,
            40.8322455
          ],
          [
            -73.9389459,
            40.8321699
          ],
          [
            -73.9389856,
            40.8320969
          ],
          [
            -73.9390245,
            40.8320184
          ],
          [
            -73.9390559,
            40.8319488
          ],
          [
            -73.9391518,
            40.8317044
          ],
          [
            -73.9391755,
            40.8316454
          ],
          [
            -73.9391993,
            40.8315927
          ],
          [
            -73.9392288,
            40.8315404
          ],
          [
            -73.9392609,
            40.8314881
          ],
          [
            -73.9392905,
            40.8314431
          ],
          [
            -73.9393298,
            40.8313914
          ],
          [
            -73.9393707,
            40.8313443
          ],
          [
            -73.9396603,
            40.8310464
          ],
          [
            -73.9397034,
            40.8309999
          ],
          [
            -73.9397435,
            40.8309504
          ],
          [
            -73.939775,
            40.8309026
          ],
          [
            -73.9398037,
            40.830853
          ],
          [
            -73.9398267,
            40.8308058
          ],
          [
            -73.9398418,
            40.8307603
          ],
          [
            -73.9399293,
            40.8304447
          ],
          [
            -73.9399566,
            40.8304049
          ],
          [
            -73.939974,
            40.8303809
          ],
          [
            -73.9400054,
            40.8303169
          ],
          [
            -73.940033,
            40.8302473
          ],
          [
            -73.940041,
            40.8302468
          ],
          [
            -73.9400505,
            40.8302432
          ],
          [
            -73.9400591,
            40.8302338
          ],
          [
            -73.9400602,
            40.8302221
          ],
          [
            -73.9400555,
            40.8302079
          ],
          [
            -73.9398568,
            40.8300452
          ],
          [
            -73.939833,
            40.8300411
          ],
          [
            -73.9397972,
            40.8300267
          ],
          [
            -73.9397412,
            40.8300042
          ],
          [
            -73.9397369,
            40.8299722
          ],
          [
            -73.9397192,
            40.8299411
          ],
          [
            -73.9396401,
            40.8298022
          ],
          [
            -73.939601,
            40.829813
          ],
          [
            -73.9395551,
            40.8298128
          ],
          [
            -73.939479,
            40.8297762
          ],
          [
            -73.9394552,
            40.8297605
          ],
          [
            -73.9394453,
            40.829747
          ],
          [
            -73.9394491,
            40.8295962
          ],
          [
            -73.9394441,
            40.8295157
          ],
          [
            -73.9394571,
            40.8294361
          ],
          [
            -73.9394949,
            40.8293547
          ],
          [
            -73.9395232,
            40.8292995
          ],
          [
            -73.939651,
            40.8290724
          ],
          [
            -73.9397175,
            40.8289782
          ],
          [
            -73.9397909,
            40.8288859
          ],
          [
            -73.9399459,
            40.8287303
          ],
          [
            -73.9400796,
            40.8285481
          ],
          [
            -73.9401447,
            40.8284292
          ],
          [
            -73.9402004,
            40.8282826
          ],
          [
            -73.9402268,
            40.8281662
          ],
          [
            -73.9402301,
            40.8281441
          ],
          [
            -73.9402316,
            40.8280926
          ],
          [
            -73.9402089,
            40.8280077
          ],
          [
            -73.9401582,
            40.8279284
          ],
          [
            -73.9400821,
            40.8278534
          ],
          [
            -73.9400319,
            40.827804
          ],
          [
            -73.9397794,
            40.827698
          ],
          [
            -73.939763,
            40.8277206
          ],
          [
            -73.9393969,
            40.828252
          ],
          [
            -73.9392307,
            40.8286011
          ],
          [
            -73.9391914,
            40.8287284
          ],
          [
            -73.9390908,
            40.8289577
          ],
          [
            -73.9389831,
            40.8289277
          ],
          [
            -73.9388999,
            40.8289045
          ],
          [
            -73.9379813,
            40.8285198
          ],
          [
            -73.9379647,
            40.8285077
          ],
          [
            -73.9379554,
            40.8284975
          ],
          [
            -73.9379396,
            40.8284899
          ],
          [
            -73.9378204,
            40.8284471
          ],
          [
            -73.9377286,
            40.8284142
          ],
          [
            -73.9376925,
            40.8283983
          ],
          [
            -73.9376799,
            40.8284159
          ],
          [
            -73.9376571,
            40.8284465
          ],
          [
            -73.9376277,
            40.828486
          ],
          [
            -73.9376126,
            40.8285061
          ],
          [
            -73.9376147,
            40.8285185
          ],
          [
            -73.9376126,
            40.8285351
          ],
          [
            -73.9373043,
            40.8289248
          ],
          [
            -73.93728,
            40.8289148
          ],
          [
            -73.9371914,
            40.828872
          ],
          [
            -73.9370858,
            40.8288471
          ],
          [
            -73.9369205,
            40.8287859
          ],
          [
            -73.9366015,
            40.8286556
          ],
          [
            -73.936399,
            40.8285785
          ],
          [
            -73.9362368,
            40.8285113
          ],
          [
            -73.936399,
            40.8285785
          ],
          [
            -73.9366015,
            40.8286556
          ],
          [
            -73.9369205,
            40.8287859
          ],
          [
            -73.9370858,
            40.8288471
          ],
          [
            -73.9371914,
            40.828872
          ],
          [
            -73.93728,
            40.8289148
          ],
          [
            -73.9373043,
            40.8289248
          ],
          [
            -73.9372365,
            40.8290273
          ],
          [
            -73.9372284,
            40.8290343
          ],
          [
            -73.9372144,
            40.8290384
          ],
          [
            -73.9372039,
            40.8290353
          ],
          [
            -73.9371836,
            40.829027
          ],
          [
            -73.9351039,
            40.8281688
          ],
          [
            -73.9350922,
            40.8281624
          ],
          [
            -73.9350873,
            40.8281553
          ],
          [
            -73.9350867,
            40.8281421
          ],
          [
            -73.9350869,
            40.8281166
          ],
          [
            -73.9350916,
            40.8280961
          ],
          [
            -73.9350995,
            40.8280814
          ],
          [
            -73.9351211,
            40.8280664
          ],
          [
            -73.9351907,
            40.8280359
          ],
          [
            -73.9352833,
            40.8279909
          ],
          [
            -73.9354145,
            40.8279268
          ],
          [
            -73.9354121,
            40.8279193
          ],
          [
            -73.9353944,
            40.8278969
          ],
          [
            -73.9350734,
            40.828052
          ],
          [
            -73.9350681,
            40.8280573
          ],
          [
            -73.9350652,
            40.8280645
          ],
          [
            -73.9350759,
            40.8281546
          ],
          [
            -73.935078,
            40.8281607
          ],
          [
            -73.9350837,
            40.8281669
          ],
          [
            -73.9351283,
            40.8281857
          ],
          [
            -73.9351176,
            40.828199
          ],
          [
            -73.9350884,
            40.8282376
          ],
          [
            -73.9350451,
            40.8282964
          ],
          [
            -73.9350359,
            40.8283085
          ],
          [
            -73.9394109,
            40.8301563
          ],
          [
            -73.9399344,
            40.8303778
          ],
          [
            -73.9399491,
            40.8303893
          ],
          [
            -73.9399566,
            40.8304049
          ],
          [
            -73.9399969,
            40.8304251
          ],
          [
            -73.9400893,
            40.8304679
          ],
          [
            -73.9401097,
            40.830427
          ],
          [
            -73.9401371,
            40.8303722
          ],
          [
            -73.9401784,
            40.8303889
          ],
          [
            -73.9403469,
            40.8304568
          ],
          [
            -73.9403476,
            40.8304829
          ],
          [
            -73.9403502,
            40.8305812
          ],
          [
            -73.9404129,
            40.8306075
          ],
          [
            -73.9404498,
            40.8306237
          ],
          [
            -73.9404408,
            40.8306304
          ],
          [
            -73.9404377,
            40.8306455
          ],
          [
            -73.9404798,
            40.8315292
          ],
          [
            -73.9404621,
            40.8315742
          ],
          [
            -73.9404622,
            40.8316028
          ],
          [
            -73.940449,
            40.8316674
          ],
          [
            -73.9404058,
            40.8317739
          ],
          [
            -73.9402497,
            40.8320303
          ],
          [
            -73.9407811,
            40.8322587
          ],
          [
            -73.9407674,
            40.8322796
          ],
          [
            -73.9407524,
            40.8323234
          ],
          [
            -73.9407352,
            40.8323737
          ],
          [
            -73.9407309,
            40.8323927
          ],
          [
            -73.9405484,
            40.8329844
          ],
          [
            -73.9405396,
            40.8330037
          ],
          [
            -73.9405253,
            40.833044
          ],
          [
            -73.9405072,
            40.8330954
          ],
          [
            -73.9404989,
            40.8331113
          ],
          [
            -73.9402534,
            40.8336629
          ],
          [
            -73.9402439,
            40.8336918
          ],
          [
            -73.9402328,
            40.8337324
          ],
          [
            -73.9402172,
            40.8337899
          ],
          [
            -73.9402086,
            40.8338116
          ],
          [
            -73.9399403,
            40.8343906
          ],
          [
            -73.9399321,
            40.8344115
          ],
          [
            -73.9399158,
            40.8344585
          ],
          [
            -73.939901,
            40.8345012
          ],
          [
            -73.9398877,
            40.8345232
          ],
          [
            -73.9397367,
            40.8348562
          ],
          [
            -73.9397276,
            40.8348835
          ],
          [
            -73.9396447,
            40.8351306
          ],
          [
            -73.939674,
            40.8352688
          ],
          [
            -73.9397138,
            40.8355717
          ],
          [
            -73.9397163,
            40.835591
          ],
          [
            -73.9397277,
            40.8356298
          ],
          [
            -73.9397413,
            40.835676
          ],
          [
            -73.9398011,
            40.8357012
          ],
          [
            -73.9397818,
            40.8357278
          ],
          [
            -73.9397604,
            40.8357605
          ],
          [
            -73.9397975,
            40.8357792
          ],
          [
            -73.9398835,
            40.8358221
          ],
          [
            -73.9399834,
            40.8358785
          ],
          [
            -73.9399863,
            40.8358917
          ],
          [
            -73.9400362,
            40.8361153
          ],
          [
            -73.9400641,
            40.8362906
          ],
          [
            -73.9401287,
            40.8368944
          ],
          [
            -73.9401365,
            40.8369673
          ],
          [
            -73.9401239,
            40.837035
          ],
          [
            -73.9400085,
            40.8376528
          ],
          [
            -73.939994,
            40.837714
          ],
          [
            -73.9399789,
            40.8377935
          ],
          [
            -73.9399302,
            40.8380495
          ],
          [
            -73.9399035,
            40.8381898
          ],
          [
            -73.93986,
            40.8384189
          ],
          [
            -73.9398575,
            40.8384352
          ],
          [
            -73.9398455,
            40.8385135
          ],
          [
            -73.9398419,
            40.8386617
          ],
          [
            -73.9397005,
            40.8387098
          ],
          [
            -73.9397076,
            40.8387544
          ],
          [
            -73.9397073,
            40.8388155
          ],
          [
            -73.9397645,
            40.839437
          ],
          [
            -73.9397587,
            40.8394571
          ],
          [
            -73.9397466,
            40.8395113
          ],
          [
            -73.9397323,
            40.8395757
          ],
          [
            -73.9397266,
            40.839601
          ],
          [
            -73.9395756,
            40.8401629
          ],
          [
            -73.9395718,
            40.8401774
          ],
          [
            -73.9395623,
            40.8402109
          ],
          [
            -73.9395477,
            40.8402651
          ],
          [
            -73.9395406,
            40.8402914
          ],
          [
            -73.9393982,
            40.840827
          ],
          [
            -73.9393906,
            40.8408561
          ],
          [
            -73.9393717,
            40.840913
          ],
          [
            -73.939355,
            40.8409758
          ],
          [
            -73.9393496,
            40.8409947
          ],
          [
            -73.9391933,
            40.8415518
          ],
          [
            -73.9391874,
            40.8415731
          ],
          [
            -73.9391772,
            40.8416189
          ],
          [
            -73.9391667,
            40.8416653
          ],
          [
            -73.93916,
            40.8416878
          ],
          [
            -73.9391735,
            40.8416934
          ],
          [
            -73.9391901,
            40.8417007
          ],
          [
            -73.9392178,
            40.8417128
          ],
          [
            -73.9391645,
            40.8418125
          ],
          [
            -73.9391604,
            40.8418721
          ],
          [
            -73.9391578,
            40.8419095
          ],
          [
            -73.9391196,
            40.8419836
          ],
          [
            -73.9391257,
            40.8422791
          ],
          [
            -73.9391227,
            40.8423197
          ],
          [
            -73.9391218,
            40.8423308
          ],
          [
            -73.9391196,
            40.8423586
          ],
          [
            -73.9391174,
            40.8423864
          ],
          [
            -73.9391162,
            40.8424119
          ],
          [
            -73.939115,
            40.8424374
          ],
          [
            -73.9391131,
            40.8424609
          ],
          [
            -73.9390531,
            40.8430966
          ],
          [
            -73.9390518,
            40.8431159
          ],
          [
            -73.9390481,
            40.8431682
          ],
          [
            -73.9390441,
            40.8432249
          ],
          [
            -73.9390424,
            40.8432498
          ],
          [
            -73.9389715,
            40.8435584
          ],
          [
            -73.938911,
            40.843822
          ],
          [
            -73.9389049,
            40.8438455
          ],
          [
            -73.9388941,
            40.8438867
          ],
          [
            -73.9388819,
            40.8439336
          ],
          [
            -73.9388761,
            40.8439559
          ],
          [
            -73.9387608,
            40.8445708
          ],
          [
            -73.9387559,
            40.8445997
          ],
          [
            -73.9387468,
            40.844654
          ],
          [
            -73.9387362,
            40.8447168
          ],
          [
            -73.9387326,
            40.8447382
          ],
          [
            -73.9386304,
            40.8451197
          ],
          [
            -73.9385961,
            40.8452478
          ],
          [
            -73.9385676,
            40.845354
          ],
          [
            -73.9385609,
            40.8453762
          ],
          [
            -73.9385504,
            40.8454111
          ],
          [
            -73.9385344,
            40.8454642
          ],
          [
            -73.9385241,
            40.8454985
          ],
          [
            -73.9383295,
            40.8461304
          ],
          [
            -73.9383141,
            40.8461804
          ],
          [
            -73.9382888,
            40.8462626
          ],
          [
            -73.9380976,
            40.8468838
          ],
          [
            -73.9380919,
            40.8469016
          ],
          [
            -73.9380775,
            40.8469528
          ],
          [
            -73.9380655,
            40.8469954
          ],
          [
            -73.9380567,
            40.8470188
          ],
          [
            -73.937872,
            40.8475953
          ],
          [
            -73.9378618,
            40.8476274
          ],
          [
            -73.9378498,
            40.8476592
          ],
          [
            -73.937833,
            40.847712
          ],
          [
            -73.9378246,
            40.8477313
          ],
          [
            -73.9375879,
            40.8482767
          ],
          [
            -73.9375656,
            40.8482974
          ],
          [
            -73.9375238,
            40.8483423
          ],
          [
            -73.9374685,
            40.8483903
          ],
          [
            -73.9374588,
            40.8484051
          ],
          [
            -73.9369426,
            40.848875
          ],
          [
            -73.9369286,
            40.8488883
          ],
          [
            -73.9368957,
            40.8489192
          ],
          [
            -73.9368497,
            40.8489627
          ],
          [
            -73.9368338,
            40.8489771
          ],
          [
            -73.9363235,
            40.8494356
          ],
          [
            -73.9363025,
            40.8494542
          ],
          [
            -73.9362658,
            40.8494845
          ],
          [
            -73.936229,
            40.8495148
          ],
          [
            -73.9362042,
            40.8495372
          ],
          [
            -73.935932,
            40.8497836
          ],
          [
            -73.9356603,
            40.8500336
          ],
          [
            -73.9356376,
            40.8500544
          ],
          [
            -73.9356068,
            40.8501265
          ],
          [
            -73.9355835,
            40.8501827
          ],
          [
            -73.9355721,
            40.8502051
          ],
          [
            -73.9353336,
            40.8506761
          ],
          [
            -73.9353199,
            40.8507028
          ],
          [
            -73.9353082,
            40.8507263
          ],
          [
            -73.9352785,
            40.8507802
          ],
          [
            -73.9352739,
            40.850794
          ],
          [
            -73.9350045,
            40.8513167
          ],
          [
            -73.9349915,
            40.8513421
          ],
          [
            -73.9349705,
            40.8513868
          ],
          [
            -73.9349311,
            40.8514593
          ],
          [
            -73.9349221,
            40.8514774
          ],
          [
            -73.9346769,
            40.851968
          ],
          [
            -73.9346653,
            40.8519911
          ],
          [
            -73.9346542,
            40.8520093
          ],
          [
            -73.9346178,
            40.8520697
          ],
          [
            -73.9346082,
            40.8520887
          ],
          [
            -73.9343533,
            40.8525918
          ],
          [
            -73.9343401,
            40.8526178
          ],
          [
            -73.9343129,
            40.8526788
          ],
          [
            -73.9342824,
            40.8527299
          ],
          [
            -73.9342705,
            40.8527543
          ],
          [
            -73.9340966,
            40.8531106
          ],
          [
            -73.9340432,
            40.8532174
          ],
          [
            -73.9339532,
            40.8533973
          ],
          [
            -73.9336039,
            40.8540632
          ],
          [
            -73.9335901,
            40.8540894
          ],
          [
            -73.9335694,
            40.8541399
          ],
          [
            -73.9335425,
            40.8542054
          ],
          [
            -73.933535,
            40.8542282
          ],
          [
            -73.9331975,
            40.8552585
          ],
          [
            -73.9331577,
            40.8553802
          ],
          [
            -73.9330944,
            40.8555739
          ],
          [
            -73.9329582,
            40.8558338
          ],
          [
            -73.9326357,
            40.8564349
          ],
          [
            -73.9325431,
            40.8566138
          ],
          [
            -73.9325332,
            40.8566331
          ],
          [
            -73.9325079,
            40.8566829
          ],
          [
            -73.9324817,
            40.8567346
          ],
          [
            -73.9324746,
            40.856748
          ],
          [
            -73.9319511,
            40.857737
          ],
          [
            -73.9318851,
            40.8578668
          ],
          [
            -73.9317223,
            40.8581768
          ],
          [
            -73.9317106,
            40.8581989
          ],
          [
            -73.9316921,
            40.8582329
          ],
          [
            -73.9316699,
            40.8582739
          ],
          [
            -73.9316614,
            40.8582896
          ],
          [
            -73.9312485,
            40.8590849
          ],
          [
            -73.9312457,
            40.8590902
          ],
          [
            -73.931236,
            40.8591233
          ],
          [
            -73.9312315,
            40.8591582
          ],
          [
            -73.9312277,
            40.8591884
          ],
          [
            -73.9312161,
            40.8592396
          ],
          [
            -73.9312057,
            40.8592692
          ],
          [
            -73.9311946,
            40.8593214
          ],
          [
            -73.9311788,
            40.8593955
          ],
          [
            -73.9311741,
            40.8594122
          ],
          [
            -73.9311447,
            40.8594863
          ],
          [
            -73.9310771,
            40.8596027
          ],
          [
            -73.9310661,
            40.8596741
          ],
          [
            -73.9309759,
            40.8598873
          ],
          [
            -73.9308487,
            40.860185
          ],
          [
            -73.9307553,
            40.8604006
          ],
          [
            -73.9306637,
            40.8605568
          ],
          [
            -73.9306524,
            40.860576
          ],
          [
            -73.9306397,
            40.8606013
          ],
          [
            -73.930615,
            40.8606505
          ],
          [
            -73.9306046,
            40.8606676
          ],
          [
            -73.9301765,
            40.8613758
          ],
          [
            -73.92994,
            40.8618022
          ],
          [
            -73.9299069,
            40.8618983
          ],
          [
            -73.9298848,
            40.8619672
          ],
          [
            -73.9298733,
            40.8620246
          ],
          [
            -73.9298654,
            40.8620801
          ],
          [
            -73.9298629,
            40.8621119
          ],
          [
            -73.9298608,
            40.8621511
          ],
          [
            -73.929857,
            40.8622239
          ],
          [
            -73.9298558,
            40.8622464
          ],
          [
            -73.9298515,
            40.8622743
          ],
          [
            -73.9298356,
            40.8623788
          ],
          [
            -73.9298324,
            40.8623992
          ],
          [
            -73.9298048,
            40.8624191
          ],
          [
            -73.9297761,
            40.8624418
          ],
          [
            -73.9297507,
            40.8624605
          ],
          [
            -73.9297966,
            40.8625066
          ],
          [
            -73.9298396,
            40.8627084
          ],
          [
            -73.9298668,
            40.8628761
          ],
          [
            -73.9298751,
            40.8629806
          ],
          [
            -73.9298887,
            40.8631523
          ],
          [
            -73.9298995,
            40.863334
          ],
          [
            -73.9298941,
            40.8633579
          ],
          [
            -73.9298727,
            40.8634053
          ],
          [
            -73.9298469,
            40.8634625
          ],
          [
            -73.9298366,
            40.863487
          ],
          [
            -73.9297413,
            40.8636925
          ],
          [
            -73.9295992,
            40.8638737
          ],
          [
            -73.9293105,
            40.8641676
          ],
          [
            -73.9290762,
            40.8643694
          ],
          [
            -73.9288996,
            40.8645236
          ],
          [
            -73.9288778,
            40.8645384
          ],
          [
            -73.9288355,
            40.8645612
          ],
          [
            -73.9287735,
            40.8645947
          ],
          [
            -73.9287514,
            40.8646074
          ],
          [
            -73.9285938,
            40.8646874
          ],
          [
            -73.9281213,
            40.8649438
          ],
          [
            -73.9280957,
            40.864959
          ],
          [
            -73.9280451,
            40.8649853
          ],
          [
            -73.927998,
            40.8650098
          ],
          [
            -73.9279767,
            40.8650213
          ],
          [
            -73.9274358,
            40.8653135
          ],
          [
            -73.9274131,
            40.8653501
          ],
          [
            -73.927372,
            40.865372
          ],
          [
            -73.9273107,
            40.8654003
          ],
          [
            -73.927211,
            40.8654368
          ],
          [
            -73.9271302,
            40.8654663
          ],
          [
            -73.9270992,
            40.8654827
          ],
          [
            -73.9270161,
            40.8655187
          ],
          [
            -73.926713,
            40.8656282
          ],
          [
            -73.9262633,
            40.8657816
          ],
          [
            -73.9258986,
            40.865906
          ],
          [
            -73.9257333,
            40.8659657
          ],
          [
            -73.925059,
            40.866201
          ],
          [
            -73.925075,
            40.866231
          ],
          [
            -73.9251166,
            40.8662959
          ],
          [
            -73.925005,
            40.866336
          ],
          [
            -73.9249072,
            40.8663711
          ],
          [
            -73.9232126,
            40.8669792
          ],
          [
            -73.92311,
            40.867016
          ],
          [
            -73.9230078,
            40.8670533
          ],
          [
            -73.9213249,
            40.8676676
          ],
          [
            -73.9212171,
            40.867707
          ]
        ]
      }
    },
    {
      "type": "Feature",
      "properties": {
        "scenario": "Inwood Hill Park | 8.0mi | mix | hilly | amenity",
        "shape": "mix",
        "target_miles": 8.0,
        "distance_m": 12873.081710774344,
        "candidate_index": 2
      },
      "geometry": {
        "type": "LineString",
        "coordinates": [
          [
            -73.9212171,
            40.867707
          ],
          [
            -73.9213249,
            40.8676676
          ],
          [
            -73.9230078,
            40.8670533
          ],
          [
            -73.92311,
            40.867016
          ],
          [
            -73.9232126,
            40.8669792
          ],
          [
            -73.9249072,
            40.8663711
          ],
          [
            -73.925005,
            40.866336
          ],
          [
            -73.9251166,
            40.8662959
          ],
          [
            -73.9257983,
            40.8660514
          ],
          [
            -73.925872,
            40.866025
          ],
          [
            -73.925967,
            40.8659914
          ],
          [
            -73.9263199,
            40.8658667
          ],
          [
            -73.9265267,
            40.8657937
          ],
          [
            -73.9271619,
            40.8655693
          ],
          [
            -73.9272475,
            40.865539
          ],
          [
            -73.9272714,
            40.8655306
          ],
          [
            -73.927516,
            40.8655045
          ],
          [
            -73.9275315,
            40.8655059
          ],
          [
            -73.9275671,
            40.8654875
          ],
          [
            -73.9275755,
            40.8654801
          ],
          [
            -73.9275671,
            40.8654875
          ],
          [
            -73.9275315,
            40.8655059
          ],
          [
            -73.927516,
            40.8655045
          ],
          [
            -73.9272714,
            40.8655306
          ],
          [
            -73.9272475,
            40.865539
          ],
          [
            -73.9271619,
            40.8655693
          ],
          [
            -73.9265267,
            40.8657937
          ],
          [
            -73.9263199,
            40.8658667
          ],
          [
            -73.925967,
            40.8659914
          ],
          [
            -73.925872,
            40.866025
          ],
          [
            -73.9257983,
            40.8660514
          ],
          [
            -73.9251166,
            40.8662959
          ],
          [
            -73.925005,
            40.866336
          ],
          [
            -73.9249072,
            40.8663711
          ],
          [
            -73.9232126,
            40.8669792
          ],
          [
            -73.92311,
            40.867016
          ],
          [
            -73.9230078,
            40.8670533
          ],
          [
            -73.9213249,
            40.8676676
          ],
          [
            -73.9212171,
            40.867707
          ],
          [
            -73.9213249,
            40.8676676
          ],
          [
            -73.9230078,
            40.8670533
          ],
          [
            -73.92311,
            40.867016
          ],
          [
            -73.9232126,
            40.8669792
          ],
          [
            -73.9249072,
            40.8663711
          ],
          [
            -73.925005,
            40.866336
          ],
          [
            -73.9251166,
            40.8662959
          ],
          [
            -73.9257983,
            40.8660514
          ],
          [
            -73.925872,
            40.866025
          ],
          [
            -73.925967,
            40.8659914
          ],
          [
            -73.9263199,
            40.8658667
          ],
          [
            -73.9265267,
            40.8657937
          ],
          [
            -73.9271619,
            40.8655693
          ],
          [
            -73.9272475,
            40.865539
          ],
          [
            -73.9272714,
            40.8655306
          ],
          [
            -73.9272948,
            40.8655188
          ],
          [
            -73.9274931,
            40.8654184
          ],
          [
            -73.9275773,
            40.8654449
          ],
          [
            -73.9275983,
            40.8654515
          ],
          [
            -73.9277609,
            40.8653672
          ],
          [
            -73.9277762,
            40.8653645
          ],
          [
            -73.9277915,
            40.865368
          ],
          [
            -73.9278078,
            40.8653879
          ],
          [
            -73.92782,
            40.8653796
          ],
          [
            -73.9278578,
            40.8653587
          ],
          [
            -73.9278865,
            40.8653403
          ],
          [
            -73.9279083,
            40.865329
          ],
          [
            -73.9281272,
            40.8652149
          ],
          [
            -73.9282884,
            40.8651302
          ],
          [
            -73.9287266,
            40.8648997
          ],
          [
            -73.9289299,
            40.8647849
          ],
          [
            -73.9290352,
            40.8647226
          ],
          [
            -73.9291886,
            40.8646031
          ],
          [
            -73.929233,
            40.864569
          ],
          [
            -73.9294606,
            40.8643815
          ],
          [
            -73.9296576,
            40.8641904
          ],
          [
            -73.9299818,
            40.8637992
          ],
          [
            -73.9301114,
            40.8635412
          ],
          [
            -73.9301802,
            40.8633541
          ],
          [
            -73.930185,
            40.8633245
          ],
          [
            -73.9301892,
            40.8632989
          ],
          [
            -73.930163,
            40.863064
          ],
          [
            -73.9301101,
            40.8626789
          ],
          [
            -73.9300902,
            40.8625349
          ],
          [
            -73.9301141,
            40.8622388
          ],
          [
            -73.9301695,
            40.8620422
          ],
          [
            -73.9302856,
            40.8617399
          ],
          [
            -73.9303764,
            40.861593
          ],
          [
            -73.9305358,
            40.8613221
          ],
          [
            -73.9307581,
            40.8609542
          ],
          [
            -73.9308693,
            40.8607589
          ],
          [
            -73.9308732,
            40.8607521
          ],
          [
            -73.9309312,
            40.8606528
          ],
          [
            -73.9309345,
            40.8606448
          ],
          [
            -73.9314183,
            40.8594799
          ],
          [
            -73.9314371,
            40.8594432
          ],
          [
            -73.9314426,
            40.8594224
          ],
          [
            -73.931462,
            40.8593709
          ],
          [
            -73.9314707,
            40.8593476
          ],
          [
            -73.9314804,
            40.8593207
          ],
          [
            -73.9315491,
            40.8591652
          ],
          [
            -73.9316307,
            40.8589521
          ],
          [
            -73.9317079,
            40.8587949
          ],
          [
            -73.9317951,
            40.8586271
          ],
          [
            -73.9318895,
            40.8584453
          ],
          [
            -73.9319273,
            40.8583743
          ],
          [
            -73.9319893,
            40.8582578
          ],
          [
            -73.9321571,
            40.8579521
          ],
          [
            -73.9321693,
            40.8579299
          ],
          [
            -73.9321905,
            40.857883
          ],
          [
            -73.9322082,
            40.8578439
          ],
          [
            -73.932221,
            40.8578197
          ],
          [
            -73.9327422,
            40.8568354
          ],
          [
            -73.9328251,
            40.8566792
          ],
          [
            -73.9328594,
            40.856613
          ],
          [
            -73.9328726,
            40.8565922
          ],
          [
            -73.9328947,
            40.856546
          ],
          [
            -73.9329157,
            40.8565023
          ],
          [
            -73.9329265,
            40.8564813
          ],
          [
            -73.9330744,
            40.8561962
          ],
          [
            -73.933084,
            40.8561785
          ],
          [
            -73.9333498,
            40.8556784
          ],
          [
            -73.9334435,
            40.8554257
          ],
          [
            -73.9334464,
            40.855406
          ],
          [
            -73.9334585,
            40.855375
          ],
          [
            -73.9334802,
            40.8553194
          ],
          [
            -73.9334782,
            40.8552922
          ],
          [
            -73.9338206,
            40.8542694
          ],
          [
            -73.9338296,
            40.8542424
          ],
          [
            -73.9338538,
            40.8541916
          ],
          [
            -73.933871,
            40.8541556
          ],
          [
            -73.9338828,
            40.8541318
          ],
          [
            -73.9341046,
            40.8536828
          ],
          [
            -73.9341852,
            40.8535269
          ],
          [
            -73.9342593,
            40.8533834
          ],
          [
            -73.9343003,
            40.8533061
          ],
          [
            -73.9343118,
            40.8532845
          ],
          [
            -73.9343331,
            40.8532416
          ],
          [
            -73.934353,
            40.8532016
          ],
          [
            -73.9343618,
            40.8531849
          ],
          [
            -73.9344925,
            40.8529386
          ],
          [
            -73.934546,
            40.852833
          ],
          [
            -73.9346192,
            40.8526886
          ],
          [
            -73.9348807,
            40.8521702
          ],
          [
            -73.9348907,
            40.8521504
          ],
          [
            -73.9349182,
            40.8521005
          ],
          [
            -73.9349357,
            40.8520648
          ],
          [
            -73.9349445,
            40.8520477
          ],
          [
            -73.9351814,
            40.8515838
          ],
          [
            -73.9352638,
            40.8514215
          ],
          [
            -73.9353568,
            40.8512388
          ],
          [
            -73.9353878,
            40.8511785
          ],
          [
            -73.935456,
            40.851046
          ],
          [
            -73.9355992,
            40.8507666
          ],
          [
            -73.935832,
            40.850308
          ],
          [
            -73.9358436,
            40.8502852
          ],
          [
            -73.9358662,
            40.8502323
          ],
          [
            -73.93589,
            40.8501768
          ],
          [
            -73.9359036,
            40.8501523
          ],
          [
            -73.9364835,
            40.8496361
          ],
          [
            -73.9365049,
            40.849617
          ],
          [
            -73.936544,
            40.8495805
          ],
          [
            -73.9365829,
            40.8495447
          ],
          [
            -73.9366019,
            40.8495282
          ],
          [
            -73.9371708,
            40.8490347
          ],
          [
            -73.9371882,
            40.8490196
          ],
          [
            -73.9372341,
            40.8489854
          ],
          [
            -73.9372861,
            40.8489466
          ],
          [
            -73.9373053,
            40.8489292
          ],
          [
            -73.9377766,
            40.848484
          ],
          [
            -73.937789,
            40.8484721
          ],
          [
            -73.9378063,
            40.8484759
          ],
          [
            -73.9378374,
            40.848417
          ],
          [
            -73.9378618,
            40.8483692
          ],
          [
            -73.9378708,
            40.848348
          ],
          [
            -73.9380122,
            40.8480152
          ],
          [
            -73.9381033,
            40.8478105
          ],
          [
            -73.9381633,
            40.8476452
          ],
          [
            -73.9381712,
            40.8476235
          ],
          [
            -73.9381837,
            40.8475771
          ],
          [
            -73.938195,
            40.8475406
          ],
          [
            -73.9382003,
            40.8475224
          ],
          [
            -73.9383557,
            40.846999
          ],
          [
            -73.9383615,
            40.8469795
          ],
          [
            -73.938374,
            40.8469374
          ],
          [
            -73.9383866,
            40.8468947
          ],
          [
            -73.9383933,
            40.8468722
          ],
          [
            -73.938572,
            40.8463051
          ],
          [
            -73.9385784,
            40.8462848
          ],
          [
            -73.9385925,
            40.8462414
          ],
          [
            -73.9385991,
            40.8462034
          ],
          [
            -73.9386063,
            40.8461801
          ],
          [
            -73.9388077,
            40.8455295
          ],
          [
            -73.9388141,
            40.8455077
          ],
          [
            -73.9388285,
            40.8454593
          ],
          [
            -73.9388401,
            40.8454202
          ],
          [
            -73.9388486,
            40.8453915
          ],
          [
            -73.9389814,
            40.8448082
          ],
          [
            -73.9389887,
            40.84478
          ],
          [
            -73.9390003,
            40.8447357
          ],
          [
            -73.9390122,
            40.8446904
          ],
          [
            -73.9390183,
            40.8446671
          ],
          [
            -73.9391416,
            40.8440767
          ],
          [
            -73.9391483,
            40.8440521
          ],
          [
            -73.9391608,
            40.8440056
          ],
          [
            -73.9391733,
            40.8439601
          ],
          [
            -73.9391792,
            40.8439387
          ],
          [
            -73.9393126,
            40.8433635
          ],
          [
            -73.939316,
            40.8433416
          ],
          [
            -73.9393247,
            40.8432851
          ],
          [
            -73.9393318,
            40.8432391
          ],
          [
            -73.9393361,
            40.8432113
          ],
          [
            -73.9393802,
            40.8425792
          ],
          [
            -73.9393815,
            40.8425605
          ],
          [
            -73.9393818,
            40.8425008
          ],
          [
            -73.9393844,
            40.8424305
          ],
          [
            -73.9393848,
            40.8424192
          ],
          [
            -73.9393853,
            40.8424069
          ],
          [
            -73.9393857,
            40.8423946
          ],
          [
            -73.93943,
            40.8418827
          ],
          [
            -73.9394754,
            40.8418244
          ],
          [
            -73.9394877,
            40.8418086
          ],
          [
            -73.9395125,
            40.8417695
          ],
          [
            -73.939546,
            40.8417276
          ],
          [
            -73.9395577,
            40.8417118
          ],
          [
            -73.9399068,
            40.8412394
          ],
          [
            -73.9399217,
            40.8412192
          ],
          [
            -73.9399598,
            40.841163
          ],
          [
            -73.9399907,
            40.841114
          ],
          [
            -73.9400072,
            40.8410948
          ],
          [
            -73.9402755,
            40.8407154
          ],
          [
            -73.9404218,
            40.8405238
          ],
          [
            -73.9407769,
            40.8400467
          ],
          [
            -73.9408729,
            40.83991
          ],
          [
            -73.941052,
            40.8396701
          ],
          [
            -73.9412791,
            40.8393659
          ],
          [
            -73.9413002,
            40.8393391
          ],
          [
            -73.9413489,
            40.8392808
          ],
          [
            -73.941379,
            40.8392414
          ],
          [
            -73.9413983,
            40.8392139
          ],
          [
            -73.9418437,
            40.8385775
          ],
          [
            -73.9418603,
            40.8385544
          ],
          [
            -73.9418889,
            40.8385149
          ],
          [
            -73.9419138,
            40.8384814
          ],
          [
            -73.9419315,
            40.8384559
          ],
          [
            -73.9422939,
            40.8379448
          ],
          [
            -73.9423054,
            40.8379297
          ],
          [
            -73.9423373,
            40.8378868
          ],
          [
            -73.9423645,
            40.8378502
          ],
          [
            -73.9423792,
            40.8378318
          ],
          [
            -73.9427681,
            40.8373304
          ],
          [
            -73.9427806,
            40.8373127
          ],
          [
            -73.9428049,
            40.8372781
          ],
          [
            -73.9428378,
            40.8372312
          ],
          [
            -73.9428542,
            40.8372079
          ],
          [
            -73.9432248,
            40.8367095
          ],
          [
            -73.9432408,
            40.836688
          ],
          [
            -73.9432693,
            40.8366482
          ],
          [
            -73.9433014,
            40.8366071
          ],
          [
            -73.9433155,
            40.8365867
          ],
          [
            -73.943675,
            40.8360835
          ],
          [
            -73.9436892,
            40.8360632
          ],
          [
            -73.9437151,
            40.8360238
          ],
          [
            -73.9437381,
            40.8359875
          ],
          [
            -73.9437503,
            40.8359713
          ],
          [
            -73.9441283,
            40.8354733
          ],
          [
            -73.9441427,
            40.8354504
          ],
          [
            -73.9441791,
            40.8354006
          ],
          [
            -73.9442086,
            40.8353567
          ],
          [
            -73.944227,
            40.8353321
          ],
          [
            -73.9445876,
            40.8348311
          ],
          [
            -73.9446006,
            40.8348129
          ],
          [
            -73.944629,
            40.8347694
          ],
          [
            -73.9446622,
            40.834729
          ],
          [
            -73.9446695,
            40.8347135
          ],
          [
            -73.9450408,
            40.8342078
          ],
          [
            -73.9450549,
            40.8341917
          ],
          [
            -73.9450701,
            40.8341548
          ],
          [
            -73.9450851,
            40.8341182
          ],
          [
            -73.9450969,
            40.8340771
          ],
          [
            -73.9452715,
            40.8338159
          ],
          [
            -73.9453291,
            40.8338073
          ],
          [
            -73.9453711,
            40.8338003
          ],
          [
            -73.9453915,
            40.8337979
          ],
          [
            -73.9454369,
            40.8336376
          ],
          [
            -73.9454845,
            40.8335863
          ],
          [
            -73.9455023,
            40.8335624
          ],
          [
            -73.9455279,
            40.8335263
          ],
          [
            -73.9455567,
            40.8334866
          ],
          [
            -73.9455669,
            40.8334726
          ],
          [
            -73.9459434,
            40.8329445
          ],
          [
            -73.946007,
            40.8328753
          ],
          [
            -73.9460256,
            40.832852
          ],
          [
            -73.9460766,
            40.832784
          ],
          [
            -73.9460915,
            40.8327606
          ],
          [
            -73.9461785,
            40.8326669
          ],
          [
            -73.9463779,
            40.8323857
          ],
          [
            -73.9469325,
            40.8316163
          ],
          [
            -73.9469445,
            40.8315996
          ],
          [
            -73.9469684,
            40.8315603
          ],
          [
            -73.9469901,
            40.8315246
          ],
          [
            -73.947008,
            40.8314989
          ],
          [
            -73.9471271,
            40.8313207
          ],
          [
            -73.947248,
            40.8311423
          ],
          [
            -73.9473649,
            40.830981
          ],
          [
            -73.9473944,
            40.8309838
          ],
          [
            -73.9474322,
            40.8309349
          ],
          [
            -73.9474772,
            40.8308848
          ],
          [
            -73.9474673,
            40.8308663
          ],
          [
            -73.9478486,
            40.8303665
          ],
          [
            -73.9478923,
            40.8303041
          ],
          [
            -73.9479277,
            40.8302535
          ],
          [
            -73.9483076,
            40.8297474
          ],
          [
            -73.948344,
            40.8296881
          ],
          [
            -73.9483808,
            40.8296281
          ],
          [
            -73.9487514,
            40.8291258
          ],
          [
            -73.9487929,
            40.8290686
          ],
          [
            -73.9488344,
            40.8290115
          ],
          [
            -73.9492026,
            40.828494
          ],
          [
            -73.9492139,
            40.8284781
          ],
          [
            -73.9492404,
            40.8284356
          ],
          [
            -73.9492579,
            40.8284063
          ],
          [
            -73.9492688,
            40.828389
          ],
          [
            -73.9496475,
            40.8278714
          ],
          [
            -73.9496641,
            40.8278488
          ],
          [
            -73.9496934,
            40.8278105
          ],
          [
            -73.9497176,
            40.8277804
          ],
          [
            -73.9497331,
            40.8277589
          ],
          [
            -73.9501112,
            40.8272535
          ],
          [
            -73.9511566,
            40.8276835
          ],
          [
            -73.9511631,
            40.8276748
          ],
          [
            -73.951203,
            40.8276279
          ],
          [
            -73.9512263,
            40.8275988
          ],
          [
            -73.9512405,
            40.8275869
          ],
          [
            -73.9513358,
            40.8274829
          ],
          [
            -73.9515526,
            40.827317
          ],
          [
            -73.9517173,
            40.8271893
          ],
          [
            -73.9517751,
            40.8271358
          ],
          [
            -73.9517907,
            40.8271213
          ],
          [
            -73.9518659,
            40.827033
          ],
          [
            -73.9519314,
            40.8269561
          ],
          [
            -73.9519502,
            40.8269321
          ],
          [
            -73.9523331,
            40.8264541
          ],
          [
            -73.9523428,
            40.8264408
          ],
          [
            -73.9523525,
            40.8264308
          ],
          [
            -73.9524024,
            40.8263832
          ],
          [
            -73.9524332,
            40.8263496
          ],
          [
            -73.9524477,
            40.8263335
          ],
          [
            -73.9528603,
            40.8258298
          ],
          [
            -73.9529047,
            40.8257741
          ],
          [
            -73.952944,
            40.8257249
          ],
          [
            -73.9530312,
            40.8257529
          ],
          [
            -73.9531247,
            40.8257896
          ],
          [
            -73.953301,
            40.8256339
          ],
          [
            -73.953373,
            40.8255863
          ],
          [
            -73.9534941,
            40.8255137
          ],
          [
            -73.9535443,
            40.82549
          ],
          [
            -73.9537502,
            40.8253994
          ],
          [
            -73.9536789,
            40.825333
          ],
          [
            -73.953615,
            40.8252723
          ],
          [
            -73.9535491,
            40.8253133
          ],
          [
            -73.9533592,
            40.8254133
          ],
          [
            -73.9532078,
            40.8255
          ],
          [
            -73.9531069,
            40.8255758
          ],
          [
            -73.9530414,
            40.8256305
          ],
          [
            -73.952944,
            40.8257249
          ],
          [
            -73.951637,
            40.8251716
          ],
          [
            -73.9515987,
            40.8252253
          ],
          [
            -73.9515528,
            40.8252902
          ],
          [
            -73.951458,
            40.8252517
          ],
          [
            -73.9512588,
            40.8251711
          ],
          [
            -73.9508998,
            40.8256682
          ],
          [
            -73.9508316,
            40.8256387
          ],
          [
            -73.9507845,
            40.8256349
          ],
          [
            -73.9507757,
            40.8256503
          ],
          [
            -73.9507562,
            40.8256755
          ],
          [
            -73.9507217,
            40.8257201
          ],
          [
            -73.9506855,
            40.8257435
          ],
          [
            -73.9503152,
            40.8262548
          ],
          [
            -73.950303,
            40.8262856
          ],
          [
            -73.9502498,
            40.8263549
          ],
          [
            -73.9501944,
            40.826427
          ],
          [
            -73.9501731,
            40.8264573
          ],
          [
            -73.9498092,
            40.8269694
          ],
          [
            -73.949793,
            40.8269923
          ],
          [
            -73.9497704,
            40.8270263
          ],
          [
            -73.9497389,
            40.8270684
          ],
          [
            -73.9497235,
            40.8270888
          ],
          [
            -73.9493466,
            40.8275885
          ],
          [
            -73.9493273,
            40.8276141
          ],
          [
            -73.9493044,
            40.8276479
          ],
          [
            -73.9492675,
            40.8277015
          ],
          [
            -73.9492602,
            40.827712
          ],
          [
            -73.9488957,
            40.8282221
          ],
          [
            -73.9488843,
            40.828238
          ],
          [
            -73.9488587,
            40.8282764
          ],
          [
            -73.9488298,
            40.8283209
          ],
          [
            -73.9488172,
            40.8283385
          ],
          [
            -73.9484218,
            40.8288399
          ],
          [
            -73.9483822,
            40.8288945
          ],
          [
            -73.9483388,
            40.8289541
          ],
          [
            -73.9479813,
            40.829464
          ],
          [
            -73.9479672,
            40.8294817
          ],
          [
            -73.9479412,
            40.8295189
          ],
          [
            -73.9479159,
            40.8295553
          ],
          [
            -73.9479069,
            40.8295674
          ],
          [
            -73.9475343,
            40.8301026
          ],
          [
            -73.9475087,
            40.8301433
          ],
          [
            -73.9474681,
            40.8302077
          ],
          [
            -73.9470941,
            40.8307114
          ],
          [
            -73.9470462,
            40.8307673
          ],
          [
            -73.9469897,
            40.8308333
          ],
          [
            -73.9466301,
            40.8313343
          ],
          [
            -73.9466097,
            40.8313624
          ],
          [
            -73.9465826,
            40.8313981
          ],
          [
            -73.9465544,
            40.8314365
          ],
          [
            -73.946541,
            40.8314547
          ],
          [
            -73.9457019,
            40.8325976
          ],
          [
            -73.945685,
            40.8326212
          ],
          [
            -73.9456378,
            40.8326856
          ],
          [
            -73.9455812,
            40.8327661
          ],
          [
            -73.9455621,
            40.8327922
          ],
          [
            -73.9454865,
            40.8329021
          ],
          [
            -73.9451989,
            40.83332
          ],
          [
            -73.9451917,
            40.83333
          ],
          [
            -73.9451652,
            40.8333666
          ],
          [
            -73.9451284,
            40.8334174
          ],
          [
            -73.945116,
            40.8334335
          ],
          [
            -73.9447213,
            40.8339173
          ],
          [
            -73.9447028,
            40.8339423
          ],
          [
            -73.9446737,
            40.8339815
          ],
          [
            -73.9446447,
            40.8340207
          ],
          [
            -73.9446276,
            40.8340438
          ],
          [
            -73.9442783,
            40.8345512
          ],
          [
            -73.9442635,
            40.8345715
          ],
          [
            -73.9442389,
            40.8346055
          ],
          [
            -73.9442085,
            40.8346498
          ],
          [
            -73.9441951,
            40.834666
          ],
          [
            -73.9439768,
            40.8349727
          ],
          [
            -73.943811,
            40.8351775
          ],
          [
            -73.9437965,
            40.8352002
          ],
          [
            -73.9437756,
            40.8352303
          ],
          [
            -73.9437492,
            40.8352663
          ],
          [
            -73.9437391,
            40.8352858
          ],
          [
            -73.9433688,
            40.8358072
          ],
          [
            -73.9433576,
            40.8358229
          ],
          [
            -73.9433294,
            40.8358625
          ],
          [
            -73.9433018,
            40.8358981
          ],
          [
            -73.9432876,
            40.8359185
          ],
          [
            -73.9432623,
            40.8359077
          ],
          [
            -73.9429142,
            40.8364096
          ],
          [
            -73.9428943,
            40.8364361
          ],
          [
            -73.9428625,
            40.8364783
          ],
          [
            -73.9428264,
            40.8365264
          ],
          [
            -73.9428203,
            40.8365346
          ],
          [
            -73.9428112,
            40.8365472
          ],
          [
            -73.9424498,
            40.8370452
          ],
          [
            -73.9424384,
            40.8370614
          ],
          [
            -73.9424051,
            40.8371088
          ],
          [
            -73.9423799,
            40.8371447
          ],
          [
            -73.9423637,
            40.8371677
          ],
          [
            -73.942001,
            40.8376765
          ],
          [
            -73.9419617,
            40.837731
          ],
          [
            -73.9419314,
            40.8377731
          ],
          [
            -73.9419172,
            40.8377927
          ],
          [
            -73.9415491,
            40.8382978
          ],
          [
            -73.9415307,
            40.8383209
          ],
          [
            -73.9415097,
            40.8383523
          ],
          [
            -73.9414786,
            40.8383952
          ],
          [
            -73.9414613,
            40.8384193
          ],
          [
            -73.9410139,
            40.8390142
          ],
          [
            -73.9409958,
            40.839039
          ],
          [
            -73.9409571,
            40.8390918
          ],
          [
            -73.9409215,
            40.8391405
          ],
          [
            -73.9409023,
            40.839165
          ],
          [
            -73.9404893,
            40.8397379
          ],
          [
            -73.9404733,
            40.8397598
          ],
          [
            -73.9404513,
            40.8397938
          ],
          [
            -73.9404032,
            40.8398615
          ],
          [
            -73.9403892,
            40.8398804
          ],
          [
            -73.9401973,
            40.8401475
          ],
          [
            -73.94006,
            40.8403365
          ],
          [
            -73.9399397,
            40.8405046
          ],
          [
            -73.9399262,
            40.8405981
          ],
          [
            -73.9399207,
            40.8406234
          ],
          [
            -73.9397432,
            40.8408689
          ],
          [
            -73.939701,
            40.8408986
          ],
          [
            -73.9396656,
            40.8409439
          ],
          [
            -73.9396066,
            40.8409177
          ],
          [
            -73.939503,
            40.8408689
          ],
          [
            -73.9394242,
            40.8408376
          ],
          [
            -73.9393982,
            40.840827
          ],
          [
            -73.9393906,
            40.8408561
          ],
          [
            -73.9393717,
            40.840913
          ],
          [
            -73.939355,
            40.8409758
          ],
          [
            -73.9393496,
            40.8409947
          ],
          [
            -73.9391933,
            40.8415518
          ],
          [
            -73.9391874,
            40.8415731
          ],
          [
            -73.9391772,
            40.8416189
          ],
          [
            -73.9391667,
            40.8416653
          ],
          [
            -73.93916,
            40.8416878
          ],
          [
            -73.9391735,
            40.8416934
          ],
          [
            -73.9391901,
            40.8417007
          ],
          [
            -73.9392178,
            40.8417128
          ],
          [
            -73.9391645,
            40.8418125
          ],
          [
            -73.9391604,
            40.8418721
          ],
          [
            -73.9391578,
            40.8419095
          ],
          [
            -73.9391196,
            40.8419836
          ],
          [
            -73.9391257,
            40.8422791
          ],
          [
            -73.9391227,
            40.8423197
          ],
          [
            -73.9391218,
            40.8423308
          ],
          [
            -73.9391196,
            40.8423586
          ],
          [
            -73.9391174,
            40.8423864
          ],
          [
            -73.9391162,
            40.8424119
          ],
          [
            -73.939115,
            40.8424374
          ],
          [
            -73.9391131,
            40.8424609
          ],
          [
            -73.9390531,
            40.8430966
          ],
          [
            -73.9390518,
            40.8431159
          ],
          [
            -73.9390481,
            40.8431682
          ],
          [
            -73.9390441,
            40.8432249
          ],
          [
            -73.9390424,
            40.8432498
          ],
          [
            -73.9389715,
            40.8435584
          ],
          [
            -73.938911,
            40.843822
          ],
          [
            -73.9389049,
            40.8438455
          ],
          [
            -73.9388941,
            40.8438867
          ],
          [
            -73.9388819,
            40.8439336
          ],
          [
            -73.9388761,
            40.8439559
          ],
          [
            -73.9387608,
            40.8445708
          ],
          [
            -73.9387559,
            40.8445997
          ],
          [
            -73.9387468,
            40.844654
          ],
          [
            -73.9387362,
            40.8447168
          ],
          [
            -73.9387326,
            40.8447382
          ],
          [
            -73.9386304,
            40.8451197
          ],
          [
            -73.9385961,
            40.8452478
          ],
          [
            -73.9385676,
            40.845354
          ],
          [
            -73.9385609,
            40.8453762
          ],
          [
            -73.9385504,
            40.8454111
          ],
          [
            -73.9385344,
            40.8454642
          ],
          [
            -73.9385241,
            40.8454985
          ],
          [
            -73.9383295,
            40.8461304
          ],
          [
            -73.9383141,
            40.8461804
          ],
          [
            -73.9382888,
            40.8462626
          ],
          [
            -73.9380976,
            40.8468838
          ],
          [
            -73.9380919,
            40.8469016
          ],
          [
            -73.9380775,
            40.8469528
          ],
          [
            -73.9380655,
            40.8469954
          ],
          [
            -73.9380567,
            40.8470188
          ],
          [
            -73.937872,
            40.8475953
          ],
          [
            -73.9378618,
            40.8476274
          ],
          [
            -73.9378498,
            40.8476592
          ],
          [
            -73.937833,
            40.847712
          ],
          [
            -73.9378246,
            40.8477313
          ],
          [
            -73.9375879,
            40.8482767
          ],
          [
            -73.9375656,
            40.8482974
          ],
          [
            -73.9375238,
            40.8483423
          ],
          [
            -73.9374685,
            40.8483903
          ],
          [
            -73.9374588,
            40.8484051
          ],
          [
            -73.9369426,
            40.848875
          ],
          [
            -73.9369286,
            40.8488883
          ],
          [
            -73.9368957,
            40.8489192
          ],
          [
            -73.9368497,
            40.8489627
          ],
          [
            -73.9368338,
            40.8489771
          ],
          [
            -73.9363235,
            40.8494356
          ],
          [
            -73.9363025,
            40.8494542
          ],
          [
            -73.9362658,
            40.8494845
          ],
          [
            -73.936229,
            40.8495148
          ],
          [
            -73.9362042,
            40.8495372
          ],
          [
            -73.935932,
            40.8497836
          ],
          [
            -73.9356603,
            40.8500336
          ],
          [
            -73.9356376,
            40.8500544
          ],
          [
            -73.9356068,
            40.8501265
          ],
          [
            -73.9355835,
            40.8501827
          ],
          [
            -73.9355721,
            40.8502051
          ],
          [
            -73.9353336,
            40.8506761
          ],
          [
            -73.9353199,
            40.8507028
          ],
          [
            -73.9353082,
            40.8507263
          ],
          [
            -73.9352785,
            40.8507802
          ],
          [
            -73.9352739,
            40.850794
          ],
          [
            -73.9350045,
            40.8513167
          ],
          [
            -73.9349915,
            40.8513421
          ],
          [
            -73.9349705,
            40.8513868
          ],
          [
            -73.9349311,
            40.8514593
          ],
          [
            -73.9349221,
            40.8514774
          ],
          [
            -73.9346769,
            40.851968
          ],
          [
            -73.9346653,
            40.8519911
          ],
          [
            -73.9346542,
            40.8520093
          ],
          [
            -73.9346178,
            40.8520697
          ],
          [
            -73.9346082,
            40.8520887
          ],
          [
            -73.9343533,
            40.8525918
          ],
          [
            -73.9343401,
            40.8526178
          ],
          [
            -73.9343129,
            40.8526788
          ],
          [
            -73.9342824,
            40.8527299
          ],
          [
            -73.9342705,
            40.8527543
          ],
          [
            -73.9340966,
            40.8531106
          ],
          [
            -73.9340432,
            40.8532174
          ],
          [
            -73.9339532,
            40.8533973
          ],
          [
            -73.9336039,
            40.8540632
          ],
          [
            -73.9335901,
            40.8540894
          ],
          [
            -73.9335694,
            40.8541399
          ],
          [
            -73.9335425,
            40.8542054
          ],
          [
            -73.933535,
            40.8542282
          ],
          [
            -73.9331975,
            40.8552585
          ],
          [
            -73.9331577,
            40.8553802
          ],
          [
            -73.9330944,
            40.8555739
          ],
          [
            -73.9329582,
            40.8558338
          ],
          [
            -73.9326357,
            40.8564349
          ],
          [
            -73.9325431,
            40.8566138
          ],
          [
            -73.9325332,
            40.8566331
          ],
          [
            -73.9325079,
            40.8566829
          ],
          [
            -73.9324817,
            40.8567346
          ],
          [
            -73.9324746,
            40.856748
          ],
          [
            -73.9319511,
            40.857737
          ],
          [
            -73.9318851,
            40.8578668
          ],
          [
            -73.9317223,
            40.8581768
          ],
          [
            -73.9317106,
            40.8581989
          ],
          [
            -73.9316921,
            40.8582329
          ],
          [
            -73.9316699,
            40.8582739
          ],
          [
            -73.9316614,
            40.8582896
          ],
          [
            -73.9312485,
            40.8590849
          ],
          [
            -73.9312457,
            40.8590902
          ],
          [
            -73.931236,
            40.8591233
          ],
          [
            -73.9312315,
            40.8591582
          ],
          [
            -73.9312277,
            40.8591884
          ],
          [
            -73.9312161,
            40.8592396
          ],
          [
            -73.9312057,
            40.8592692
          ],
          [
            -73.9311946,
            40.8593214
          ],
          [
            -73.9311788,
            40.8593955
          ],
          [
            -73.9311741,
            40.8594122
          ],
          [
            -73.9311447,
            40.8594863
          ],
          [
            -73.9310771,
            40.8596027
          ],
          [
            -73.9310661,
            40.8596741
          ],
          [
            -73.9309759,
            40.8598873
          ],
          [
            -73.9308487,
            40.860185
          ],
          [
            -73.9307553,
            40.8604006
          ],
          [
            -73.9306637,
            40.8605568
          ],
          [
            -73.9306524,
            40.860576
          ],
          [
            -73.9306397,
            40.8606013
          ],
          [
            -73.930615,
            40.8606505
          ],
          [
            -73.9306046,
            40.8606676
          ],
          [
            -73.9301765,
            40.8613758
          ],
          [
            -73.92994,
            40.8618022
          ],
          [
            -73.9299069,
            40.8618983
          ],
          [
            -73.9298848,
            40.8619672
          ],
          [
            -73.9298733,
            40.8620246
          ],
          [
            -73.9298654,
            40.8620801
          ],
          [
            -73.9298629,
            40.8621119
          ],
          [
            -73.9298608,
            40.8621511
          ],
          [
            -73.929857,
            40.8622239
          ],
          [
            -73.9298558,
            40.8622464
          ],
          [
            -73.9298515,
            40.8622743
          ],
          [
            -73.9298356,
            40.8623788
          ],
          [
            -73.9298324,
            40.8623992
          ],
          [
            -73.9298048,
            40.8624191
          ],
          [
            -73.9297761,
            40.8624418
          ],
          [
            -73.9297507,
            40.8624605
          ],
          [
            -73.9297966,
            40.8625066
          ],
          [
            -73.9298396,
            40.8627084
          ],
          [
            -73.9298668,
            40.8628761
          ],
          [
            -73.9298751,
            40.8629806
          ],
          [
            -73.9298887,
            40.8631523
          ],
          [
            -73.9298995,
            40.863334
          ],
          [
            -73.9298941,
            40.8633579
          ],
          [
            -73.9298727,
            40.8634053
          ],
          [
            -73.9298469,
            40.8634625
          ],
          [
            -73.9298366,
            40.863487
          ],
          [
            -73.9297413,
            40.8636925
          ],
          [
            -73.9295992,
            40.8638737
          ],
          [
            -73.9293105,
            40.8641676
          ],
          [
            -73.9290762,
            40.8643694
          ],
          [
            -73.9288996,
            40.8645236
          ],
          [
            -73.9288778,
            40.8645384
          ],
          [
            -73.9288355,
            40.8645612
          ],
          [
            -73.9287735,
            40.8645947
          ],
          [
            -73.9287514,
            40.8646074
          ],
          [
            -73.9285938,
            40.8646874
          ],
          [
            -73.9281213,
            40.8649438
          ],
          [
            -73.9280957,
            40.864959
          ],
          [
            -73.9280451,
            40.8649853
          ],
          [
            -73.927998,
            40.8650098
          ],
          [
            -73.9279767,
            40.8650213
          ],
          [
            -73.9274358,
            40.8653135
          ],
          [
            -73.9274131,
            40.8653501
          ],
          [
            -73.927372,
            40.865372
          ],
          [
            -73.9273107,
            40.8654003
          ],
          [
            -73.927211,
            40.8654368
          ],
          [
            -73.9271302,
            40.8654663
          ],
          [
            -73.9270992,
            40.8654827
          ],
          [
            -73.9270161,
            40.8655187
          ],
          [
            -73.926713,
            40.8656282
          ],
          [
            -73.9262633,
            40.8657816
          ],
          [
            -73.9258986,
            40.865906
          ],
          [
            -73.9257333,
            40.8659657
          ],
          [
            -73.925059,
            40.866201
          ],
          [
            -73.9250123,
            40.8662173
          ],
          [
            -73.9249455,
            40.8662426
          ],
          [
            -73.924886,
            40.8662651
          ],
          [
            -73.9248479,
            40.8662778
          ],
          [
            -73.9231507,
            40.8668866
          ],
          [
            -73.9231221,
            40.866896
          ],
          [
            -73.92305,
            40.8669225
          ],
          [
            -73.9229783,
            40.8669489
          ],
          [
            -73.9229478,
            40.8669575
          ],
          [
            -73.9212605,
            40.8675634
          ],
          [
            -73.9212388,
            40.8675753
          ],
          [
            -73.9211514,
            40.8676035
          ],
          [
            -73.9212171,
            40.867707
          ]
        ]
      }
    },
    {
      "type": "Feature",
      "properties": {
        "scenario": "Inwood Hill Park | 8.0mi | mix | hilly | amenity",
        "shape": "mix",
        "target_miles": 8.0,
        "distance_m": 12872.398573280801,
        "candidate_index": 3
      },
      "geometry": {
        "type": "LineString",
        "coordinates": [
          [
            -73.9212171,
            40.867707
          ],
          [
            -73.9211172,
            40.8677392
          ],
          [
            -73.9210173,
            40.8677714
          ],
          [
            -73.9206966,
            40.8678696
          ],
          [
            -73.9205774,
            40.8679012
          ],
          [
            -73.9205443,
            40.86791
          ],
          [
            -73.9205194,
            40.8679153
          ],
          [
            -73.9198676,
            40.868089
          ],
          [
            -73.9197555,
            40.8681187
          ],
          [
            -73.9196431,
            40.8681472
          ],
          [
            -73.9195155,
            40.8681795
          ],
          [
            -73.919497,
            40.8681842
          ],
          [
            -73.9191084,
            40.8682826
          ],
          [
            -73.9190468,
            40.8682982
          ],
          [
            -73.9185973,
            40.8684683
          ],
          [
            -73.918505,
            40.8685048
          ],
          [
            -73.9185973,
            40.8684683
          ],
          [
            -73.9190468,
            40.8682982
          ],
          [
            -73.9191084,
            40.8682826
          ],
          [
            -73.919497,
            40.8681842
          ],
          [
            -73.9195155,
            40.8681795
          ],
          [
            -73.9196431,
            40.8681472
          ],
          [
            -73.9197555,
            40.8681187
          ],
          [
            -73.9198676,
            40.868089
          ],
          [
            -73.9205194,
            40.8679153
          ],
          [
            -73.9205443,
            40.86791
          ],
          [
            -73.9205774,
            40.8679012
          ],
          [
            -73.9206966,
            40.8678696
          ],
          [
            -73.9210173,
            40.8677714
          ],
          [
            -73.9211172,
            40.8677392
          ],
          [
            -73.9212171,
            40.867707
          ],
          [
            -73.9213249,
            40.8676676
          ],
          [
            -73.9230078,
            40.8670533
          ],
          [
            -73.92311,
            40.867016
          ],
          [
            -73.9232126,
            40.8669792
          ],
          [
            -73.9249072,
            40.8663711
          ],
          [
            -73.925005,
            40.866336
          ],
          [
            -73.9251166,
            40.8662959
          ],
          [
            -73.9257983,
            40.8660514
          ],
          [
            -73.925872,
            40.866025
          ],
          [
            -73.925967,
            40.8659914
          ],
          [
            -73.9263199,
            40.8658667
          ],
          [
            -73.9265267,
            40.8657937
          ],
          [
            -73.9271619,
            40.8655693
          ],
          [
            -73.9272475,
            40.865539
          ],
          [
            -73.9272714,
            40.8655306
          ],
          [
            -73.9272948,
            40.8655188
          ],
          [
            -73.9274931,
            40.8654184
          ],
          [
            -73.9275773,
            40.8654449
          ],
          [
            -73.9275983,
            40.8654515
          ],
          [
            -73.9277609,
            40.8653672
          ],
          [
            -73.9277762,
            40.8653645
          ],
          [
            -73.9277915,
            40.865368
          ],
          [
            -73.9278078,
            40.8653879
          ],
          [
            -73.92782,
            40.8653796
          ],
          [
            -73.9278578,
            40.8653587
          ],
          [
            -73.9278865,
            40.8653403
          ],
          [
            -73.9279083,
            40.865329
          ],
          [
            -73.9281272,
            40.8652149
          ],
          [
            -73.9282884,
            40.8651302
          ],
          [
            -73.9287266,
            40.8648997
          ],
          [
            -73.9289299,
            40.8647849
          ],
          [
            -73.9290352,
            40.8647226
          ],
          [
            -73.9291886,
            40.8646031
          ],
          [
            -73.929233,
            40.864569
          ],
          [
            -73.9294606,
            40.8643815
          ],
          [
            -73.9296576,
            40.8641904
          ],
          [
            -73.9299818,
            40.8637992
          ],
          [
            -73.9301114,
            40.8635412
          ],
          [
            -73.9301802,
            40.8633541
          ],
          [
            -73.930185,
            40.8633245
          ],
          [
            -73.9301892,
            40.8632989
          ],
          [
            -73.930163,
            40.863064
          ],
          [
            -73.9301101,
            40.8626789
          ],
          [
            -73.9300902,
            40.8625349
          ],
          [
            -73.9301141,
            40.8622388
          ],
          [
            -73.9301695,
            40.8620422
          ],
          [
            -73.9302856,
            40.8617399
          ],
          [
            -73.9303764,
            40.861593
          ],
          [
            -73.9305358,
            40.8613221
          ],
          [
            -73.9307581,
            40.8609542
          ],
          [
            -73.9308693,
            40.8607589
          ],
          [
            -73.9308732,
            40.8607521
          ],
          [
            -73.9309312,
            40.8606528
          ],
          [
            -73.9309345,
            40.8606448
          ],
          [
            -73.9314183,
            40.8594799
          ],
          [
            -73.9314371,
            40.8594432
          ],
          [
            -73.9314426,
            40.8594224
          ],
          [
            -73.931462,
            40.8593709
          ],
          [
            -73.9314707,
            40.8593476
          ],
          [
            -73.9314804,
            40.8593207
          ],
          [
            -73.9315491,
            40.8591652
          ],
          [
            -73.9316307,
            40.8589521
          ],
          [
            -73.9317079,
            40.8587949
          ],
          [
            -73.9317951,
            40.8586271
          ],
          [
            -73.9318895,
            40.8584453
          ],
          [
            -73.9319273,
            40.8583743
          ],
          [
            -73.9319893,
            40.8582578
          ],
          [
            -73.9321571,
            40.8579521
          ],
          [
            -73.9321693,
            40.8579299
          ],
          [
            -73.9321905,
            40.857883
          ],
          [
            -73.9322082,
            40.8578439
          ],
          [
            -73.932221,
            40.8578197
          ],
          [
            -73.9327422,
            40.8568354
          ],
          [
            -73.9328251,
            40.8566792
          ],
          [
            -73.9328594,
            40.856613
          ],
          [
            -73.9328726,
            40.8565922
          ],
          [
            -73.9328947,
            40.856546
          ],
          [
            -73.9329157,
            40.8565023
          ],
          [
            -73.9329265,
            40.8564813
          ],
          [
            -73.9330744,
            40.8561962
          ],
          [
            -73.933084,
            40.8561785
          ],
          [
            -73.9333498,
            40.8556784
          ],
          [
            -73.9334435,
            40.8554257
          ],
          [
            -73.9334464,
            40.855406
          ],
          [
            -73.9334585,
            40.855375
          ],
          [
            -73.9334802,
            40.8553194
          ],
          [
            -73.9334782,
            40.8552922
          ],
          [
            -73.9338206,
            40.8542694
          ],
          [
            -73.9338296,
            40.8542424
          ],
          [
            -73.9338538,
            40.8541916
          ],
          [
            -73.933871,
            40.8541556
          ],
          [
            -73.9338828,
            40.8541318
          ],
          [
            -73.9341046,
            40.8536828
          ],
          [
            -73.9341852,
            40.8535269
          ],
          [
            -73.9342593,
            40.8533834
          ],
          [
            -73.9343003,
            40.8533061
          ],
          [
            -73.9343118,
            40.8532845
          ],
          [
            -73.9343331,
            40.8532416
          ],
          [
            -73.934353,
            40.8532016
          ],
          [
            -73.9343618,
            40.8531849
          ],
          [
            -73.9344925,
            40.8529386
          ],
          [
            -73.934546,
            40.852833
          ],
          [
            -73.9346192,
            40.8526886
          ],
          [
            -73.9348807,
            40.8521702
          ],
          [
            -73.9348907,
            40.8521504
          ],
          [
            -73.9349182,
            40.8521005
          ],
          [
            -73.9349357,
            40.8520648
          ],
          [
            -73.9349445,
            40.8520477
          ],
          [
            -73.9351814,
            40.8515838
          ],
          [
            -73.9352638,
            40.8514215
          ],
          [
            -73.9353568,
            40.8512388
          ],
          [
            -73.9353878,
            40.8511785
          ],
          [
            -73.935456,
            40.851046
          ],
          [
            -73.9355992,
            40.8507666
          ],
          [
            -73.935832,
            40.850308
          ],
          [
            -73.9358436,
            40.8502852
          ],
          [
            -73.9358662,
            40.8502323
          ],
          [
            -73.93589,
            40.8501768
          ],
          [
            -73.9359036,
            40.8501523
          ],
          [
            -73.9364835,
            40.8496361
          ],
          [
            -73.9365049,
            40.849617
          ],
          [
            -73.936544,
            40.8495805
          ],
          [
            -73.9365829,
            40.8495447
          ],
          [
            -73.9366019,
            40.8495282
          ],
          [
            -73.9371708,
            40.8490347
          ],
          [
            -73.9371882,
            40.8490196
          ],
          [
            -73.9372341,
            40.8489854
          ],
          [
            -73.9372861,
            40.8489466
          ],
          [
            -73.9373053,
            40.8489292
          ],
          [
            -73.9377766,
            40.848484
          ],
          [
            -73.937789,
            40.8484721
          ],
          [
            -73.9378063,
            40.8484759
          ],
          [
            -73.9378374,
            40.848417
          ],
          [
            -73.9378618,
            40.8483692
          ],
          [
            -73.9378708,
            40.848348
          ],
          [
            -73.9380122,
            40.8480152
          ],
          [
            -73.9381033,
            40.8478105
          ],
          [
            -73.9381633,
            40.8476452
          ],
          [
            -73.9381712,
            40.8476235
          ],
          [
            -73.9381837,
            40.8475771
          ],
          [
            -73.938195,
            40.8475406
          ],
          [
            -73.9382003,
            40.8475224
          ],
          [
            -73.9383557,
            40.846999
          ],
          [
            -73.9383615,
            40.8469795
          ],
          [
            -73.938374,
            40.8469374
          ],
          [
            -73.9383866,
            40.8468947
          ],
          [
            -73.9383933,
            40.8468722
          ],
          [
            -73.938572,
            40.8463051
          ],
          [
            -73.9385784,
            40.8462848
          ],
          [
            -73.9385925,
            40.8462414
          ],
          [
            -73.9385991,
            40.8462034
          ],
          [
            -73.9386063,
            40.8461801
          ],
          [
            -73.9388077,
            40.8455295
          ],
          [
            -73.9388141,
            40.8455077
          ],
          [
            -73.9388285,
            40.8454593
          ],
          [
            -73.9388401,
            40.8454202
          ],
          [
            -73.9388486,
            40.8453915
          ],
          [
            -73.9389814,
            40.8448082
          ],
          [
            -73.9389887,
            40.84478
          ],
          [
            -73.9390003,
            40.8447357
          ],
          [
            -73.9390122,
            40.8446904
          ],
          [
            -73.9390183,
            40.8446671
          ],
          [
            -73.9391416,
            40.8440767
          ],
          [
            -73.9391483,
            40.8440521
          ],
          [
            -73.9391608,
            40.8440056
          ],
          [
            -73.9391733,
            40.8439601
          ],
          [
            -73.9391792,
            40.8439387
          ],
          [
            -73.9393126,
            40.8433635
          ],
          [
            -73.939316,
            40.8433416
          ],
          [
            -73.9393247,
            40.8432851
          ],
          [
            -73.9393318,
            40.8432391
          ],
          [
            -73.9393361,
            40.8432113
          ],
          [
            -73.9393802,
            40.8425792
          ],
          [
            -73.9393815,
            40.8425605
          ],
          [
            -73.9393818,
            40.8425008
          ],
          [
            -73.9393844,
            40.8424305
          ],
          [
            -73.9393848,
            40.8424192
          ],
          [
            -73.9393853,
            40.8424069
          ],
          [
            -73.9393857,
            40.8423946
          ],
          [
            -73.93943,
            40.8418827
          ],
          [
            -73.9394754,
            40.8418244
          ],
          [
            -73.9394877,
            40.8418086
          ],
          [
            -73.9395125,
            40.8417695
          ],
          [
            -73.939546,
            40.8417276
          ],
          [
            -73.9395577,
            40.8417118
          ],
          [
            -73.9399068,
            40.8412394
          ],
          [
            -73.9399217,
            40.8412192
          ],
          [
            -73.9399598,
            40.841163
          ],
          [
            -73.9399907,
            40.841114
          ],
          [
            -73.9400072,
            40.8410948
          ],
          [
            -73.9402755,
            40.8407154
          ],
          [
            -73.9404218,
            40.8405238
          ],
          [
            -73.9407769,
            40.8400467
          ],
          [
            -73.9408729,
            40.83991
          ],
          [
            -73.941052,
            40.8396701
          ],
          [
            -73.9412791,
            40.8393659
          ],
          [
            -73.9413002,
            40.8393391
          ],
          [
            -73.9413489,
            40.8392808
          ],
          [
            -73.941379,
            40.8392414
          ],
          [
            -73.9413983,
            40.8392139
          ],
          [
            -73.9418437,
            40.8385775
          ],
          [
            -73.9418603,
            40.8385544
          ],
          [
            -73.9418889,
            40.8385149
          ],
          [
            -73.9419138,
            40.8384814
          ],
          [
            -73.9419315,
            40.8384559
          ],
          [
            -73.9422939,
            40.8379448
          ],
          [
            -73.9423054,
            40.8379297
          ],
          [
            -73.9423373,
            40.8378868
          ],
          [
            -73.9423645,
            40.8378502
          ],
          [
            -73.9423792,
            40.8378318
          ],
          [
            -73.9427681,
            40.8373304
          ],
          [
            -73.9427806,
            40.8373127
          ],
          [
            -73.9428049,
            40.8372781
          ],
          [
            -73.9428378,
            40.8372312
          ],
          [
            -73.9428542,
            40.8372079
          ],
          [
            -73.9432248,
            40.8367095
          ],
          [
            -73.9432408,
            40.836688
          ],
          [
            -73.9432693,
            40.8366482
          ],
          [
            -73.9433014,
            40.8366071
          ],
          [
            -73.9433155,
            40.8365867
          ],
          [
            -73.943675,
            40.8360835
          ],
          [
            -73.9436892,
            40.8360632
          ],
          [
            -73.9437151,
            40.8360238
          ],
          [
            -73.9437381,
            40.8359875
          ],
          [
            -73.9437503,
            40.8359713
          ],
          [
            -73.9441283,
            40.8354733
          ],
          [
            -73.9441427,
            40.8354504
          ],
          [
            -73.9441791,
            40.8354006
          ],
          [
            -73.9442086,
            40.8353567
          ],
          [
            -73.944227,
            40.8353321
          ],
          [
            -73.9445876,
            40.8348311
          ],
          [
            -73.9446006,
            40.8348129
          ],
          [
            -73.944629,
            40.8347694
          ],
          [
            -73.9446622,
            40.834729
          ],
          [
            -73.9446695,
            40.8347135
          ],
          [
            -73.9450408,
            40.8342078
          ],
          [
            -73.9450549,
            40.8341917
          ],
          [
            -73.9450701,
            40.8341548
          ],
          [
            -73.9450851,
            40.8341182
          ],
          [
            -73.9450969,
            40.8340771
          ],
          [
            -73.9452715,
            40.8338159
          ],
          [
            -73.9453291,
            40.8338073
          ],
          [
            -73.9453711,
            40.8338003
          ],
          [
            -73.9453915,
            40.8337979
          ],
          [
            -73.9454369,
            40.8336376
          ],
          [
            -73.9454845,
            40.8335863
          ],
          [
            -73.9455023,
            40.8335624
          ],
          [
            -73.9455279,
            40.8335263
          ],
          [
            -73.9455567,
            40.8334866
          ],
          [
            -73.9455669,
            40.8334726
          ],
          [
            -73.9459434,
            40.8329445
          ],
          [
            -73.946007,
            40.8328753
          ],
          [
            -73.9460256,
            40.832852
          ],
          [
            -73.9460766,
            40.832784
          ],
          [
            -73.9460915,
            40.8327606
          ],
          [
            -73.9461785,
            40.8326669
          ],
          [
            -73.9463779,
            40.8323857
          ],
          [
            -73.9469325,
            40.8316163
          ],
          [
            -73.9469445,
            40.8315996
          ],
          [
            -73.9469684,
            40.8315603
          ],
          [
            -73.9469901,
            40.8315246
          ],
          [
            -73.947008,
            40.8314989
          ],
          [
            -73.9471271,
            40.8313207
          ],
          [
            -73.947248,
            40.8311423
          ],
          [
            -73.9473649,
            40.830981
          ],
          [
            -73.9473944,
            40.8309838
          ],
          [
            -73.9474322,
            40.8309349
          ],
          [
            -73.9474772,
            40.8308848
          ],
          [
            -73.9474673,
            40.8308663
          ],
          [
            -73.9478486,
            40.8303665
          ],
          [
            -73.9478923,
            40.8303041
          ],
          [
            -73.9479277,
            40.8302535
          ],
          [
            -73.9483076,
            40.8297474
          ],
          [
            -73.948344,
            40.8296881
          ],
          [
            -73.9483808,
            40.8296281
          ],
          [
            -73.9487514,
            40.8291258
          ],
          [
            -73.9487929,
            40.8290686
          ],
          [
            -73.9488344,
            40.8290115
          ],
          [
            -73.9492026,
            40.828494
          ],
          [
            -73.9492139,
            40.8284781
          ],
          [
            -73.9492404,
            40.8284356
          ],
          [
            -73.9492579,
            40.8284063
          ],
          [
            -73.9492688,
            40.828389
          ],
          [
            -73.9503113,
            40.8288224
          ],
          [
            -73.9506876,
            40.8283074
          ],
          [
            -73.9506972,
            40.8282942
          ],
          [
            -73.9507349,
            40.8282447
          ],
          [
            -73.9507563,
            40.8282203
          ],
          [
            -73.9507722,
            40.8281983
          ],
          [
            -73.9508008,
            40.828208
          ],
          [
            -73.9508592,
            40.8282288
          ],
          [
            -73.950948,
            40.8282632
          ],
          [
            -73.9510448,
            40.828299
          ],
          [
            -73.951399,
            40.8278116
          ],
          [
            -73.951608,
            40.8276135
          ],
          [
            -73.9520895,
            40.8272453
          ],
          [
            -73.9521237,
            40.8272151
          ],
          [
            -73.9521683,
            40.827235
          ],
          [
            -73.9523426,
            40.8272998
          ],
          [
            -73.9525196,
            40.8273728
          ],
          [
            -73.9527074,
            40.8274094
          ],
          [
            -73.95282,
            40.8274094
          ],
          [
            -73.9541217,
            40.8273321
          ],
          [
            -73.9543819,
            40.8272766
          ],
          [
            -73.9545826,
            40.8272256
          ],
          [
            -73.9551603,
            40.8270793
          ],
          [
            -73.9563329,
            40.8267805
          ],
          [
            -73.9565518,
            40.8267216
          ],
          [
            -73.9570203,
            40.8266057
          ],
          [
            -73.9573047,
            40.8265285
          ],
          [
            -73.9573476,
            40.8265204
          ],
          [
            -73.9574119,
            40.8265529
          ],
          [
            -73.957428,
            40.8266097
          ],
          [
            -73.9574763,
            40.8266625
          ],
          [
            -73.9575107,
            40.8266795
          ],
          [
            -73.957766,
            40.8262931
          ],
          [
            -73.9575107,
            40.8266795
          ],
          [
            -73.9574763,
            40.8266625
          ],
          [
            -73.957428,
            40.8266097
          ],
          [
            -73.9574119,
            40.8265529
          ],
          [
            -73.9573476,
            40.8265204
          ],
          [
            -73.9573047,
            40.8265285
          ],
          [
            -73.9570203,
            40.8266057
          ],
          [
            -73.9565518,
            40.8267216
          ],
          [
            -73.9564135,
            40.8263986
          ],
          [
            -73.9563971,
            40.8263602
          ],
          [
            -73.956365,
            40.8262853
          ],
          [
            -73.9560387,
            40.8261591
          ],
          [
            -73.9560278,
            40.8261182
          ],
          [
            -73.9559936,
            40.8261278
          ],
          [
            -73.9558795,
            40.8261599
          ],
          [
            -73.9552144,
            40.8263471
          ],
          [
            -73.9551244,
            40.8263151
          ],
          [
            -73.9550623,
            40.8264514
          ],
          [
            -73.9548263,
            40.8267964
          ],
          [
            -73.9549112,
            40.8270636
          ],
          [
            -73.9547758,
            40.8270935
          ],
          [
            -73.9544164,
            40.827195
          ],
          [
            -73.9542071,
            40.8272396
          ],
          [
            -73.9540184,
            40.8272591
          ],
          [
            -73.9530001,
            40.8273249
          ],
          [
            -73.9527802,
            40.8273208
          ],
          [
            -73.9525495,
            40.8272721
          ],
          [
            -73.952363,
            40.8272014
          ],
          [
            -73.9522264,
            40.827158
          ],
          [
            -73.9522874,
            40.8270772
          ],
          [
            -73.9521886,
            40.8270423
          ],
          [
            -73.952134,
            40.8270185
          ],
          [
            -73.9520405,
            40.8269756
          ],
          [
            -73.9519938,
            40.8269522
          ],
          [
            -73.9519502,
            40.8269321
          ],
          [
            -73.9519314,
            40.8269561
          ],
          [
            -73.9518659,
            40.827033
          ],
          [
            -73.9517907,
            40.8271213
          ],
          [
            -73.9517751,
            40.8271358
          ],
          [
            -73.9517173,
            40.8271893
          ],
          [
            -73.9515526,
            40.827317
          ],
          [
            -73.9513358,
            40.8274829
          ],
          [
            -73.9512405,
            40.8275869
          ],
          [
            -73.9512263,
            40.8275988
          ],
          [
            -73.951203,
            40.8276279
          ],
          [
            -73.9511631,
            40.8276748
          ],
          [
            -73.9511566,
            40.8276835
          ],
          [
            -73.9501112,
            40.8272535
          ],
          [
            -73.9497331,
            40.8277589
          ],
          [
            -73.9497176,
            40.8277804
          ],
          [
            -73.9496934,
            40.8278105
          ],
          [
            -73.9496641,
            40.8278488
          ],
          [
            -73.9496475,
            40.8278714
          ],
          [
            -73.9496219,
            40.8278608
          ],
          [
            -73.9495708,
            40.8278375
          ],
          [
            -73.9494647,
            40.827795
          ],
          [
            -73.949371,
            40.8277575
          ],
          [
            -73.949289,
            40.8277242
          ],
          [
            -73.9492602,
            40.827712
          ],
          [
            -73.9488957,
            40.8282221
          ],
          [
            -73.9488843,
            40.828238
          ],
          [
            -73.9488587,
            40.8282764
          ],
          [
            -73.9488298,
            40.8283209
          ],
          [
            -73.9488172,
            40.8283385
          ],
          [
            -73.9484218,
            40.8288399
          ],
          [
            -73.9483822,
            40.8288945
          ],
          [
            -73.9483388,
            40.8289541
          ],
          [
            -73.9479813,
            40.829464
          ],
          [
            -73.9479672,
            40.8294817
          ],
          [
            -73.9479412,
            40.8295189
          ],
          [
            -73.9479159,
            40.8295553
          ],
          [
            -73.9479069,
            40.8295674
          ],
          [
            -73.9475343,
            40.8301026
          ],
          [
            -73.9475087,
            40.8301433
          ],
          [
            -73.9474681,
            40.8302077
          ],
          [
            -73.9470941,
            40.8307114
          ],
          [
            -73.9470462,
            40.8307673
          ],
          [
            -73.9469897,
            40.8308333
          ],
          [
            -73.9466301,
            40.8313343
          ],
          [
            -73.9466097,
            40.8313624
          ],
          [
            -73.9465826,
            40.8313981
          ],
          [
            -73.9465544,
            40.8314365
          ],
          [
            -73.946541,
            40.8314547
          ],
          [
            -73.9457019,
            40.8325976
          ],
          [
            -73.945685,
            40.8326212
          ],
          [
            -73.9456378,
            40.8326856
          ],
          [
            -73.9455812,
            40.8327661
          ],
          [
            -73.9455621,
            40.8327922
          ],
          [
            -73.9454865,
            40.8329021
          ],
          [
            -73.9451989,
            40.83332
          ],
          [
            -73.9451917,
            40.83333
          ],
          [
            -73.9451652,
            40.8333666
          ],
          [
            -73.9451284,
            40.8334174
          ],
          [
            -73.945116,
            40.8334335
          ],
          [
            -73.9447213,
            40.8339173
          ],
          [
            -73.9447028,
            40.8339423
          ],
          [
            -73.9446737,
            40.8339815
          ],
          [
            -73.9446447,
            40.8340207
          ],
          [
            -73.9446276,
            40.8340438
          ],
          [
            -73.9442783,
            40.8345512
          ],
          [
            -73.9442635,
            40.8345715
          ],
          [
            -73.9442389,
            40.8346055
          ],
          [
            -73.9442085,
            40.8346498
          ],
          [
            -73.9441951,
            40.834666
          ],
          [
            -73.9439768,
            40.8349727
          ],
          [
            -73.943811,
            40.8351775
          ],
          [
            -73.9437965,
            40.8352002
          ],
          [
            -73.9437756,
            40.8352303
          ],
          [
            -73.9437492,
            40.8352663
          ],
          [
            -73.9437391,
            40.8352858
          ],
          [
            -73.9433688,
            40.8358072
          ],
          [
            -73.9433576,
            40.8358229
          ],
          [
            -73.9433294,
            40.8358625
          ],
          [
            -73.9433018,
            40.8358981
          ],
          [
            -73.9432876,
            40.8359185
          ],
          [
            -73.9432623,
            40.8359077
          ],
          [
            -73.9429142,
            40.8364096
          ],
          [
            -73.9428943,
            40.8364361
          ],
          [
            -73.9428625,
            40.8364783
          ],
          [
            -73.9428264,
            40.8365264
          ],
          [
            -73.9428203,
            40.8365346
          ],
          [
            -73.9428112,
            40.8365472
          ],
          [
            -73.9424498,
            40.8370452
          ],
          [
            -73.9424384,
            40.8370614
          ],
          [
            -73.9424051,
            40.8371088
          ],
          [
            -73.9423799,
            40.8371447
          ],
          [
            -73.9423637,
            40.8371677
          ],
          [
            -73.942001,
            40.8376765
          ],
          [
            -73.9419617,
            40.837731
          ],
          [
            -73.9419314,
            40.8377731
          ],
          [
            -73.9419172,
            40.8377927
          ],
          [
            -73.9415491,
            40.8382978
          ],
          [
            -73.9415307,
            40.8383209
          ],
          [
            -73.9415097,
            40.8383523
          ],
          [
            -73.9414786,
            40.8383952
          ],
          [
            -73.9414613,
            40.8384193
          ],
          [
            -73.9410139,
            40.8390142
          ],
          [
            -73.9409958,
            40.839039
          ],
          [
            -73.9409571,
            40.8390918
          ],
          [
            -73.9409215,
            40.8391405
          ],
          [
            -73.9409023,
            40.839165
          ],
          [
            -73.9404893,
            40.8397379
          ],
          [
            -73.9404733,
            40.8397598
          ],
          [
            -73.9404513,
            40.8397938
          ],
          [
            -73.9404032,
            40.8398615
          ],
          [
            -73.9403892,
            40.8398804
          ],
          [
            -73.9401973,
            40.8401475
          ],
          [
            -73.94006,
            40.8403365
          ],
          [
            -73.9399397,
            40.8405046
          ],
          [
            -73.9399262,
            40.8405981
          ],
          [
            -73.9399207,
            40.8406234
          ],
          [
            -73.9397432,
            40.8408689
          ],
          [
            -73.939701,
            40.8408986
          ],
          [
            -73.9396656,
            40.8409439
          ],
          [
            -73.9396066,
            40.8409177
          ],
          [
            -73.939503,
            40.8408689
          ],
          [
            -73.9394242,
            40.8408376
          ],
          [
            -73.9393982,
            40.840827
          ],
          [
            -73.9393906,
            40.8408561
          ],
          [
            -73.9393717,
            40.840913
          ],
          [
            -73.939355,
            40.8409758
          ],
          [
            -73.9393496,
            40.8409947
          ],
          [
            -73.9391933,
            40.8415518
          ],
          [
            -73.9391874,
            40.8415731
          ],
          [
            -73.9391772,
            40.8416189
          ],
          [
            -73.9391667,
            40.8416653
          ],
          [
            -73.93916,
            40.8416878
          ],
          [
            -73.9391735,
            40.8416934
          ],
          [
            -73.9391901,
            40.8417007
          ],
          [
            -73.9392178,
            40.8417128
          ],
          [
            -73.9391645,
            40.8418125
          ],
          [
            -73.9391604,
            40.8418721
          ],
          [
            -73.9391578,
            40.8419095
          ],
          [
            -73.9391196,
            40.8419836
          ],
          [
            -73.9391257,
            40.8422791
          ],
          [
            -73.9391227,
            40.8423197
          ],
          [
            -73.9391218,
            40.8423308
          ],
          [
            -73.9391196,
            40.8423586
          ],
          [
            -73.9391174,
            40.8423864
          ],
          [
            -73.9391162,
            40.8424119
          ],
          [
            -73.939115,
            40.8424374
          ],
          [
            -73.9391131,
            40.8424609
          ],
          [
            -73.9390531,
            40.8430966
          ],
          [
            -73.9390518,
            40.8431159
          ],
          [
            -73.9390481,
            40.8431682
          ],
          [
            -73.9390441,
            40.8432249
          ],
          [
            -73.9390424,
            40.8432498
          ],
          [
            -73.9389715,
            40.8435584
          ],
          [
            -73.938911,
            40.843822
          ],
          [
            -73.9389049,
            40.8438455
          ],
          [
            -73.9388941,
            40.8438867
          ],
          [
            -73.9388819,
            40.8439336
          ],
          [
            -73.9388761,
            40.8439559
          ],
          [
            -73.9387608,
            40.8445708
          ],
          [
            -73.9387559,
            40.8445997
          ],
          [
            -73.9387468,
            40.844654
          ],
          [
            -73.9387362,
            40.8447168
          ],
          [
            -73.9387326,
            40.8447382
          ],
          [
            -73.9386304,
            40.8451197
          ],
          [
            -73.9385961,
            40.8452478
          ],
          [
            -73.9385676,
            40.845354
          ],
          [
            -73.9385609,
            40.8453762
          ],
          [
            -73.9385504,
            40.8454111
          ],
          [
            -73.9385344,
            40.8454642
          ],
          [
            -73.9385241,
            40.8454985
          ],
          [
            -73.9383295,
            40.8461304
          ],
          [
            -73.9383141,
            40.8461804
          ],
          [
            -73.9382888,
            40.8462626
          ],
          [
            -73.9380976,
            40.8468838
          ],
          [
            -73.9380919,
            40.8469016
          ],
          [
            -73.9380775,
            40.8469528
          ],
          [
            -73.9380655,
            40.8469954
          ],
          [
            -73.9380567,
            40.8470188
          ],
          [
            -73.937872,
            40.8475953
          ],
          [
            -73.9378618,
            40.8476274
          ],
          [
            -73.9378498,
            40.8476592
          ],
          [
            -73.937833,
            40.847712
          ],
          [
            -73.9378246,
            40.8477313
          ],
          [
            -73.9375879,
            40.8482767
          ],
          [
            -73.9375656,
            40.8482974
          ],
          [
            -73.9375238,
            40.8483423
          ],
          [
            -73.9374685,
            40.8483903
          ],
          [
            -73.9374588,
            40.8484051
          ],
          [
            -73.9369426,
            40.848875
          ],
          [
            -73.9369286,
            40.8488883
          ],
          [
            -73.9368957,
            40.8489192
          ],
          [
            -73.9368497,
            40.8489627
          ],
          [
            -73.9368338,
            40.8489771
          ],
          [
            -73.9363235,
            40.8494356
          ],
          [
            -73.9363025,
            40.8494542
          ],
          [
            -73.9362658,
            40.8494845
          ],
          [
            -73.936229,
            40.8495148
          ],
          [
            -73.9362042,
            40.8495372
          ],
          [
            -73.935932,
            40.8497836
          ],
          [
            -73.9356603,
            40.8500336
          ],
          [
            -73.9356376,
            40.8500544
          ],
          [
            -73.9356068,
            40.8501265
          ],
          [
            -73.9355835,
            40.8501827
          ],
          [
            -73.9355721,
            40.8502051
          ],
          [
            -73.9353336,
            40.8506761
          ],
          [
            -73.9353199,
            40.8507028
          ],
          [
            -73.9353082,
            40.8507263
          ],
          [
            -73.9352785,
            40.8507802
          ],
          [
            -73.9352739,
            40.850794
          ],
          [
            -73.9350045,
            40.8513167
          ],
          [
            -73.9349915,
            40.8513421
          ],
          [
            -73.9349705,
            40.8513868
          ],
          [
            -73.9349311,
            40.8514593
          ],
          [
            -73.9349221,
            40.8514774
          ],
          [
            -73.9346769,
            40.851968
          ],
          [
            -73.9346653,
            40.8519911
          ],
          [
            -73.9346542,
            40.8520093
          ],
          [
            -73.9346178,
            40.8520697
          ],
          [
            -73.9346082,
            40.8520887
          ],
          [
            -73.9343533,
            40.8525918
          ],
          [
            -73.9343401,
            40.8526178
          ],
          [
            -73.9343129,
            40.8526788
          ],
          [
            -73.9342824,
            40.8527299
          ],
          [
            -73.9342705,
            40.8527543
          ],
          [
            -73.9340966,
            40.8531106
          ],
          [
            -73.9340432,
            40.8532174
          ],
          [
            -73.9339532,
            40.8533973
          ],
          [
            -73.9336039,
            40.8540632
          ],
          [
            -73.9335901,
            40.8540894
          ],
          [
            -73.9335694,
            40.8541399
          ],
          [
            -73.9335425,
            40.8542054
          ],
          [
            -73.933535,
            40.8542282
          ],
          [
            -73.9331975,
            40.8552585
          ],
          [
            -73.9331577,
            40.8553802
          ],
          [
            -73.9330944,
            40.8555739
          ],
          [
            -73.9329582,
            40.8558338
          ],
          [
            -73.9326357,
            40.8564349
          ],
          [
            -73.9325431,
            40.8566138
          ],
          [
            -73.9325332,
            40.8566331
          ],
          [
            -73.9325079,
            40.8566829
          ],
          [
            -73.9324817,
            40.8567346
          ],
          [
            -73.9324746,
            40.856748
          ],
          [
            -73.9319511,
            40.857737
          ],
          [
            -73.9318851,
            40.8578668
          ],
          [
            -73.9317223,
            40.8581768
          ],
          [
            -73.9317106,
            40.8581989
          ],
          [
            -73.9316921,
            40.8582329
          ],
          [
            -73.9316699,
            40.8582739
          ],
          [
            -73.9316614,
            40.8582896
          ],
          [
            -73.9312485,
            40.8590849
          ],
          [
            -73.9312457,
            40.8590902
          ],
          [
            -73.931236,
            40.8591233
          ],
          [
            -73.9312315,
            40.8591582
          ],
          [
            -73.9312277,
            40.8591884
          ],
          [
            -73.9312161,
            40.8592396
          ],
          [
            -73.9312057,
            40.8592692
          ],
          [
            -73.9311946,
            40.8593214
          ],
          [
            -73.9311788,
            40.8593955
          ],
          [
            -73.9311741,
            40.8594122
          ],
          [
            -73.9311447,
            40.8594863
          ],
          [
            -73.9310771,
            40.8596027
          ],
          [
            -73.9310661,
            40.8596741
          ],
          [
            -73.9309759,
            40.8598873
          ],
          [
            -73.9308487,
            40.860185
          ],
          [
            -73.9307553,
            40.8604006
          ],
          [
            -73.9306637,
            40.8605568
          ],
          [
            -73.9306524,
            40.860576
          ],
          [
            -73.9306397,
            40.8606013
          ],
          [
            -73.930615,
            40.8606505
          ],
          [
            -73.9306046,
            40.8606676
          ],
          [
            -73.9301765,
            40.8613758
          ],
          [
            -73.92994,
            40.8618022
          ],
          [
            -73.9299069,
            40.8618983
          ],
          [
            -73.9298848,
            40.8619672
          ],
          [
            -73.9298733,
            40.8620246
          ],
          [
            -73.9298654,
            40.8620801
          ],
          [
            -73.9298629,
            40.8621119
          ],
          [
            -73.9298608,
            40.8621511
          ],
          [
            -73.929857,
            40.8622239
          ],
          [
            -73.9298558,
            40.8622464
          ],
          [
            -73.9298515,
            40.8622743
          ],
          [
            -73.9298356,
            40.8623788
          ],
          [
            -73.9298324,
            40.8623992
          ],
          [
            -73.9298048,
            40.8624191
          ],
          [
            -73.9297761,
            40.8624418
          ],
          [
            -73.9297507,
            40.8624605
          ],
          [
            -73.9297966,
            40.8625066
          ],
          [
            -73.9298396,
            40.8627084
          ],
          [
            -73.9298668,
            40.8628761
          ],
          [
            -73.9298751,
            40.8629806
          ],
          [
            -73.9298887,
            40.8631523
          ],
          [
            -73.9298995,
            40.863334
          ],
          [
            -73.9298941,
            40.8633579
          ],
          [
            -73.9298727,
            40.8634053
          ],
          [
            -73.9298469,
            40.8634625
          ],
          [
            -73.9298366,
            40.863487
          ],
          [
            -73.9297413,
            40.8636925
          ],
          [
            -73.9295992,
            40.8638737
          ],
          [
            -73.9293105,
            40.8641676
          ],
          [
            -73.9290762,
            40.8643694
          ],
          [
            -73.9288996,
            40.8645236
          ],
          [
            -73.9288778,
            40.8645384
          ],
          [
            -73.9288355,
            40.8645612
          ],
          [
            -73.9287735,
            40.8645947
          ],
          [
            -73.9287514,
            40.8646074
          ],
          [
            -73.9285938,
            40.8646874
          ],
          [
            -73.9281213,
            40.8649438
          ],
          [
            -73.9280957,
            40.864959
          ],
          [
            -73.9280451,
            40.8649853
          ],
          [
            -73.927998,
            40.8650098
          ],
          [
            -73.9279767,
            40.8650213
          ],
          [
            -73.9274358,
            40.8653135
          ],
          [
            -73.9274131,
            40.8653501
          ],
          [
            -73.927372,
            40.865372
          ],
          [
            -73.9273107,
            40.8654003
          ],
          [
            -73.927211,
            40.8654368
          ],
          [
            -73.9271302,
            40.8654663
          ],
          [
            -73.9270992,
            40.8654827
          ],
          [
            -73.9270161,
            40.8655187
          ],
          [
            -73.926713,
            40.8656282
          ],
          [
            -73.9262633,
            40.8657816
          ],
          [
            -73.9258986,
            40.865906
          ],
          [
            -73.9257333,
            40.8659657
          ],
          [
            -73.925059,
            40.866201
          ],
          [
            -73.9250123,
            40.8662173
          ],
          [
            -73.9249455,
            40.8662426
          ],
          [
            -73.924886,
            40.8662651
          ],
          [
            -73.9248479,
            40.8662778
          ],
          [
            -73.9231507,
            40.8668866
          ],
          [
            -73.9231221,
            40.866896
          ],
          [
            -73.92305,
            40.8669225
          ],
          [
            -73.9229783,
            40.8669489
          ],
          [
            -73.9229478,
            40.8669575
          ],
          [
            -73.9212605,
            40.8675634
          ],
          [
            -73.9212388,
            40.8675753
          ],
          [
            -73.9211514,
            40.8676035
          ],
          [
            -73.9212171,
            40.867707
          ]
        ]
      }
    },
    {
      "type": "Feature",
      "properties": {
        "scenario": "Inwood Hill Park | 8.0mi | mix | hilly | amenity",
        "shape": "mix",
        "target_miles": 8.0,
        "distance_m": 12899.091420279172,
        "candidate_index": 4
      },
      "geometry": {
        "type": "LineString",
        "coordinates": [
          [
            -73.9212171,
            40.867707
          ],
          [
            -73.9213249,
            40.8676676
          ],
          [
            -73.9230078,
            40.8670533
          ],
          [
            -73.92311,
            40.867016
          ],
          [
            -73.9232126,
            40.8669792
          ],
          [
            -73.9249072,
            40.8663711
          ],
          [
            -73.925005,
            40.866336
          ],
          [
            -73.9251166,
            40.8662959
          ],
          [
            -73.9257983,
            40.8660514
          ],
          [
            -73.9251166,
            40.8662959
          ],
          [
            -73.925005,
            40.866336
          ],
          [
            -73.9249072,
            40.8663711
          ],
          [
            -73.9232126,
            40.8669792
          ],
          [
            -73.92311,
            40.867016
          ],
          [
            -73.9230078,
            40.8670533
          ],
          [
            -73.9213249,
            40.8676676
          ],
          [
            -73.9212171,
            40.867707
          ],
          [
            -73.9213249,
            40.8676676
          ],
          [
            -73.9230078,
            40.8670533
          ],
          [
            -73.92311,
            40.867016
          ],
          [
            -73.9232126,
            40.8669792
          ],
          [
            -73.9249072,
            40.8663711
          ],
          [
            -73.925005,
            40.866336
          ],
          [
            -73.9251166,
            40.8662959
          ],
          [
            -73.9257983,
            40.8660514
          ],
          [
            -73.925872,
            40.866025
          ],
          [
            -73.925967,
            40.8659914
          ],
          [
            -73.9263199,
            40.8658667
          ],
          [
            -73.9265267,
            40.8657937
          ],
          [
            -73.9271619,
            40.8655693
          ],
          [
            -73.9272475,
            40.865539
          ],
          [
            -73.9272714,
            40.8655306
          ],
          [
            -73.9272948,
            40.8655188
          ],
          [
            -73.9274931,
            40.8654184
          ],
          [
            -73.9275773,
            40.8654449
          ],
          [
            -73.9275983,
            40.8654515
          ],
          [
            -73.9277609,
            40.8653672
          ],
          [
            -73.9277762,
            40.8653645
          ],
          [
            -73.9277915,
            40.865368
          ],
          [
            -73.9278078,
            40.8653879
          ],
          [
            -73.92782,
            40.8653796
          ],
          [
            -73.9278578,
            40.8653587
          ],
          [
            -73.9278865,
            40.8653403
          ],
          [
            -73.9279083,
            40.865329
          ],
          [
            -73.9281272,
            40.8652149
          ],
          [
            -73.9282884,
            40.8651302
          ],
          [
            -73.9287266,
            40.8648997
          ],
          [
            -73.9289299,
            40.8647849
          ],
          [
            -73.9290352,
            40.8647226
          ],
          [
            -73.9291886,
            40.8646031
          ],
          [
            -73.929233,
            40.864569
          ],
          [
            -73.9294606,
            40.8643815
          ],
          [
            -73.9296576,
            40.8641904
          ],
          [
            -73.9299818,
            40.8637992
          ],
          [
            -73.9301114,
            40.8635412
          ],
          [
            -73.9301802,
            40.8633541
          ],
          [
            -73.930185,
            40.8633245
          ],
          [
            -73.9301892,
            40.8632989
          ],
          [
            -73.930163,
            40.863064
          ],
          [
            -73.9301101,
            40.8626789
          ],
          [
            -73.9300902,
            40.8625349
          ],
          [
            -73.9301141,
            40.8622388
          ],
          [
            -73.9301695,
            40.8620422
          ],
          [
            -73.9302856,
            40.8617399
          ],
          [
            -73.9303764,
            40.861593
          ],
          [
            -73.9305358,
            40.8613221
          ],
          [
            -73.9307581,
            40.8609542
          ],
          [
            -73.9308693,
            40.8607589
          ],
          [
            -73.9308732,
            40.8607521
          ],
          [
            -73.9309312,
            40.8606528
          ],
          [
            -73.9309345,
            40.8606448
          ],
          [
            -73.9314183,
            40.8594799
          ],
          [
            -73.9314371,
            40.8594432
          ],
          [
            -73.9314426,
            40.8594224
          ],
          [
            -73.931462,
            40.8593709
          ],
          [
            -73.9314707,
            40.8593476
          ],
          [
            -73.9314804,
            40.8593207
          ],
          [
            -73.9315491,
            40.8591652
          ],
          [
            -73.9316307,
            40.8589521
          ],
          [
            -73.9317079,
            40.8587949
          ],
          [
            -73.9317951,
            40.8586271
          ],
          [
            -73.9318895,
            40.8584453
          ],
          [
            -73.9319273,
            40.8583743
          ],
          [
            -73.9319893,
            40.8582578
          ],
          [
            -73.9321571,
            40.8579521
          ],
          [
            -73.9321693,
            40.8579299
          ],
          [
            -73.9321905,
            40.857883
          ],
          [
            -73.9322082,
            40.8578439
          ],
          [
            -73.932221,
            40.8578197
          ],
          [
            -73.9327422,
            40.8568354
          ],
          [
            -73.9328251,
            40.8566792
          ],
          [
            -73.9328594,
            40.856613
          ],
          [
            -73.9328726,
            40.8565922
          ],
          [
            -73.9328947,
            40.856546
          ],
          [
            -73.9329157,
            40.8565023
          ],
          [
            -73.9329265,
            40.8564813
          ],
          [
            -73.9330744,
            40.8561962
          ],
          [
            -73.933084,
            40.8561785
          ],
          [
            -73.9333498,
            40.8556784
          ],
          [
            -73.9334435,
            40.8554257
          ],
          [
            -73.9334464,
            40.855406
          ],
          [
            -73.9334585,
            40.855375
          ],
          [
            -73.9334802,
            40.8553194
          ],
          [
            -73.9334782,
            40.8552922
          ],
          [
            -73.9338206,
            40.8542694
          ],
          [
            -73.9338296,
            40.8542424
          ],
          [
            -73.9338538,
            40.8541916
          ],
          [
            -73.933871,
            40.8541556
          ],
          [
            -73.9338828,
            40.8541318
          ],
          [
            -73.9341046,
            40.8536828
          ],
          [
            -73.9341852,
            40.8535269
          ],
          [
            -73.9342593,
            40.8533834
          ],
          [
            -73.9343003,
            40.8533061
          ],
          [
            -73.9343118,
            40.8532845
          ],
          [
            -73.9343331,
            40.8532416
          ],
          [
            -73.934353,
            40.8532016
          ],
          [
            -73.9343618,
            40.8531849
          ],
          [
            -73.9344925,
            40.8529386
          ],
          [
            -73.934546,
            40.852833
          ],
          [
            -73.9346192,
            40.8526886
          ],
          [
            -73.9348807,
            40.8521702
          ],
          [
            -73.9348907,
            40.8521504
          ],
          [
            -73.9349182,
            40.8521005
          ],
          [
            -73.9349357,
            40.8520648
          ],
          [
            -73.9349445,
            40.8520477
          ],
          [
            -73.9351814,
            40.8515838
          ],
          [
            -73.9352638,
            40.8514215
          ],
          [
            -73.9353568,
            40.8512388
          ],
          [
            -73.9353878,
            40.8511785
          ],
          [
            -73.935456,
            40.851046
          ],
          [
            -73.9355992,
            40.8507666
          ],
          [
            -73.935832,
            40.850308
          ],
          [
            -73.9358436,
            40.8502852
          ],
          [
            -73.9358662,
            40.8502323
          ],
          [
            -73.93589,
            40.8501768
          ],
          [
            -73.9359036,
            40.8501523
          ],
          [
            -73.9364835,
            40.8496361
          ],
          [
            -73.9365049,
            40.849617
          ],
          [
            -73.936544,
            40.8495805
          ],
          [
            -73.9365829,
            40.8495447
          ],
          [
            -73.9366019,
            40.8495282
          ],
          [
            -73.9371708,
            40.8490347
          ],
          [
            -73.9371882,
            40.8490196
          ],
          [
            -73.9372341,
            40.8489854
          ],
          [
            -73.9372861,
            40.8489466
          ],
          [
            -73.9373053,
            40.8489292
          ],
          [
            -73.9377766,
            40.848484
          ],
          [
            -73.937789,
            40.8484721
          ],
          [
            -73.9378063,
            40.8484759
          ],
          [
            -73.9378374,
            40.848417
          ],
          [
            -73.9378618,
            40.8483692
          ],
          [
            -73.9378708,
            40.848348
          ],
          [
            -73.9380122,
            40.8480152
          ],
          [
            -73.9381033,
            40.8478105
          ],
          [
            -73.9381633,
            40.8476452
          ],
          [
            -73.9381712,
            40.8476235
          ],
          [
            -73.9381837,
            40.8475771
          ],
          [
            -73.938195,
            40.8475406
          ],
          [
            -73.9382003,
            40.8475224
          ],
          [
            -73.9383557,
            40.846999
          ],
          [
            -73.9383615,
            40.8469795
          ],
          [
            -73.938374,
            40.8469374
          ],
          [
            -73.9383866,
            40.8468947
          ],
          [
            -73.9383933,
            40.8468722
          ],
          [
            -73.938572,
            40.8463051
          ],
          [
            -73.9385784,
            40.8462848
          ],
          [
            -73.9385925,
            40.8462414
          ],
          [
            -73.9385991,
            40.8462034
          ],
          [
            -73.9386063,
            40.8461801
          ],
          [
            -73.9388077,
            40.8455295
          ],
          [
            -73.9388141,
            40.8455077
          ],
          [
            -73.9388285,
            40.8454593
          ],
          [
            -73.9388401,
            40.8454202
          ],
          [
            -73.9388486,
            40.8453915
          ],
          [
            -73.9389814,
            40.8448082
          ],
          [
            -73.9389887,
            40.84478
          ],
          [
            -73.9390003,
            40.8447357
          ],
          [
            -73.9390122,
            40.8446904
          ],
          [
            -73.9390183,
            40.8446671
          ],
          [
            -73.9391416,
            40.8440767
          ],
          [
            -73.9391483,
            40.8440521
          ],
          [
            -73.9391608,
            40.8440056
          ],
          [
            -73.9391733,
            40.8439601
          ],
          [
            -73.9391792,
            40.8439387
          ],
          [
            -73.9393126,
            40.8433635
          ],
          [
            -73.939316,
            40.8433416
          ],
          [
            -73.9393247,
            40.8432851
          ],
          [
            -73.9393318,
            40.8432391
          ],
          [
            -73.9393361,
            40.8432113
          ],
          [
            -73.9393802,
            40.8425792
          ],
          [
            -73.9393815,
            40.8425605
          ],
          [
            -73.9393818,
            40.8425008
          ],
          [
            -73.9393844,
            40.8424305
          ],
          [
            -73.9393848,
            40.8424192
          ],
          [
            -73.9393853,
            40.8424069
          ],
          [
            -73.9393857,
            40.8423946
          ],
          [
            -73.93943,
            40.8418827
          ],
          [
            -73.9394754,
            40.8418244
          ],
          [
            -73.9394877,
            40.8418086
          ],
          [
            -73.9395125,
            40.8417695
          ],
          [
            -73.939546,
            40.8417276
          ],
          [
            -73.9395577,
            40.8417118
          ],
          [
            -73.9399068,
            40.8412394
          ],
          [
            -73.9399217,
            40.8412192
          ],
          [
            -73.9399598,
            40.841163
          ],
          [
            -73.9399907,
            40.841114
          ],
          [
            -73.9400072,
            40.8410948
          ],
          [
            -73.9402755,
            40.8407154
          ],
          [
            -73.9404218,
            40.8405238
          ],
          [
            -73.9407769,
            40.8400467
          ],
          [
            -73.9408729,
            40.83991
          ],
          [
            -73.941052,
            40.8396701
          ],
          [
            -73.9412791,
            40.8393659
          ],
          [
            -73.9413002,
            40.8393391
          ],
          [
            -73.9413489,
            40.8392808
          ],
          [
            -73.941379,
            40.8392414
          ],
          [
            -73.9413983,
            40.8392139
          ],
          [
            -73.9418437,
            40.8385775
          ],
          [
            -73.9418603,
            40.8385544
          ],
          [
            -73.9418889,
            40.8385149
          ],
          [
            -73.9419138,
            40.8384814
          ],
          [
            -73.9419315,
            40.8384559
          ],
          [
            -73.9422939,
            40.8379448
          ],
          [
            -73.9423054,
            40.8379297
          ],
          [
            -73.9423373,
            40.8378868
          ],
          [
            -73.9423645,
            40.8378502
          ],
          [
            -73.9423792,
            40.8378318
          ],
          [
            -73.9427681,
            40.8373304
          ],
          [
            -73.9427806,
            40.8373127
          ],
          [
            -73.9428049,
            40.8372781
          ],
          [
            -73.9428378,
            40.8372312
          ],
          [
            -73.9428542,
            40.8372079
          ],
          [
            -73.9432248,
            40.8367095
          ],
          [
            -73.9432408,
            40.836688
          ],
          [
            -73.9432693,
            40.8366482
          ],
          [
            -73.9433014,
            40.8366071
          ],
          [
            -73.9433155,
            40.8365867
          ],
          [
            -73.943675,
            40.8360835
          ],
          [
            -73.9436892,
            40.8360632
          ],
          [
            -73.9437151,
            40.8360238
          ],
          [
            -73.9437381,
            40.8359875
          ],
          [
            -73.9437503,
            40.8359713
          ],
          [
            -73.9441283,
            40.8354733
          ],
          [
            -73.9441427,
            40.8354504
          ],
          [
            -73.9441791,
            40.8354006
          ],
          [
            -73.9442086,
            40.8353567
          ],
          [
            -73.944227,
            40.8353321
          ],
          [
            -73.9445876,
            40.8348311
          ],
          [
            -73.9446006,
            40.8348129
          ],
          [
            -73.944629,
            40.8347694
          ],
          [
            -73.9446622,
            40.834729
          ],
          [
            -73.9446695,
            40.8347135
          ],
          [
            -73.9450408,
            40.8342078
          ],
          [
            -73.9450549,
            40.8341917
          ],
          [
            -73.9450701,
            40.8341548
          ],
          [
            -73.9450851,
            40.8341182
          ],
          [
            -73.9450969,
            40.8340771
          ],
          [
            -73.9452715,
            40.8338159
          ],
          [
            -73.9453291,
            40.8338073
          ],
          [
            -73.9453711,
            40.8338003
          ],
          [
            -73.9453915,
            40.8337979
          ],
          [
            -73.9454369,
            40.8336376
          ],
          [
            -73.9454845,
            40.8335863
          ],
          [
            -73.9455023,
            40.8335624
          ],
          [
            -73.9455279,
            40.8335263
          ],
          [
            -73.9455567,
            40.8334866
          ],
          [
            -73.9455669,
            40.8334726
          ],
          [
            -73.9459434,
            40.8329445
          ],
          [
            -73.946007,
            40.8328753
          ],
          [
            -73.9460256,
            40.832852
          ],
          [
            -73.9460766,
            40.832784
          ],
          [
            -73.9460915,
            40.8327606
          ],
          [
            -73.9461785,
            40.8326669
          ],
          [
            -73.9463779,
            40.8323857
          ],
          [
            -73.9469325,
            40.8316163
          ],
          [
            -73.9469445,
            40.8315996
          ],
          [
            -73.9469684,
            40.8315603
          ],
          [
            -73.9469901,
            40.8315246
          ],
          [
            -73.947008,
            40.8314989
          ],
          [
            -73.9471271,
            40.8313207
          ],
          [
            -73.947248,
            40.8311423
          ],
          [
            -73.9473649,
            40.830981
          ],
          [
            -73.9473944,
            40.8309838
          ],
          [
            -73.9474322,
            40.8309349
          ],
          [
            -73.9474772,
            40.8308848
          ],
          [
            -73.9474673,
            40.8308663
          ],
          [
            -73.9478486,
            40.8303665
          ],
          [
            -73.9478923,
            40.8303041
          ],
          [
            -73.9479277,
            40.8302535
          ],
          [
            -73.9483076,
            40.8297474
          ],
          [
            -73.948344,
            40.8296881
          ],
          [
            -73.9483808,
            40.8296281
          ],
          [
            -73.9487514,
            40.8291258
          ],
          [
            -73.9487929,
            40.8290686
          ],
          [
            -73.9488344,
            40.8290115
          ],
          [
            -73.9492026,
            40.828494
          ],
          [
            -73.9492139,
            40.8284781
          ],
          [
            -73.9492404,
            40.8284356
          ],
          [
            -73.9492579,
            40.8284063
          ],
          [
            -73.9492688,
            40.828389
          ],
          [
            -73.9503113,
            40.8288224
          ],
          [
            -73.9506876,
            40.8283074
          ],
          [
            -73.9506972,
            40.8282942
          ],
          [
            -73.9507349,
            40.8282447
          ],
          [
            -73.9507563,
            40.8282203
          ],
          [
            -73.9507722,
            40.8281983
          ],
          [
            -73.9508008,
            40.828208
          ],
          [
            -73.9508592,
            40.8282288
          ],
          [
            -73.950948,
            40.8282632
          ],
          [
            -73.9510448,
            40.828299
          ],
          [
            -73.951399,
            40.8278116
          ],
          [
            -73.951608,
            40.8276135
          ],
          [
            -73.9520895,
            40.8272453
          ],
          [
            -73.9521237,
            40.8272151
          ],
          [
            -73.9521683,
            40.827235
          ],
          [
            -73.9523426,
            40.8272998
          ],
          [
            -73.9525196,
            40.8273728
          ],
          [
            -73.9527074,
            40.8274094
          ],
          [
            -73.95282,
            40.8274094
          ],
          [
            -73.9541217,
            40.8273321
          ],
          [
            -73.9543819,
            40.8272766
          ],
          [
            -73.9545826,
            40.8272256
          ],
          [
            -73.954964,
            40.8273682
          ],
          [
            -73.9551603,
            40.8270793
          ],
          [
            -73.9563329,
            40.8267805
          ],
          [
            -73.9552144,
            40.8263471
          ],
          [
            -73.9551244,
            40.8263151
          ],
          [
            -73.9550623,
            40.8264514
          ],
          [
            -73.9548263,
            40.8267964
          ],
          [
            -73.9549112,
            40.8270636
          ],
          [
            -73.9547758,
            40.8270935
          ],
          [
            -73.9544164,
            40.827195
          ],
          [
            -73.9542071,
            40.8272396
          ],
          [
            -73.9540184,
            40.8272591
          ],
          [
            -73.9530001,
            40.8273249
          ],
          [
            -73.9527802,
            40.8273208
          ],
          [
            -73.9525495,
            40.8272721
          ],
          [
            -73.952363,
            40.8272014
          ],
          [
            -73.9522264,
            40.827158
          ],
          [
            -73.9522874,
            40.8270772
          ],
          [
            -73.9521886,
            40.8270423
          ],
          [
            -73.952134,
            40.8270185
          ],
          [
            -73.9520405,
            40.8269756
          ],
          [
            -73.9519938,
            40.8269522
          ],
          [
            -73.9519502,
            40.8269321
          ],
          [
            -73.9519314,
            40.8269561
          ],
          [
            -73.9518659,
            40.827033
          ],
          [
            -73.9517907,
            40.8271213
          ],
          [
            -73.9517751,
            40.8271358
          ],
          [
            -73.9517173,
            40.8271893
          ],
          [
            -73.9515526,
            40.827317
          ],
          [
            -73.9513358,
            40.8274829
          ],
          [
            -73.9512405,
            40.8275869
          ],
          [
            -73.9512263,
            40.8275988
          ],
          [
            -73.951203,
            40.8276279
          ],
          [
            -73.9511631,
            40.8276748
          ],
          [
            -73.9511566,
            40.8276835
          ],
          [
            -73.9501112,
            40.8272535
          ],
          [
            -73.9497331,
            40.8277589
          ],
          [
            -73.9497176,
            40.8277804
          ],
          [
            -73.9496934,
            40.8278105
          ],
          [
            -73.9496641,
            40.8278488
          ],
          [
            -73.9496475,
            40.8278714
          ],
          [
            -73.9496219,
            40.8278608
          ],
          [
            -73.9495708,
            40.8278375
          ],
          [
            -73.9494647,
            40.827795
          ],
          [
            -73.949371,
            40.8277575
          ],
          [
            -73.949289,
            40.8277242
          ],
          [
            -73.9492602,
            40.827712
          ],
          [
            -73.9488957,
            40.8282221
          ],
          [
            -73.9488843,
            40.828238
          ],
          [
            -73.9488587,
            40.8282764
          ],
          [
            -73.9488298,
            40.8283209
          ],
          [
            -73.9488172,
            40.8283385
          ],
          [
            -73.9484218,
            40.8288399
          ],
          [
            -73.9483822,
            40.8288945
          ],
          [
            -73.9483388,
            40.8289541
          ],
          [
            -73.9479813,
            40.829464
          ],
          [
            -73.9479672,
            40.8294817
          ],
          [
            -73.9479412,
            40.8295189
          ],
          [
            -73.9479159,
            40.8295553
          ],
          [
            -73.9479069,
            40.8295674
          ],
          [
            -73.9475343,
            40.8301026
          ],
          [
            -73.9475087,
            40.8301433
          ],
          [
            -73.9474681,
            40.8302077
          ],
          [
            -73.9470941,
            40.8307114
          ],
          [
            -73.9470462,
            40.8307673
          ],
          [
            -73.9469897,
            40.8308333
          ],
          [
            -73.9466301,
            40.8313343
          ],
          [
            -73.9466097,
            40.8313624
          ],
          [
            -73.9465826,
            40.8313981
          ],
          [
            -73.9465544,
            40.8314365
          ],
          [
            -73.946541,
            40.8314547
          ],
          [
            -73.9457019,
            40.8325976
          ],
          [
            -73.945685,
            40.8326212
          ],
          [
            -73.9456378,
            40.8326856
          ],
          [
            -73.9455812,
            40.8327661
          ],
          [
            -73.9455621,
            40.8327922
          ],
          [
            -73.9454865,
            40.8329021
          ],
          [
            -73.9451989,
            40.83332
          ],
          [
            -73.9451917,
            40.83333
          ],
          [
            -73.9451652,
            40.8333666
          ],
          [
            -73.9451284,
            40.8334174
          ],
          [
            -73.945116,
            40.8334335
          ],
          [
            -73.9447213,
            40.8339173
          ],
          [
            -73.9447028,
            40.8339423
          ],
          [
            -73.9446737,
            40.8339815
          ],
          [
            -73.9446447,
            40.8340207
          ],
          [
            -73.9446276,
            40.8340438
          ],
          [
            -73.9442783,
            40.8345512
          ],
          [
            -73.9442635,
            40.8345715
          ],
          [
            -73.9442389,
            40.8346055
          ],
          [
            -73.9442085,
            40.8346498
          ],
          [
            -73.9441951,
            40.834666
          ],
          [
            -73.9439768,
            40.8349727
          ],
          [
            -73.943811,
            40.8351775
          ],
          [
            -73.9437965,
            40.8352002
          ],
          [
            -73.9437756,
            40.8352303
          ],
          [
            -73.9437492,
            40.8352663
          ],
          [
            -73.9437391,
            40.8352858
          ],
          [
            -73.9433688,
            40.8358072
          ],
          [
            -73.9433576,
            40.8358229
          ],
          [
            -73.9433294,
            40.8358625
          ],
          [
            -73.9433018,
            40.8358981
          ],
          [
            -73.9432876,
            40.8359185
          ],
          [
            -73.9432623,
            40.8359077
          ],
          [
            -73.9429142,
            40.8364096
          ],
          [
            -73.9428943,
            40.8364361
          ],
          [
            -73.9428625,
            40.8364783
          ],
          [
            -73.9428264,
            40.8365264
          ],
          [
            -73.9428203,
            40.8365346
          ],
          [
            -73.9428112,
            40.8365472
          ],
          [
            -73.9424498,
            40.8370452
          ],
          [
            -73.9424384,
            40.8370614
          ],
          [
            -73.9424051,
            40.8371088
          ],
          [
            -73.9423799,
            40.8371447
          ],
          [
            -73.9423637,
            40.8371677
          ],
          [
            -73.942001,
            40.8376765
          ],
          [
            -73.9419617,
            40.837731
          ],
          [
            -73.9419314,
            40.8377731
          ],
          [
            -73.9419172,
            40.8377927
          ],
          [
            -73.9415491,
            40.8382978
          ],
          [
            -73.9415307,
            40.8383209
          ],
          [
            -73.9415097,
            40.8383523
          ],
          [
            -73.9414786,
            40.8383952
          ],
          [
            -73.9414613,
            40.8384193
          ],
          [
            -73.9410139,
            40.8390142
          ],
          [
            -73.9409958,
            40.839039
          ],
          [
            -73.9409571,
            40.8390918
          ],
          [
            -73.9409215,
            40.8391405
          ],
          [
            -73.9409023,
            40.839165
          ],
          [
            -73.9404893,
            40.8397379
          ],
          [
            -73.9404733,
            40.8397598
          ],
          [
            -73.9404513,
            40.8397938
          ],
          [
            -73.9404032,
            40.8398615
          ],
          [
            -73.9403892,
            40.8398804
          ],
          [
            -73.9401973,
            40.8401475
          ],
          [
            -73.94006,
            40.8403365
          ],
          [
            -73.9399397,
            40.8405046
          ],
          [
            -73.9399262,
            40.8405981
          ],
          [
            -73.9399207,
            40.8406234
          ],
          [
            -73.9397432,
            40.8408689
          ],
          [
            -73.939701,
            40.8408986
          ],
          [
            -73.9396656,
            40.8409439
          ],
          [
            -73.9396066,
            40.8409177
          ],
          [
            -73.939503,
            40.8408689
          ],
          [
            -73.9394242,
            40.8408376
          ],
          [
            -73.9393982,
            40.840827
          ],
          [
            -73.9393906,
            40.8408561
          ],
          [
            -73.9393717,
            40.840913
          ],
          [
            -73.939355,
            40.8409758
          ],
          [
            -73.9393496,
            40.8409947
          ],
          [
            -73.9391933,
            40.8415518
          ],
          [
            -73.9391874,
            40.8415731
          ],
          [
            -73.9391772,
            40.8416189
          ],
          [
            -73.9391667,
            40.8416653
          ],
          [
            -73.93916,
            40.8416878
          ],
          [
            -73.9391735,
            40.8416934
          ],
          [
            -73.9391901,
            40.8417007
          ],
          [
            -73.9392178,
            40.8417128
          ],
          [
            -73.9391645,
            40.8418125
          ],
          [
            -73.9391604,
            40.8418721
          ],
          [
            -73.9391578,
            40.8419095
          ],
          [
            -73.9391196,
            40.8419836
          ],
          [
            -73.9391257,
            40.8422791
          ],
          [
            -73.9391227,
            40.8423197
          ],
          [
            -73.9391218,
            40.8423308
          ],
          [
            -73.9391196,
            40.8423586
          ],
          [
            -73.9391174,
            40.8423864
          ],
          [
            -73.9391162,
            40.8424119
          ],
          [
            -73.939115,
            40.8424374
          ],
          [
            -73.9391131,
            40.8424609
          ],
          [
            -73.9390531,
            40.8430966
          ],
          [
            -73.9390518,
            40.8431159
          ],
          [
            -73.9390481,
            40.8431682
          ],
          [
            -73.9390441,
            40.8432249
          ],
          [
            -73.9390424,
            40.8432498
          ],
          [
            -73.9389715,
            40.8435584
          ],
          [
            -73.938911,
            40.843822
          ],
          [
            -73.9389049,
            40.8438455
          ],
          [
            -73.9388941,
            40.8438867
          ],
          [
            -73.9388819,
            40.8439336
          ],
          [
            -73.9388761,
            40.8439559
          ],
          [
            -73.9387608,
            40.8445708
          ],
          [
            -73.9387559,
            40.8445997
          ],
          [
            -73.9387468,
            40.844654
          ],
          [
            -73.9387362,
            40.8447168
          ],
          [
            -73.9387326,
            40.8447382
          ],
          [
            -73.9386304,
            40.8451197
          ],
          [
            -73.9385961,
            40.8452478
          ],
          [
            -73.9385676,
            40.845354
          ],
          [
            -73.9385609,
            40.8453762
          ],
          [
            -73.9385504,
            40.8454111
          ],
          [
            -73.9385344,
            40.8454642
          ],
          [
            -73.9385241,
            40.8454985
          ],
          [
            -73.9383295,
            40.8461304
          ],
          [
            -73.9383141,
            40.8461804
          ],
          [
            -73.9382888,
            40.8462626
          ],
          [
            -73.9380976,
            40.8468838
          ],
          [
            -73.9380919,
            40.8469016
          ],
          [
            -73.9380775,
            40.8469528
          ],
          [
            -73.9380655,
            40.8469954
          ],
          [
            -73.9380567,
            40.8470188
          ],
          [
            -73.937872,
            40.8475953
          ],
          [
            -73.9378618,
            40.8476274
          ],
          [
            -73.9378498,
            40.8476592
          ],
          [
            -73.937833,
            40.847712
          ],
          [
            -73.9378246,
            40.8477313
          ],
          [
            -73.9375879,
            40.8482767
          ],
          [
            -73.9375656,
            40.8482974
          ],
          [
            -73.9375238,
            40.8483423
          ],
          [
            -73.9374685,
            40.8483903
          ],
          [
            -73.9374588,
            40.8484051
          ],
          [
            -73.9369426,
            40.848875
          ],
          [
            -73.9369286,
            40.8488883
          ],
          [
            -73.9368957,
            40.8489192
          ],
          [
            -73.9368497,
            40.8489627
          ],
          [
            -73.9368338,
            40.8489771
          ],
          [
            -73.9363235,
            40.8494356
          ],
          [
            -73.9363025,
            40.8494542
          ],
          [
            -73.9362658,
            40.8494845
          ],
          [
            -73.936229,
            40.8495148
          ],
          [
            -73.9362042,
            40.8495372
          ],
          [
            -73.935932,
            40.8497836
          ],
          [
            -73.9356603,
            40.8500336
          ],
          [
            -73.9356376,
            40.8500544
          ],
          [
            -73.9356068,
            40.8501265
          ],
          [
            -73.9355835,
            40.8501827
          ],
          [
            -73.9355721,
            40.8502051
          ],
          [
            -73.9353336,
            40.8506761
          ],
          [
            -73.9353199,
            40.8507028
          ],
          [
            -73.9353082,
            40.8507263
          ],
          [
            -73.9352785,
            40.8507802
          ],
          [
            -73.9352739,
            40.850794
          ],
          [
            -73.9350045,
            40.8513167
          ],
          [
            -73.9349915,
            40.8513421
          ],
          [
            -73.9349705,
            40.8513868
          ],
          [
            -73.9349311,
            40.8514593
          ],
          [
            -73.9349221,
            40.8514774
          ],
          [
            -73.9346769,
            40.851968
          ],
          [
            -73.9346653,
            40.8519911
          ],
          [
            -73.9346542,
            40.8520093
          ],
          [
            -73.9346178,
            40.8520697
          ],
          [
            -73.9346082,
            40.8520887
          ],
          [
            -73.9343533,
            40.8525918
          ],
          [
            -73.9343401,
            40.8526178
          ],
          [
            -73.9343129,
            40.8526788
          ],
          [
            -73.9342824,
            40.8527299
          ],
          [
            -73.9342705,
            40.8527543
          ],
          [
            -73.9340966,
            40.8531106
          ],
          [
            -73.9340432,
            40.8532174
          ],
          [
            -73.9339532,
            40.8533973
          ],
          [
            -73.9336039,
            40.8540632
          ],
          [
            -73.9335901,
            40.8540894
          ],
          [
            -73.9335694,
            40.8541399
          ],
          [
            -73.9335425,
            40.8542054
          ],
          [
            -73.933535,
            40.8542282
          ],
          [
            -73.9331975,
            40.8552585
          ],
          [
            -73.9331577,
            40.8553802
          ],
          [
            -73.9330944,
            40.8555739
          ],
          [
            -73.9329582,
            40.8558338
          ],
          [
            -73.9326357,
            40.8564349
          ],
          [
            -73.9325431,
            40.8566138
          ],
          [
            -73.9325332,
            40.8566331
          ],
          [
            -73.9325079,
            40.8566829
          ],
          [
            -73.9324817,
            40.8567346
          ],
          [
            -73.9324746,
            40.856748
          ],
          [
            -73.9319511,
            40.857737
          ],
          [
            -73.9318851,
            40.8578668
          ],
          [
            -73.9317223,
            40.8581768
          ],
          [
            -73.9317106,
            40.8581989
          ],
          [
            -73.9316921,
            40.8582329
          ],
          [
            -73.9316699,
            40.8582739
          ],
          [
            -73.9316614,
            40.8582896
          ],
          [
            -73.9312485,
            40.8590849
          ],
          [
            -73.9312457,
            40.8590902
          ],
          [
            -73.931236,
            40.8591233
          ],
          [
            -73.9312315,
            40.8591582
          ],
          [
            -73.9312277,
            40.8591884
          ],
          [
            -73.9312161,
            40.8592396
          ],
          [
            -73.9312057,
            40.8592692
          ],
          [
            -73.9311946,
            40.8593214
          ],
          [
            -73.9311788,
            40.8593955
          ],
          [
            -73.9311741,
            40.8594122
          ],
          [
            -73.9311447,
            40.8594863
          ],
          [
            -73.9310771,
            40.8596027
          ],
          [
            -73.9310661,
            40.8596741
          ],
          [
            -73.9309759,
            40.8598873
          ],
          [
            -73.9308487,
            40.860185
          ],
          [
            -73.9307553,
            40.8604006
          ],
          [
            -73.9306637,
            40.8605568
          ],
          [
            -73.9306524,
            40.860576
          ],
          [
            -73.9306397,
            40.8606013
          ],
          [
            -73.930615,
            40.8606505
          ],
          [
            -73.9306046,
            40.8606676
          ],
          [
            -73.9301765,
            40.8613758
          ],
          [
            -73.92994,
            40.8618022
          ],
          [
            -73.9299069,
            40.8618983
          ],
          [
            -73.9298848,
            40.8619672
          ],
          [
            -73.9298733,
            40.8620246
          ],
          [
            -73.9298654,
            40.8620801
          ],
          [
            -73.9298629,
            40.8621119
          ],
          [
            -73.9298608,
            40.8621511
          ],
          [
            -73.929857,
            40.8622239
          ],
          [
            -73.9298558,
            40.8622464
          ],
          [
            -73.9298515,
            40.8622743
          ],
          [
            -73.9298356,
            40.8623788
          ],
          [
            -73.9298324,
            40.8623992
          ],
          [
            -73.9298048,
            40.8624191
          ],
          [
            -73.9297761,
            40.8624418
          ],
          [
            -73.9297507,
            40.8624605
          ],
          [
            -73.9297966,
            40.8625066
          ],
          [
            -73.9298396,
            40.8627084
          ],
          [
            -73.9298668,
            40.8628761
          ],
          [
            -73.9298751,
            40.8629806
          ],
          [
            -73.9298887,
            40.8631523
          ],
          [
            -73.9298995,
            40.863334
          ],
          [
            -73.9298941,
            40.8633579
          ],
          [
            -73.9298727,
            40.8634053
          ],
          [
            -73.9298469,
            40.8634625
          ],
          [
            -73.9298366,
            40.863487
          ],
          [
            -73.9297413,
            40.8636925
          ],
          [
            -73.9295992,
            40.8638737
          ],
          [
            -73.9293105,
            40.8641676
          ],
          [
            -73.9290762,
            40.8643694
          ],
          [
            -73.9288996,
            40.8645236
          ],
          [
            -73.9288778,
            40.8645384
          ],
          [
            -73.9288355,
            40.8645612
          ],
          [
            -73.9287735,
            40.8645947
          ],
          [
            -73.9287514,
            40.8646074
          ],
          [
            -73.9285938,
            40.8646874
          ],
          [
            -73.9281213,
            40.8649438
          ],
          [
            -73.9280957,
            40.864959
          ],
          [
            -73.9280451,
            40.8649853
          ],
          [
            -73.927998,
            40.8650098
          ],
          [
            -73.9279767,
            40.8650213
          ],
          [
            -73.9274358,
            40.8653135
          ],
          [
            -73.9274131,
            40.8653501
          ],
          [
            -73.927372,
            40.865372
          ],
          [
            -73.9273107,
            40.8654003
          ],
          [
            -73.927211,
            40.8654368
          ],
          [
            -73.9271302,
            40.8654663
          ],
          [
            -73.9270992,
            40.8654827
          ],
          [
            -73.9270161,
            40.8655187
          ],
          [
            -73.926713,
            40.8656282
          ],
          [
            -73.9262633,
            40.8657816
          ],
          [
            -73.9258986,
            40.865906
          ],
          [
            -73.9257333,
            40.8659657
          ],
          [
            -73.925059,
            40.866201
          ],
          [
            -73.9250123,
            40.8662173
          ],
          [
            -73.9249455,
            40.8662426
          ],
          [
            -73.924886,
            40.8662651
          ],
          [
            -73.9248479,
            40.8662778
          ],
          [
            -73.9231507,
            40.8668866
          ],
          [
            -73.9231221,
            40.866896
          ],
          [
            -73.92305,
            40.8669225
          ],
          [
            -73.9229783,
            40.8669489
          ],
          [
            -73.9229478,
            40.8669575
          ],
          [
            -73.9212605,
            40.8675634
          ],
          [
            -73.9212388,
            40.8675753
          ],
          [
            -73.9211514,
            40.8676035
          ],
          [
            -73.9212171,
            40.867707
          ]
        ]
      }
    }
  ]
}
