{
  "type": "FeatureCollection",
  "features": [
    {
      "type": "Feature",
      "properties": {
        "scenario": "Inwood Hill Park | 2.5mi | mix | hilly | amenity",
        "shape": "mix",
        "target_miles": 2.5,
        "distance_m": 3939.5862357965584,
        "candidate_index": 0
      },
      "geometry": {
        "type": "LineString",
        "coordinates": [
          [
            -73.9212171,
            40.867707
          ],
          [
            -73.921279,
            40.8678061
          ],
          [
            -73.9216842,
            40.8684555
          ],
          [
            -73.9217178,
            40.868509
          ],
          [
            -73.9217591,
            40.8685712
          ],
          [
            -73.9220982,
            40.8690799
          ],
          [
            -73.922145,
            40.86915
          ],
          [
            -73.9222427,
            40.8691149
          ],
          [
            -73.9222846,
            40.8691772
          ],
          [
            -73.922298,
            40.8691958
          ],
          [
            -73.9227381,
            40.8690349
          ],
          [
            -73.923415,
            40.8687982
          ],
          [
            -73.923435,
            40.8687912
          ],
          [
            -73.9234916,
            40.8687711
          ],
          [
            -73.9235074,
            40.8687911
          ],
          [
            -73.9235533,
            40.8688398
          ],
          [
            -73.9236086,
            40.8688872
          ],
          [
            -73.9236945,
            40.86894
          ],
          [
            -73.9237394,
            40.8689623
          ],
          [
            -73.9237954,
            40.8689781
          ],
          [
            -73.9238758,
            40.868989
          ],
          [
            -73.9239522,
            40.8689939
          ],
          [
            -73.9240171,
            40.868991
          ],
          [
            -73.924115,
            40.8689775
          ],
          [
            -73.9242605,
            40.868948
          ],
          [
            -73.9245514,
            40.868871
          ],
          [
            -73.9245707,
            40.8688673
          ],
          [
            -73.9248688,
            40.8688104
          ],
          [
            -73.9251354,
            40.8687545
          ],
          [
            -73.925508,
            40.868673
          ],
          [
            -73.9257121,
            40.8686284
          ],
          [
            -73.9258919,
            40.8685873
          ],
          [
            -73.926062,
            40.8685353
          ],
          [
            -73.9262387,
            40.8684686
          ],
          [
            -73.9265748,
            40.8682644
          ],
          [
            -73.9267994,
            40.8681044
          ],
          [
            -73.9269228,
            40.868006
          ],
          [
            -73.9269852,
            40.8679563
          ],
          [
            -73.9270519,
            40.8679097
          ],
          [
            -73.9270813,
            40.8679446
          ],
          [
            -73.927107,
            40.8679598
          ],
          [
            -73.9271512,
            40.867997
          ],
          [
            -73.927269,
            40.8679963
          ],
          [
            -73.9274002,
            40.8679738
          ],
          [
            -73.9276068,
            40.8679202
          ],
          [
            -73.9277894,
            40.8678925
          ],
          [
            -73.9279187,
            40.8679051
          ],
          [
            -73.9281535,
            40.8679415
          ],
          [
            -73.9285124,
            40.8680192
          ],
          [
            -73.9286941,
            40.8681337
          ],
          [
            -73.9287855,
            40.8682494
          ],
          [
            -73.9289101,
            40.8683789
          ],
          [
            -73.9291151,
            40.8684731
          ],
          [
            -73.9293367,
            40.8685433
          ],
          [
            -73.92944,
            40.8686124
          ],
          [
            -73.9294856,
            40.8687526
          ],
          [
            -73.9294805,
            40.8689604
          ],
          [
            -73.9293794,
            40.8691246
          ],
          [
            -73.9293889,
            40.8696835
          ],
          [
            -73.9293763,
            40.8699011
          ],
          [
            -73.9293213,
            40.8702828
          ],
          [
            -73.9292564,
            40.8705996
          ],
          [
            -73.9291976,
            40.8706868
          ],
          [
            -73.9292531,
            40.8707792
          ],
          [
            -73.9293029,
            40.8708906
          ],
          [
            -73.9293434,
            40.8709444
          ],
          [
            -73.9293216,
            40.8710525
          ],
          [
            -73.9292767,
            40.8711243
          ],
          [
            -73.9292635,
            40.8711453
          ],
          [
            -73.9294347,
            40.8712121
          ],
          [
            -73.9293684,
            40.8714675
          ],
          [
            -73.9292644,
            40.8718959
          ],
          [
            -73.9291874,
            40.8721315
          ],
          [
            -73.9290232,
            40.8725309
          ],
          [
            -73.9286839,
            40.8730121
          ],
          [
            -73.9285077,
            40.873477
          ],
          [
            -73.9282281,
            40.873806
          ],
          [
            -73.9282064,
            40.8738274
          ],
          [
            -73.9281607,
            40.8738726
          ],
          [
            -73.9281541,
            40.8738791
          ],
          [
            -73.9281391,
            40.873894
          ],
          [
            -73.9282926,
            40.8739658
          ],
          [
            -73.9284077,
            40.8739897
          ],
          [
            -73.9284989,
            40.8739796
          ],
          [
            -73.9285546,
            40.873951
          ],
          [
            -73.9287391,
            40.8737997
          ],
          [
            -73.9288028,
            40.8737472
          ],
          [
            -73.928981,
            40.8737186
          ],
          [
            -73.9290236,
            40.8737324
          ],
          [
            -73.9290296,
            40.8737351
          ],
          [
            -73.9293489,
            40.8738475
          ],
          [
            -73.9293605,
            40.8738516
          ],
          [
            -73.9293749,
            40.8738566
          ],
          [
            -73.9293791,
            40.8738581
          ],
          [
            -73.9294131,
            40.8738006
          ],
          [
            -73.9294529,
            40.8738144
          ],
          [
            -73.9294192,
            40.87387
          ],
          [
            -73.929482,
            40.8738932
          ],
          [
            -73.929587,
            40.8737755
          ],
          [
            -73.9296719,
            40.8737114
          ],
          [
            -73.9297399,
            40.8736733
          ],
          [
            -73.9298122,
            40.8736406
          ],
          [
            -73.9298955,
            40.8736049
          ],
          [
            -73.9299259,
            40.8735975
          ],
          [
            -73.9298569,
            40.8735824
          ],
          [
            -73.9298125,
            40.8735524
          ],
          [
            -73.9297763,
            40.8735091
          ],
          [
            -73.9297553,
            40.8734703
          ],
          [
            -73.9297335,
            40.8733855
          ],
          [
            -73.9297553,
            40.8734703
          ],
          [
            -73.9297763,
            40.8735091
          ],
          [
            -73.9298125,
            40.8735524
          ],
          [
            -73.9298569,
            40.8735824
          ],
          [
            -73.9299259,
            40.8735975
          ],
          [
            -73.9299825,
            40.8735838
          ],
          [
            -73.9300708,
            40.8735721
          ],
          [
            -73.9301487,
            40.8735692
          ],
          [
            -73.9302272,
            40.8735698
          ],
          [
            -73.9303204,
            40.8735868
          ],
          [
            -73.9300563,
            40.8740255
          ],
          [
            -73.9300013,
            40.8740975
          ],
          [
            -73.9296758,
            40.8739715
          ],
          [
            -73.929482,
            40.8738932
          ],
          [
            -73.9294192,
            40.87387
          ],
          [
            -73.9294529,
            40.8738144
          ],
          [
            -73.9294131,
            40.8738006
          ],
          [
            -73.9293791,
            40.8738581
          ],
          [
            -73.9293749,
            40.8738566
          ],
          [
            -73.9293605,
            40.8738516
          ],
          [
            -73.9293489,
            40.8738475
          ],
          [
            -73.9290296,
            40.8737351
          ],
          [
            -73.9290236,
            40.8737324
          ],
          [
            -73.928981,
            40.8737186
          ],
          [
            -73.9288028,
            40.8737472
          ],
          [
            -73.9287391,
            40.8737997
          ],
          [
            -73.9285546,
            40.873951
          ],
          [
            -73.9284693,
            40.8741114
          ],
          [
            -73.9284222,
            40.8742
          ],
          [
            -73.9281806,
            40.874609
          ],
          [
            -73.9280278,
            40.8748157
          ],
          [
            -73.9278064,
            40.8749919
          ],
          [
            -73.9276958,
            40.8751855
          ],
          [
            -73.9275215,
            40.8755508
          ],
          [
            -73.9275399,
            40.8757133
          ],
          [
            -73.9274573,
            40.875928
          ],
          [
            -73.9272992,
            40.8761668
          ],
          [
            -73.92711,
            40.8763917
          ],
          [
            -73.9268802,
            40.8765911
          ],
          [
            -73.9266084,
            40.8766821
          ],
          [
            -73.9264478,
            40.8767342
          ],
          [
            -73.9262011,
            40.8767205
          ],
          [
            -73.9257436,
            40.8766951
          ],
          [
            -73.9254276,
            40.8767171
          ],
          [
            -73.9253,
            40.8767434
          ],
          [
            -73.9251234,
            40.8768572
          ],
          [
            -73.9249458,
            40.8769807
          ],
          [
            -73.924734,
            40.8770495
          ],
          [
            -73.9245524,
            40.8770661
          ],
          [
            -73.9240007,
            40.8770163
          ],
          [
            -73.9237398,
            40.8769826
          ],
          [
            -73.9234209,
            40.8768891
          ],
          [
            -73.9230609,
            40.8767506
          ],
          [
            -73.9227724,
            40.8765844
          ],
          [
            -73.9226796,
            40.876483
          ],
          [
            -73.922648,
            40.8763771
          ],
          [
            -73.9226632,
            40.8761097
          ],
          [
            -73.9226529,
            40.8760302
          ],
          [
            -73.9225973,
            40.8759207
          ],
          [
            -73.9225908,
            40.8758337
          ],
          [
            -73.9226261,
            40.8757447
          ],
          [
            -73.9227265,
            40.8756066
          ],
          [
            -73.9228401,
            40.8753291
          ],
          [
            -73.922917,
            40.8751126
          ],
          [
            -73.9230577,
            40.8748976
          ],
          [
            -73.9232388,
            40.8747099
          ],
          [
            -73.9233431,
            40.874434
          ],
          [
            -73.9236002,
            40.8741865
          ],
          [
            -73.9238258,
            40.8739368
          ],
          [
            -73.9239203,
            40.8738239
          ],
          [
            -73.9239827,
            40.8736862
          ],
          [
            -73.9239447,
            40.8735372
          ],
          [
            -73.9240853,
            40.8733471
          ],
          [
            -73.9242529,
            40.8732289
          ],
          [
            -73.9244107,
            40.8730788
          ],
          [
            -73.9244902,
            40.8729552
          ],
          [
            -73.9245471,
            40.872703
          ],
          [
            -73.9246176,
            40.8724968
          ],
          [
            -73.9246798,
            40.8722723
          ],
          [
            -73.9246293,
            40.8721186
          ],
          [
            -73.9245725,
            40.8720249
          ],
          [
            -73.9244531,
            40.8719103
          ],
          [
            -73.9241773,
            40.8717893
          ],
          [
            -73.9239864,
            40.8716779
          ],
          [
            -73.9238684,
            40.8715808
          ],
          [
            -73.9239273,
            40.8713966
          ],
          [
            -73.9240966,
            40.8711568
          ],
          [
            -73.923863,
            40.871055
          ],
          [
            -73.9237369,
            40.8709786
          ],
          [
            -73.9235247,
            40.8709121
          ],
          [
            -73.92327,
            40.8708459
          ],
          [
            -73.923167,
            40.8708344
          ],
          [
            -73.9230274,
            40.8708027
          ],
          [
            -73.9228621,
            40.8707378
          ],
          [
            -73.9227964,
            40.8706654
          ],
          [
            -73.9227506,
            40.8705745
          ],
          [
            -73.9227725,
            40.8704873
          ],
          [
            -73.9228412,
            40.8703681
          ],
          [
            -73.9228487,
            40.8702375
          ],
          [
            -73.9228421,
            40.8701442
          ],
          [
            -73.922801,
            40.8700406
          ],
          [
            -73.9227164,
            40.8699891
          ],
          [
            -73.922742,
            40.8699739
          ],
          [
            -73.9227648,
            40.8699059
          ],
          [
            -73.9227527,
            40.8698532
          ],
          [
            -73.9226964,
            40.8697842
          ],
          [
            -73.9226427,
            40.8697325
          ],
          [
            -73.9225623,
            40.8696554
          ],
          [
            -73.9225287,
            40.8696027
          ],
          [
            -73.9225355,
            40.8695652
          ],
          [
            -73.9225167,
            40.8695094
          ],
          [
            -73.9224679,
            40.8694446
          ],
          [
            -73.9222737,
            40.8695114
          ],
          [
            -73.9221081,
            40.8692728
          ],
          [
            -73.922089,
            40.8692453
          ],
          [
            -73.9220558,
            40.8691905
          ],
          [
            -73.9220223,
            40.8691351
          ],
          [
            -73.9220085,
            40.8691137
          ],
          [
            -73.9216719,
            40.8685916
          ],
          [
            -73.9216611,
            40.8685804
          ],
          [
            -73.9216338,
            40.8685385
          ],
          [
            -73.9216109,
            40.8685129
          ],
          [
            -73.9215964,
            40.8684861
          ],
          [
            -73.921183,
            40.8678399
          ],
          [
            -73.9211673,
            40.8678115
          ],
          [
            -73.9211172,
            40.8677392
          ],
          [
            -73.9212171,
            40.867707
          ]
        ]
      }
    },
    {
      "type": "Feature",
      "properties": {
        "scenario": "Inwood Hill Park | 2.5mi | mix | hilly | amenity",
        "shape": "mix",
        "target_miles": 2.5,
        "distance_m": 3994.705531471741,
        "candidate_index": 1
      },
      "geometry": {
        "type": "LineString",
        "coordinates": [
          [
            -73.9212171,
            40.867707
          ],
          [
            -73.9211514,
            40.8676035
          ],
          [
            -73.9209918,
            40.867349
          ],
          [
            -73.9208274,
            40.8670932
          ],
          [
            -73.9206665,
            40.8668436
          ],
          [
            -73.920612,
            40.866759
          ],
          [
            -73.9205663,
            40.8666878
          ],
          [
            -73.9204924,
            40.8665723
          ],
          [
            -73.9204108,
            40.8664448
          ],
          [
            -73.9202099,
            40.8661311
          ],
          [
            -73.920064,
            40.8659033
          ],
          [
            -73.919996,
            40.865797
          ],
          [
            -73.9199365,
            40.8657043
          ],
          [
            -73.9200124,
            40.8656746
          ],
          [
            -73.9200401,
            40.8656643
          ],
          [
            -73.9200124,
            40.8656746
          ],
          [
            -73.9199365,
            40.8657043
          ],
          [
            -73.919996,
            40.865797
          ],
          [
            -73.920064,
            40.8659033
          ],
          [
            -73.9202099,
            40.8661311
          ],
          [
            -73.9204108,
            40.8664448
          ],
          [
            -73.9204924,
            40.8665723
          ],
          [
            -73.9205663,
            40.8666878
          ],
          [
            -73.920612,
            40.866759
          ],
          [
            -73.9206665,
            40.8668436
          ],
          [
            -73.9208274,
            40.8670932
          ],
          [
            -73.9209918,
            40.867349
          ],
          [
            -73.9211514,
            40.8676035
          ],
          [
            -73.9212171,
            40.867707
          ],
          [
            -73.921279,
            40.8678061
          ],
          [
            -73.9216842,
            40.8684555
          ],
          [
            -73.9217178,
            40.868509
          ],
          [
            -73.9217591,
            40.8685712
          ],
          [
            -73.9220982,
            40.8690799
          ],
          [
            -73.922145,
            40.86915
          ],
          [
            -73.9222427,
            40.8691149
          ],
          [
            -73.9222846,
            40.8691772
          ],
          [
            -73.922298,
            40.8691958
          ],
          [
            -73.9227381,
            40.8690349
          ],
          [
            -73.923415,
            40.8687982
          ],
          [
            -73.923435,
            40.8687912
          ],
          [
            -73.9234916,
            40.8687711
          ],
          [
            -73.9235074,
            40.8687911
          ],
          [
            -73.9235533,
            40.8688398
          ],
          [
            -73.9236086,
            40.8688872
          ],
          [
            -73.9236945,
            40.86894
          ],
          [
            -73.9237394,
            40.8689623
          ],
          [
            -73.9237954,
            40.8689781
          ],
          [
            -73.9238758,
            40.868989
          ],
          [
            -73.9239522,
            40.8689939
          ],
          [
            -73.9240171,
            40.868991
          ],
          [
            -73.924115,
            40.8689775
          ],
          [
            -73.9242605,
            40.868948
          ],
          [
            -73.9245514,
            40.868871
          ],
          [
            -73.9245707,
            40.8688673
          ],
          [
            -73.9248688,
            40.8688104
          ],
          [
            -73.9251354,
            40.8687545
          ],
          [
            -73.925508,
            40.868673
          ],
          [
            -73.9257121,
            40.8686284
          ],
          [
            -73.9258919,
            40.8685873
          ],
          [
            -73.926062,
            40.8685353
          ],
          [
            -73.9262387,
            40.8684686
          ],
          [
            -73.9265748,
            40.8682644
          ],
          [
            -73.9267994,
            40.8681044
          ],
          [
            -73.9269228,
            40.868006
          ],
          [
            -73.9269852,
            40.8679563
          ],
          [
            -73.9270519,
            40.8679097
          ],
          [
            -73.9270813,
            40.8679446
          ],
          [
            -73.927107,
            40.8679598
          ],
          [
            -73.9271512,
            40.867997
          ],
          [
            -73.927269,
            40.8679963
          ],
          [
            -73.9274002,
            40.8679738
          ],
          [
            -73.9276068,
            40.8679202
          ],
          [
            -73.9277894,
            40.8678925
          ],
          [
            -73.9279187,
            40.8679051
          ],
          [
            -73.9281535,
            40.8679415
          ],
          [
            -73.9285124,
            40.8680192
          ],
          [
            -73.9286941,
            40.8681337
          ],
          [
            -73.9287855,
            40.8682494
          ],
          [
            -73.9289101,
            40.8683789
          ],
          [
            -73.9291151,
            40.8684731
          ],
          [
            -73.9293367,
            40.8685433
          ],
          [
            -73.92944,
            40.8686124
          ],
          [
            -73.9294856,
            40.8687526
          ],
          [
            -73.9294805,
            40.8689604
          ],
          [
            -73.9293794,
            40.8691246
          ],
          [
            -73.9293889,
            40.8696835
          ],
          [
            -73.9293763,
            40.8699011
          ],
          [
            -73.9293213,
            40.8702828
          ],
          [
            -73.9292564,
            40.8705996
          ],
          [
            -73.9291976,
            40.8706868
          ],
          [
            -73.9292531,
            40.8707792
          ],
          [
            -73.9293029,
            40.8708906
          ],
          [
            -73.9293434,
            40.8709444
          ],
          [
            -73.9293216,
            40.8710525
          ],
          [
            -73.9292767,
            40.8711243
          ],
          [
            -73.9292635,
            40.8711453
          ],
          [
            -73.9294347,
            40.8712121
          ],
          [
            -73.9293684,
            40.8714675
          ],
          [
            -73.9292644,
            40.8718959
          ],
          [
            -73.9291874,
            40.8721315
          ],
          [
            -73.9290232,
            40.8725309
          ],
          [
            -73.9286839,
            40.8730121
          ],
          [
            -73.9285077,
            40.873477
          ],
          [
            -73.9282281,
            40.873806
          ],
          [
            -73.9282064,
            40.8738274
          ],
          [
            -73.9281607,
            40.8738726
          ],
          [
            -73.9281541,
            40.8738791
          ],
          [
            -73.9281391,
            40.873894
          ],
          [
            -73.9282926,
            40.8739658
          ],
          [
            -73.9284077,
            40.8739897
          ],
          [
            -73.9284989,
            40.8739796
          ],
          [
            -73.9285546,
            40.873951
          ],
          [
            -73.9287391,
            40.8737997
          ],
          [
            -73.9288028,
            40.8737472
          ],
          [
            -73.928981,
            40.8737186
          ],
          [
            -73.9290236,
            40.8737324
          ],
          [
            -73.9290296,
            40.8737351
          ],
          [
            -73.9293489,
            40.8738475
          ],
          [
            -73.9293605,
            40.8738516
          ],
          [
            -73.9293749,
            40.8738566
          ],
          [
            -73.9293791,
            40.8738581
          ],
          [
            -73.9294131,
            40.8738006
          ],
          [
            -73.9294529,
            40.8738144
          ],
          [
            -73.9294192,
            40.87387
          ],
          [
            -73.929482,
            40.8738932
          ],
          [
            -73.929587,
            40.8737755
          ],
          [
            -73.9296719,
            40.8737114
          ],
          [
            -73.9297399,
            40.8736733
          ],
          [
            -73.9298122,
            40.8736406
          ],
          [
            -73.9298955,
            40.8736049
          ],
          [
            -73.9299259,
            40.8735975
          ],
          [
            -73.9298569,
            40.8735824
          ],
          [
            -73.9298125,
            40.8735524
          ],
          [
            -73.9297763,
            40.8735091
          ],
          [
            -73.9297553,
            40.8734703
          ],
          [
            -73.9297335,
            40.8733855
          ],
          [
            -73.9297553,
            40.8734703
          ],
          [
            -73.9297763,
            40.8735091
          ],
          [
            -73.9298125,
            40.8735524
          ],
          [
            -73.9298569,
            40.8735824
          ],
          [
            -73.9299259,
            40.8735975
          ],
          [
            -73.9298955,
            40.8736049
          ],
          [
            -73.9298122,
            40.8736406
          ],
          [
            -73.9297399,
            40.8736733
          ],
          [
            -73.9296719,
            40.8737114
          ],
          [
            -73.929587,
            40.8737755
          ],
          [
            -73.929482,
            40.8738932
          ],
          [
            -73.9294192,
            40.87387
          ],
          [
            -73.9294529,
            40.8738144
          ],
          [
            -73.9294131,
            40.8738006
          ],
          [
            -73.9293791,
            40.8738581
          ],
          [
            -73.9293749,
            40.8738566
          ],
          [
            -73.9293605,
            40.8738516
          ],
          [
            -73.9293489,
            40.8738475
          ],
          [
            -73.9290296,
            40.8737351
          ],
          [
            -73.9290236,
            40.8737324
          ],
          [
            -73.928981,
            40.8737186
          ],
          [
            -73.9288028,
            40.8737472
          ],
          [
            -73.9287391,
            40.8737997
          ],
          [
            -73.9285546,
            40.873951
          ],
          [
            -73.9284989,
            40.8739796
          ],
          [
            -73.9284077,
            40.8739897
          ],
          [
            -73.9282926,
            40.8739658
          ],
          [
            -73.9281391,
            40.873894
          ],
          [
            -73.9281541,
            40.8738791
          ],
          [
            -73.9281607,
            40.8738726
          ],
          [
            -73.9282064,
            40.8738274
          ],
          [
            -73.9282281,
            40.873806
          ],
          [
            -73.9285077,
            40.873477
          ],
          [
            -73.9286839,
            40.8730121
          ],
          [
            -73.9290232,
            40.8725309
          ],
          [
            -73.9291874,
            40.8721315
          ],
          [
            -73.9292644,
            40.8718959
          ],
          [
            -73.9293684,
            40.8714675
          ],
          [
            -73.9294347,
            40.8712121
          ],
          [
            -73.9292635,
            40.8711453
          ],
          [
            -73.9292767,
            40.8711243
          ],
          [
            -73.9293216,
            40.8710525
          ],
          [
            -73.9293434,
            40.8709444
          ],
          [
            -73.9293029,
            40.8708906
          ],
          [
            -73.9292531,
            40.8707792
          ],
          [
            -73.9291976,
            40.8706868
          ],
          [
            -73.9292564,
            40.8705996
          ],
          [
            -73.9293213,
            40.8702828
          ],
          [
            -73.9293763,
            40.8699011
          ],
          [
            -73.9293889,
            40.8696835
          ],
          [
            -73.9293794,
            40.8691246
          ],
          [
            -73.9294805,
            40.8689604
          ],
          [
            -73.9294856,
            40.8687526
          ],
          [
            -73.92944,
            40.8686124
          ],
          [
            -73.9293367,
            40.8685433
          ],
          [
            -73.9291151,
            40.8684731
          ],
          [
            -73.9289101,
            40.8683789
          ],
          [
            -73.9287855,
            40.8682494
          ],
          [
            -73.9286941,
            40.8681337
          ],
          [
            -73.9285124,
            40.8680192
          ],
          [
            -73.9281535,
            40.8679415
          ],
          [
            -73.9279187,
            40.8679051
          ],
          [
            -73.9277894,
            40.8678925
          ],
          [
            -73.9276068,
            40.8679202
          ],
          [
            -73.9274002,
            40.8679738
          ],
          [
            -73.927269,
            40.8679963
          ],
          [
            -73.9271512,
            40.867997
          ],
          [
            -73.927107,
            40.8679598
          ],
          [
            -73.9270813,
            40.8679446
          ],
          [
            -73.9270519,
            40.8679097
          ],
          [
            -73.9269852,
            40.8679563
          ],
          [
            -73.9269228,
            40.868006
          ],
          [
            -73.9267994,
            40.8681044
          ],
          [
            -73.9265748,
            40.8682644
          ],
          [
            -73.9262387,
            40.8684686
          ],
          [
            -73.926062,
            40.8685353
          ],
          [
            -73.9258919,
            40.8685873
          ],
          [
            -73.9257121,
            40.8686284
          ],
          [
            -73.925508,
            40.868673
          ],
          [
            -73.9251354,
            40.8687545
          ],
          [
            -73.9248688,
            40.8688104
          ],
          [
            -73.9245707,
            40.8688673
          ],
          [
            -73.9245514,
            40.868871
          ],
          [
            -73.9242605,
            40.868948
          ],
          [
            -73.924115,
            40.8689775
          ],
          [
            -73.9240171,
            40.868991
          ],
          [
            -73.9239522,
            40.8689939
          ],
          [
            -73.9238758,
            40.868989
          ],
          [
            -73.9237954,
            40.8689781
          ],
          [
            -73.9237394,
            40.8689623
          ],
          [
            -73.9236945,
            40.86894
          ],
          [
            -73.9236086,
            40.8688872
          ],
          [
            -73.9235533,
            40.8688398
          ],
          [
            -73.9235074,
            40.8687911
          ],
          [
            -73.9234916,
            40.8687711
          ],
          [
            -73.923435,
            40.8687912
          ],
          [
            -73.923415,
            40.8687982
          ],
          [
            -73.9227381,
            40.8690349
          ],
          [
            -73.922298,
            40.8691958
          ],
          [
            -73.9222846,
            40.8691772
          ],
          [
            -73.9222427,
            40.8691149
          ],
          [
            -73.922145,
            40.86915
          ],
          [
            -73.9220982,
            40.8690799
          ],
          [
            -73.9217591,
            40.8685712
          ],
          [
            -73.9217178,
            40.868509
          ],
          [
            -73.9216842,
            40.8684555
          ],
          [
            -73.921279,
            40.8678061
          ],
          [
            -73.9212171,
            40.867707
          ]
        ]
      }
    },
    {
      "type": "Feature",
      "properties": {
        "scenario": "Inwood Hill Park | 2.5mi | mix | hilly | amenity",
        "shape": "mix",
        "target_miles": 2.5,
        "distance_m": 3994.7055314717386,
        "candidate_index": 2
      },
      "geometry": {
        "type": "LineString",
        "coordinates": [
          [
            -73.9212171,
            40.867707
          ],
          [
            -73.921279,
            40.8678061
          ],
          [
            -73.9216842,
            40.8684555
          ],
          [
            -73.9217178,
            40.868509
          ],
          [
            -73.9217591,
            40.8685712
          ],
          [
            -73.9220982,
            40.8690799
          ],
          [
            -73.922145,
            40.86915
          ],
          [
            -73.9222427,
            40.8691149
          ],
          [
            -73.9222846,
            40.8691772
          ],
          [
            -73.922298,
            40.8691958
          ],
          [
            -73.9227381,
            40.8690349
          ],
          [
            -73.923415,
            40.8687982
          ],
          [
            -73.923435,
            40.8687912
          ],
          [
            -73.9234916,
            40.8687711
          ],
          [
            -73.9235074,
            40.8687911
          ],
          [
            -73.9235533,
            40.8688398
          ],
          [
            -73.9236086,
            40.8688872
          ],
          [
            -73.9236945,
            40.86894
          ],
          [
            -73.9237394,
            40.8689623
          ],
          [
            -73.9237954,
            40.8689781
          ],
          [
            -73.9238758,
            40.868989
          ],
          [
            -73.9239522,
            40.8689939
          ],
          [
            -73.9240171,
            40.868991
          ],
          [
            -73.924115,
            40.8689775
          ],
          [
            -73.9242605,
            40.868948
          ],
          [
            -73.9245514,
            40.868871
          ],
          [
            -73.9245707,
            40.8688673
          ],
          [
            -73.9248688,
            40.8688104
          ],
          [
            -73.9251354,
            40.8687545
          ],
          [
            -73.925508,
            40.868673
          ],
          [
            -73.9257121,
            40.8686284
          ],
          [
            -73.9258919,
            40.8685873
          ],
          [
            -73.926062,
            40.8685353
          ],
          [
            -73.9262387,
            40.8684686
          ],
          [
            -73.9265748,
            40.8682644
          ],
          [
            -73.9267994,
            40.8681044
          ],
          [
            -73.9269228,
            40.868006
          ],
          [
            -73.9269852,
            40.8679563
          ],
          [
            -73.9270519,
            40.8679097
          ],
          [
            -73.9270813,
            40.8679446
          ],
          [
            -73.927107,
            40.8679598
          ],
          [
            -73.9271512,
            40.867997
          ],
          [
            -73.927269,
            40.8679963
          ],
          [
            -73.9274002,
            40.8679738
          ],
          [
            -73.9276068,
            40.8679202
          ],
          [
            -73.9277894,
            40.8678925
          ],
          [
            -73.9279187,
            40.8679051
          ],
          [
            -73.9281535,
            40.8679415
          ],
          [
            -73.9285124,
            40.8680192
          ],
          [
            -73.9286941,
            40.8681337
          ],
          [
            -73.9287855,
            40.8682494
          ],
          [
            -73.9289101,
            40.8683789
          ],
          [
            -73.9291151,
            40.8684731
          ],
          [
            -73.9293367,
            40.8685433
          ],
          [
            -73.92944,
            40.8686124
          ],
          [
            -73.9294856,
            40.8687526
          ],
          [
            -73.9294805,
            40.8689604
          ],
          [
            -73.9293794,
            40.8691246
          ],
          [
            -73.9293889,
            40.8696835
          ],
          [
            -73.9293763,
            40.8699011
          ],
          [
            -73.9293213,
            40.8702828
          ],
          [
            -73.9292564,
            40.8705996
          ],
          [
            -73.9291976,
            40.8706868
          ],
          [
            -73.9292531,
            40.8707792
          ],
          [
            -73.9293029,
            40.8708906
          ],
          [
            -73.9293434,
            40.8709444
          ],
          [
            -73.9293216,
            40.8710525
          ],
          [
            -73.9292767,
            40.8711243
          ],
          [
            -73.9292635,
            40.8711453
          ],
          [
            -73.9294347,
            40.8712121
          ],
          [
            -73.9293684,
            40.8714675
          ],
          [
            -73.9292644,
            40.8718959
          ],
          [
            -73.9291874,
            40.8721315
          ],
          [
            -73.9290232,
            40.8725309
          ],
          [
            -73.9286839,
            40.8730121
          ],
          [
            -73.9285077,
            40.873477
          ],
          [
            -73.9282281,
            40.873806
          ],
          [
            -73.9282064,
            40.8738274
          ],
          [
            -73.9281607,
            40.8738726
          ],
          [
            -73.9281541,
            40.8738791
          ],
          [
            -73.9281391,
            40.873894
          ],
          [
            -73.9282926,
            40.8739658
          ],
          [
            -73.9284077,
            40.8739897
          ],
          [
            -73.9284989,
            40.8739796
          ],
          [
            -73.9285546,
            40.873951
          ],
          [
            -73.9287391,
            40.8737997
          ],
          [
            -73.9288028,
            40.8737472
          ],
          [
            -73.928981,
            40.8737186
          ],
          [
            -73.9290236,
            40.8737324
          ],
          [
            -73.9290296,
            40.8737351
          ],
          [
            -73.9293489,
            40.8738475
          ],
          [
            -73.9293605,
            40.8738516
          ],
          [
            -73.9293749,
            40.8738566
          ],
          [
            -73.9293791,
            40.8738581
          ],
          [
            -73.9294131,
            40.8738006
          ],
          [
            -73.9294529,
            40.8738144
          ],
          [
            -73.9294192,
            40.87387
          ],
          [
            -73.929482,
            40.8738932
          ],
          [
            -73.929587,
            40.8737755
          ],
          [
            -73.9296719,
            40.8737114
          ],
          [
            -73.9297399,
            40.8736733
          ],
          [
            -73.9298122,
            40.8736406
          ],
          [
            -73.9298955,
            40.8736049
          ],
          [
            -73.9299259,
            40.8735975
          ],
          [
            -73.9298569,
            40.8735824
          ],
          [
            -73.9298125,
            40.8735524
          ],
          [
            -73.9297763,
            40.8735091
          ],
          [
            -73.9297553,
            40.8734703
          ],
          [
            -73.9297335,
            40.8733855
          ],
          [
            -73.9297553,
            40.8734703
          ],
          [
            -73.9297763,
            40.8735091
          ],
          [
            -73.9298125,
            40.8735524
          ],
          [
            -73.9298569,
            40.8735824
          ],
          [
            -73.9299259,
            40.8735975
          ],
          [
            -73.9298955,
            40.8736049
          ],
          [
            -73.9298122,
            40.8736406
          ],
          [
            -73.9297399,
            40.8736733
          ],
          [
            -73.9296719,
            40.8737114
          ],
          [
            -73.929587,
            40.8737755
          ],
          [
            -73.929482,
            40.8738932
          ],
          [
            -73.9294192,
            40.87387
          ],
          [
            -73.9294529,
            40.8738144
          ],
          [
            -73.9294131,
            40.8738006
          ],
          [
            -73.9293791,
            40.8738581
          ],
          [
            -73.9293749,
            40.8738566
          ],
          [
            -73.9293605,
            40.8738516
          ],
          [
            -73.9293489,
            40.8738475
          ],
          [
            -73.9290296,
            40.8737351
          ],
          [
            -73.9290236,
            40.8737324
          ],
          [
            -73.928981,
            40.8737186
          ],
          [
            -73.9288028,
            40.8737472
          ],
          [
            -73.9287391,
            40.8737997
          ],
          [
            -73.9285546,
            40.873951
          ],
          [
            -73.9284989,
            40.8739796
          ],
          [
            -73.9284077,
            40.8739897
          ],
          [
            -73.9282926,
            40.8739658
          ],
          [
            -73.9281391,
            40.873894
          ],
          [
            -73.9281541,
            40.8738791
          ],
          [
            -73.9281607,
            40.8738726
          ],
          [
            -73.9282064,
            40.8738274
          ],
          [
            -73.9282281,
            40.873806
          ],
          [
            -73.9285077,
            40.873477
          ],
          [
            -73.9286839,
            40.8730121
          ],
          [
            -73.9290232,
            40.8725309
          ],
          [
            -73.9291874,
            40.8721315
          ],
          [
            -73.9292644,
            40.8718959
          ],
          [
            -73.9293684,
            40.8714675
          ],
          [
            -73.9294347,
            40.8712121
          ],
          [
            -73.9292635,
            40.8711453
          ],
          [
            -73.9292767,
            40.8711243
          ],
          [
            -73.9293216,
            40.8710525
          ],
          [
            -73.9293434,
            40.8709444
          ],
          [
            -73.9293029,
            40.8708906
          ],
          [
            -73.9292531,
            40.8707792
          ],
          [
            -73.9291976,
            40.8706868
          ],
          [
            -73.9292564,
            40.8705996
          ],
          [
            -73.9293213,
            40.8702828
          ],
          [
            -73.9293763,
            40.8699011
          ],
          [
            -73.9293889,
            40.8696835
          ],
          [
            -73.9293794,
            40.8691246
          ],
          [
            -73.9294805,
            40.8689604
          ],
          [
            -73.9294856,
            40.8687526
          ],
          [
            -73.92944,
            40.8686124
          ],
          [
            -73.9293367,
            40.8685433
          ],
          [
            -73.9291151,
            40.8684731
          ],
          [
            -73.9289101,
            40.8683789
          ],
          [
            -73.9287855,
            40.8682494
          ],
          [
            -73.9286941,
            40.8681337
          ],
          [
            -73.9285124,
            40.8680192
          ],
          [
            -73.9281535,
            40.8679415
          ],
          [
            -73.9279187,
            40.8679051
          ],
          [
            -73.9277894,
            40.8678925
          ],
          [
            -73.9276068,
            40.8679202
          ],
          [
            -73.9274002,
            40.8679738
          ],
          [
            -73.927269,
            40.8679963
          ],
          [
            -73.9271512,
            40.867997
          ],
          [
            -73.927107,
            40.8679598
          ],
          [
            -73.9270813,
            40.8679446
          ],
          [
            -73.9270519,
            40.8679097
          ],
          [
            -73.9269852,
            40.8679563
          ],
          [
            -73.9269228,
            40.868006
          ],
          [
            -73.9267994,
            40.8681044
          ],
          [
            -73.9265748,
            40.8682644
          ],
          [
            -73.9262387,
            40.8684686
          ],
          [
            -73.926062,
            40.8685353
          ],
          [
            -73.9258919,
            40.8685873
          ],
          [
            -73.9257121,
            40.8686284
          ],
          [
            -73.925508,
            40.868673
          ],
          [
            -73.9251354,
            40.8687545
          ],
          [
            -73.9248688,
            40.8688104
          ],
          [
            -73.9245707,
            40.8688673
          ],
          [
            -73.9245514,
            40.868871
          ],
          [
            -73.9242605,
            40.868948
          ],
          [
            -73.924115,
            40.8689775
          ],
          [
            -73.9240171,
            40.868991
          ],
          [
            -73.9239522,
            40.8689939
          ],
          [
            -73.9238758,
            40.868989
          ],
          [
            -73.9237954,
            40.8689781
          ],
          [
            -73.9237394,
            40.8689623
          ],
          [
            -73.9236945,
            40.86894
          ],
          [
            -73.9236086,
            40.8688872
          ],
          [
            -73.9235533,
            40.8688398
          ],
          [
            -73.9235074,
            40.8687911
          ],
          [
            -73.9234916,
            40.8687711
          ],
          [
            -73.923435,
            40.8687912
          ],
          [
            -73.923415,
            40.8687982
          ],
          [
            -73.9227381,
            40.8690349
          ],
          [
            -73.922298,
            40.8691958
          ],
          [
            -73.9222846,
            40.8691772
          ],
          [
            -73.9222427,
            40.8691149
          ],
          [
            -73.922145,
            40.86915
          ],
          [
            -73.9220982,
            40.8690799
          ],
          [
            -73.9217591,
            40.8685712
          ],
          [
            -73.9217178,
            40.868509
          ],
          [
            -73.9216842,
            40.8684555
          ],
          [
            -73.921279,
            40.8678061
          ],
          [
            -73.9212171,
            40.867707
          ],
          [
            -73.9211514,
            40.8676035
          ],
          [
            -73.9209918,
            40.867349
          ],
          [
            -73.9208274,
            40.8670932
          ],
          [
            -73.9206665,
            40.8668436
          ],
          [
            -73.920612,
            40.866759
          ],
          [
            -73.9205663,
            40.8666878
          ],
          [
            -73.9204924,
            40.8665723
          ],
          [
            -73.9204108,
            40.8664448
          ],
          [
            -73.9202099,
            40.8661311
          ],
          [
            -73.920064,
            40.8659033
          ],
          [
            -73.919996,
            40.865797
          ],
          [
            -73.9199365,
            40.8657043
          ],
          [
            -73.9200124,
            40.8656746
          ],
          [
            -73.9200401,
            40.8656643
          ],
          [
            -73.9200124,
            40.8656746
          ],
          [
            -73.9199365,
            40.8657043
          ],
          [
            -73.919996,
            40.865797
          ],
          [
            -73.920064,
            40.8659033
          ],
          [
            -73.9202099,
            40.8661311
          ],
          [
            -73.9204108,
            40.8664448
          ],
          [
            -73.9204924,
            40.8665723
          ],
          [
            -73.9205663,
            40.8666878
          ],
          [
            -73.920612,
            40.866759
          ],
          [
            -73.9206665,
            40.8668436
          ],
          [
            -73.9208274,
            40.8670932
          ],
          [
            -73.9209918,
            40.867349
          ],
          [
            -73.9211514,
            40.8676035
          ],
          [
            -73.9212171,
            40.867707
          ]
        ]
      }
    },
    {
      "type": "Feature",
      "properties": {
        "scenario": "Inwood Hill Park | 2.5mi | mix | hilly | amenity",
        "shape": "mix",
        "target_miles": 2.5,
        "distance_m": 4056.843179802277,
        "candidate_index": 3
      },
      "geometry": {
        "type": "LineString",
        "coordinates": [
          [
            -73.9212171,
            40.867707
          ],
          [
            -73.9211514,
            40.8676035
          ],
          [
            -73.9209918,
            40.867349
          ],
          [
            -73.9208274,
            40.8670932
          ],
          [
            -73.9206665,
            40.8668436
          ],
          [
            -73.920612,
            40.866759
          ],
          [
            -73.9205663,
            40.8666878
          ],
          [
            -73.9204924,
            40.8665723
          ],
          [
            -73.9204108,
            40.8664448
          ],
          [
            -73.9202099,
            40.8661311
          ],
          [
            -73.920064,
            40.8659033
          ],
          [
            -73.919996,
            40.865797
          ],
          [
            -73.9199365,
            40.8657043
          ],
          [
            -73.9197976,
            40.8654878
          ],
          [
            -73.9194168,
            40.8648944
          ],
          [
            -73.919362,
            40.864809
          ],
          [
            -73.9193195,
            40.864744
          ],
          [
            -73.9192802,
            40.8646838
          ],
          [
            -73.9192173,
            40.8646211
          ],
          [
            -73.9192034,
            40.8646072
          ],
          [
            -73.9191015,
            40.8645495
          ],
          [
            -73.919069,
            40.8645354
          ],
          [
            -73.9191602,
            40.864406
          ],
          [
            -73.9191767,
            40.86438
          ],
          [
            -73.9194063,
            40.8640193
          ],
          [
            -73.9194966,
            40.8639107
          ],
          [
            -73.9195823,
            40.8638078
          ],
          [
            -73.9196959,
            40.8636712
          ],
          [
            -73.9202647,
            40.8633911
          ],
          [
            -73.9205847,
            40.8632833
          ],
          [
            -73.9205728,
            40.8632637
          ],
          [
            -73.9205064,
            40.8631631
          ],
          [
            -73.9204518,
            40.8630592
          ],
          [
            -73.9204396,
            40.8630391
          ],
          [
            -73.9204627,
            40.8630249
          ],
          [
            -73.9205334,
            40.8629936
          ],
          [
            -73.9206092,
            40.8629584
          ],
          [
            -73.9206344,
            40.8629494
          ],
          [
            -73.9211718,
            40.8627564
          ],
          [
            -73.921535,
            40.8626196
          ],
          [
            -73.9217335,
            40.8625448
          ],
          [
            -73.9222299,
            40.8623562
          ],
          [
            -73.9223022,
            40.8623287
          ],
          [
            -73.9225091,
            40.8622501
          ],
          [
            -73.9225788,
            40.8622236
          ],
          [
            -73.9229244,
            40.8621003
          ],
          [
            -73.9231219,
            40.8620298
          ],
          [
            -73.9235188,
            40.8618881
          ],
          [
            -73.9235996,
            40.8618524
          ],
          [
            -73.923972,
            40.8616878
          ],
          [
            -73.9241536,
            40.8615919
          ],
          [
            -73.9244863,
            40.8614163
          ],
          [
            -73.9245083,
            40.8614121
          ],
          [
            -73.9246067,
            40.8614012
          ],
          [
            -73.9247435,
            40.8613881
          ],
          [
            -73.924761,
            40.861382
          ],
          [
            -73.9247987,
            40.8613719
          ],
          [
            -73.9248223,
            40.8610731
          ],
          [
            -73.9248412,
            40.8609092
          ],
          [
            -73.9248634,
            40.8607897
          ],
          [
            -73.9248459,
            40.8607678
          ],
          [
            -73.9248191,
            40.8606945
          ],
          [
            -73.924803,
            40.8606395
          ],
          [
            -73.924805,
            40.8606002
          ],
          [
            -73.9247831,
            40.8605238
          ],
          [
            -73.9247901,
            40.8604968
          ],
          [
            -73.9248174,
            40.8604629
          ],
          [
            -73.9248212,
            40.8604323
          ],
          [
            -73.9248152,
            40.8604063
          ],
          [
            -73.9248082,
            40.8603538
          ],
          [
            -73.9248446,
            40.8602711
          ],
          [
            -73.9247488,
            40.8602498
          ],
          [
            -73.924691,
            40.8602278
          ],
          [
            -73.9246252,
            40.8602217
          ],
          [
            -73.9245896,
            40.860213
          ],
          [
            -73.9245455,
            40.8602019
          ],
          [
            -73.924494,
            40.8601766
          ],
          [
            -73.9244313,
            40.8601429
          ],
          [
            -73.9243697,
            40.8601054
          ],
          [
            -73.9243493,
            40.8600917
          ],
          [
            -73.9243044,
            40.860084
          ],
          [
            -73.9242774,
            40.860076
          ],
          [
            -73.9242588,
            40.860065
          ],
          [
            -73.9242398,
            40.8600393
          ],
          [
            -73.9242297,
            40.8600225
          ],
          [
            -73.9242203,
            40.8600127
          ],
          [
            -73.9241551,
            40.8599822
          ],
          [
            -73.924098,
            40.859958
          ],
          [
            -73.9240271,
            40.8599121
          ],
          [
            -73.923975,
            40.8598579
          ],
          [
            -73.9239603,
            40.8598277
          ],
          [
            -73.923977,
            40.8598078
          ],
          [
            -73.9240189,
            40.8597973
          ],
          [
            -73.9240393,
            40.85977
          ],
          [
            -73.9240201,
            40.8597106
          ],
          [
            -73.9240175,
            40.8596831
          ],
          [
            -73.9239536,
            40.8596514
          ],
          [
            -73.9239072,
            40.8596066
          ],
          [
            -73.9239021,
            40.8595365
          ],
          [
            -73.9238686,
            40.859445
          ],
          [
            -73.9238403,
            40.8593826
          ],
          [
            -73.9238042,
            40.8593476
          ],
          [
            -73.9238189,
            40.8593143
          ],
          [
            -73.9238619,
            40.8593124
          ],
          [
            -73.9238871,
            40.8593296
          ],
          [
            -73.924,
            40.8593603
          ],
          [
            -73.9240367,
            40.8593474
          ],
          [
            -73.9240597,
            40.8593599
          ],
          [
            -73.9240616,
            40.8593725
          ],
          [
            -73.9240746,
            40.8593829
          ],
          [
            -73.9240894,
            40.8593779
          ],
          [
            -73.9240927,
            40.8593617
          ],
          [
            -73.9241008,
            40.8592989
          ],
          [
            -73.9241196,
            40.8592712
          ],
          [
            -73.9241034,
            40.8591905
          ],
          [
            -73.92408,
            40.8591674
          ],
          [
            -73.9240659,
            40.8591416
          ],
          [
            -73.9240027,
            40.8591074
          ],
          [
            -73.9239758,
            40.8590872
          ],
          [
            -73.9239523,
            40.8590547
          ],
          [
            -73.9239316,
            40.8590265
          ],
          [
            -73.923927,
            40.8589929
          ],
          [
            -73.923925,
            40.8589589
          ],
          [
            -73.9239361,
            40.8589357
          ],
          [
            -73.9239548,
            40.8589144
          ],
          [
            -73.9239809,
            40.858901
          ],
          [
            -73.9240236,
            40.8589057
          ],
          [
            -73.9240762,
            40.8589188
          ],
          [
            -73.9241194,
            40.8589408
          ],
          [
            -73.9241447,
            40.8589666
          ],
          [
            -73.92417,
            40.8590259
          ],
          [
            -73.9241978,
            40.8590813
          ],
          [
            -73.9242458,
            40.8591042
          ],
          [
            -73.9242963,
            40.8591023
          ],
          [
            -73.9243392,
            40.8590813
          ],
          [
            -73.9243619,
            40.8590545
          ],
          [
            -73.9243998,
            40.8588921
          ],
          [
            -73.9243392,
            40.8588539
          ],
          [
            -73.9243013,
            40.8588272
          ],
          [
            -73.9242938,
            40.8587852
          ],
          [
            -73.9243114,
            40.8587393
          ],
          [
            -73.9243392,
            40.8587279
          ],
          [
            -73.9243287,
            40.8587077
          ],
          [
            -73.9243241,
            40.8586878
          ],
          [
            -73.9243064,
            40.8586438
          ],
          [
            -73.9242735,
            40.8585999
          ],
          [
            -73.9242609,
            40.8585693
          ],
          [
            -73.9242685,
            40.8585235
          ],
          [
            -73.9242938,
            40.8584757
          ],
          [
            -73.9242833,
            40.8583525
          ],
          [
            -73.9242554,
            40.8582919
          ],
          [
            -73.9242652,
            40.8582564
          ],
          [
            -73.9242376,
            40.8582173
          ],
          [
            -73.9241933,
            40.8581863
          ],
          [
            -73.9241415,
            40.8581004
          ],
          [
            -73.9241005,
            40.8580527
          ],
          [
            -73.9240562,
            40.8579977
          ],
          [
            -73.9240618,
            40.857957
          ],
          [
            -73.9240924,
            40.8579092
          ],
          [
            -73.9241395,
            40.857894
          ],
          [
            -73.9240924,
            40.8579092
          ],
          [
            -73.9240618,
            40.857957
          ],
          [
            -73.9240562,
            40.8579977
          ],
          [
            -73.9241005,
            40.8580527
          ],
          [
            -73.9241415,
            40.8581004
          ],
          [
            -73.9241933,
            40.8581863
          ],
          [
            -73.9242376,
            40.8582173
          ],
          [
            -73.9242652,
            40.8582564
          ],
          [
            -73.9242554,
            40.8582919
          ],
          [
            -73.9242833,
            40.8583525
          ],
          [
            -73.9242938,
            40.8584757
          ],
          [
            -73.9242685,
            40.8585235
          ],
          [
            -73.9242609,
            40.8585693
          ],
          [
            -73.9242735,
            40.8585999
          ],
          [
            -73.9243064,
            40.8586438
          ],
          [
            -73.9243241,
            40.8586878
          ],
          [
            -73.9243287,
            40.8587077
          ],
          [
            -73.9243392,
            40.8587279
          ],
          [
            -73.9243114,
            40.8587393
          ],
          [
            -73.9242938,
            40.8587852
          ],
          [
            -73.9243013,
            40.8588272
          ],
          [
            -73.9243392,
            40.8588539
          ],
          [
            -73.9243998,
            40.8588921
          ],
          [
            -73.9243619,
            40.8590545
          ],
          [
            -73.9243392,
            40.8590813
          ],
          [
            -73.9242963,
            40.8591023
          ],
          [
            -73.9242458,
            40.8591042
          ],
          [
            -73.9241978,
            40.8590813
          ],
          [
            -73.92417,
            40.8590259
          ],
          [
            -73.9241447,
            40.8589666
          ],
          [
            -73.9241194,
            40.8589408
          ],
          [
            -73.9240762,
            40.8589188
          ],
          [
            -73.9240236,
            40.8589057
          ],
          [
            -73.9239809,
            40.858901
          ],
          [
            -73.9239548,
            40.8589144
          ],
          [
            -73.9239361,
            40.8589357
          ],
          [
            -73.923925,
            40.8589589
          ],
          [
            -73.923927,
            40.8589929
          ],
          [
            -73.9239316,
            40.8590265
          ],
          [
            -73.9239523,
            40.8590547
          ],
          [
            -73.9239758,
            40.8590872
          ],
          [
            -73.9240027,
            40.8591074
          ],
          [
            -73.9240659,
            40.8591416
          ],
          [
            -73.92408,
            40.8591674
          ],
          [
            -73.9241034,
            40.8591905
          ],
          [
            -73.9241196,
            40.8592712
          ],
          [
            -73.9241008,
            40.8592989
          ],
          [
            -73.9240927,
            40.8593617
          ],
          [
            -73.9240894,
            40.8593779
          ],
          [
            -73.9240746,
            40.8593829
          ],
          [
            -73.9240616,
            40.8593725
          ],
          [
            -73.9240597,
            40.8593599
          ],
          [
            -73.9240367,
            40.8593474
          ],
          [
            -73.924,
            40.8593603
          ],
          [
            -73.9238871,
            40.8593296
          ],
          [
            -73.9238619,
            40.8593124
          ],
          [
            -73.9238189,
            40.8593143
          ],
          [
            -73.9238042,
            40.8593476
          ],
          [
            -73.9238403,
            40.8593826
          ],
          [
            -73.9238686,
            40.859445
          ],
          [
            -73.9239021,
            40.8595365
          ],
          [
            -73.9239072,
            40.8596066
          ],
          [
            -73.9239536,
            40.8596514
          ],
          [
            -73.9240175,
            40.8596831
          ],
          [
            -73.9240201,
            40.8597106
          ],
          [
            -73.9240393,
            40.85977
          ],
          [
            -73.9240189,
            40.8597973
          ],
          [
            -73.923977,
            40.8598078
          ],
          [
            -73.9239603,
            40.8598277
          ],
          [
            -73.923975,
            40.8598579
          ],
          [
            -73.9240271,
            40.8599121
          ],
          [
            -73.924098,
            40.859958
          ],
          [
            -73.9241551,
            40.8599822
          ],
          [
            -73.9242203,
            40.8600127
          ],
          [
            -73.9242297,
            40.8600225
          ],
          [
            -73.9242398,
            40.8600393
          ],
          [
            -73.9242588,
            40.860065
          ],
          [
            -73.9242774,
            40.860076
          ],
          [
            -73.9243044,
            40.860084
          ],
          [
            -73.9243493,
            40.8600917
          ],
          [
            -73.9243697,
            40.8601054
          ],
          [
            -73.9244313,
            40.8601429
          ],
          [
            -73.924494,
            40.8601766
          ],
          [
            -73.9245455,
            40.8602019
          ],
          [
            -73.9245896,
            40.860213
          ],
          [
            -73.9246252,
            40.8602217
          ],
          [
            -73.924691,
            40.8602278
          ],
          [
            -73.9247488,
            40.8602498
          ],
          [
            -73.9248446,
            40.8602711
          ],
          [
            -73.9248082,
            40.8603538
          ],
          [
            -73.9248152,
            40.8604063
          ],
          [
            -73.9248212,
            40.8604323
          ],
          [
            -73.9248174,
            40.8604629
          ],
          [
            -73.9247901,
            40.8604968
          ],
          [
            -73.9247831,
            40.8605238
          ],
          [
            -73.924805,
            40.8606002
          ],
          [
            -73.924803,
            40.8606395
          ],
          [
            -73.9248191,
            40.8606945
          ],
          [
            -73.9248459,
            40.8607678
          ],
          [
            -73.9248634,
            40.8607897
          ],
          [
            -73.9248412,
            40.8609092
          ],
          [
            -73.9248223,
            40.8610731
          ],
          [
            -73.9247987,
            40.8613719
          ],
          [
            -73.924761,
            40.861382
          ],
          [
            -73.9247435,
            40.8613881
          ],
          [
            -73.9246067,
            40.8614012
          ],
          [
            -73.9245083,
            40.8614121
          ],
          [
            -73.9244863,
            40.8614163
          ],
          [
            -73.9241536,
            40.8615919
          ],
          [
            -73.923972,
            40.8616878
          ],
          [
            -73.9235996,
            40.8618524
          ],
          [
            -73.9235188,
            40.8618881
          ],
          [
            -73.9231219,
            40.8620298
          ],
          [
            -73.9229244,
            40.8621003
          ],
          [
            -73.9225788,
            40.8622236
          ],
          [
            -73.9225091,
            40.8622501
          ],
          [
            -73.9223022,
            40.8623287
          ],
          [
            -73.9222299,
            40.8623562
          ],
          [
            -73.9217335,
            40.8625448
          ],
          [
            -73.921535,
            40.8626196
          ],
          [
            -73.9211718,
            40.8627564
          ],
          [
            -73.9206344,
            40.8629494
          ],
          [
            -73.9206092,
            40.8629584
          ],
          [
            -73.9205334,
            40.8629936
          ],
          [
            -73.9204627,
            40.8630249
          ],
          [
            -73.9204396,
            40.8630391
          ],
          [
            -73.9204518,
            40.8630592
          ],
          [
            -73.9205064,
            40.8631631
          ],
          [
            -73.9205728,
            40.8632637
          ],
          [
            -73.9205847,
            40.8632833
          ],
          [
            -73.9202647,
            40.8633911
          ],
          [
            -73.9196959,
            40.8636712
          ],
          [
            -73.9195823,
            40.8638078
          ],
          [
            -73.9194966,
            40.8639107
          ],
          [
            -73.9194063,
            40.8640193
          ],
          [
            -73.9191767,
            40.86438
          ],
          [
            -73.9191602,
            40.864406
          ],
          [
            -73.919069,
            40.8645354
          ],
          [
            -73.9191015,
            40.8645495
          ],
          [
            -73.9192034,
            40.8646072
          ],
          [
            -73.9192173,
            40.8646211
          ],
          [
            -73.9192802,
            40.8646838
          ],
          [
            -73.9193195,
            40.864744
          ],
          [
            -73.919362,
            40.864809
          ],
          [
            -73.9194168,
            40.8648944
          ],
          [
            -73.9197976,
            40.8654878
          ],
          [
            -73.9199365,
            40.8657043
          ],
          [
            -73.919996,
            40.865797
          ],
          [
            -73.920064,
            40.8659033
          ],
          [
            -73.9202099,
            40.8661311
          ],
          [
            -73.9204108,
            40.8664448
          ],
          [
            -73.9204924,
            40.8665723
          ],
          [
            -73.9205663,
            40.8666878
          ],
          [
            -73.920612,
            40.866759
          ],
          [
            -73.9206665,
            40.8668436
          ],
          [
            -73.9208274,
            40.8670932
          ],
          [
            -73.9209918,
            40.867349
          ],
          [
            -73.9211514,
            40.8676035
          ],
          [
            -73.9212171,
            40.867707
          ],
          [
            -73.9213249,
            40.8676676
          ],
          [
            -73.9230078,
            40.8670533
          ],
          [
            -73.92311,
            40.867016
          ],
          [
            -73.9232126,
            40.8669792
          ],
          [
            -73.9249072,
            40.8663711
          ],
          [
            -73.925005,
            40.866336
          ],
          [
            -73.9251166,
            40.8662959
          ],
          [
            -73.9257983,
            40.8660514
          ],
          [
            -73.9251166,
            40.8662959
          ],
          [
            -73.925005,
            40.866336
          ],
          [
            -73.9249072,
            40.8663711
          ],
          [
            -73.9232126,
            40.8669792
          ],
          [
            -73.92311,
            40.867016
          ],
          [
            -73.9230078,
            40.8670533
          ],
          [
            -73.9213249,
            40.8676676
          ],
          [
            -73.9212171,
            40.867707
          ]
        ]
      }
    },
    {
      "type": "Feature",
      "properties": {
        "scenario": "Inwood Hill Park | 2.5mi | mix | hilly | amenity",
        "shape": "mix",
        "target_miles": 2.5,
        "distance_m": 4056.843179802277,
        "candidate_index": 4
      },
      "geometry": {
        "type": "LineString",
        "coordinates": [
          [
            -73.9212171,
            40.867707
          ],
          [
            -73.9213249,
            40.8676676
          ],
          [
            -73.9230078,
            40.8670533
          ],
          [
            -73.92311,
            40.867016
          ],
          [
            -73.9232126,
            40.8669792
          ],
          [
            -73.9249072,
            40.8663711
          ],
          [
            -73.925005,
            40.866336
          ],
          [
            -73.9251166,
            40.8662959
          ],
          [
            -73.9257983,
            40.8660514
          ],
          [
            -73.9251166,
            40.8662959
          ],
          [
            -73.925005,
            40.866336
          ],
          [
            -73.9249072,
            40.8663711
          ],
          [
            -73.9232126,
            40.8669792
          ],
          [
            -73.92311,
            40.867016
          ],
          [
            -73.9230078,
            40.8670533
          ],
          [
            -73.9213249,
            40.8676676
          ],
          [
            -73.9212171,
            40.867707
          ],
          [
            -73.9211514,
            40.8676035
          ],
          [
            -73.9209918,
            40.867349
          ],
          [
            -73.9208274,
            40.8670932
          ],
          [
            -73.9206665,
            40.8668436
          ],
          [
            -73.920612,
            40.866759
          ],
          [
            -73.9205663,
            40.8666878
          ],
          [
            -73.9204924,
            40.8665723
          ],
          [
            -73.9204108,
            40.8664448
          ],
          [
            -73.9202099,
            40.8661311
          ],
          [
            -73.920064,
            40.8659033
          ],
          [
            -73.919996,
            40.865797
          ],
          [
            -73.9199365,
            40.8657043
          ],
          [
            -73.9197976,
            40.8654878
          ],
          [
            -73.9194168,
            40.8648944
          ],
          [
            -73.919362,
            40.864809
          ],
          [
            -73.9193195,
            40.864744
          ],
          [
            -73.9192802,
            40.8646838
          ],
          [
            -73.9192173,
            40.8646211
          ],
          [
            -73.9192034,
            40.8646072
          ],
          [
            -73.9191015,
            40.8645495
          ],
          [
            -73.919069,
            40.8645354
          ],
          [
            -73.9191602,
            40.864406
          ],
          [
            -73.9191767,
            40.86438
          ],
          [
            -73.9194063,
            40.8640193
          ],
          [
            -73.9194966,
            40.8639107
          ],
          [
            -73.9195823,
            40.8638078
          ],
          [
            -73.9196959,
            40.8636712
          ],
          [
            -73.9202647,
            40.8633911
          ],
          [
            -73.9205847,
            40.8632833
          ],
          [
            -73.9205728,
            40.8632637
          ],
          [
            -73.9205064,
            40.8631631
          ],
          [
            -73.9204518,
            40.8630592
          ],
          [
            -73.9204396,
            40.8630391
          ],
          [
            -73.9204627,
            40.8630249
          ],
          [
            -73.9205334,
            40.8629936
          ],
          [
            -73.9206092,
            40.8629584
          ],
          [
            -73.9206344,
            40.8629494
          ],
          [
            -73.9211718,
            40.8627564
          ],
          [
            -73.921535,
            40.8626196
          ],
          [
            -73.9217335,
            40.8625448
          ],
          [
            -73.9222299,
            40.8623562
          ],
          [
            -73.9223022,
            40.8623287
          ],
          [
            -73.9225091,
            40.8622501
          ],
          [
            -73.9225788,
            40.8622236
          ],
          [
            -73.9229244,
            40.8621003
          ],
          [
            -73.9231219,
            40.8620298
          ],
          [
            -73.9235188,
            40.8618881
          ],
          [
            -73.9235996,
            40.8618524
          ],
          [
            -73.923972,
            40.8616878
          ],
          [
            -73.9241536,
            40.8615919
          ],
          [
            -73.9244863,
            40.8614163
          ],
          [
            -73.9245083,
            40.8614121
          ],
          [
            -73.9246067,
            40.8614012
          ],
          [
            -73.9247435,
            40.8613881
          ],
          [
            -73.924761,
            40.861382
          ],
          [
            -73.9247987,
            40.8613719
          ],
          [
            -73.9248223,
            40.8610731
          ],
          [
            -73.9248412,
            40.8609092
          ],
          [
            -73.9248634,
            40.8607897
          ],
          [
            -73.9248459,
            40.8607678
          ],
          [
            -73.9248191,
            40.8606945
          ],
          [
            -73.924803,
            40.8606395
          ],
          [
            -73.924805,
            40.8606002
          ],
          [
            -73.9247831,
            40.8605238
          ],
          [
            -73.9247901,
            40.8604968
          ],
          [
            -73.9248174,
            40.8604629
          ],
          [
            -73.9248212,
            40.8604323
          ],
          [
            -73.9248152,
            40.8604063
          ],
          [
            -73.9248082,
            40.8603538
          ],
          [
            -73.9248446,
            40.8602711
          ],
          [
            -73.9247488,
            40.8602498
          ],
          [
            -73.924691,
            40.8602278
          ],
          [
            -73.9246252,
            40.8602217
          ],
          [
            -73.9245896,
            40.860213
          ],
          [
            -73.9245455,
            40.8602019
          ],
          [
            -73.924494,
            40.8601766
          ],
          [
            -73.9244313,
            40.8601429
          ],
          [
            -73.9243697,
            40.8601054
          ],
          [
            -73.9243493,
            40.8600917
          ],
          [
            -73.9243044,
            40.860084
          ],
          [
            -73.9242774,
            40.860076
          ],
          [
            -73.9242588,
            40.860065
          ],
          [
            -73.9242398,
            40.8600393
          ],
          [
            -73.9242297,
            40.8600225
          ],
          [
            -73.9242203,
            40.8600127
          ],
          [
            -73.9241551,
            40.8599822
          ],
          [
            -73.924098,
            40.859958
          ],
          [
            -73.9240271,
            40.8599121
          ],
          [
            -73.923975,
            40.8598579
          ],
          [
            -73.9239603,
            40.8598277
          ],
          [
            -73.923977,
            40.8598078
          ],
          [
            -73.9240189,
            40.8597973
          ],
          [
            -73.9240393,
            40.85977
          ],
          [
            -73.9240201,
            40.8597106
          ],
          [
            -73.9240175,
            40.8596831
          ],
          [
            -73.9239536,
            40.8596514
          ],
          [
            -73.9239072,
            40.8596066
          ],
          [
            -73.9239021,
            40.8595365
          ],
          [
            -73.9238686,
            40.859445
          ],
          [
            -73.9238403,
            40.8593826
          ],
          [
            -73.9238042,
            40.8593476
          ],
          [
            -73.9238189,
            40.8593143
          ],
          [
            -73.9238619,
            40.8593124
          ],
          [
            -73.9238871,
            40.8593296
          ],
          [
            -73.924,
            40.8593603
          ],
          [
            -73.9240367,
            40.8593474
          ],
          [
            -73.9240597,
            40.8593599
          ],
          [
            -73.9240616,
            40.8593725
          ],
          [
            -73.9240746,
            40.8593829
          ],
          [
            -73.9240894,
            40.8593779
          ],
          [
            -73.9240927,
            40.8593617
          ],
          [
            -73.9241008,
            40.8592989
          ],
          [
            -73.9241196,
            40.8592712
          ],
          [
            -73.9241034,
            40.8591905
          ],
          [
            -73.92408,
            40.8591674
          ],
          [
            -73.9240659,
            40.8591416
          ],
          [
            -73.9240027,
            40.8591074
          ],
          [
            -73.9239758,
            40.8590872
          ],
          [
            -73.9239523,
            40.8590547
          ],
          [
            -73.9239316,
            40.8590265
          ],
          [
            -73.923927,
            40.8589929
          ],
          [
            -73.923925,
            40.8589589
          ],
          [
            -73.9239361,
            40.8589357
          ],
          [
            -73.9239548,
            40.8589144
          ],
          [
            -73.9239809,
            40.858901
          ],
          [
            -73.9240236,
            40.8589057
          ],
          [
            -73.9240762,
            40.8589188
          ],
          [
            -73.9241194,
            40.8589408
          ],
          [
            -73.9241447,
            40.8589666
          ],
          [
            -73.92417,
            40.8590259
          ],
          [
            -73.9241978,
            40.8590813
          ],
          [
            -73.9242458,
            40.8591042
          ],
          [
            -73.9242963,
            40.8591023
          ],
          [
            -73.9243392,
            40.8590813
          ],
          [
            -73.9243619,
            40.8590545
          ],
          [
            -73.9243998,
            40.8588921
          ],
          [
            -73.9243392,
            40.8588539
          ],
          [
            -73.9243013,
            40.8588272
          ],
          [
            -73.9242938,
            40.8587852
          ],
          [
            -73.9243114,
            40.8587393
          ],
          [
            -73.9243392,
            40.8587279
          ],
          [
            -73.9243287,
            40.8587077
          ],
          [
            -73.9243241,
            40.8586878
          ],
          [
            -73.9243064,
            40.8586438
          ],
          [
            -73.9242735,
            40.8585999
          ],
          [
            -73.9242609,
            40.8585693
          ],
          [
            -73.9242685,
            40.8585235
          ],
          [
            -73.9242938,
            40.8584757
          ],
          [
            -73.9242833,
            40.8583525
          ],
          [
            -73.9242554,
            40.8582919
          ],
          [
            -73.9242652,
            40.8582564
          ],
          [
            -73.9242376,
            40.8582173
          ],
          [
            -73.9241933,
            40.8581863
          ],
          [
            -73.9241415,
            40.8581004
          ],
          [
            -73.9241005,
            40.8580527
          ],
          [
            -73.9240562,
            40.8579977
          ],
          [
            -73.9240618,
            40.857957
          ],
          [
            -73.9240924,
            40.8579092
          ],
          [
            -73.9241395,
            40.857894
          ],
          [
            -73.9240924,
            40.8579092
          ],
          [
            -73.9240618,
            40.857957
          ],
          [
            -73.9240562,
            40.8579977
          ],
          [
            -73.9241005,
            40.8580527
          ],
          [
            -73.9241415,
            40.8581004
          ],
          [
            -73.9241933,
            40.8581863
          ],
          [
            -73.9242376,
            40.8582173
          ],
          [
            -73.9242652,
            40.8582564
          ],
          [
            -73.9242554,
            40.8582919
          ],
          [
            -73.9242833,
            40.8583525
          ],
          [
            -73.9242938,
            40.8584757
          ],
          [
            -73.9242685,
            40.8585235
          ],
          [
            -73.9242609,
            40.8585693
          ],
          [
            -73.9242735,
            40.8585999
          ],
          [
            -73.9243064,
            40.8586438
          ],
          [
            -73.9243241,
            40.8586878
          ],
          [
            -73.9243287,
            40.8587077
          ],
          [
            -73.9243392,
            40.8587279
          ],
          [
            -73.9243114,
            40.8587393
          ],
          [
            -73.9242938,
            40.8587852
          ],
          [
            -73.9243013,
            40.8588272
          ],
          [
            -73.9243392,
            40.8588539
          ],
          [
            -73.9243998,
            40.8588921
          ],
          [
            -73.9243619,
            40.8590545
          ],
          [
            -73.9243392,
            40.8590813
          ],
          [
            -73.9242963,
            40.8591023
          ],
          [
            -73.9242458,
            40.8591042
          ],
          [
            -73.9241978,
            40.8590813
          ],
          [
            -73.92417,
            40.8590259
          ],
          [
            -73.9241447,
            40.8589666
          ],
          [
            -73.9241194,
            40.8589408
          ],
          [
            -73.9240762,
            40.8589188
          ],
          [
            -73.9240236,
            40.8589057
          ],
          [
            -73.9239809,
            40.858901
          ],
          [
            -73.9239548,
            40.8589144
          ],
          [
            -73.9239361,
            40.8589357
          ],
          [
            -73.923925,
            40.8589589
          ],
          [
            -73.923927,
            40.8589929
          ],
          [
            -73.9239316,
            40.8590265
          ],
          [
            -73.9239523,
            40.8590547
          ],
          [
            -73.9239758,
            40.8590872
          ],
          [
            -73.9240027,
            40.8591074
          ],
          [
            -73.9240659,
            40.8591416
          ],
          [
            -73.92408,
            40.8591674
          ],
          [
            -73.9241034,
            40.8591905
          ],
          [
            -73.9241196,
            40.8592712
          ],
          [
            -73.9241008,
            40.8592989
          ],
          [
            -73.9240927,
            40.8593617
          ],
          [
            -73.9240894,
            40.8593779
          ],
          [
            -73.9240746,
            40.8593829
          ],
          [
            -73.9240616,
            40.8593725
          ],
          [
            -73.9240597,
            40.8593599
          ],
          [
            -73.9240367,
            40.8593474
          ],
          [
            -73.924,
            40.8593603
          ],
          [
            -73.9238871,
            40.8593296
          ],
          [
            -73.9238619,
            40.8593124
          ],
          [
            -73.9238189,
            40.8593143
          ],
          [
            -73.9238042,
            40.8593476
          ],
          [
            -73.9238403,
            40.8593826
          ],
          [
            -73.9238686,
            40.859445
          ],
          [
            -73.9239021,
            40.8595365
          ],
          [
            -73.9239072,
            40.8596066
          ],
          [
            -73.9239536,
            40.8596514
          ],
          [
            -73.9240175,
            40.8596831
          ],
          [
            -73.9240201,
            40.8597106
          ],
          [
            -73.9240393,
            40.85977
          ],
          [
            -73.9240189,
            40.8597973
          ],
          [
            -73.923977,
            40.8598078
          ],
          [
            -73.9239603,
            40.8598277
          ],
          [
            -73.923975,
            40.8598579
          ],
          [
            -73.9240271,
            40.8599121
          ],
          [
            -73.924098,
            40.859958
          ],
          [
            -73.9241551,
            40.8599822
          ],
          [
            -73.9242203,
            40.8600127
          ],
          [
            -73.9242297,
            40.8600225
          ],
          [
            -73.9242398,
            40.8600393
          ],
          [
            -73.9242588,
            40.860065
          ],
          [
            -73.9242774,
            40.860076
          ],
          [
            -73.9243044,
            40.860084
          ],
          [
            -73.9243493,
            40.8600917
          ],
          [
            -73.9243697,
            40.8601054
          ],
          [
            -73.9244313,
            40.8601429
          ],
          [
            -73.924494,
            40.8601766
          ],
          [
            -73.9245455,
            40.8602019
          ],
          [
            -73.9245896,
            40.860213
          ],
          [
            -73.9246252,
            40.8602217
          ],
          [
            -73.924691,
            40.8602278
          ],
          [
            -73.9247488,
            40.8602498
          ],
          [
            -73.9248446,
            40.8602711
          ],
          [
            -73.9248082,
            40.8603538
          ],
          [
            -73.9248152,
            40.8604063
          ],
          [
            -73.9248212,
            40.8604323
          ],
          [
            -73.9248174,
            40.8604629
          ],
          [
            -73.9247901,
            40.8604968
          ],
          [
            -73.9247831,
            40.8605238
          ],
          [
            -73.924805,
            40.8606002
          ],
          [
            -73.924803,
            40.8606395
          ],
          [
            -73.9248191,
            40.8606945
          ],
          [
            -73.9248459,
            40.8607678
          ],
          [
            -73.9248634,
            40.8607897
          ],
          [
            -73.9248412,
            40.8609092
          ],
          [
            -73.9248223,
            40.8610731
          ],
          [
            -73.9247987,
            40.8613719
          ],
          [
            -73.924761,
            40.861382
          ],
          [
            -73.9247435,
            40.8613881
          ],
          [
            -73.9246067,
            40.8614012
          ],
          [
            -73.9245083,
            40.8614121
          ],
          [
            -73.9244863,
            40.8614163
          ],
          [
            -73.9241536,
            40.8615919
          ],
          [
            -73.923972,
            40.8616878
          ],
          [
            -73.9235996,
            40.8618524
          ],
          [
            -73.9235188,
            40.8618881
          ],
          [
            -73.9231219,
            40.8620298
          ],
          [
            -73.9229244,
            40.8621003
          ],
          [
            -73.9225788,
            40.8622236
          ],
          [
            -73.9225091,
            40.8622501
          ],
          [
            -73.9223022,
            40.8623287
          ],
          [
            -73.9222299,
            40.8623562
          ],
          [
            -73.9217335,
            40.8625448
          ],
          [
            -73.921535,
            40.8626196
          ],
          [
            -73.9211718,
            40.8627564
          ],
          [
            -73.9206344,
            40.8629494
          ],
          [
            -73.9206092,
            40.8629584
          ],
          [
            -73.9205334,
            40.8629936
          ],
          [
            -73.9204627,
            40.8630249
          ],
          [
            -73.9204396,
            40.8630391
          ],
          [
            -73.9204518,
            40.8630592
          ],
          [
            -73.9205064,
            40.8631631
          ],
          [
            -73.9205728,
            40.8632637
          ],
          [
            -73.9205847,
            40.8632833
          ],
          [
            -73.9202647,
            40.8633911
          ],
          [
            -73.9196959,
            40.8636712
          ],
          [
            -73.9195823,
            40.8638078
          ],
          [
            -73.9194966,
            40.8639107
          ],
          [
            -73.9194063,
            40.8640193
          ],
          [
            -73.9191767,
            40.86438
          ],
          [
            -73.9191602,
            40.864406
          ],
          [
            -73.919069,
            40.8645354
          ],
          [
            -73.9191015,
            40.8645495
          ],
          [
            -73.9192034,
            40.8646072
          ],
          [
            -73.9192173,
            40.8646211
          ],
          [
            -73.9192802,
            40.8646838
          ],
          [
            -73.9193195,
            40.864744
          ],
          [
            -73.919362,
            40.864809
          ],
          [
            -73.9194168,
            40.8648944
          ],
          [
            -73.9197976,
            40.8654878
          ],
          [
            -73.9199365,
            40.8657043
          ],
          [
            -73.919996,
            40.865797
          ],
          [
            -73.920064,
            40.8659033
          ],
          [
            -73.9202099,
            40.8661311
          ],
          [
            -73.9204108,
            40.8664448
          ],
          [
            -73.9204924,
            40.8665723
          ],
          [
            -73.9205663,
            40.8666878
          ],
          [
            -73.920612,
            40.866759
          ],
          [
            -73.9206665,
            40.8668436
          ],
          [
            -73.9208274,
            40.8670932
          ],
          [
            -73.9209918,
            40.867349
          ],
          [
            -73.9211514,
            40.8676035
          ],
          [
            -73.9212171,
            40.867707
          ]
        ]
      }
    }
  ]
}
