{
  "type": "FeatureCollection",
  "features": [
    {
      "type": "Feature",
      "properties": {
        "scenario": "HARD - FDR Drive edge, amenity required",
        "shape": "out_and_back",
        "target_miles": 4.0,
        "distance_m": 6437.1811295558855,
        "candidate_index": 0
      },
      "geometry": {
        "type": "LineString",
        "coordinates": [
          [
            -73.9444119,
            40.7839381
          ],
          [
            -73.9447929,
            40.7840986
          ],
          [
            -73.9454572,
            40.7843787
          ],
          [
            -73.9465039,
            40.7848198
          ],
          [
            -73.9464592,
            40.7848834
          ],
          [
            -73.9464116,
            40.7849462
          ],
          [
            -73.9464467,
            40.7849673
          ],
          [
            -73.9465383,
            40.785022
          ],
          [
            -73.9466591,
            40.7850941
          ],
          [
            -73.9463136,
            40.7855673
          ],
          [
            -73.946403,
            40.7856365
          ],
          [
            -73.9465444,
            40.7857057
          ],
          [
            -73.9465271,
            40.7857722
          ],
          [
            -73.9464492,
            40.7860162
          ],
          [
            -73.9464363,
            40.7860652
          ],
          [
            -73.9463549,
            40.7863702
          ],
          [
            -73.9463343,
            40.7864459
          ],
          [
            -73.9463139,
            40.7865301
          ],
          [
            -73.9462587,
            40.7867394
          ],
          [
            -73.9461287,
            40.7872556
          ],
          [
            -73.9460627,
            40.7874834
          ],
          [
            -73.9460357,
            40.7876034
          ],
          [
            -73.9460208,
            40.7876698
          ],
          [
            -73.9459906,
            40.7877797
          ],
          [
            -73.9459525,
            40.7879371
          ],
          [
            -73.9459051,
            40.7881639
          ],
          [
            -73.9458553,
            40.7883802
          ],
          [
            -73.9458136,
            40.7885709
          ],
          [
            -73.9457907,
            40.78866
          ],
          [
            -73.9457658,
            40.7887637
          ],
          [
            -73.9457128,
            40.7889713
          ],
          [
            -73.9456716,
            40.7891332
          ],
          [
            -73.9456354,
            40.7892728
          ],
          [
            -73.9456309,
            40.7893626
          ],
          [
            -73.9456488,
            40.7894389
          ],
          [
            -73.9457003,
            40.7895135
          ],
          [
            -73.9457639,
            40.7895694
          ],
          [
            -73.9457832,
            40.7895865
          ],
          [
            -73.9458985,
            40.7896646
          ],
          [
            -73.9459216,
            40.789674
          ],
          [
            -73.9460357,
            40.7897079
          ],
          [
            -73.9461644,
            40.7897456
          ],
          [
            -73.9461857,
            40.7897527
          ],
          [
            -73.9465014,
            40.7898892
          ],
          [
            -73.9475656,
            40.7903418
          ],
          [
            -73.9476468,
            40.790376
          ],
          [
            -73.9477415,
            40.7904148
          ],
          [
            -73.9490644,
            40.7909761
          ],
          [
            -73.9491347,
            40.791005
          ],
          [
            -73.9491754,
            40.7910221
          ],
          [
            -73.9493503,
            40.7910937
          ],
          [
            -73.9493957,
            40.7911135
          ],
          [
            -73.9494699,
            40.7911409
          ],
          [
            -73.9494003,
            40.7912362
          ],
          [
            -73.949792,
            40.7913973
          ],
          [
            -73.9498238,
            40.7914127
          ],
          [
            -73.9498908,
            40.7914776
          ],
          [
            -73.9499561,
            40.7915325
          ],
          [
            -73.9500209,
            40.7915764
          ],
          [
            -73.9501071,
            40.7916173
          ],
          [
            -73.9501697,
            40.7916342
          ],
          [
            -73.9500649,
            40.7917817
          ],
          [
            -73.9500535,
            40.7917978
          ],
          [
            -73.9499221,
            40.7919826
          ],
          [
            -73.9504027,
            40.7921869
          ],
          [
            -73.9505109,
            40.7922438
          ],
          [
            -73.950592,
            40.7922864
          ],
          [
            -73.9506153,
            40.7922987
          ],
          [
            -73.9509952,
            40.7924606
          ],
          [
            -73.9519968,
            40.7928874
          ],
          [
            -73.9520965,
            40.79293
          ],
          [
            -73.9522052,
            40.7929762
          ],
          [
            -73.9521235,
            40.7930886
          ],
          [
            -73.9517994,
            40.7935345
          ],
          [
            -73.9518694,
            40.7935668
          ],
          [
            -73.9519024,
            40.7935806
          ],
          [
            -73.9519381,
            40.7935954
          ],
          [
            -73.9520062,
            40.7936239
          ],
          [
            -73.9519212,
            40.7937369
          ],
          [
            -73.9518702,
            40.7938096
          ],
          [
            -73.9516167,
            40.794128
          ],
          [
            -73.9515476,
            40.7942294
          ],
          [
            -73.9515495,
            40.7943072
          ],
          [
            -73.9515696,
            40.7943824
          ],
          [
            -73.9516085,
            40.7944453
          ],
          [
            -73.9516635,
            40.7945145
          ],
          [
            -73.9516944,
            40.7945225
          ],
          [
            -73.9517545,
            40.7945356
          ],
          [
            -73.9519574,
            40.79458
          ],
          [
            -73.9520723,
            40.7945928
          ],
          [
            -73.9521387,
            40.7946057
          ],
          [
            -73.9521938,
            40.794629
          ],
          [
            -73.9522649,
            40.7946646
          ],
          [
            -73.9522793,
            40.7946861
          ],
          [
            -73.9524039,
            40.7948592
          ],
          [
            -73.9524542,
            40.794925
          ],
          [
            -73.9525169,
            40.79499
          ],
          [
            -73.952562,
            40.7950262
          ],
          [
            -73.95266,
            40.7950878
          ],
          [
            -73.9527335,
            40.7951322
          ],
          [
            -73.9527812,
            40.7951695
          ],
          [
            -73.9528254,
            40.795212
          ],
          [
            -73.9528581,
            40.7952549
          ],
          [
            -73.9528853,
            40.7953
          ],
          [
            -73.9529078,
            40.7953565
          ],
          [
            -73.9529273,
            40.7953905
          ],
          [
            -73.9529558,
            40.7954357
          ],
          [
            -73.952982,
            40.7954676
          ],
          [
            -73.9530113,
            40.7954929
          ],
          [
            -73.9530555,
            40.7954935
          ],
          [
            -73.9531006,
            40.7955006
          ],
          [
            -73.9530972,
            40.7955325
          ],
          [
            -73.9530873,
            40.795587
          ],
          [
            -73.9530856,
            40.7956468
          ],
          [
            -73.9530865,
            40.7956872
          ],
          [
            -73.9530933,
            40.795723
          ],
          [
            -73.9531018,
            40.795762
          ],
          [
            -73.953112,
            40.7957883
          ],
          [
            -73.9531308,
            40.7958258
          ],
          [
            -73.9531549,
            40.7958709
          ],
          [
            -73.9531725,
            40.7959133
          ],
          [
            -73.9531812,
            40.7959618
          ],
          [
            -73.9531817,
            40.7960237
          ],
          [
            -73.953174,
            40.7960825
          ],
          [
            -73.9531465,
            40.7961631
          ],
          [
            -73.953118,
            40.7962691
          ],
          [
            -73.9531062,
            40.7963618
          ],
          [
            -73.9531322,
            40.7964155
          ],
          [
            -73.9531476,
            40.7964348
          ],
          [
            -73.9531803,
            40.7964487
          ],
          [
            -73.953206,
            40.7964501
          ],
          [
            -73.9532387,
            40.7964464
          ],
          [
            -73.9532758,
            40.7964347
          ],
          [
            -73.9533193,
            40.796421
          ],
          [
            -73.9533568,
            40.7964137
          ],
          [
            -73.9533971,
            40.7964084
          ],
          [
            -73.9534409,
            40.7964085
          ],
          [
            -73.9534739,
            40.7964051
          ],
          [
            -73.9535196,
            40.7963977
          ],
          [
            -73.9535603,
            40.7963811
          ],
          [
            -73.9535879,
            40.7963625
          ],
          [
            -73.9536026,
            40.7963568
          ],
          [
            -73.9536183,
            40.7963776
          ],
          [
            -73.9536487,
            40.7963991
          ],
          [
            -73.9536914,
            40.7964176
          ],
          [
            -73.9537423,
            40.7964345
          ],
          [
            -73.9537788,
            40.7964407
          ],
          [
            -73.9538398,
            40.796453
          ],
          [
            -73.9538805,
            40.7964699
          ],
          [
            -73.953911,
            40.7965053
          ],
          [
            -73.9539415,
            40.7965299
          ],
          [
            -73.9539902,
            40.7965438
          ],
          [
            -73.9540412,
            40.7965519
          ],
          [
            -73.9540302,
            40.79661
          ],
          [
            -73.9540485,
            40.7966684
          ],
          [
            -73.954078,
            40.7967023
          ],
          [
            -73.9541075,
            40.7967207
          ],
          [
            -73.9541629,
            40.7967429
          ],
          [
            -73.9541947,
            40.7967806
          ],
          [
            -73.9542313,
            40.7968265
          ],
          [
            -73.9542696,
            40.7968794
          ],
          [
            -73.9542958,
            40.7969111
          ],
          [
            -73.9543269,
            40.7969582
          ],
          [
            -73.9543425,
            40.7969955
          ],
          [
            -73.9543656,
            40.7970465
          ],
          [
            -73.9543824,
            40.7971095
          ],
          [
            -73.9543837,
            40.7971866
          ],
          [
            -73.9543653,
            40.7972854
          ],
          [
            -73.9543325,
            40.7973803
          ],
          [
            -73.954297,
            40.7974464
          ],
          [
            -73.9542553,
            40.7975209
          ],
          [
            -73.9541837,
            40.7976144
          ],
          [
            -73.9542151,
            40.7976337
          ],
          [
            -73.9542447,
            40.7976508
          ],
          [
            -73.9542622,
            40.7976609
          ],
          [
            -73.9542751,
            40.7976654
          ],
          [
            -73.954288,
            40.7976699
          ],
          [
            -73.9543551,
            40.7976942
          ],
          [
            -73.9543428,
            40.7977354
          ],
          [
            -73.9543045,
            40.7979003
          ],
          [
            -73.9542931,
            40.7979691
          ],
          [
            -73.9542879,
            40.7980367
          ],
          [
            -73.9542867,
            40.7981017
          ],
          [
            -73.9542907,
            40.7981571
          ],
          [
            -73.9542978,
            40.7981909
          ],
          [
            -73.9543097,
            40.7982268
          ],
          [
            -73.9543347,
            40.798275
          ],
          [
            -73.9543624,
            40.7983179
          ],
          [
            -73.954397,
            40.7983599
          ],
          [
            -73.9544475,
            40.7984182
          ],
          [
            -73.9545062,
            40.7984751
          ],
          [
            -73.9545624,
            40.7985249
          ],
          [
            -73.9546501,
            40.7986006
          ],
          [
            -73.9546892,
            40.7986297
          ],
          [
            -73.9548123,
            40.7987314
          ],
          [
            -73.9548802,
            40.7987778
          ],
          [
            -73.9549623,
            40.7988321
          ],
          [
            -73.9550301,
            40.7988743
          ],
          [
            -73.955039,
            40.7988799
          ],
          [
            -73.9551023,
            40.7989169
          ],
          [
            -73.9551885,
            40.7989634
          ],
          [
            -73.955275,
            40.7990112
          ],
          [
            -73.9553158,
            40.7990694
          ],
          [
            -73.9553379,
            40.7991072
          ],
          [
            -73.9553516,
            40.7991428
          ],
          [
            -73.9553585,
            40.7991806
          ],
          [
            -73.955358,
            40.7992064
          ],
          [
            -73.9553534,
            40.7992338
          ],
          [
            -73.9553416,
            40.7992639
          ],
          [
            -73.9553275,
            40.7992904
          ],
          [
            -73.9552983,
            40.7993266
          ],
          [
            -73.9554381,
            40.7993825
          ],
          [
            -73.9554864,
            40.7994018
          ],
          [
            -73.9555392,
            40.7994245
          ],
          [
            -73.9555137,
            40.7994638
          ],
          [
            -73.9554788,
            40.7995158
          ],
          [
            -73.9554371,
            40.7995779
          ],
          [
            -73.9554211,
            40.7996013
          ],
          [
            -73.9558486,
            40.7997818
          ],
          [
            -73.9576063,
            40.8005222
          ],
          [
            -73.9575823,
            40.8006166
          ],
          [
            -73.9575911,
            40.8007076
          ],
          [
            -73.9576584,
            40.8008236
          ],
          [
            -73.9577869,
            40.8009215
          ],
          [
            -73.9576216,
            40.8011408
          ],
          [
            -73.9576113,
            40.8011554
          ],
          [
            -73.957585,
            40.8011928
          ],
          [
            -73.9575569,
            40.8012324
          ],
          [
            -73.9575427,
            40.801252
          ],
          [
            -73.9575705,
            40.8012637
          ],
          [
            -73.9576489,
            40.8012958
          ],
          [
            -73.9577362,
            40.801331
          ],
          [
            -73.9577646,
            40.8013424
          ],
          [
            -73.9574101,
            40.8018631
          ],
          [
            -73.9586408,
            40.8023854
          ],
          [
            -73.9586678,
            40.8023972
          ],
          [
            -73.9587263,
            40.8024228
          ],
          [
            -73.9587985,
            40.8024544
          ],
          [
            -73.9588363,
            40.8024709
          ],
          [
            -73.9588224,
            40.8024896
          ],
          [
            -73.9588498,
            40.8025031
          ],
          [
            -73.9589097,
            40.8025326
          ],
          [
            -73.9589198,
            40.8025366
          ],
          [
            -73.9589821,
            40.8025694
          ],
          [
            -73.95904,
            40.802601
          ],
          [
            -73.9588125,
            40.8028618
          ],
          [
            -73.9587916,
            40.8028906
          ],
          [
            -73.958778,
            40.8029118
          ],
          [
            -73.9587624,
            40.8029388
          ],
          [
            -73.9587447,
            40.8029719
          ],
          [
            -73.9587303,
            40.8030068
          ],
          [
            -73.9587132,
            40.8030554
          ],
          [
            -73.9587004,
            40.8031058
          ],
          [
            -73.9586959,
            40.8031345
          ],
          [
            -73.9586924,
            40.8031707
          ],
          [
            -73.9586897,
            40.8032926
          ],
          [
            -73.958768,
            40.803626
          ],
          [
            -73.9587916,
            40.8037555
          ],
          [
            -73.9587945,
            40.8037714
          ],
          [
            -73.958795,
            40.8037866
          ],
          [
            -73.9587938,
            40.8038029
          ],
          [
            -73.9587914,
            40.8038162
          ],
          [
            -73.9587874,
            40.8038291
          ],
          [
            -73.9587829,
            40.8038399
          ],
          [
            -73.9587773,
            40.80385
          ],
          [
            -73.9587703,
            40.8038604
          ],
          [
            -73.9587404,
            40.8039032
          ],
          [
            -73.958713,
            40.8039355
          ],
          [
            -73.9586897,
            40.8039595
          ],
          [
            -73.9586618,
            40.803984
          ],
          [
            -73.9586292,
            40.8040133
          ],
          [
            -73.9586017,
            40.8040389
          ],
          [
            -73.9585909,
            40.8040524
          ],
          [
            -73.958587,
            40.8040598
          ],
          [
            -73.9585834,
            40.8040712
          ],
          [
            -73.9585799,
            40.804089
          ],
          [
            -73.9585793,
            40.8041036
          ],
          [
            -73.9585818,
            40.8041174
          ],
          [
            -73.9585898,
            40.8041353
          ],
          [
            -73.9586146,
            40.8041779
          ],
          [
            -73.9586513,
            40.804238
          ],
          [
            -73.9586535,
            40.8042427
          ],
          [
            -73.9586548,
            40.8042476
          ],
          [
            -73.9586552,
            40.8042577
          ],
          [
            -73.9586544,
            40.8042679
          ],
          [
            -73.9586524,
            40.8042802
          ],
          [
            -73.9586544,
            40.8042679
          ],
          [
            -73.9586552,
            40.8042577
          ],
          [
            -73.9586548,
            40.8042476
          ],
          [
            -73.9586535,
            40.8042427
          ],
          [
            -73.9586513,
            40.804238
          ],
          [
            -73.9586146,
            40.8041779
          ],
          [
            -73.9585898,
            40.8041353
          ],
          [
            -73.9585818,
            40.8041174
          ],
          [
            -73.9585793,
            40.8041036
          ],
          [
            -73.9585799,
            40.804089
          ],
          [
            -73.9585834,
            40.8040712
          ],
          [
            -73.958587,
            40.8040598
          ],
          [
            -73.9585909,
            40.8040524
          ],
          [
            -73.9586017,
            40.8040389
          ],
          [
            -73.9586292,
            40.8040133
          ],
          [
            -73.9586618,
            40.803984
          ],
          [
            -73.9586897,
            40.8039595
          ],
          [
            -73.958713,
            40.8039355
          ],
          [
            -73.9587404,
            40.8039032
          ],
          [
            -73.9587703,
            40.8038604
          ],
          [
            -73.9587773,
            40.80385
          ],
          [
            -73.9587829,
            40.8038399
          ],
          [
            -73.9587874,
            40.8038291
          ],
          [
            -73.9587914,
            40.8038162
          ],
          [
            -73.9587938,
            40.8038029
          ],
          [
            -73.958795,
            40.8037866
          ],
          [
            -73.9587945,
            40.8037714
          ],
          [
            -73.9587916,
            40.8037555
          ],
          [
            -73.958768,
            40.803626
          ],
          [
            -73.9586897,
            40.8032926
          ],
          [
            -73.9586924,
            40.8031707
          ],
          [
            -73.9586959,
            40.8031345
          ],
          [
            -73.9587004,
            40.8031058
          ],
          [
            -73.9587132,
            40.8030554
          ],
          [
            -73.9587303,
            40.8030068
          ],
          [
            -73.9587447,
            40.8029719
          ],
          [
            -73.9587624,
            40.8029388
          ],
          [
            -73.958778,
            40.8029118
          ],
          [
            -73.9587916,
            40.8028906
          ],
          [
            -73.9588125,
            40.8028618
          ],
          [
            -73.95904,
            40.802601
          ],
          [
            -73.9589821,
            40.8025694
          ],
          [
            -73.9589198,
            40.8025366
          ],
          [
            -73.9589097,
            40.8025326
          ],
          [
            -73.9588498,
            40.8025031
          ],
          [
            -73.9588224,
            40.8024896
          ],
          [
            -73.9588363,
            40.8024709
          ],
          [
            -73.9587985,
            40.8024544
          ],
          [
            -73.9587263,
            40.8024228
          ],
          [
            -73.9586678,
            40.8023972
          ],
          [
            -73.9586408,
            40.8023854
          ],
          [
            -73.9574101,
            40.8018631
          ],
          [
            -73.9577646,
            40.8013424
          ],
          [
            -73.9577362,
            40.801331
          ],
          [
            -73.9576489,
            40.8012958
          ],
          [
            -73.9575705,
            40.8012637
          ],
          [
            -73.9575427,
            40.801252
          ],
          [
            -73.9575569,
            40.8012324
          ],
          [
            -73.957585,
            40.8011928
          ],
          [
            -73.9576113,
            40.8011554
          ],
          [
            -73.9576216,
            40.8011408
          ],
          [
            -73.9577869,
            40.8009215
          ],
          [
            -73.9576584,
            40.8008236
          ],
          [
            -73.9575911,
            40.8007076
          ],
          [
            -73.9575823,
            40.8006166
          ],
          [
            -73.9576063,
            40.8005222
          ],
          [
            -73.9558486,
            40.7997818
          ],
          [
            -73.9554211,
            40.7996013
          ],
          [
            -73.9554371,
            40.7995779
          ],
          [
            -73.9554788,
            40.7995158
          ],
          [
            -73.9555137,
            40.7994638
          ],
          [
            -73.9555392,
            40.7994245
          ],
          [
            -73.9554864,
            40.7994018
          ],
          [
            -73.9554381,
            40.7993825
          ],
          [
            -73.9552983,
            40.7993266
          ],
          [
            -73.9553275,
            40.7992904
          ],
          [
            -73.9553416,
            40.7992639
          ],
          [
            -73.9553534,
            40.7992338
          ],
          [
            -73.955358,
            40.7992064
          ],
          [
            -73.9553585,
            40.7991806
          ],
          [
            -73.9553516,
            40.7991428
          ],
          [
            -73.9553379,
            40.7991072
          ],
          [
            -73.9553158,
            40.7990694
          ],
          [
            -73.955275,
            40.7990112
          ],
          [
            -73.9551885,
            40.7989634
          ],
          [
            -73.9551023,
            40.7989169
          ],
          [
            -73.955039,
            40.7988799
          ],
          [
            -73.9550301,
            40.7988743
          ],
          [
            -73.9549623,
            40.7988321
          ],
          [
            -73.9548802,
            40.7987778
          ],
          [
            -73.9548123,
            40.7987314
          ],
          [
            -73.9546892,
            40.7986297
          ],
          [
            -73.9546501,
            40.7986006
          ],
          [
            -73.9545624,
            40.7985249
          ],
          [
            -73.9545062,
            40.7984751
          ],
          [
            -73.9544475,
            40.7984182
          ],
          [
            -73.954397,
            40.7983599
          ],
          [
            -73.9543624,
            40.7983179
          ],
          [
            -73.9543347,
            40.798275
          ],
          [
            -73.9543097,
            40.7982268
          ],
          [
            -73.9542978,
            40.7981909
          ],
          [
            -73.9542907,
            40.7981571
          ],
          [
            -73.9542867,
            40.7981017
          ],
          [
            -73.9542879,
            40.7980367
          ],
          [
            -73.9542931,
            40.7979691
          ],
          [
            -73.9543045,
            40.7979003
          ],
          [
            -73.9543428,
            40.7977354
          ],
          [
            -73.9543551,
            40.7976942
          ],
          [
            -73.954288,
            40.7976699
          ],
          [
            -73.9542751,
            40.7976654
          ],
          [
            -73.9542622,
            40.7976609
          ],
          [
            -73.9542447,
            40.7976508
          ],
          [
            -73.9542151,
            40.7976337
          ],
          [
            -73.9541837,
            40.7976144
          ],
          [
            -73.9542553,
            40.7975209
          ],
          [
            -73.954297,
            40.7974464
          ],
          [
            -73.9543325,
            40.7973803
          ],
          [
            -73.9543653,
            40.7972854
          ],
          [
            -73.9543837,
            40.7971866
          ],
          [
            -73.9543824,
            40.7971095
          ],
          [
            -73.9543656,
            40.7970465
          ],
          [
            -73.9543425,
            40.7969955
          ],
          [
            -73.9543269,
            40.7969582
          ],
          [
            -73.9542958,
            40.7969111
          ],
          [
            -73.9542696,
            40.7968794
          ],
          [
            -73.9542313,
            40.7968265
          ],
          [
            -73.9541947,
            40.7967806
          ],
          [
            -73.9541629,
            40.7967429
          ],
          [
            -73.9541075,
            40.7967207
          ],
          [
            -73.954078,
            40.7967023
          ],
          [
            -73.9540485,
            40.7966684
          ],
          [
            -73.9540302,
            40.79661
          ],
          [
            -73.9540412,
            40.7965519
          ],
          [
            -73.9539902,
            40.7965438
          ],
          [
            -73.9539415,
            40.7965299
          ],
          [
            -73.953911,
            40.7965053
          ],
          [
            -73.9538805,
            40.7964699
          ],
          [
            -73.9538398,
            40.796453
          ],
          [
            -73.9537788,
            40.7964407
          ],
          [
            -73.9537423,
            40.7964345
          ],
          [
            -73.9536914,
            40.7964176
          ],
          [
            -73.9536487,
            40.7963991
          ],
          [
            -73.9536183,
            40.7963776
          ],
          [
            -73.9536026,
            40.7963568
          ],
          [
            -73.9535879,
            40.7963625
          ],
          [
            -73.9535603,
            40.7963811
          ],
          [
            -73.9535196,
            40.7963977
          ],
          [
            -73.9534739,
            40.7964051
          ],
          [
            -73.9534409,
            40.7964085
          ],
          [
            -73.9533971,
            40.7964084
          ],
          [
            -73.9533568,
            40.7964137
          ],
          [
            -73.9533193,
            40.796421
          ],
          [
            -73.9532758,
            40.7964347
          ],
          [
            -73.9532387,
            40.7964464
          ],
          [
            -73.953206,
            40.7964501
          ],
          [
            -73.9531803,
            40.7964487
          ],
          [
            -73.9531476,
            40.7964348
          ],
          [
            -73.9531322,
            40.7964155
          ],
          [
            -73.9531062,
            40.7963618
          ],
          [
            -73.953118,
            40.7962691
          ],
          [
            -73.9531465,
            40.7961631
          ],
          [
            -73.953174,
            40.7960825
          ],
          [
            -73.9531817,
            40.7960237
          ],
          [
            -73.9531812,
            40.7959618
          ],
          [
            -73.9531725,
            40.7959133
          ],
          [
            -73.9531549,
            40.7958709
          ],
          [
            -73.9531308,
            40.7958258
          ],
          [
            -73.953112,
            40.7957883
          ],
          [
            -73.9531018,
            40.795762
          ],
          [
            -73.9530933,
            40.795723
          ],
          [
            -73.9530865,
            40.7956872
          ],
          [
            -73.9530856,
            40.7956468
          ],
          [
            -73.9530873,
            40.795587
          ],
          [
            -73.9530972,
            40.7955325
          ],
          [
            -73.9531006,
            40.7955006
          ],
          [
            -73.9530555,
            40.7954935
          ],
          [
            -73.9530113,
            40.7954929
          ],
          [
            -73.952982,
            40.7954676
          ],
          [
            -73.9529558,
            40.7954357
          ],
          [
            -73.9529273,
            40.7953905
          ],
          [
            -73.9529078,
            40.7953565
          ],
          [
            -73.9528853,
            40.7953
          ],
          [
            -73.9528581,
            40.7952549
          ],
          [
            -73.9528254,
            40.795212
          ],
          [
            -73.9527812,
            40.7951695
          ],
          [
            -73.9527335,
            40.7951322
          ],
          [
            -73.95266,
            40.7950878
          ],
          [
            -73.952562,
            40.7950262
          ],
          [
            -73.9525169,
            40.79499
          ],
          [
            -73.9524542,
            40.794925
          ],
          [
            -73.9524039,
            40.7948592
          ],
          [
            -73.9522793,
            40.7946861
          ],
          [
            -73.9522649,
            40.7946646
          ],
          [
            -73.9521938,
            40.794629
          ],
          [
            -73.9521387,
            40.7946057
          ],
          [
            -73.9520723,
            40.7945928
          ],
          [
            -73.9519574,
            40.79458
          ],
          [
            -73.9517545,
            40.7945356
          ],
          [
            -73.9516944,
            40.7945225
          ],
          [
            -73.9516635,
            40.7945145
          ],
          [
            -73.9516085,
            40.7944453
          ],
          [
            -73.9515696,
            40.7943824
          ],
          [
            -73.9515495,
            40.7943072
          ],
          [
            -73.9515476,
            40.7942294
          ],
          [
            -73.9516167,
            40.794128
          ],
          [
            -73.9518702,
            40.7938096
          ],
          [
            -73.9519212,
            40.7937369
          ],
          [
            -73.9520062,
            40.7936239
          ],
          [
            -73.9519381,
            40.7935954
          ],
          [
            -73.9519024,
            40.7935806
          ],
          [
            -73.9518694,
            40.7935668
          ],
          [
            -73.9517994,
            40.7935345
          ],
          [
            -73.9521235,
            40.7930886
          ],
          [
            -73.9522052,
            40.7929762
          ],
          [
            -73.9520965,
            40.79293
          ],
          [
            -73.9519968,
            40.7928874
          ],
          [
            -73.9509952,
            40.7924606
          ],
          [
            -73.9506153,
            40.7922987
          ],
          [
            -73.950592,
            40.7922864
          ],
          [
            -73.9505109,
            40.7922438
          ],
          [
            -73.9504027,
            40.7921869
          ],
          [
            -73.9499221,
            40.7919826
          ],
          [
            -73.9500535,
            40.7917978
          ],
          [
            -73.9500649,
            40.7917817
          ],
          [
            -73.9501697,
            40.7916342
          ],
          [
            -73.9501071,
            40.7916173
          ],
          [
            -73.9500209,
            40.7915764
          ],
          [
            -73.9499561,
            40.7915325
          ],
          [
            -73.9498908,
            40.7914776
          ],
          [
            -73.9498238,
            40.7914127
          ],
          [
            -73.949792,
            40.7913973
          ],
          [
            -73.9494003,
            40.7912362
          ],
          [
            -73.9494699,
            40.7911409
          ],
          [
            -73.9493957,
            40.7911135
          ],
          [
            -73.9493503,
            40.7910937
          ],
          [
            -73.9491754,
            40.7910221
          ],
          [
            -73.9491347,
            40.791005
          ],
          [
            -73.9490644,
            40.7909761
          ],
          [
            -73.9477415,
            40.7904148
          ],
          [
            -73.9476468,
            40.790376
          ],
          [
            -73.9475656,
            40.7903418
          ],
          [
            -73.9465014,
            40.7898892
          ],
          [
            -73.9461857,
            40.7897527
          ],
          [
            -73.9461644,
            40.7897456
          ],
          [
            -73.9460357,
            40.7897079
          ],
          [
            -73.9459216,
            40.789674
          ],
          [
            -73.9458985,
            40.7896646
          ],
          [
            -73.9457832,
            40.7895865
          ],
          [
            -73.9457639,
            40.7895694
          ],
          [
            -73.9457003,
            40.7895135
          ],
          [
            -73.9456488,
            40.7894389
          ],
          [
            -73.9456309,
            40.7893626
          ],
          [
            -73.9456354,
            40.7892728
          ],
          [
            -73.9456716,
            40.7891332
          ],
          [
            -73.9457128,
            40.7889713
          ],
          [
            -73.9457658,
            40.7887637
          ],
          [
            -73.9457907,
            40.78866
          ],
          [
            -73.9458136,
            40.7885709
          ],
          [
            -73.9458553,
            40.7883802
          ],
          [
            -73.9459051,
            40.7881639
          ],
          [
            -73.9459525,
            40.7879371
          ],
          [
            -73.9459906,
            40.7877797
          ],
          [
            -73.9460208,
            40.7876698
          ],
          [
            -73.9460357,
            40.7876034
          ],
          [
            -73.9460627,
            40.7874834
          ],
          [
            -73.9461287,
            40.7872556
          ],
          [
            -73.9462587,
            40.7867394
          ],
          [
            -73.9463139,
            40.7865301
          ],
          [
            -73.9463343,
            40.7864459
          ],
          [
            -73.9463549,
            40.7863702
          ],
          [
            -73.9464363,
            40.7860652
          ],
          [
            -73.9464492,
            40.7860162
          ],
          [
            -73.9465271,
            40.7857722
          ],
          [
            -73.9465444,
            40.7857057
          ],
          [
            -73.946403,
            40.7856365
          ],
          [
            -73.9463136,
            40.7855673
          ],
          [
            -73.9466591,
            40.7850941
          ],
          [
            -73.9465383,
            40.785022
          ],
          [
            -73.9464467,
            40.7849673
          ],
          [
            -73.9464116,
            40.7849462
          ],
          [
            -73.9464592,
            40.7848834
          ],
          [
            -73.9465039,
            40.7848198
          ],
          [
            -73.9454572,
            40.7843787
          ],
          [
            -73.9447929,
            40.7840986
          ],
          [
            -73.9444119,
            40.7839381
          ]
        ]
      }
    },
    {
      "type": "Feature",
      "properties": {
        "scenario": "HARD - FDR Drive edge, amenity required",
        "shape": "out_and_back",
        "target_miles": 4.0,
        "distance_m": 6446.149273061299,
        "candidate_index": 1
      },
      "geometry": {
        "type": "LineString",
        "coordinates": [
          [
            -73.9444119,
            40.7839381
          ],
          [
            -73.9447929,
            40.7840986
          ],
          [
            -73.9454572,
            40.7843787
          ],
          [
            -73.9465039,
            40.7848198
          ],
          [
            -73.9466425,
            40.7848749
          ],
          [
            -73.9467637,
            40.7849231
          ],
          [
            -73.9473935,
            40.7851948
          ],
          [
            -73.9487458,
            40.7857646
          ],
          [
            -73.9487664,
            40.7857733
          ],
          [
            -73.9488752,
            40.7858191
          ],
          [
            -73.9489888,
            40.785867
          ],
          [
            -73.9490165,
            40.7858787
          ],
          [
            -73.9493263,
            40.7860097
          ],
          [
            -73.949744,
            40.7861864
          ],
          [
            -73.950381,
            40.7864557
          ],
          [
            -73.9504741,
            40.7864951
          ],
          [
            -73.9505742,
            40.7865375
          ],
          [
            -73.9505366,
            40.7865911
          ],
          [
            -73.9504994,
            40.7866443
          ],
          [
            -73.9518192,
            40.7871968
          ],
          [
            -73.9518901,
            40.7872253
          ],
          [
            -73.9519334,
            40.7872427
          ],
          [
            -73.9521042,
            40.7873153
          ],
          [
            -73.9521469,
            40.7873344
          ],
          [
            -73.9522166,
            40.7873657
          ],
          [
            -73.9535211,
            40.7879161
          ],
          [
            -73.9535508,
            40.7879286
          ],
          [
            -73.9536294,
            40.7879617
          ],
          [
            -73.9537235,
            40.7880014
          ],
          [
            -73.9537419,
            40.7880092
          ],
          [
            -73.9551433,
            40.7886004
          ],
          [
            -73.9552238,
            40.7886413
          ],
          [
            -73.9553345,
            40.7886975
          ],
          [
            -73.9552295,
            40.7888409
          ],
          [
            -73.9553711,
            40.7889013
          ],
          [
            -73.955511,
            40.7889615
          ],
          [
            -73.9555696,
            40.7889926
          ],
          [
            -73.9556113,
            40.7890189
          ],
          [
            -73.9556519,
            40.7890499
          ],
          [
            -73.9556876,
            40.7890817
          ],
          [
            -73.9557305,
            40.7891168
          ],
          [
            -73.9557691,
            40.7891445
          ],
          [
            -73.9559047,
            40.7891684
          ],
          [
            -73.956041,
            40.7891999
          ],
          [
            -73.9561899,
            40.7892476
          ],
          [
            -73.9563163,
            40.7892991
          ],
          [
            -73.9564589,
            40.7893671
          ],
          [
            -73.9565904,
            40.7894502
          ],
          [
            -73.9568137,
            40.7895133
          ],
          [
            -73.9569771,
            40.7895701
          ],
          [
            -73.9571182,
            40.7896315
          ],
          [
            -73.9571638,
            40.7896546
          ],
          [
            -73.9572465,
            40.789693
          ],
          [
            -73.9572966,
            40.7897117
          ],
          [
            -73.9573402,
            40.789722
          ],
          [
            -73.9574095,
            40.7897395
          ],
          [
            -73.9574709,
            40.7897499
          ],
          [
            -73.9574914,
            40.7896414
          ],
          [
            -73.9575099,
            40.7895642
          ],
          [
            -73.9575177,
            40.7895481
          ],
          [
            -73.9575298,
            40.7895251
          ],
          [
            -73.9575434,
            40.7895076
          ],
          [
            -73.9575716,
            40.7894827
          ],
          [
            -73.9575958,
            40.7894641
          ],
          [
            -73.9576217,
            40.7894501
          ],
          [
            -73.9576563,
            40.7894373
          ],
          [
            -73.9577132,
            40.7894194
          ],
          [
            -73.9577728,
            40.789411
          ],
          [
            -73.9578761,
            40.789402
          ],
          [
            -73.9580241,
            40.7893983
          ],
          [
            -73.9581224,
            40.789392
          ],
          [
            -73.9582449,
            40.7893751
          ],
          [
            -73.9583578,
            40.7893536
          ],
          [
            -73.9584203,
            40.7893369
          ],
          [
            -73.9584522,
            40.7893238
          ],
          [
            -73.9584779,
            40.7893069
          ],
          [
            -73.9585117,
            40.7892803
          ],
          [
            -73.9586202,
            40.7891774
          ],
          [
            -73.9588161,
            40.7891057
          ],
          [
            -73.9590169,
            40.7890306
          ],
          [
            -73.9592798,
            40.7889676
          ],
          [
            -73.9595078,
            40.788927
          ],
          [
            -73.9597519,
            40.7889209
          ],
          [
            -73.9601192,
            40.7889676
          ],
          [
            -73.9603955,
            40.7890428
          ],
          [
            -73.9605726,
            40.7891059
          ],
          [
            -73.960669,
            40.7891402
          ],
          [
            -73.9608729,
            40.7892052
          ],
          [
            -73.9611652,
            40.7892174
          ],
          [
            -73.9613932,
            40.789193
          ],
          [
            -73.9616561,
            40.789124
          ],
          [
            -73.961683,
            40.7891129
          ],
          [
            -73.9619,
            40.7890236
          ],
          [
            -73.9619746,
            40.7889854
          ],
          [
            -73.9620292,
            40.7889574
          ],
          [
            -73.9621362,
            40.7888701
          ],
          [
            -73.9621884,
            40.7888466
          ],
          [
            -73.9624661,
            40.7887219
          ],
          [
            -73.9627451,
            40.7885919
          ],
          [
            -73.9630079,
            40.7885269
          ],
          [
            -73.9633217,
            40.7884985
          ],
          [
            -73.9635819,
            40.7884741
          ],
          [
            -73.9636818,
            40.7884653
          ],
          [
            -73.963816,
            40.7884576
          ],
          [
            -73.9639844,
            40.7884629
          ],
          [
            -73.9641811,
            40.7884753
          ],
          [
            -73.9643158,
            40.7884808
          ],
          [
            -73.9644085,
            40.7884866
          ],
          [
            -73.9645033,
            40.7884993
          ],
          [
            -73.9646213,
            40.7885182
          ],
          [
            -73.964898,
            40.7884998
          ],
          [
            -73.9650594,
            40.7884815
          ],
          [
            -73.9652134,
            40.7884548
          ],
          [
            -73.9653517,
            40.7884174
          ],
          [
            -73.9655424,
            40.7883488
          ],
          [
            -73.9657187,
            40.7882561
          ],
          [
            -73.9657789,
            40.7882233
          ],
          [
            -73.965973,
            40.7881218
          ],
          [
            -73.9661319,
            40.7880098
          ],
          [
            -73.9663734,
            40.7878192
          ],
          [
            -73.9664474,
            40.7877526
          ],
          [
            -73.9666361,
            40.78788
          ],
          [
            -73.9666836,
            40.7879156
          ],
          [
            -73.966759,
            40.7879365
          ],
          [
            -73.9667912,
            40.7879403
          ],
          [
            -73.96686,
            40.7879466
          ],
          [
            -73.966901,
            40.7879453
          ],
          [
            -73.9669378,
            40.7879413
          ],
          [
            -73.9669661,
            40.7879324
          ],
          [
            -73.9670316,
            40.7878926
          ],
          [
            -73.967175,
            40.7878374
          ],
          [
            -73.9671999,
            40.7878311
          ],
          [
            -73.967226,
            40.7878282
          ],
          [
            -73.9672501,
            40.7878281
          ],
          [
            -73.9672819,
            40.7878324
          ],
          [
            -73.967315,
            40.7878397
          ],
          [
            -73.9673692,
            40.7877751
          ],
          [
            -73.9673735,
            40.787756
          ],
          [
            -73.9677512,
            40.7872361
          ],
          [
            -73.9678326,
            40.787124
          ],
          [
            -73.968207,
            40.7866085
          ],
          [
            -73.9682874,
            40.7864977
          ],
          [
            -73.9686691,
            40.7859722
          ],
          [
            -73.9687495,
            40.7858635
          ],
          [
            -73.9687503,
            40.7858624
          ],
          [
            -73.9690766,
            40.7854185
          ],
          [
            -73.9691366,
            40.7853365
          ],
          [
            -73.9691511,
            40.7853166
          ],
          [
            -73.9691796,
            40.7852777
          ],
          [
            -73.9692369,
            40.7851994
          ],
          [
            -73.9692558,
            40.7851735
          ],
          [
            -73.9692728,
            40.7851515
          ],
          [
            -73.9696495,
            40.7846185
          ],
          [
            -73.9696696,
            40.7845975
          ],
          [
            -73.9696979,
            40.7845575
          ],
          [
            -73.9697252,
            40.784526
          ],
          [
            -73.969735,
            40.784514
          ],
          [
            -73.9697476,
            40.7845008
          ],
          [
            -73.9701217,
            40.7839866
          ],
          [
            -73.9701232,
            40.7839844
          ],
          [
            -73.9701981,
            40.7838777
          ],
          [
            -73.9702004,
            40.7838746
          ],
          [
            -73.9705805,
            40.7833604
          ],
          [
            -73.9706628,
            40.7832478
          ],
          [
            -73.9710606,
            40.7827048
          ],
          [
            -73.9711258,
            40.7826138
          ],
          [
            -73.9711302,
            40.7826078
          ],
          [
            -73.9715077,
            40.7820909
          ],
          [
            -73.971529,
            40.7820616
          ],
          [
            -73.9715324,
            40.7820569
          ],
          [
            -73.9715958,
            40.7819692
          ],
          [
            -73.9716544,
            40.7818859
          ],
          [
            -73.9716685,
            40.7818662
          ],
          [
            -73.9719099,
            40.7815418
          ],
          [
            -73.9723749,
            40.7808966
          ],
          [
            -73.9725496,
            40.7806562
          ],
          [
            -73.9725507,
            40.7806547
          ],
          [
            -73.9725496,
            40.7806562
          ],
          [
            -73.9723749,
            40.7808966
          ],
          [
            -73.9719099,
            40.7815418
          ],
          [
            -73.9716685,
            40.7818662
          ],
          [
            -73.9716544,
            40.7818859
          ],
          [
            -73.9715958,
            40.7819692
          ],
          [
            -73.9715324,
            40.7820569
          ],
          [
            -73.971529,
            40.7820616
          ],
          [
            -73.9715077,
            40.7820909
          ],
          [
            -73.9711302,
            40.7826078
          ],
          [
            -73.9711258,
            40.7826138
          ],
          [
            -73.9710606,
            40.7827048
          ],
          [
            -73.9706628,
            40.7832478
          ],
          [
            -73.9705805,
            40.7833604
          ],
          [
            -73.9702004,
            40.7838746
          ],
          [
            -73.9701981,
            40.7838777
          ],
          [
            -73.9701232,
            40.7839844
          ],
          [
            -73.9701217,
            40.7839866
          ],
          [
            -73.9697476,
            40.7845008
          ],
          [
            -73.969735,
            40.784514
          ],
          [
            -73.9697252,
            40.784526
          ],
          [
            -73.9696979,
            40.7845575
          ],
          [
            -73.9696696,
            40.7845975
          ],
          [
            -73.9696495,
            40.7846185
          ],
          [
            -73.9692728,
            40.7851515
          ],
          [
            -73.9692558,
            40.7851735
          ],
          [
            -73.9692369,
            40.7851994
          ],
          [
            -73.9691796,
            40.7852777
          ],
          [
            -73.9691511,
            40.7853166
          ],
          [
            -73.9691366,
            40.7853365
          ],
          [
            -73.9690766,
            40.7854185
          ],
          [
            -73.9687503,
            40.7858624
          ],
          [
            -73.9687495,
            40.7858635
          ],
          [
            -73.9686691,
            40.7859722
          ],
          [
            -73.9682874,
            40.7864977
          ],
          [
            -73.968207,
            40.7866085
          ],
          [
            -73.9678326,
            40.787124
          ],
          [
            -73.9677512,
            40.7872361
          ],
          [
            -73.9673735,
            40.787756
          ],
          [
            -73.9673692,
            40.7877751
          ],
          [
            -73.967315,
            40.7878397
          ],
          [
            -73.9672819,
            40.7878324
          ],
          [
            -73.9672501,
            40.7878281
          ],
          [
            -73.967226,
            40.7878282
          ],
          [
            -73.9671999,
            40.7878311
          ],
          [
            -73.967175,
            40.7878374
          ],
          [
            -73.9670316,
            40.7878926
          ],
          [
            -73.9669661,
            40.7879324
          ],
          [
            -73.9669378,
            40.7879413
          ],
          [
            -73.966901,
            40.7879453
          ],
          [
            -73.96686,
            40.7879466
          ],
          [
            -73.9667912,
            40.7879403
          ],
          [
            -73.966759,
            40.7879365
          ],
          [
            -73.9666836,
            40.7879156
          ],
          [
            -73.9666361,
            40.78788
          ],
          [
            -73.9664474,
            40.7877526
          ],
          [
            -73.9663734,
            40.7878192
          ],
          [
            -73.9661319,
            40.7880098
          ],
          [
            -73.965973,
            40.7881218
          ],
          [
            -73.9657789,
            40.7882233
          ],
          [
            -73.9657187,
            40.7882561
          ],
          [
            -73.9655424,
            40.7883488
          ],
          [
            -73.9653517,
            40.7884174
          ],
          [
            -73.9652134,
            40.7884548
          ],
          [
            -73.9650594,
            40.7884815
          ],
          [
            -73.964898,
            40.7884998
          ],
          [
            -73.9646213,
            40.7885182
          ],
          [
            -73.9645033,
            40.7884993
          ],
          [
            -73.9644085,
            40.7884866
          ],
          [
            -73.9643158,
            40.7884808
          ],
          [
            -73.9641811,
            40.7884753
          ],
          [
            -73.9639844,
            40.7884629
          ],
          [
            -73.963816,
            40.7884576
          ],
          [
            -73.9636818,
            40.7884653
          ],
          [
            -73.9635819,
            40.7884741
          ],
          [
            -73.9633217,
            40.7884985
          ],
          [
            -73.9630079,
            40.7885269
          ],
          [
            -73.9627451,
            40.7885919
          ],
          [
            -73.9624661,
            40.7887219
          ],
          [
            -73.9621884,
            40.7888466
          ],
          [
            -73.9621362,
            40.7888701
          ],
          [
            -73.9620292,
            40.7889574
          ],
          [
            -73.9619746,
            40.7889854
          ],
          [
            -73.9619,
            40.7890236
          ],
          [
            -73.961683,
            40.7891129
          ],
          [
            -73.9616561,
            40.789124
          ],
          [
            -73.9613932,
            40.789193
          ],
          [
            -73.9611652,
            40.7892174
          ],
          [
            -73.9608729,
            40.7892052
          ],
          [
            -73.960669,
            40.7891402
          ],
          [
            -73.9605726,
            40.7891059
          ],
          [
            -73.9603955,
            40.7890428
          ],
          [
            -73.9601192,
            40.7889676
          ],
          [
            -73.9597519,
            40.7889209
          ],
          [
            -73.9595078,
            40.788927
          ],
          [
            -73.9592798,
            40.7889676
          ],
          [
            -73.9590169,
            40.7890306
          ],
          [
            -73.9588161,
            40.7891057
          ],
          [
            -73.9586202,
            40.7891774
          ],
          [
            -73.9585117,
            40.7892803
          ],
          [
            -73.9584779,
            40.7893069
          ],
          [
            -73.9584522,
            40.7893238
          ],
          [
            -73.9584203,
            40.7893369
          ],
          [
            -73.9583578,
            40.7893536
          ],
          [
            -73.9582449,
            40.7893751
          ],
          [
            -73.9581224,
            40.789392
          ],
          [
            -73.9580241,
            40.7893983
          ],
          [
            -73.9578761,
            40.789402
          ],
          [
            -73.9577728,
            40.789411
          ],
          [
            -73.9577132,
            40.7894194
          ],
          [
            -73.9576563,
            40.7894373
          ],
          [
            -73.9576217,
            40.7894501
          ],
          [
            -73.9575958,
            40.7894641
          ],
          [
            -73.9575716,
            40.7894827
          ],
          [
            -73.9575434,
            40.7895076
          ],
          [
            -73.9575298,
            40.7895251
          ],
          [
            -73.9575177,
            40.7895481
          ],
          [
            -73.9575099,
            40.7895642
          ],
          [
            -73.9574914,
            40.7896414
          ],
          [
            -73.9574709,
            40.7897499
          ],
          [
            -73.9574095,
            40.7897395
          ],
          [
            -73.9573402,
            40.789722
          ],
          [
            -73.9572966,
            40.7897117
          ],
          [
            -73.9572465,
            40.789693
          ],
          [
            -73.9571638,
            40.7896546
          ],
          [
            -73.9571182,
            40.7896315
          ],
          [
            -73.9569771,
            40.7895701
          ],
          [
            -73.9568137,
            40.7895133
          ],
          [
            -73.9565904,
            40.7894502
          ],
          [
            -73.9564589,
            40.7893671
          ],
          [
            -73.9563163,
            40.7892991
          ],
          [
            -73.9561899,
            40.7892476
          ],
          [
            -73.956041,
            40.7891999
          ],
          [
            -73.9559047,
            40.7891684
          ],
          [
            -73.9557691,
            40.7891445
          ],
          [
            -73.9557305,
            40.7891168
          ],
          [
            -73.9556876,
            40.7890817
          ],
          [
            -73.9556519,
            40.7890499
          ],
          [
            -73.9556113,
            40.7890189
          ],
          [
            -73.9555696,
            40.7889926
          ],
          [
            -73.955511,
            40.7889615
          ],
          [
            -73.9553711,
            40.7889013
          ],
          [
            -73.9552295,
            40.7888409
          ],
          [
            -73.9553345,
            40.7886975
          ],
          [
            -73.9552238,
            40.7886413
          ],
          [
            -73.9551433,
            40.7886004
          ],
          [
            -73.9537419,
            40.7880092
          ],
          [
            -73.9537235,
            40.7880014
          ],
          [
            -73.9536294,
            40.7879617
          ],
          [
            -73.9535508,
            40.7879286
          ],
          [
            -73.9535211,
            40.7879161
          ],
          [
            -73.9522166,
            40.7873657
          ],
          [
            -73.9521469,
            40.7873344
          ],
          [
            -73.9521042,
            40.7873153
          ],
          [
            -73.9519334,
            40.7872427
          ],
          [
            -73.9518901,
            40.7872253
          ],
          [
            -73.9518192,
            40.7871968
          ],
          [
            -73.9504994,
            40.7866443
          ],
          [
            -73.9505366,
            40.7865911
          ],
          [
            -73.9505742,
            40.7865375
          ],
          [
            -73.9504741,
            40.7864951
          ],
          [
            -73.950381,
            40.7864557
          ],
          [
            -73.949744,
            40.7861864
          ],
          [
            -73.9493263,
            40.7860097
          ],
          [
            -73.9490165,
            40.7858787
          ],
          [
            -73.9489888,
            40.785867
          ],
          [
            -73.9488752,
            40.7858191
          ],
          [
            -73.9487664,
            40.7857733
          ],
          [
            -73.9487458,
            40.7857646
          ],
          [
            -73.9473935,
            40.7851948
          ],
          [
            -73.9467637,
            40.7849231
          ],
          [
            -73.9466425,
            40.7848749
          ],
          [
            -73.9465039,
            40.7848198
          ],
          [
            -73.9454572,
            40.7843787
          ],
          [
            -73.9447929,
            40.7840986
          ],
          [
            -73.9444119,
            40.7839381
          ],
          [
            -73.9447932,
            40.7834146
          ],
          [
            -73.9444119,
            40.7839381
          ]
        ]
      }
    },
    {
      "type": "Feature",
      "properties": {
        "scenario": "HARD - FDR Drive edge, amenity required",
        "shape": "out_and_back",
        "target_miles": 4.0,
        "distance_m": 6446.149273061301,
        "candidate_index": 2
      },
      "geometry": {
        "type": "LineString",
        "coordinates": [
          [
            -73.9444119,
            40.7839381
          ],
          [
            -73.9447932,
            40.7834146
          ],
          [
            -73.9444119,
            40.7839381
          ],
          [
            -73.9447929,
            40.7840986
          ],
          [
            -73.9454572,
            40.7843787
          ],
          [
            -73.9465039,
            40.7848198
          ],
          [
            -73.9466425,
            40.7848749
          ],
          [
            -73.9467637,
            40.7849231
          ],
          [
            -73.9473935,
            40.7851948
          ],
          [
            -73.9487458,
            40.7857646
          ],
          [
            -73.9487664,
            40.7857733
          ],
          [
            -73.9488752,
            40.7858191
          ],
          [
            -73.9489888,
            40.785867
          ],
          [
            -73.9490165,
            40.7858787
          ],
          [
            -73.9493263,
            40.7860097
          ],
          [
            -73.949744,
            40.7861864
          ],
          [
            -73.950381,
            40.7864557
          ],
          [
            -73.9504741,
            40.7864951
          ],
          [
            -73.9505742,
            40.7865375
          ],
          [
            -73.9505366,
            40.7865911
          ],
          [
            -73.9504994,
            40.7866443
          ],
          [
            -73.9518192,
            40.7871968
          ],
          [
            -73.9518901,
            40.7872253
          ],
          [
            -73.9519334,
            40.7872427
          ],
          [
            -73.9521042,
            40.7873153
          ],
          [
            -73.9521469,
            40.7873344
          ],
          [
            -73.9522166,
            40.7873657
          ],
          [
            -73.9535211,
            40.7879161
          ],
          [
            -73.9535508,
            40.7879286
          ],
          [
            -73.9536294,
            40.7879617
          ],
          [
            -73.9537235,
            40.7880014
          ],
          [
            -73.9537419,
            40.7880092
          ],
          [
            -73.9551433,
            40.7886004
          ],
          [
            -73.9552238,
            40.7886413
          ],
          [
            -73.9553345,
            40.7886975
          ],
          [
            -73.9552295,
            40.7888409
          ],
          [
            -73.9553711,
            40.7889013
          ],
          [
            -73.955511,
            40.7889615
          ],
          [
            -73.9555696,
            40.7889926
          ],
          [
            -73.9556113,
            40.7890189
          ],
          [
            -73.9556519,
            40.7890499
          ],
          [
            -73.9556876,
            40.7890817
          ],
          [
            -73.9557305,
            40.7891168
          ],
          [
            -73.9557691,
            40.7891445
          ],
          [
            -73.9559047,
            40.7891684
          ],
          [
            -73.956041,
            40.7891999
          ],
          [
            -73.9561899,
            40.7892476
          ],
          [
            -73.9563163,
            40.7892991
          ],
          [
            -73.9564589,
            40.7893671
          ],
          [
            -73.9565904,
            40.7894502
          ],
          [
            -73.9568137,
            40.7895133
          ],
          [
            -73.9569771,
            40.7895701
          ],
          [
            -73.9571182,
            40.7896315
          ],
          [
            -73.9571638,
            40.7896546
          ],
          [
            -73.9572465,
            40.789693
          ],
          [
            -73.9572966,
            40.7897117
          ],
          [
            -73.9573402,
            40.789722
          ],
          [
            -73.9574095,
            40.7897395
          ],
          [
            -73.9574709,
            40.7897499
          ],
          [
            -73.9574914,
            40.7896414
          ],
          [
            -73.9575099,
            40.7895642
          ],
          [
            -73.9575177,
            40.7895481
          ],
          [
            -73.9575298,
            40.7895251
          ],
          [
            -73.9575434,
            40.7895076
          ],
          [
            -73.9575716,
            40.7894827
          ],
          [
            -73.9575958,
            40.7894641
          ],
          [
            -73.9576217,
            40.7894501
          ],
          [
            -73.9576563,
            40.7894373
          ],
          [
            -73.9577132,
            40.7894194
          ],
          [
            -73.9577728,
            40.789411
          ],
          [
            -73.9578761,
            40.789402
          ],
          [
            -73.9580241,
            40.7893983
          ],
          [
            -73.9581224,
            40.789392
          ],
          [
            -73.9582449,
            40.7893751
          ],
          [
            -73.9583578,
            40.7893536
          ],
          [
            -73.9584203,
            40.7893369
          ],
          [
            -73.9584522,
            40.7893238
          ],
          [
            -73.9584779,
            40.7893069
          ],
          [
            -73.9585117,
            40.7892803
          ],
          [
            -73.9586202,
            40.7891774
          ],
          [
            -73.9588161,
            40.7891057
          ],
          [
            -73.9590169,
            40.7890306
          ],
          [
            -73.9592798,
            40.7889676
          ],
          [
            -73.9595078,
            40.788927
          ],
          [
            -73.9597519,
            40.7889209
          ],
          [
            -73.9601192,
            40.7889676
          ],
          [
            -73.9603955,
            40.7890428
          ],
          [
            -73.9605726,
            40.7891059
          ],
          [
            -73.960669,
            40.7891402
          ],
          [
            -73.9608729,
            40.7892052
          ],
          [
            -73.9611652,
            40.7892174
          ],
          [
            -73.9613932,
            40.789193
          ],
          [
            -73.9616561,
            40.789124
          ],
          [
            -73.961683,
            40.7891129
          ],
          [
            -73.9619,
            40.7890236
          ],
          [
            -73.9619746,
            40.7889854
          ],
          [
            -73.9620292,
            40.7889574
          ],
          [
            -73.9621362,
            40.7888701
          ],
          [
            -73.9621884,
            40.7888466
          ],
          [
            -73.9624661,
            40.7887219
          ],
          [
            -73.9627451,
            40.7885919
          ],
          [
            -73.9630079,
            40.7885269
          ],
          [
            -73.9633217,
            40.7884985
          ],
          [
            -73.9635819,
            40.7884741
          ],
          [
            -73.9636818,
            40.7884653
          ],
          [
            -73.963816,
            40.7884576
          ],
          [
            -73.9639844,
            40.7884629
          ],
          [
            -73.9641811,
            40.7884753
          ],
          [
            -73.9643158,
            40.7884808
          ],
          [
            -73.9644085,
            40.7884866
          ],
          [
            -73.9645033,
            40.7884993
          ],
          [
            -73.9646213,
            40.7885182
          ],
          [
            -73.964898,
            40.7884998
          ],
          [
            -73.9650594,
            40.7884815
          ],
          [
            -73.9652134,
            40.7884548
          ],
          [
            -73.9653517,
            40.7884174
          ],
          [
            -73.9655424,
            40.7883488
          ],
          [
            -73.9657187,
            40.7882561
          ],
          [
            -73.9657789,
            40.7882233
          ],
          [
            -73.965973,
            40.7881218
          ],
          [
            -73.9661319,
            40.7880098
          ],
          [
            -73.9663734,
            40.7878192
          ],
          [
            -73.9664474,
            40.7877526
          ],
          [
            -73.9666361,
            40.78788
          ],
          [
            -73.9666836,
            40.7879156
          ],
          [
            -73.966759,
            40.7879365
          ],
          [
            -73.9667912,
            40.7879403
          ],
          [
            -73.96686,
            40.7879466
          ],
          [
            -73.966901,
            40.7879453
          ],
          [
            -73.9669378,
            40.7879413
          ],
          [
            -73.9669661,
            40.7879324
          ],
          [
            -73.9670316,
            40.7878926
          ],
          [
            -73.967175,
            40.7878374
          ],
          [
            -73.9671999,
            40.7878311
          ],
          [
            -73.967226,
            40.7878282
          ],
          [
            -73.9672501,
            40.7878281
          ],
          [
            -73.9672819,
            40.7878324
          ],
          [
            -73.967315,
            40.7878397
          ],
          [
            -73.9673692,
            40.7877751
          ],
          [
            -73.9673735,
            40.787756
          ],
          [
            -73.9677512,
            40.7872361
          ],
          [
            -73.9678326,
            40.787124
          ],
          [
            -73.968207,
            40.7866085
          ],
          [
            -73.9682874,
            40.7864977
          ],
          [
            -73.9686691,
            40.7859722
          ],
          [
            -73.9687495,
            40.7858635
          ],
          [
            -73.9687503,
            40.7858624
          ],
          [
            -73.9690766,
            40.7854185
          ],
          [
            -73.9691366,
            40.7853365
          ],
          [
            -73.9691511,
            40.7853166
          ],
          [
            -73.9691796,
            40.7852777
          ],
          [
            -73.9692369,
            40.7851994
          ],
          [
            -73.9692558,
            40.7851735
          ],
          [
            -73.9692728,
            40.7851515
          ],
          [
            -73.9696495,
            40.7846185
          ],
          [
            -73.9696696,
            40.7845975
          ],
          [
            -73.9696979,
            40.7845575
          ],
          [
            -73.9697252,
            40.784526
          ],
          [
            -73.969735,
            40.784514
          ],
          [
            -73.9697476,
            40.7845008
          ],
          [
            -73.9701217,
            40.7839866
          ],
          [
            -73.9701232,
            40.7839844
          ],
          [
            -73.9701981,
            40.7838777
          ],
          [
            -73.9702004,
            40.7838746
          ],
          [
            -73.9705805,
            40.7833604
          ],
          [
            -73.9706628,
            40.7832478
          ],
          [
            -73.9710606,
            40.7827048
          ],
          [
            -73.9711258,
            40.7826138
          ],
          [
            -73.9711302,
            40.7826078
          ],
          [
            -73.9715077,
            40.7820909
          ],
          [
            -73.971529,
            40.7820616
          ],
          [
            -73.9715324,
            40.7820569
          ],
          [
            -73.9715958,
            40.7819692
          ],
          [
            -73.9716544,
            40.7818859
          ],
          [
            -73.9716685,
            40.7818662
          ],
          [
            -73.9719099,
            40.7815418
          ],
          [
            -73.9723749,
            40.7808966
          ],
          [
            -73.9725496,
            40.7806562
          ],
          [
            -73.9725507,
            40.7806547
          ],
          [
            -73.9725496,
            40.7806562
          ],
          [
            -73.9723749,
            40.7808966
          ],
          [
            -73.9719099,
            40.7815418
          ],
          [
            -73.9716685,
            40.7818662
          ],
          [
            -73.9716544,
            40.7818859
          ],
          [
            -73.9715958,
            40.7819692
          ],
          [
            -73.9715324,
            40.7820569
          ],
          [
            -73.971529,
            40.7820616
          ],
          [
            -73.9715077,
            40.7820909
          ],
          [
            -73.9711302,
            40.7826078
          ],
          [
            -73.9711258,
            40.7826138
          ],
          [
            -73.9710606,
            40.7827048
          ],
          [
            -73.9706628,
            40.7832478
          ],
          [
            -73.9705805,
            40.7833604
          ],
          [
            -73.9702004,
            40.7838746
          ],
          [
            -73.9701981,
            40.7838777
          ],
          [
            -73.9701232,
            40.7839844
          ],
          [
            -73.9701217,
            40.7839866
          ],
          [
            -73.9697476,
            40.7845008
          ],
          [
            -73.969735,
            40.784514
          ],
          [
            -73.9697252,
            40.784526
          ],
          [
            -73.9696979,
            40.7845575
          ],
          [
            -73.9696696,
            40.7845975
          ],
          [
            -73.9696495,
            40.7846185
          ],
          [
            -73.9692728,
            40.7851515
          ],
          [
            -73.9692558,
            40.7851735
          ],
          [
            -73.9692369,
            40.7851994
          ],
          [
            -73.9691796,
            40.7852777
          ],
          [
            -73.9691511,
            40.7853166
          ],
          [
            -73.9691366,
            40.7853365
          ],
          [
            -73.9690766,
            40.7854185
          ],
          [
            -73.9687503,
            40.7858624
          ],
          [
            -73.9687495,
            40.7858635
          ],
          [
            -73.9686691,
            40.7859722
          ],
          [
            -73.9682874,
            40.7864977
          ],
          [
            -73.968207,
            40.7866085
          ],
          [
            -73.9678326,
            40.787124
          ],
          [
            -73.9677512,
            40.7872361
          ],
          [
            -73.9673735,
            40.787756
          ],
          [
            -73.9673692,
            40.7877751
          ],
          [
            -73.967315,
            40.7878397
          ],
          [
            -73.9672819,
            40.7878324
          ],
          [
            -73.9672501,
            40.7878281
          ],
          [
            -73.967226,
            40.7878282
          ],
          [
            -73.9671999,
            40.7878311
          ],
          [
            -73.967175,
            40.7878374
          ],
          [
            -73.9670316,
            40.7878926
          ],
          [
            -73.9669661,
            40.7879324
          ],
          [
            -73.9669378,
            40.7879413
          ],
          [
            -73.966901,
            40.7879453
          ],
          [
            -73.96686,
            40.7879466
          ],
          [
            -73.9667912,
            40.7879403
          ],
          [
            -73.966759,
            40.7879365
          ],
          [
            -73.9666836,
            40.7879156
          ],
          [
            -73.9666361,
            40.78788
          ],
          [
            -73.9664474,
            40.7877526
          ],
          [
            -73.9663734,
            40.7878192
          ],
          [
            -73.9661319,
            40.7880098
          ],
          [
            -73.965973,
            40.7881218
          ],
          [
            -73.9657789,
            40.7882233
          ],
          [
            -73.9657187,
            40.7882561
          ],
          [
            -73.9655424,
            40.7883488
          ],
          [
            -73.9653517,
            40.7884174
          ],
          [
            -73.9652134,
            40.7884548
          ],
          [
            -73.9650594,
            40.7884815
          ],
          [
            -73.964898,
            40.7884998
          ],
          [
            -73.9646213,
            40.7885182
          ],
          [
            -73.9645033,
            40.7884993
          ],
          [
            -73.9644085,
            40.7884866
          ],
          [
            -73.9643158,
            40.7884808
          ],
          [
            -73.9641811,
            40.7884753
          ],
          [
            -73.9639844,
            40.7884629
          ],
          [
            -73.963816,
            40.7884576
          ],
          [
            -73.9636818,
            40.7884653
          ],
          [
            -73.9635819,
            40.7884741
          ],
          [
            -73.9633217,
            40.7884985
          ],
          [
            -73.9630079,
            40.7885269
          ],
          [
            -73.9627451,
            40.7885919
          ],
          [
            -73.9624661,
            40.7887219
          ],
          [
            -73.9621884,
            40.7888466
          ],
          [
            -73.9621362,
            40.7888701
          ],
          [
            -73.9620292,
            40.7889574
          ],
          [
            -73.9619746,
            40.7889854
          ],
          [
            -73.9619,
            40.7890236
          ],
          [
            -73.961683,
            40.7891129
          ],
          [
            -73.9616561,
            40.789124
          ],
          [
            -73.9613932,
            40.789193
          ],
          [
            -73.9611652,
            40.7892174
          ],
          [
            -73.9608729,
            40.7892052
          ],
          [
            -73.960669,
            40.7891402
          ],
          [
            -73.9605726,
            40.7891059
          ],
          [
            -73.9603955,
            40.7890428
          ],
          [
            -73.9601192,
            40.7889676
          ],
          [
            -73.9597519,
            40.7889209
          ],
          [
            -73.9595078,
            40.788927
          ],
          [
            -73.9592798,
            40.7889676
          ],
          [
            -73.9590169,
            40.7890306
          ],
          [
            -73.9588161,
            40.7891057
          ],
          [
            -73.9586202,
            40.7891774
          ],
          [
            -73.9585117,
            40.7892803
          ],
          [
            -73.9584779,
            40.7893069
          ],
          [
            -73.9584522,
            40.7893238
          ],
          [
            -73.9584203,
            40.7893369
          ],
          [
            -73.9583578,
            40.7893536
          ],
          [
            -73.9582449,
            40.7893751
          ],
          [
            -73.9581224,
            40.789392
          ],
          [
            -73.9580241,
            40.7893983
          ],
          [
            -73.9578761,
            40.789402
          ],
          [
            -73.9577728,
            40.789411
          ],
          [
            -73.9577132,
            40.7894194
          ],
          [
            -73.9576563,
            40.7894373
          ],
          [
            -73.9576217,
            40.7894501
          ],
          [
            -73.9575958,
            40.7894641
          ],
          [
            -73.9575716,
            40.7894827
          ],
          [
            -73.9575434,
            40.7895076
          ],
          [
            -73.9575298,
            40.7895251
          ],
          [
            -73.9575177,
            40.7895481
          ],
          [
            -73.9575099,
            40.7895642
          ],
          [
            -73.9574914,
            40.7896414
          ],
          [
            -73.9574709,
            40.7897499
          ],
          [
            -73.9574095,
            40.7897395
          ],
          [
            -73.9573402,
            40.789722
          ],
          [
            -73.9572966,
            40.7897117
          ],
          [
            -73.9572465,
            40.789693
          ],
          [
            -73.9571638,
            40.7896546
          ],
          [
            -73.9571182,
            40.7896315
          ],
          [
            -73.9569771,
            40.7895701
          ],
          [
            -73.9568137,
            40.7895133
          ],
          [
            -73.9565904,
            40.7894502
          ],
          [
            -73.9564589,
            40.7893671
          ],
          [
            -73.9563163,
            40.7892991
          ],
          [
            -73.9561899,
            40.7892476
          ],
          [
            -73.956041,
            40.7891999
          ],
          [
            -73.9559047,
            40.7891684
          ],
          [
            -73.9557691,
            40.7891445
          ],
          [
            -73.9557305,
            40.7891168
          ],
          [
            -73.9556876,
            40.7890817
          ],
          [
            -73.9556519,
            40.7890499
          ],
          [
            -73.9556113,
            40.7890189
          ],
          [
            -73.9555696,
            40.7889926
          ],
          [
            -73.955511,
            40.7889615
          ],
          [
            -73.9553711,
            40.7889013
          ],
          [
            -73.9552295,
            40.7888409
          ],
          [
            -73.9553345,
            40.7886975
          ],
          [
            -73.9552238,
            40.7886413
          ],
          [
            -73.9551433,
            40.7886004
          ],
          [
            -73.9537419,
            40.7880092
          ],
          [
            -73.9537235,
            40.7880014
          ],
          [
            -73.9536294,
            40.7879617
          ],
          [
            -73.9535508,
            40.7879286
          ],
          [
            -73.9535211,
            40.7879161
          ],
          [
            -73.9522166,
            40.7873657
          ],
          [
            -73.9521469,
            40.7873344
          ],
          [
            -73.9521042,
            40.7873153
          ],
          [
            -73.9519334,
            40.7872427
          ],
          [
            -73.9518901,
            40.7872253
          ],
          [
            -73.9518192,
            40.7871968
          ],
          [
            -73.9504994,
            40.7866443
          ],
          [
            -73.9505366,
            40.7865911
          ],
          [
            -73.9505742,
            40.7865375
          ],
          [
            -73.9504741,
            40.7864951
          ],
          [
            -73.950381,
            40.7864557
          ],
          [
            -73.949744,
            40.7861864
          ],
          [
            -73.9493263,
            40.7860097
          ],
          [
            -73.9490165,
            40.7858787
          ],
          [
            -73.9489888,
            40.785867
          ],
          [
            -73.9488752,
            40.7858191
          ],
          [
            -73.9487664,
            40.7857733
          ],
          [
            -73.9487458,
            40.7857646
          ],
          [
            -73.9473935,
            40.7851948
          ],
          [
            -73.9467637,
            40.7849231
          ],
          [
            -73.9466425,
            40.7848749
          ],
          [
            -73.9465039,
            40.7848198
          ],
          [
            -73.9454572,
            40.7843787
          ],
          [
            -73.9447929,
            40.7840986
          ],
          [
            -73.9444119,
            40.7839381
          ]
        ]
      }
    },
    {
      "type": "Feature",
      "properties": {
        "scenario": "HARD - FDR Drive edge, amenity required",
        "shape": "out_and_back",
        "target_miles": 4.0,
        "distance_m": 6479.965626439937,
        "candidate_index": 3
      },
      "geometry": {
        "type": "LineString",
        "coordinates": [
          [
            -73.9444119,
            40.7839381
          ],
          [
            -73.9447929,
            40.7840986
          ],
          [
            -73.9454572,
            40.7843787
          ],
          [
            -73.9465039,
            40.7848198
          ],
          [
            -73.9464592,
            40.7848834
          ],
          [
            -73.9464116,
            40.7849462
          ],
          [
            -73.9464467,
            40.7849673
          ],
          [
            -73.9465383,
            40.785022
          ],
          [
            -73.9466591,
            40.7850941
          ],
          [
            -73.9463136,
            40.7855673
          ],
          [
            -73.946403,
            40.7856365
          ],
          [
            -73.9465444,
            40.7857057
          ],
          [
            -73.9465271,
            40.7857722
          ],
          [
            -73.9464492,
            40.7860162
          ],
          [
            -73.9464363,
            40.7860652
          ],
          [
            -73.9463549,
            40.7863702
          ],
          [
            -73.9463343,
            40.7864459
          ],
          [
            -73.9463139,
            40.7865301
          ],
          [
            -73.9462587,
            40.7867394
          ],
          [
            -73.9461287,
            40.7872556
          ],
          [
            -73.9460627,
            40.7874834
          ],
          [
            -73.9460357,
            40.7876034
          ],
          [
            -73.9460208,
            40.7876698
          ],
          [
            -73.9459906,
            40.7877797
          ],
          [
            -73.9459525,
            40.7879371
          ],
          [
            -73.9459051,
            40.7881639
          ],
          [
            -73.9458553,
            40.7883802
          ],
          [
            -73.9458136,
            40.7885709
          ],
          [
            -73.9457907,
            40.78866
          ],
          [
            -73.9457658,
            40.7887637
          ],
          [
            -73.9457128,
            40.7889713
          ],
          [
            -73.9456716,
            40.7891332
          ],
          [
            -73.9456354,
            40.7892728
          ],
          [
            -73.9456309,
            40.7893626
          ],
          [
            -73.9456488,
            40.7894389
          ],
          [
            -73.9457003,
            40.7895135
          ],
          [
            -73.9457639,
            40.7895694
          ],
          [
            -73.9457832,
            40.7895865
          ],
          [
            -73.9458985,
            40.7896646
          ],
          [
            -73.9457073,
            40.7899273
          ],
          [
            -73.9455686,
            40.7901179
          ],
          [
            -73.9455892,
            40.7901263
          ],
          [
            -73.9456815,
            40.790193
          ],
          [
            -73.9457859,
            40.7902701
          ],
          [
            -73.9458051,
            40.7902779
          ],
          [
            -73.9457958,
            40.7902946
          ],
          [
            -73.9457676,
            40.7903275
          ],
          [
            -73.9457363,
            40.7903704
          ],
          [
            -73.9457268,
            40.7903838
          ],
          [
            -73.9453502,
            40.7909055
          ],
          [
            -73.9453396,
            40.7909231
          ],
          [
            -73.9453171,
            40.790954
          ],
          [
            -73.9452814,
            40.7910012
          ],
          [
            -73.9452685,
            40.7910081
          ],
          [
            -73.9459718,
            40.7913115
          ],
          [
            -73.9459641,
            40.7913221
          ],
          [
            -73.945792,
            40.7915598
          ],
          [
            -73.945785,
            40.791607
          ],
          [
            -73.9457706,
            40.7916392
          ],
          [
            -73.9456366,
            40.7918241
          ],
          [
            -73.9456231,
            40.7918428
          ],
          [
            -73.9462571,
            40.7921111
          ],
          [
            -73.9463564,
            40.7921545
          ],
          [
            -73.9462871,
            40.7922499
          ],
          [
            -73.9463504,
            40.7923111
          ],
          [
            -73.9463012,
            40.7923827
          ],
          [
            -73.9470828,
            40.7927137
          ],
          [
            -73.9476307,
            40.7929458
          ],
          [
            -73.9472491,
            40.7934656
          ],
          [
            -73.9472141,
            40.7935153
          ],
          [
            -73.9471651,
            40.7935823
          ],
          [
            -73.9472291,
            40.7936079
          ],
          [
            -73.9472715,
            40.7936253
          ],
          [
            -73.94745,
            40.7937005
          ],
          [
            -73.9474882,
            40.7937181
          ],
          [
            -73.9475606,
            40.7937517
          ],
          [
            -73.9476184,
            40.7937919
          ],
          [
            -73.9478762,
            40.7938978
          ],
          [
            -73.9479051,
            40.7939745
          ],
          [
            -73.9477729,
            40.7941534
          ],
          [
            -73.9478527,
            40.7941864
          ],
          [
            -73.9478086,
            40.7942428
          ],
          [
            -73.9479999,
            40.794318
          ],
          [
            -73.9480095,
            40.7943023
          ],
          [
            -73.9481623,
            40.7943622
          ],
          [
            -73.948236,
            40.7943911
          ],
          [
            -73.9482332,
            40.7944128
          ],
          [
            -73.9482327,
            40.7944332
          ],
          [
            -73.9482388,
            40.7944533
          ],
          [
            -73.948252,
            40.7944849
          ],
          [
            -73.9482626,
            40.794492
          ],
          [
            -73.9481452,
            40.7946672
          ],
          [
            -73.9484907,
            40.7948123
          ],
          [
            -73.9484487,
            40.7948669
          ],
          [
            -73.9484031,
            40.7949262
          ],
          [
            -73.9480327,
            40.7954385
          ],
          [
            -73.9479885,
            40.795499
          ],
          [
            -73.9479415,
            40.7955634
          ],
          [
            -73.9476057,
            40.7960233
          ],
          [
            -73.9476252,
            40.7960343
          ],
          [
            -73.9476982,
            40.7960949
          ],
          [
            -73.9477703,
            40.7961547
          ],
          [
            -73.9477939,
            40.796172
          ],
          [
            -73.9477774,
            40.7961879
          ],
          [
            -73.9477559,
            40.7962157
          ],
          [
            -73.9477222,
            40.7962594
          ],
          [
            -73.9477085,
            40.7962773
          ],
          [
            -73.9482679,
            40.796513
          ],
          [
            -73.9487028,
            40.7966963
          ],
          [
            -73.9487327,
            40.7967297
          ],
          [
            -73.9487242,
            40.796762
          ],
          [
            -73.9487195,
            40.7968443
          ],
          [
            -73.94873,
            40.7969114
          ],
          [
            -73.948772,
            40.7970039
          ],
          [
            -73.9488408,
            40.7970663
          ],
          [
            -73.9489152,
            40.797098
          ],
          [
            -73.9487155,
            40.7973804
          ],
          [
            -73.9488396,
            40.7974325
          ],
          [
            -73.9489564,
            40.7974816
          ],
          [
            -73.9489195,
            40.7975328
          ],
          [
            -73.9488762,
            40.7975927
          ],
          [
            -73.9493524,
            40.7977944
          ],
          [
            -73.951801,
            40.7988316
          ],
          [
            -73.9518948,
            40.7988694
          ],
          [
            -73.952045,
            40.7989299
          ],
          [
            -73.9521208,
            40.7989473
          ],
          [
            -73.9521284,
            40.7989636
          ],
          [
            -73.9522765,
            40.7990192
          ],
          [
            -73.952322,
            40.799718
          ],
          [
            -73.9523272,
            40.7997986
          ],
          [
            -73.9523331,
            40.7998768
          ],
          [
            -73.9523624,
            40.8005575
          ],
          [
            -73.9523643,
            40.8005782
          ],
          [
            -73.9523689,
            40.8006283
          ],
          [
            -73.9523743,
            40.8006871
          ],
          [
            -73.9523768,
            40.8007139
          ],
          [
            -73.9524178,
            40.8013996
          ],
          [
            -73.9524178,
            40.8014227
          ],
          [
            -73.9524178,
            40.8014696
          ],
          [
            -73.9524178,
            40.8015276
          ],
          [
            -73.9524178,
            40.8015618
          ],
          [
            -73.9524399,
            40.8019531
          ],
          [
            -73.9524561,
            40.8022382
          ],
          [
            -73.9524569,
            40.8022659
          ],
          [
            -73.9524607,
            40.8023107
          ],
          [
            -73.9524654,
            40.8023661
          ],
          [
            -73.9524666,
            40.802387
          ],
          [
            -73.9524975,
            40.8029285
          ],
          [
            -73.952397,
            40.8030526
          ],
          [
            -73.9524349,
            40.803068
          ],
          [
            -73.9525071,
            40.8030999
          ],
          [
            -73.9526684,
            40.803171
          ],
          [
            -73.9527751,
            40.8032181
          ],
          [
            -73.9527877,
            40.8032233
          ],
          [
            -73.9527801,
            40.8032334
          ],
          [
            -73.9527267,
            40.8033041
          ],
          [
            -73.9526638,
            40.8033872
          ],
          [
            -73.9526472,
            40.8034085
          ],
          [
            -73.9525372,
            40.8035496
          ],
          [
            -73.9525828,
            40.804065
          ],
          [
            -73.9525825,
            40.8040997
          ],
          [
            -73.9525822,
            40.8041343
          ],
          [
            -73.9525813,
            40.8041861
          ],
          [
            -73.9525809,
            40.8042119
          ],
          [
            -73.9526186,
            40.8048998
          ],
          [
            -73.9526245,
            40.804972
          ],
          [
            -73.9526321,
            40.805064
          ],
          [
            -73.9526732,
            40.805739
          ],
          [
            -73.9526685,
            40.8058224
          ],
          [
            -73.9526649,
            40.8058869
          ],
          [
            -73.9527156,
            40.8065885
          ],
          [
            -73.9526649,
            40.8058869
          ],
          [
            -73.9526685,
            40.8058224
          ],
          [
            -73.9526732,
            40.805739
          ],
          [
            -73.9526321,
            40.805064
          ],
          [
            -73.9526245,
            40.804972
          ],
          [
            -73.9526186,
            40.8048998
          ],
          [
            -73.9525809,
            40.8042119
          ],
          [
            -73.9525813,
            40.8041861
          ],
          [
            -73.9525822,
            40.8041343
          ],
          [
            -73.9525825,
            40.8040997
          ],
          [
            -73.9525828,
            40.804065
          ],
          [
            -73.9525372,
            40.8035496
          ],
          [
            -73.9526472,
            40.8034085
          ],
          [
            -73.9526638,
            40.8033872
          ],
          [
            -73.9527267,
            40.8033041
          ],
          [
            -73.9527801,
            40.8032334
          ],
          [
            -73.9527877,
            40.8032233
          ],
          [
            -73.9527751,
            40.8032181
          ],
          [
            -73.9526684,
            40.803171
          ],
          [
            -73.9525071,
            40.8030999
          ],
          [
            -73.9524349,
            40.803068
          ],
          [
            -73.952397,
            40.8030526
          ],
          [
            -73.9524975,
            40.8029285
          ],
          [
            -73.9524666,
            40.802387
          ],
          [
            -73.9524654,
            40.8023661
          ],
          [
            -73.9524607,
            40.8023107
          ],
          [
            -73.9524569,
            40.8022659
          ],
          [
            -73.9524561,
            40.8022382
          ],
          [
            -73.9524399,
            40.8019531
          ],
          [
            -73.9524178,
            40.8015618
          ],
          [
            -73.9524178,
            40.8015276
          ],
          [
            -73.9524178,
            40.8014696
          ],
          [
            -73.9524178,
            40.8014227
          ],
          [
            -73.9524178,
            40.8013996
          ],
          [
            -73.9523768,
            40.8007139
          ],
          [
            -73.9523743,
            40.8006871
          ],
          [
            -73.9523689,
            40.8006283
          ],
          [
            -73.9523643,
            40.8005782
          ],
          [
            -73.9523624,
            40.8005575
          ],
          [
            -73.9523331,
            40.7998768
          ],
          [
            -73.9523272,
            40.7997986
          ],
          [
            -73.952322,
            40.799718
          ],
          [
            -73.9522765,
            40.7990192
          ],
          [
            -73.9521284,
            40.7989636
          ],
          [
            -73.9521208,
            40.7989473
          ],
          [
            -73.952045,
            40.7989299
          ],
          [
            -73.9518948,
            40.7988694
          ],
          [
            -73.951801,
            40.7988316
          ],
          [
            -73.9493524,
            40.7977944
          ],
          [
            -73.9488762,
            40.7975927
          ],
          [
            -73.9489195,
            40.7975328
          ],
          [
            -73.9489564,
            40.7974816
          ],
          [
            -73.9488396,
            40.7974325
          ],
          [
            -73.9487155,
            40.7973804
          ],
          [
            -73.9489152,
            40.797098
          ],
          [
            -73.9488408,
            40.7970663
          ],
          [
            -73.948772,
            40.7970039
          ],
          [
            -73.94873,
            40.7969114
          ],
          [
            -73.9487195,
            40.7968443
          ],
          [
            -73.9487242,
            40.796762
          ],
          [
            -73.9487327,
            40.7967297
          ],
          [
            -73.9487028,
            40.7966963
          ],
          [
            -73.9482679,
            40.796513
          ],
          [
            -73.9477085,
            40.7962773
          ],
          [
            -73.9477222,
            40.7962594
          ],
          [
            -73.9477559,
            40.7962157
          ],
          [
            -73.9477774,
            40.7961879
          ],
          [
            -73.9477939,
            40.796172
          ],
          [
            -73.9477703,
            40.7961547
          ],
          [
            -73.9476982,
            40.7960949
          ],
          [
            -73.9476252,
            40.7960343
          ],
          [
            -73.9476057,
            40.7960233
          ],
          [
            -73.9479415,
            40.7955634
          ],
          [
            -73.9479885,
            40.795499
          ],
          [
            -73.9480327,
            40.7954385
          ],
          [
            -73.9484031,
            40.7949262
          ],
          [
            -73.9484487,
            40.7948669
          ],
          [
            -73.9484907,
            40.7948123
          ],
          [
            -73.9481452,
            40.7946672
          ],
          [
            -73.9482626,
            40.794492
          ],
          [
            -73.948252,
            40.7944849
          ],
          [
            -73.9482388,
            40.7944533
          ],
          [
            -73.9482327,
            40.7944332
          ],
          [
            -73.9482332,
            40.7944128
          ],
          [
            -73.948236,
            40.7943911
          ],
          [
            -73.9481623,
            40.7943622
          ],
          [
            -73.9480095,
            40.7943023
          ],
          [
            -73.9479999,
            40.794318
          ],
          [
            -73.9478086,
            40.7942428
          ],
          [
            -73.9478527,
            40.7941864
          ],
          [
            -73.9477729,
            40.7941534
          ],
          [
            -73.9479051,
            40.7939745
          ],
          [
            -73.9478762,
            40.7938978
          ],
          [
            -73.9476184,
            40.7937919
          ],
          [
            -73.9475606,
            40.7937517
          ],
          [
            -73.9474882,
            40.7937181
          ],
          [
            -73.94745,
            40.7937005
          ],
          [
            -73.9472715,
            40.7936253
          ],
          [
            -73.9472291,
            40.7936079
          ],
          [
            -73.9471651,
            40.7935823
          ],
          [
            -73.9472141,
            40.7935153
          ],
          [
            -73.9472491,
            40.7934656
          ],
          [
            -73.9476307,
            40.7929458
          ],
          [
            -73.9470828,
            40.7927137
          ],
          [
            -73.9463012,
            40.7923827
          ],
          [
            -73.9463504,
            40.7923111
          ],
          [
            -73.9462871,
            40.7922499
          ],
          [
            -73.9463564,
            40.7921545
          ],
          [
            -73.9462571,
            40.7921111
          ],
          [
            -73.9456231,
            40.7918428
          ],
          [
            -73.9456366,
            40.7918241
          ],
          [
            -73.9457706,
            40.7916392
          ],
          [
            -73.945785,
            40.791607
          ],
          [
            -73.945792,
            40.7915598
          ],
          [
            -73.9459641,
            40.7913221
          ],
          [
            -73.9459718,
            40.7913115
          ],
          [
            -73.9452685,
            40.7910081
          ],
          [
            -73.9452814,
            40.7910012
          ],
          [
            -73.9453171,
            40.790954
          ],
          [
            -73.9453396,
            40.7909231
          ],
          [
            -73.9453502,
            40.7909055
          ],
          [
            -73.9457268,
            40.7903838
          ],
          [
            -73.9457363,
            40.7903704
          ],
          [
            -73.9457676,
            40.7903275
          ],
          [
            -73.9457958,
            40.7902946
          ],
          [
            -73.9458051,
            40.7902779
          ],
          [
            -73.9457859,
            40.7902701
          ],
          [
            -73.9456815,
            40.790193
          ],
          [
            -73.9455892,
            40.7901263
          ],
          [
            -73.9455686,
            40.7901179
          ],
          [
            -73.9457073,
            40.7899273
          ],
          [
            -73.9458985,
            40.7896646
          ],
          [
            -73.9457832,
            40.7895865
          ],
          [
            -73.9457639,
            40.7895694
          ],
          [
            -73.9457003,
            40.7895135
          ],
          [
            -73.9456488,
            40.7894389
          ],
          [
            -73.9456309,
            40.7893626
          ],
          [
            -73.9456354,
            40.7892728
          ],
          [
            -73.9456716,
            40.7891332
          ],
          [
            -73.9457128,
            40.7889713
          ],
          [
            -73.9457658,
            40.7887637
          ],
          [
            -73.9457907,
            40.78866
          ],
          [
            -73.9458136,
            40.7885709
          ],
          [
            -73.9458553,
            40.7883802
          ],
          [
            -73.9459051,
            40.7881639
          ],
          [
            -73.9459525,
            40.7879371
          ],
          [
            -73.9459906,
            40.7877797
          ],
          [
            -73.9460208,
            40.7876698
          ],
          [
            -73.9460357,
            40.7876034
          ],
          [
            -73.9460627,
            40.7874834
          ],
          [
            -73.9461287,
            40.7872556
          ],
          [
            -73.9462587,
            40.7867394
          ],
          [
            -73.9463139,
            40.7865301
          ],
          [
            -73.9463343,
            40.7864459
          ],
          [
            -73.9463549,
            40.7863702
          ],
          [
            -73.9464363,
            40.7860652
          ],
          [
            -73.9464492,
            40.7860162
          ],
          [
            -73.9465271,
            40.7857722
          ],
          [
            -73.9465444,
            40.7857057
          ],
          [
            -73.946403,
            40.7856365
          ],
          [
            -73.9463136,
            40.7855673
          ],
          [
            -73.9466591,
            40.7850941
          ],
          [
            -73.9465383,
            40.785022
          ],
          [
            -73.9464467,
            40.7849673
          ],
          [
            -73.9464116,
            40.7849462
          ],
          [
            -73.9464592,
            40.7848834
          ],
          [
            -73.9465039,
            40.7848198
          ],
          [
            -73.9454572,
            40.7843787
          ],
          [
            -73.9447929,
            40.7840986
          ],
          [
            -73.9444119,
            40.7839381
          ]
        ]
      }
    },
    {
      "type": "Feature",
      "properties": {
        "scenario": "HARD - FDR Drive edge, amenity required",
        "shape": "out_and_back",
        "target_miles": 4.0,
        "distance_m": 6388.053062659899,
        "candidate_index": 4
      },
      "geometry": {
        "type": "LineString",
        "coordinates": [
          [
            -73.9444119,
            40.7839381
          ],
          [
            -73.9447929,
            40.7840986
          ],
          [
            -73.9454572,
            40.7843787
          ],
          [
            -73.9465039,
            40.7848198
          ],
          [
            -73.9464592,
            40.7848834
          ],
          [
            -73.9464116,
            40.7849462
          ],
          [
            -73.9464467,
            40.7849673
          ],
          [
            -73.9465383,
            40.785022
          ],
          [
            -73.9466591,
            40.7850941
          ],
          [
            -73.9463136,
            40.7855673
          ],
          [
            -73.946403,
            40.7856365
          ],
          [
            -73.9465444,
            40.7857057
          ],
          [
            -73.9465271,
            40.7857722
          ],
          [
            -73.9464492,
            40.7860162
          ],
          [
            -73.9464363,
            40.7860652
          ],
          [
            -73.9463549,
            40.7863702
          ],
          [
            -73.9463343,
            40.7864459
          ],
          [
            -73.9463139,
            40.7865301
          ],
          [
            -73.9462587,
            40.7867394
          ],
          [
            -73.9461287,
            40.7872556
          ],
          [
            -73.9460627,
            40.7874834
          ],
          [
            -73.9460357,
            40.7876034
          ],
          [
            -73.9460208,
            40.7876698
          ],
          [
            -73.9459906,
            40.7877797
          ],
          [
            -73.9459525,
            40.7879371
          ],
          [
            -73.9459051,
            40.7881639
          ],
          [
            -73.9458553,
            40.7883802
          ],
          [
            -73.9458136,
            40.7885709
          ],
          [
            -73.9457907,
            40.78866
          ],
          [
            -73.9457658,
            40.7887637
          ],
          [
            -73.9457128,
            40.7889713
          ],
          [
            -73.9456716,
            40.7891332
          ],
          [
            -73.9456354,
            40.7892728
          ],
          [
            -73.9456309,
            40.7893626
          ],
          [
            -73.9456488,
            40.7894389
          ],
          [
            -73.9457003,
            40.7895135
          ],
          [
            -73.9457639,
            40.7895694
          ],
          [
            -73.9457832,
            40.7895865
          ],
          [
            -73.9458985,
            40.7896646
          ],
          [
            -73.9457073,
            40.7899273
          ],
          [
            -73.9455686,
            40.7901179
          ],
          [
            -73.9455892,
            40.7901263
          ],
          [
            -73.9456815,
            40.790193
          ],
          [
            -73.9457859,
            40.7902701
          ],
          [
            -73.9458051,
            40.7902779
          ],
          [
            -73.9457958,
            40.7902946
          ],
          [
            -73.9457676,
            40.7903275
          ],
          [
            -73.9457363,
            40.7903704
          ],
          [
            -73.9457268,
            40.7903838
          ],
          [
            -73.9453502,
            40.7909055
          ],
          [
            -73.9453396,
            40.7909231
          ],
          [
            -73.9453171,
            40.790954
          ],
          [
            -73.9452814,
            40.7910012
          ],
          [
            -73.9452685,
            40.7910081
          ],
          [
            -73.9459718,
            40.7913115
          ],
          [
            -73.9459641,
            40.7913221
          ],
          [
            -73.945792,
            40.7915598
          ],
          [
            -73.945785,
            40.791607
          ],
          [
            -73.9457706,
            40.7916392
          ],
          [
            -73.9456366,
            40.7918241
          ],
          [
            -73.9456231,
            40.7918428
          ],
          [
            -73.9462571,
            40.7921111
          ],
          [
            -73.9463564,
            40.7921545
          ],
          [
            -73.9462871,
            40.7922499
          ],
          [
            -73.9463504,
            40.7923111
          ],
          [
            -73.9463012,
            40.7923827
          ],
          [
            -73.9470828,
            40.7927137
          ],
          [
            -73.9476307,
            40.7929458
          ],
          [
            -73.9472491,
            40.7934656
          ],
          [
            -73.9472141,
            40.7935153
          ],
          [
            -73.9471651,
            40.7935823
          ],
          [
            -73.9472291,
            40.7936079
          ],
          [
            -73.9472715,
            40.7936253
          ],
          [
            -73.94745,
            40.7937005
          ],
          [
            -73.9474882,
            40.7937181
          ],
          [
            -73.9475606,
            40.7937517
          ],
          [
            -73.9476184,
            40.7937919
          ],
          [
            -73.9478762,
            40.7938978
          ],
          [
            -73.9479051,
            40.7939745
          ],
          [
            -73.9477729,
            40.7941534
          ],
          [
            -73.9478527,
            40.7941864
          ],
          [
            -73.9478086,
            40.7942428
          ],
          [
            -73.9479999,
            40.794318
          ],
          [
            -73.9480095,
            40.7943023
          ],
          [
            -73.9481623,
            40.7943622
          ],
          [
            -73.948236,
            40.7943911
          ],
          [
            -73.9482332,
            40.7944128
          ],
          [
            -73.9482327,
            40.7944332
          ],
          [
            -73.9482388,
            40.7944533
          ],
          [
            -73.948252,
            40.7944849
          ],
          [
            -73.9482626,
            40.794492
          ],
          [
            -73.9481452,
            40.7946672
          ],
          [
            -73.9484907,
            40.7948123
          ],
          [
            -73.9484487,
            40.7948669
          ],
          [
            -73.9484031,
            40.7949262
          ],
          [
            -73.9480327,
            40.7954385
          ],
          [
            -73.9479885,
            40.795499
          ],
          [
            -73.9479415,
            40.7955634
          ],
          [
            -73.9476057,
            40.7960233
          ],
          [
            -73.9476252,
            40.7960343
          ],
          [
            -73.9476982,
            40.7960949
          ],
          [
            -73.9477703,
            40.7961547
          ],
          [
            -73.9477939,
            40.796172
          ],
          [
            -73.9477774,
            40.7961879
          ],
          [
            -73.9477559,
            40.7962157
          ],
          [
            -73.9477222,
            40.7962594
          ],
          [
            -73.9477085,
            40.7962773
          ],
          [
            -73.9482679,
            40.796513
          ],
          [
            -73.9487028,
            40.7966963
          ],
          [
            -73.9487327,
            40.7967297
          ],
          [
            -73.9487242,
            40.796762
          ],
          [
            -73.9487195,
            40.7968443
          ],
          [
            -73.94873,
            40.7969114
          ],
          [
            -73.948772,
            40.7970039
          ],
          [
            -73.9488408,
            40.7970663
          ],
          [
            -73.9489152,
            40.797098
          ],
          [
            -73.9487155,
            40.7973804
          ],
          [
            -73.9486781,
            40.7974313
          ],
          [
            -73.9486346,
            40.7974904
          ],
          [
            -73.9482559,
            40.7980046
          ],
          [
            -73.9482037,
            40.798077
          ],
          [
            -73.9481356,
            40.7981714
          ],
          [
            -73.9482464,
            40.7982212
          ],
          [
            -73.9483744,
            40.7982788
          ],
          [
            -73.9489037,
            40.7985023
          ],
          [
            -73.9485218,
            40.7990476
          ],
          [
            -73.9487232,
            40.7991339
          ],
          [
            -73.948806,
            40.7994123
          ],
          [
            -73.9490678,
            40.7995476
          ],
          [
            -73.9489351,
            40.7997275
          ],
          [
            -73.949125,
            40.7998077
          ],
          [
            -73.9493691,
            40.7999378
          ],
          [
            -73.9494806,
            40.8002214
          ],
          [
            -73.9497043,
            40.8003161
          ],
          [
            -73.9498259,
            40.8003688
          ],
          [
            -73.9497412,
            40.8004859
          ],
          [
            -73.9497611,
            40.8005265
          ],
          [
            -73.9498855,
            40.800578
          ],
          [
            -73.9503586,
            40.8007736
          ],
          [
            -73.9500929,
            40.8011508
          ],
          [
            -73.9500557,
            40.8012323
          ],
          [
            -73.9500434,
            40.8012493
          ],
          [
            -73.9500178,
            40.8012845
          ],
          [
            -73.9499884,
            40.8013249
          ],
          [
            -73.9499759,
            40.8013421
          ],
          [
            -73.9495748,
            40.8018729
          ],
          [
            -73.9495602,
            40.8018919
          ],
          [
            -73.9495029,
            40.8019666
          ],
          [
            -73.9494539,
            40.8020304
          ],
          [
            -73.9494407,
            40.8020476
          ],
          [
            -73.9490665,
            40.8025767
          ],
          [
            -73.9490252,
            40.8026323
          ],
          [
            -73.9489773,
            40.8026968
          ],
          [
            -73.9486125,
            40.8032089
          ],
          [
            -73.9485715,
            40.8032655
          ],
          [
            -73.9485267,
            40.8033273
          ],
          [
            -73.9481663,
            40.8038378
          ],
          [
            -73.9481201,
            40.8038983
          ],
          [
            -73.9480794,
            40.8039516
          ],
          [
            -73.9481645,
            40.8039889
          ],
          [
            -73.9483105,
            40.8040527
          ],
          [
            -73.9479364,
            40.8045663
          ],
          [
            -73.9478956,
            40.8046223
          ],
          [
            -73.947857,
            40.8046755
          ],
          [
            -73.9477222,
            40.8048609
          ],
          [
            -73.9474758,
            40.8051997
          ],
          [
            -73.9474392,
            40.8052502
          ],
          [
            -73.9473953,
            40.8053104
          ],
          [
            -73.947178,
            40.8056052
          ],
          [
            -73.9470176,
            40.8058231
          ],
          [
            -73.9470689,
            40.8058452
          ],
          [
            -73.9470979,
            40.805862
          ],
          [
            -73.9470689,
            40.8058452
          ],
          [
            -73.9470176,
            40.8058231
          ],
          [
            -73.947178,
            40.8056052
          ],
          [
            -73.9473953,
            40.8053104
          ],
          [
            -73.9474392,
            40.8052502
          ],
          [
            -73.9474758,
            40.8051997
          ],
          [
            -73.9477222,
            40.8048609
          ],
          [
            -73.947857,
            40.8046755
          ],
          [
            -73.9478956,
            40.8046223
          ],
          [
            -73.9479364,
            40.8045663
          ],
          [
            -73.9483105,
            40.8040527
          ],
          [
            -73.9481645,
            40.8039889
          ],
          [
            -73.9480794,
            40.8039516
          ],
          [
            -73.9481201,
            40.8038983
          ],
          [
            -73.9481663,
            40.8038378
          ],
          [
            -73.9485267,
            40.8033273
          ],
          [
            -73.9485715,
            40.8032655
          ],
          [
            -73.9486125,
            40.8032089
          ],
          [
            -73.9489773,
            40.8026968
          ],
          [
            -73.9490252,
            40.8026323
          ],
          [
            -73.9490665,
            40.8025767
          ],
          [
            -73.9494407,
            40.8020476
          ],
          [
            -73.9494539,
            40.8020304
          ],
          [
            -73.9495029,
            40.8019666
          ],
          [
            -73.9495602,
            40.8018919
          ],
          [
            -73.9495748,
            40.8018729
          ],
          [
            -73.9499759,
            40.8013421
          ],
          [
            -73.9499884,
            40.8013249
          ],
          [
            -73.9500178,
            40.8012845
          ],
          [
            -73.9500434,
            40.8012493
          ],
          [
            -73.9500557,
            40.8012323
          ],
          [
            -73.9500929,
            40.8011508
          ],
          [
            -73.9503586,
            40.8007736
          ],
          [
            -73.9498855,
            40.800578
          ],
          [
            -73.9497611,
            40.8005265
          ],
          [
            -73.9497412,
            40.8004859
          ],
          [
            -73.9498259,
            40.8003688
          ],
          [
            -73.9497043,
            40.8003161
          ],
          [
            -73.9494806,
            40.8002214
          ],
          [
            -73.9493691,
            40.7999378
          ],
          [
            -73.949125,
            40.7998077
          ],
          [
            -73.9489351,
            40.7997275
          ],
          [
            -73.9490678,
            40.7995476
          ],
          [
            -73.948806,
            40.7994123
          ],
          [
            -73.9487232,
            40.7991339
          ],
          [
            -73.9485218,
            40.7990476
          ],
          [
            -73.9489037,
            40.7985023
          ],
          [
            -73.9483744,
            40.7982788
          ],
          [
            -73.9482464,
            40.7982212
          ],
          [
            -73.9481356,
            40.7981714
          ],
          [
            -73.9482037,
            40.798077
          ],
          [
            -73.9482559,
            40.7980046
          ],
          [
            -73.9486346,
            40.7974904
          ],
          [
            -73.9486781,
            40.7974313
          ],
          [
            -73.9487155,
            40.7973804
          ],
          [
            -73.9489152,
            40.797098
          ],
          [
            -73.9488408,
            40.7970663
          ],
          [
            -73.948772,
            40.7970039
          ],
          [
            -73.94873,
            40.7969114
          ],
          [
            -73.9487195,
            40.7968443
          ],
          [
            -73.9487242,
            40.796762
          ],
          [
            -73.9487327,
            40.7967297
          ],
          [
            -73.9487028,
            40.7966963
          ],
          [
            -73.9482679,
            40.796513
          ],
          [
            -73.9477085,
            40.7962773
          ],
          [
            -73.9477222,
            40.7962594
          ],
          [
            -73.9477559,
            40.7962157
          ],
          [
            -73.9477774,
            40.7961879
          ],
          [
            -73.9477939,
            40.796172
          ],
          [
            -73.9477703,
            40.7961547
          ],
          [
            -73.9476982,
            40.7960949
          ],
          [
            -73.9476252,
            40.7960343
          ],
          [
            -73.9476057,
            40.7960233
          ],
          [
            -73.9479415,
            40.7955634
          ],
          [
            -73.9479885,
            40.795499
          ],
          [
            -73.9480327,
            40.7954385
          ],
          [
            -73.9484031,
            40.7949262
          ],
          [
            -73.9484487,
            40.7948669
          ],
          [
            -73.9484907,
            40.7948123
          ],
          [
            -73.9481452,
            40.7946672
          ],
          [
            -73.9482626,
            40.794492
          ],
          [
            -73.948252,
            40.7944849
          ],
          [
            -73.9482388,
            40.7944533
          ],
          [
            -73.9482327,
            40.7944332
          ],
          [
            -73.9482332,
            40.7944128
          ],
          [
            -73.948236,
            40.7943911
          ],
          [
            -73.9481623,
            40.7943622
          ],
          [
            -73.9480095,
            40.7943023
          ],
          [
            -73.9479999,
            40.794318
          ],
          [
            -73.9478086,
            40.7942428
          ],
          [
            -73.9478527,
            40.7941864
          ],
          [
            -73.9477729,
            40.7941534
          ],
          [
            -73.9479051,
            40.7939745
          ],
          [
            -73.9478762,
            40.7938978
          ],
          [
            -73.9476184,
            40.7937919
          ],
          [
            -73.9475606,
            40.7937517
          ],
          [
            -73.9474882,
            40.7937181
          ],
          [
            -73.94745,
            40.7937005
          ],
          [
            -73.9472715,
            40.7936253
          ],
          [
            -73.9472291,
            40.7936079
          ],
          [
            -73.9471651,
            40.7935823
          ],
          [
            -73.9472141,
            40.7935153
          ],
          [
            -73.9472491,
            40.7934656
          ],
          [
            -73.9476307,
            40.7929458
          ],
          [
            -73.9470828,
            40.7927137
          ],
          [
            -73.9463012,
            40.7923827
          ],
          [
            -73.9463504,
            40.7923111
          ],
          [
            -73.9462871,
            40.7922499
          ],
          [
            -73.9463564,
            40.7921545
          ],
          [
            -73.9462571,
            40.7921111
          ],
          [
            -73.9456231,
            40.7918428
          ],
          [
            -73.9456366,
            40.7918241
          ],
          [
            -73.9457706,
            40.7916392
          ],
          [
            -73.945785,
            40.791607
          ],
          [
            -73.945792,
            40.7915598
          ],
          [
            -73.9459641,
            40.7913221
          ],
          [
            -73.9459718,
            40.7913115
          ],
          [
            -73.9452685,
            40.7910081
          ],
          [
            -73.9452814,
            40.7910012
          ],
          [
            -73.9453171,
            40.790954
          ],
          [
            -73.9453396,
            40.7909231
          ],
          [
            -73.9453502,
            40.7909055
          ],
          [
            -73.9457268,
            40.7903838
          ],
          [
            -73.9457363,
            40.7903704
          ],
          [
            -73.9457676,
            40.7903275
          ],
          [
            -73.9457958,
            40.7902946
          ],
          [
            -73.9458051,
            40.7902779
          ],
          [
            -73.9457859,
            40.7902701
          ],
          [
            -73.9456815,
            40.790193
          ],
          [
            -73.9455892,
            40.7901263
          ],
          [
            -73.9455686,
            40.7901179
          ],
          [
            -73.9457073,
            40.7899273
          ],
          [
            -73.9458985,
            40.7896646
          ],
          [
            -73.9457832,
            40.7895865
          ],
          [
            -73.9457639,
            40.7895694
          ],
          [
            -73.9457003,
            40.7895135
          ],
          [
            -73.9456488,
            40.7894389
          ],
          [
            -73.9456309,
            40.7893626
          ],
          [
            -73.9456354,
            40.7892728
          ],
          [
            -73.9456716,
            40.7891332
          ],
          [
            -73.9457128,
            40.7889713
          ],
          [
            -73.9457658,
            40.7887637
          ],
          [
            -73.9457907,
            40.78866
          ],
          [
            -73.9458136,
            40.7885709
          ],
          [
            -73.9458553,
            40.7883802
          ],
          [
            -73.9459051,
            40.7881639
          ],
          [
            -73.9459525,
            40.7879371
          ],
          [
            -73.9459906,
            40.7877797
          ],
          [
            -73.9460208,
            40.7876698
          ],
          [
            -73.9460357,
            40.7876034
          ],
          [
            -73.9460627,
            40.7874834
          ],
          [
            -73.9461287,
            40.7872556
          ],
          [
            -73.9462587,
            40.7867394
          ],
          [
            -73.9463139,
            40.7865301
          ],
          [
            -73.9463343,
            40.7864459
          ],
          [
            -73.9463549,
            40.7863702
          ],
          [
            -73.9464363,
            40.7860652
          ],
          [
            -73.9464492,
            40.7860162
          ],
          [
            -73.9465271,
            40.7857722
          ],
          [
            -73.9465444,
            40.7857057
          ],
          [
            -73.946403,
            40.7856365
          ],
          [
            -73.9463136,
            40.7855673
          ],
          [
            -73.9466591,
            40.7850941
          ],
          [
            -73.9465383,
            40.785022
          ],
          [
            -73.9464467,
            40.7849673
          ],
          [
            -73.9464116,
            40.7849462
          ],
          [
            -73.9464592,
            40.7848834
          ],
          [
            -73.9465039,
            40.7848198
          ],
          [
            -73.9454572,
            40.7843787
          ],
          [
            -73.9447929,
            40.7840986
          ],
          [
            -73.9444119,
            40.7839381
          ]
        ]
      }
    }
  ]
}
