{
  "type": "FeatureCollection",
  "features": [
    {
      "type": "Feature",
      "properties": {
        "scenario": "HARD - West Side Highway edge, huge target",
        "shape": "mix",
        "target_miles": 10.0,
        "distance_m": 16009.203037935842,
        "candidate_index": 0
      },
      "geometry": {
        "type": "LineString",
        "coordinates": [
          [
            -73.9959848,
            40.7704752
          ],
          [
            -73.9959341,
            40.770542
          ],
          [
            -73.9958812,
            40.7705524
          ],
          [
            -73.995855,
            40.7705413
          ],
          [
            -73.9958455,
            40.7705364
          ],
          [
            -73.9958525,
            40.7705296
          ],
          [
            -73.9958656,
            40.7705188
          ],
          [
            -73.9958824,
            40.7705091
          ],
          [
            -73.995901,
            40.7705011
          ],
          [
            -73.9959209,
            40.7704937
          ],
          [
            -73.9959348,
            40.7704841
          ],
          [
            -73.9959447,
            40.7704739
          ],
          [
            -73.9959538,
            40.7704646
          ],
          [
            -73.9959568,
            40.7704598
          ],
          [
            -73.9959429,
            40.770454
          ],
          [
            -73.9958718,
            40.7704238
          ],
          [
            -73.9958375,
            40.7704103
          ],
          [
            -73.9958797,
            40.7703567
          ],
          [
            -73.9958599,
            40.7702952
          ],
          [
            -73.9958424,
            40.7702519
          ],
          [
            -73.9958177,
            40.7701987
          ],
          [
            -73.9957937,
            40.7701613
          ],
          [
            -73.9957622,
            40.7701275
          ],
          [
            -73.9957293,
            40.7700989
          ],
          [
            -73.9956734,
            40.7700678
          ],
          [
            -73.9956025,
            40.7700453
          ],
          [
            -73.9955391,
            40.7700373
          ],
          [
            -73.9954722,
            40.7700344
          ],
          [
            -73.9954086,
            40.7700362
          ],
          [
            -73.9953548,
            40.770044
          ],
          [
            -73.9953146,
            40.7700597
          ],
          [
            -73.9952515,
            40.7700943
          ],
          [
            -73.9951988,
            40.7701288
          ],
          [
            -73.9951653,
            40.7701652
          ],
          [
            -73.995083,
            40.7701438
          ],
          [
            -73.9950641,
            40.7701412
          ],
          [
            -73.995029,
            40.7701388
          ],
          [
            -73.9949939,
            40.7701363
          ],
          [
            -73.9949359,
            40.7701315
          ],
          [
            -73.9949438,
            40.7700919
          ],
          [
            -73.9949614,
            40.770006
          ],
          [
            -73.9949854,
            40.7699223
          ],
          [
            -73.9950176,
            40.7698483
          ],
          [
            -73.9950878,
            40.76969
          ],
          [
            -73.9951629,
            40.7696237
          ],
          [
            -73.995221,
            40.7695488
          ],
          [
            -73.9952663,
            40.7695034
          ],
          [
            -73.9953687,
            40.7693567
          ],
          [
            -73.9954188,
            40.7692842
          ],
          [
            -73.995766,
            40.7687953
          ],
          [
            -73.9958389,
            40.7687036
          ],
          [
            -73.9960198,
            40.7684761
          ],
          [
            -73.9980433,
            40.7656679
          ],
          [
            -73.9982592,
            40.7653759
          ],
          [
            -73.9984258,
            40.7651529
          ],
          [
            -73.9988708,
            40.7645326
          ],
          [
            -73.9988876,
            40.7645097
          ],
          [
            -73.9988992,
            40.764493
          ],
          [
            -73.998906,
            40.7644744
          ],
          [
            -73.9989057,
            40.7644554
          ],
          [
            -73.9989004,
            40.7644409
          ],
          [
            -73.9989526,
            40.7644128
          ],
          [
            -73.9990064,
            40.7643388
          ],
          [
            -73.9991028,
            40.764208
          ],
          [
            -73.9991882,
            40.7640965
          ],
          [
            -73.9995303,
            40.7636496
          ],
          [
            -73.9996483,
            40.7635013
          ],
          [
            -73.9998807,
            40.7633553
          ],
          [
            -74.0001055,
            40.763214
          ],
          [
            -74.0000513,
            40.7631754
          ],
          [
            -74.0000319,
            40.7631615
          ],
          [
            -74.0000107,
            40.7631458
          ],
          [
            -73.999975,
            40.7631136
          ],
          [
            -73.9998936,
            40.7630793
          ],
          [
            -73.9998149,
            40.763042
          ],
          [
            -73.9997975,
            40.7630337
          ],
          [
            -73.999704,
            40.76299
          ],
          [
            -73.999627,
            40.762954
          ],
          [
            -73.9995959,
            40.7629406
          ],
          [
            -74.0000963,
            40.7625613
          ],
          [
            -74.0001234,
            40.7625379
          ],
          [
            -74.0001649,
            40.7625034
          ],
          [
            -74.0002409,
            40.7624535
          ],
          [
            -74.0007931,
            40.7620361
          ],
          [
            -74.0008232,
            40.7620047
          ],
          [
            -74.0009244,
            40.7619288
          ],
          [
            -74.0010164,
            40.7618558
          ],
          [
            -74.0010403,
            40.7618094
          ],
          [
            -74.001447,
            40.7613552
          ],
          [
            -74.0014551,
            40.7613459
          ],
          [
            -74.0015034,
            40.7612917
          ],
          [
            -74.0015274,
            40.7612565
          ],
          [
            -74.0019068,
            40.7607441
          ],
          [
            -74.0019116,
            40.7607329
          ],
          [
            -74.0019445,
            40.7606965
          ],
          [
            -74.0019965,
            40.7606298
          ],
          [
            -74.0020031,
            40.7606202
          ],
          [
            -74.0024899,
            40.7599463
          ],
          [
            -74.0045344,
            40.7571385
          ],
          [
            -74.0045425,
            40.757118
          ],
          [
            -74.0045558,
            40.7570819
          ],
          [
            -74.0045687,
            40.7570497
          ],
          [
            -74.0045805,
            40.7570315
          ],
          [
            -74.0046117,
            40.7569889
          ],
          [
            -74.0046674,
            40.7569153
          ],
          [
            -74.0047197,
            40.7568462
          ],
          [
            -74.0047363,
            40.7568253
          ],
          [
            -74.0047476,
            40.7568265
          ],
          [
            -74.0047593,
            40.7568228
          ],
          [
            -74.0047673,
            40.7568151
          ],
          [
            -74.0047757,
            40.7568052
          ],
          [
            -74.0051283,
            40.7563133
          ],
          [
            -74.0051364,
            40.7563021
          ],
          [
            -74.0051697,
            40.7562562
          ],
          [
            -74.0052,
            40.7562145
          ],
          [
            -74.0052095,
            40.7562014
          ],
          [
            -74.0060882,
            40.7549894
          ],
          [
            -74.0061901,
            40.7548487
          ],
          [
            -74.0062599,
            40.7547528
          ],
          [
            -74.0064749,
            40.7544652
          ],
          [
            -74.0064891,
            40.7544472
          ],
          [
            -74.0065149,
            40.7544158
          ],
          [
            -74.006558,
            40.7543635
          ],
          [
            -74.0065694,
            40.7543507
          ],
          [
            -74.0065995,
            40.7543169
          ],
          [
            -74.0068044,
            40.7540174
          ],
          [
            -74.0068658,
            40.7538689
          ],
          [
            -74.0068869,
            40.7538173
          ],
          [
            -74.0068994,
            40.7537844
          ],
          [
            -74.006906,
            40.7537668
          ],
          [
            -74.0069308,
            40.7536933
          ],
          [
            -74.0069588,
            40.7536556
          ],
          [
            -74.007146,
            40.7531293
          ],
          [
            -74.0071768,
            40.7530649
          ],
          [
            -74.0072019,
            40.7530057
          ],
          [
            -74.0074252,
            40.7524304
          ],
          [
            -74.0074503,
            40.7523663
          ],
          [
            -74.0074775,
            40.752297
          ],
          [
            -74.0076703,
            40.7517318
          ],
          [
            -74.0076901,
            40.75168
          ],
          [
            -74.0077206,
            40.7516
          ],
          [
            -74.0077393,
            40.7515723
          ],
          [
            -74.0077483,
            40.7515328
          ],
          [
            -74.0079311,
            40.7510511
          ],
          [
            -74.0081216,
            40.7505536
          ],
          [
            -74.0082009,
            40.7503374
          ],
          [
            -74.008197,
            40.7503208
          ],
          [
            -74.0081705,
            40.7502088
          ],
          [
            -74.0081457,
            40.7501038
          ],
          [
            -74.0081407,
            40.7500825
          ],
          [
            -74.0081937,
            40.7500564
          ],
          [
            -74.0082762,
            40.7500477
          ],
          [
            -74.0082644,
            40.7499968
          ],
          [
            -74.008247,
            40.7499232
          ],
          [
            -74.0082241,
            40.7498429
          ],
          [
            -74.0081981,
            40.7497665
          ],
          [
            -74.0081727,
            40.7497034
          ],
          [
            -74.0081442,
            40.7496399
          ],
          [
            -74.008112,
            40.7495772
          ],
          [
            -74.0079425,
            40.7492691
          ],
          [
            -74.0079013,
            40.7492004
          ],
          [
            -74.0078503,
            40.7491032
          ],
          [
            -74.0078144,
            40.7490334
          ],
          [
            -74.007776,
            40.7489568
          ],
          [
            -74.0077485,
            40.7488933
          ],
          [
            -74.0077235,
            40.7488304
          ],
          [
            -74.0077055,
            40.7487787
          ],
          [
            -74.0076825,
            40.7486964
          ],
          [
            -74.00778,
            40.7486488
          ],
          [
            -74.0078223,
            40.7486301
          ],
          [
            -74.0078547,
            40.74862
          ],
          [
            -74.0078419,
            40.7485591
          ],
          [
            -74.0078314,
            40.7484971
          ],
          [
            -74.0078249,
            40.7484266
          ],
          [
            -74.0078213,
            40.7483583
          ],
          [
            -74.0078202,
            40.74829
          ],
          [
            -74.0078206,
            40.7482277
          ],
          [
            -74.0078223,
            40.7481553
          ],
          [
            -74.007828,
            40.748087
          ],
          [
            -74.0078415,
            40.7479993
          ],
          [
            -74.0080148,
            40.7470819
          ],
          [
            -74.0080441,
            40.7469283
          ],
          [
            -74.0080489,
            40.7469022
          ],
          [
            -74.0082219,
            40.7459535
          ],
          [
            -74.0082416,
            40.7458455
          ],
          [
            -74.0082607,
            40.7457414
          ],
          [
            -74.0083054,
            40.7454644
          ],
          [
            -74.0081345,
            40.7453904
          ],
          [
            -74.0081602,
            40.7452542
          ],
          [
            -74.0081686,
            40.7452094
          ],
          [
            -74.0081928,
            40.745081
          ],
          [
            -74.0082636,
            40.7446911
          ],
          [
            -74.0082819,
            40.7445922
          ],
          [
            -74.0082935,
            40.7445268
          ],
          [
            -74.0083937,
            40.7439767
          ],
          [
            -74.0084087,
            40.7438876
          ],
          [
            -74.0085153,
            40.7433149
          ],
          [
            -74.0085446,
            40.7431598
          ],
          [
            -74.0085672,
            40.7430422
          ],
          [
            -74.0085783,
            40.7429878
          ],
          [
            -74.008605,
            40.7428568
          ],
          [
            -74.0086913,
            40.7424705
          ],
          [
            -74.0087078,
            40.7423282
          ],
          [
            -74.0087268,
            40.7422001
          ],
          [
            -74.0087381,
            40.7421542
          ],
          [
            -74.0088229,
            40.7418214
          ],
          [
            -74.0088735,
            40.7416144
          ],
          [
            -74.0089072,
            40.7414863
          ],
          [
            -74.0088219,
            40.7414743
          ],
          [
            -74.0087863,
            40.7414689
          ],
          [
            -74.0088103,
            40.7414215
          ],
          [
            -74.0087935,
            40.7414157
          ],
          [
            -74.008745,
            40.7414003
          ],
          [
            -74.0087003,
            40.7413862
          ],
          [
            -74.0086355,
            40.7413627
          ],
          [
            -74.0086153,
            40.7413559
          ],
          [
            -74.0087315,
            40.7411261
          ],
          [
            -74.0088433,
            40.7407589
          ],
          [
            -74.0088505,
            40.7407327
          ],
          [
            -74.0088565,
            40.7406876
          ],
          [
            -74.0088704,
            40.7406459
          ],
          [
            -74.0088718,
            40.7406162
          ],
          [
            -74.0089702,
            40.7401587
          ],
          [
            -74.0092089,
            40.7398844
          ],
          [
            -74.009335,
            40.7398051
          ],
          [
            -74.0095101,
            40.7395372
          ],
          [
            -74.0095027,
            40.7394312
          ],
          [
            -74.0095038,
            40.7394105
          ],
          [
            -74.0095053,
            40.739365
          ],
          [
            -74.0095062,
            40.7393473
          ],
          [
            -74.0095072,
            40.7393239
          ],
          [
            -74.0095072,
            40.739303
          ],
          [
            -74.0095164,
            40.7392072
          ],
          [
            -74.0095471,
            40.7388886
          ],
          [
            -74.0095934,
            40.7388328
          ],
          [
            -74.0095623,
            40.738755
          ],
          [
            -74.0095478,
            40.7387187
          ],
          [
            -74.0095868,
            40.7382042
          ],
          [
            -74.0096005,
            40.738187
          ],
          [
            -74.0096179,
            40.7381571
          ],
          [
            -74.0096433,
            40.7381186
          ],
          [
            -74.0096502,
            40.7381115
          ],
          [
            -74.0096541,
            40.7381023
          ],
          [
            -74.0096619,
            40.7376377
          ],
          [
            -74.009665,
            40.7375667
          ],
          [
            -74.0096684,
            40.7374881
          ],
          [
            -74.0096934,
            40.7370237
          ],
          [
            -74.0096973,
            40.7369773
          ],
          [
            -74.0097028,
            40.7369125
          ],
          [
            -74.0097728,
            40.7360722
          ],
          [
            -74.0097789,
            40.7360068
          ],
          [
            -74.0097838,
            40.7359305
          ],
          [
            -74.0098314,
            40.7353895
          ],
          [
            -74.0098404,
            40.7353181
          ],
          [
            -74.0098477,
            40.7352295
          ],
          [
            -74.0098918,
            40.7346459
          ],
          [
            -74.0098973,
            40.734592
          ],
          [
            -74.0099031,
            40.7345179
          ],
          [
            -74.0099319,
            40.7342408
          ],
          [
            -74.0099621,
            40.7339538
          ],
          [
            -74.0099681,
            40.7338723
          ],
          [
            -74.0099733,
            40.7338013
          ],
          [
            -74.0100293,
            40.7332334
          ],
          [
            -74.010034,
            40.7331598
          ],
          [
            -74.0100367,
            40.7331171
          ],
          [
            -74.0100847,
            40.7325687
          ],
          [
            -74.0100954,
            40.7324328
          ],
          [
            -74.0101071,
            40.7322992
          ],
          [
            -74.0101275,
            40.7320749
          ],
          [
            -74.010134,
            40.7320086
          ],
          [
            -74.0101406,
            40.7319407
          ],
          [
            -74.0101881,
            40.7315206
          ],
          [
            -74.010202,
            40.7313685
          ],
          [
            -74.0102108,
            40.7312875
          ],
          [
            -74.0102167,
            40.7311926
          ],
          [
            -74.0102713,
            40.7306357
          ],
          [
            -74.0102789,
            40.7305563
          ],
          [
            -74.010286,
            40.7304793
          ],
          [
            -74.0103397,
            40.7298921
          ],
          [
            -74.0103484,
            40.7298199
          ],
          [
            -74.0103545,
            40.7297548
          ],
          [
            -74.0103584,
            40.7297183
          ],
          [
            -74.0104154,
            40.7292063
          ],
          [
            -74.01042,
            40.7291613
          ],
          [
            -74.0104267,
            40.7290892
          ],
          [
            -74.0104357,
            40.7290077
          ],
          [
            -74.0105338,
            40.7279732
          ],
          [
            -74.0106982,
            40.7262416
          ],
          [
            -74.0107116,
            40.7261603
          ],
          [
            -74.0107271,
            40.7260665
          ],
          [
            -74.0107621,
            40.7258809
          ],
          [
            -74.010128,
            40.7254134
          ],
          [
            -74.0101053,
            40.7253968
          ],
          [
            -74.0100474,
            40.7253678
          ],
          [
            -74.0099461,
            40.7253172
          ],
          [
            -74.0099267,
            40.7252931
          ],
          [
            -74.0093914,
            40.7249232
          ],
          [
            -74.0093872,
            40.7249082
          ],
          [
            -74.0092881,
            40.7248417
          ],
          [
            -74.0092214,
            40.7247969
          ],
          [
            -74.009201,
            40.7247825
          ],
          [
            -74.0087036,
            40.7244244
          ],
          [
            -74.0086815,
            40.7244088
          ],
          [
            -74.0086281,
            40.7243705
          ],
          [
            -74.0085796,
            40.7243357
          ],
          [
            -74.0085641,
            40.7243238
          ],
          [
            -74.0082167,
            40.7240655
          ],
          [
            -74.00807,
            40.7239604
          ],
          [
            -74.0080444,
            40.7239444
          ],
          [
            -74.0080217,
            40.7239342
          ],
          [
            -74.0079974,
            40.7239238
          ],
          [
            -74.0079811,
            40.7239091
          ],
          [
            -74.0079132,
            40.7238482
          ],
          [
            -74.0078688,
            40.7238083
          ],
          [
            -74.0078181,
            40.7237627
          ],
          [
            -74.0077698,
            40.7237279
          ],
          [
            -74.0076867,
            40.7236678
          ],
          [
            -74.0076738,
            40.7236584
          ],
          [
            -74.0076213,
            40.7236325
          ],
          [
            -74.0075308,
            40.7235878
          ],
          [
            -74.0075171,
            40.7235896
          ],
          [
            -74.0066738,
            40.722974
          ],
          [
            -74.0064671,
            40.722827
          ],
          [
            -74.0064289,
            40.7228073
          ],
          [
            -74.0064044,
            40.7227901
          ],
          [
            -74.0062965,
            40.7226999
          ],
          [
            -74.0062077,
            40.7226325
          ],
          [
            -74.006184,
            40.722616
          ],
          [
            -74.0059496,
            40.7224532
          ],
          [
            -74.0058612,
            40.7223918
          ],
          [
            -74.0058203,
            40.7223643
          ],
          [
            -74.0057912,
            40.7223441
          ],
          [
            -74.0057084,
            40.7222853
          ],
          [
            -74.0056041,
            40.7222117
          ],
          [
            -74.0055298,
            40.7221592
          ],
          [
            -74.005535,
            40.7221276
          ],
          [
            -74.0055222,
            40.7219973
          ],
          [
            -74.0055148,
            40.7219216
          ],
          [
            -74.0055077,
            40.7218487
          ],
          [
            -74.0054916,
            40.7218073
          ],
          [
            -74.0054809,
            40.7217841
          ],
          [
            -74.0054656,
            40.7217258
          ],
          [
            -74.0054509,
            40.7216697
          ],
          [
            -74.0054497,
            40.7216425
          ],
          [
            -74.0053888,
            40.7211025
          ],
          [
            -74.005388,
            40.7210897
          ],
          [
            -74.0053859,
            40.7210442
          ],
          [
            -74.0053841,
            40.7210049
          ],
          [
            -74.0053836,
            40.7209893
          ],
          [
            -74.0053743,
            40.7207327
          ],
          [
            -74.0053709,
            40.7206262
          ],
          [
            -74.005398,
            40.7205898
          ],
          [
            -74.0053776,
            40.7205562
          ],
          [
            -74.0053427,
            40.7205037
          ],
          [
            -74.0053104,
            40.720455
          ],
          [
            -74.0052919,
            40.7204516
          ],
          [
            -74.0052787,
            40.7202769
          ],
          [
            -74.0052788,
            40.7202345
          ],
          [
            -74.0052959,
            40.7200578
          ],
          [
            -74.0052986,
            40.7200415
          ],
          [
            -74.0053033,
            40.7200254
          ],
          [
            -74.0053193,
            40.7199862
          ],
          [
            -74.0053252,
            40.7199711
          ],
          [
            -74.005318,
            40.7199165
          ],
          [
            -74.0053086,
            40.7198446
          ],
          [
            -74.0053339,
            40.719837
          ],
          [
            -74.005316,
            40.7194097
          ],
          [
            -74.0053081,
            40.7191333
          ],
          [
            -74.0052946,
            40.7191257
          ],
          [
            -74.0052869,
            40.7190668
          ],
          [
            -74.0052802,
            40.7190172
          ],
          [
            -74.0053035,
            40.7189987
          ],
          [
            -74.0053395,
            40.7187312
          ],
          [
            -74.0053613,
            40.718643
          ],
          [
            -74.0054361,
            40.7183917
          ],
          [
            -74.0054136,
            40.7183818
          ],
          [
            -74.0054378,
            40.7183264
          ],
          [
            -74.0054579,
            40.7182803
          ],
          [
            -74.0054366,
            40.7182717
          ],
          [
            -74.0053797,
            40.7182487
          ],
          [
            -74.0053016,
            40.7182142
          ],
          [
            -74.0052418,
            40.7181889
          ],
          [
            -74.0052346,
            40.7181728
          ],
          [
            -74.0036615,
            40.717457
          ],
          [
            -74.0035645,
            40.717412
          ],
          [
            -74.003473,
            40.7173695
          ],
          [
            -74.0028467,
            40.7170556
          ],
          [
            -74.0022405,
            40.7167491
          ],
          [
            -74.002211,
            40.7167509
          ],
          [
            -74.0021203,
            40.7167054
          ],
          [
            -74.0020544,
            40.7166707
          ],
          [
            -74.002036,
            40.716661
          ],
          [
            -74.0020081,
            40.7166464
          ],
          [
            -74.0019943,
            40.7166421
          ],
          [
            -74.0019779,
            40.7166385
          ],
          [
            -74.0019648,
            40.7166338
          ],
          [
            -74.0019547,
            40.7166232
          ],
          [
            -74.0019492,
            40.7166077
          ],
          [
            -74.001947,
            40.7165944
          ],
          [
            -74.0019469,
            40.7165694
          ],
          [
            -74.0019475,
            40.7165401
          ],
          [
            -74.0019502,
            40.7165051
          ],
          [
            -74.0019552,
            40.7164734
          ],
          [
            -74.0019572,
            40.7164392
          ],
          [
            -74.001956,
            40.7164109
          ],
          [
            -74.0019489,
            40.7163821
          ],
          [
            -74.001932,
            40.7163486
          ],
          [
            -74.0019176,
            40.716328
          ],
          [
            -74.0019012,
            40.7163088
          ],
          [
            -74.0018728,
            40.7162811
          ],
          [
            -74.0018468,
            40.7162598
          ],
          [
            -74.0018231,
            40.7162448
          ],
          [
            -74.0017814,
            40.7162219
          ],
          [
            -74.001742,
            40.7162045
          ],
          [
            -74.0017592,
            40.7161837
          ],
          [
            -74.0017665,
            40.7161541
          ],
          [
            -74.0017693,
            40.7161219
          ],
          [
            -74.0017616,
            40.7160778
          ],
          [
            -74.0017449,
            40.7160379
          ],
          [
            -74.0017293,
            40.7160014
          ],
          [
            -74.0016932,
            40.7159178
          ],
          [
            -74.0017366,
            40.7158583
          ],
          [
            -74.0017017,
            40.7158391
          ],
          [
            -74.0016358,
            40.715801
          ],
          [
            -74.0015824,
            40.7157725
          ],
          [
            -74.0015631,
            40.7157511
          ],
          [
            -74.0010909,
            40.7155145
          ],
          [
            -74.0008322,
            40.7153868
          ],
          [
            -74.0008097,
            40.7153747
          ],
          [
            -74.000749,
            40.7153448
          ],
          [
            -74.0006972,
            40.7153192
          ],
          [
            -74.0006802,
            40.7153117
          ],
          [
            -74.0006781,
            40.7153015
          ],
          [
            -74.0006709,
            40.7152916
          ],
          [
            -74.000456,
            40.715184
          ],
          [
            -74.0004176,
            40.7147797
          ],
          [
            -74.000399,
            40.7145161
          ],
          [
            -74.0003971,
            40.7144944
          ],
          [
            -74.0003953,
            40.7144738
          ],
          [
            -74.0003902,
            40.7144163
          ],
          [
            -74.0003693,
            40.7144063
          ],
          [
            -74.0003802,
            40.7143915
          ],
          [
            -74.0004221,
            40.7143542
          ],
          [
            -74.0004638,
            40.7143171
          ],
          [
            -74.0004787,
            40.7143006
          ],
          [
            -74.0003815,
            40.7142469
          ],
          [
            -74.0002857,
            40.7141933
          ],
          [
            -74.000261,
            40.7141795
          ],
          [
            -74.0002264,
            40.714163
          ],
          [
            -74.0001823,
            40.71414
          ],
          [
            -73.9999914,
            40.7140515
          ],
          [
            -73.9999438,
            40.7140294
          ],
          [
            -73.9999158,
            40.7140164
          ],
          [
            -73.9998913,
            40.714005
          ],
          [
            -73.9997367,
            40.7139305
          ],
          [
            -73.9997302,
            40.7139276
          ],
          [
            -73.9997037,
            40.7139154
          ],
          [
            -73.9995031,
            40.71382
          ],
          [
            -73.9994697,
            40.7138043
          ],
          [
            -73.9994294,
            40.7137854
          ],
          [
            -73.9993861,
            40.7137647
          ],
          [
            -73.998948,
            40.7135552
          ],
          [
            -73.9989294,
            40.7135438
          ],
          [
            -73.9989126,
            40.7135296
          ],
          [
            -73.9988904,
            40.713509
          ],
          [
            -73.9987895,
            40.7134586
          ],
          [
            -73.9987453,
            40.7134365
          ],
          [
            -73.9987048,
            40.7134162
          ],
          [
            -73.9986612,
            40.7133945
          ],
          [
            -73.9985818,
            40.7133548
          ],
          [
            -73.9985372,
            40.7133318
          ],
          [
            -73.9985062,
            40.7133138
          ],
          [
            -73.9983878,
            40.7132495
          ],
          [
            -73.9983706,
            40.7132402
          ],
          [
            -73.9982948,
            40.7131842
          ],
          [
            -73.9982323,
            40.7131379
          ],
          [
            -73.9982114,
            40.713126
          ],
          [
            -73.9981934,
            40.7131118
          ],
          [
            -73.9981808,
            40.7130897
          ],
          [
            -73.9980522,
            40.7126599
          ],
          [
            -73.997883,
            40.7120555
          ],
          [
            -73.9978789,
            40.7120408
          ],
          [
            -73.9978785,
            40.7120376
          ],
          [
            -73.9978742,
            40.7119634
          ],
          [
            -73.9978706,
            40.7119014
          ],
          [
            -73.9978704,
            40.7118998
          ],
          [
            -73.9978666,
            40.7118748
          ],
          [
            -73.9981664,
            40.7118435
          ],
          [
            -73.9982897,
            40.7116809
          ],
          [
            -73.9981851,
            40.7116219
          ],
          [
            -73.9981476,
            40.7114735
          ],
          [
            -73.9981637,
            40.7114186
          ],
          [
            -73.9982012,
            40.7113739
          ],
          [
            -73.9982656,
            40.7113332
          ],
          [
            -73.998153,
            40.7112071
          ],
          [
            -73.9983541,
            40.7111726
          ],
          [
            -73.9984104,
            40.7111421
          ],
          [
            -73.9984587,
            40.7110933
          ],
          [
            -73.99848,
            40.7110346
          ],
          [
            -73.998468,
            40.7109582
          ],
          [
            -73.9984478,
            40.710888
          ],
          [
            -73.9983411,
            40.7105224
          ],
          [
            -73.998233,
            40.7101525
          ],
          [
            -73.9982383,
            40.7101159
          ],
          [
            -73.9982542,
            40.7100904
          ],
          [
            -73.9982518,
            40.7100832
          ],
          [
            -73.9982355,
            40.7100261
          ],
          [
            -73.9982198,
            40.709971
          ],
          [
            -73.9982063,
            40.7099365
          ],
          [
            -73.9981703,
            40.7099408
          ],
          [
            -73.9981211,
            40.7099563
          ],
          [
            -73.9980771,
            40.7099676
          ],
          [
            -73.9980646,
            40.7099696
          ],
          [
            -73.9980623,
            40.7099472
          ],
          [
            -73.9980597,
            40.7099337
          ],
          [
            -73.9980466,
            40.7098812
          ],
          [
            -73.9980392,
            40.7098676
          ],
          [
            -73.998024,
            40.7098596
          ],
          [
            -73.9980063,
            40.7098567
          ],
          [
            -73.9979471,
            40.7098656
          ],
          [
            -73.997907,
            40.7097129
          ],
          [
            -73.9979665,
            40.7097032
          ],
          [
            -73.9979783,
            40.7096975
          ],
          [
            -73.9979841,
            40.7096873
          ],
          [
            -73.9979827,
            40.7096745
          ],
          [
            -73.9979727,
            40.709658
          ],
          [
            -73.9979595,
            40.7096474
          ],
          [
            -73.9979335,
            40.7096318
          ],
          [
            -73.9979013,
            40.7096194
          ],
          [
            -73.9978649,
            40.7096101
          ],
          [
            -73.9978361,
            40.7096053
          ],
          [
            -73.9978024,
            40.7096051
          ],
          [
            -73.9977613,
            40.7096098
          ],
          [
            -73.9976497,
            40.7096274
          ],
          [
            -73.9976514,
            40.709635
          ],
          [
            -73.997655,
            40.7096507
          ],
          [
            -73.9976262,
            40.709685
          ],
          [
            -73.9976296,
            40.7096867
          ],
          [
            -73.9976262,
            40.709685
          ],
          [
            -73.997655,
            40.7096507
          ],
          [
            -73.9976514,
            40.709635
          ],
          [
            -73.9976497,
            40.7096274
          ],
          [
            -73.9974846,
            40.7096531
          ],
          [
            -73.9971046,
            40.7097133
          ],
          [
            -73.9971162,
            40.7097549
          ],
          [
            -73.9971186,
            40.7097641
          ],
          [
            -73.9971628,
            40.7099331
          ],
          [
            -73.9971983,
            40.7100686
          ],
          [
            -73.9968886,
            40.7101172
          ],
          [
            -73.9965973,
            40.7101629
          ],
          [
            -73.9966079,
            40.7102077
          ],
          [
            -73.9966183,
            40.7102481
          ],
          [
            -73.9966467,
            40.7103577
          ],
          [
            -73.9967615,
            40.7108005
          ],
          [
            -73.9967744,
            40.7108498
          ],
          [
            -73.9967964,
            40.7109324
          ],
          [
            -73.996808,
            40.7109763
          ],
          [
            -73.996816,
            40.7110066
          ],
          [
            -73.9968946,
            40.7113047
          ],
          [
            -73.9968996,
            40.7113215
          ],
          [
            -73.9969001,
            40.7113235
          ],
          [
            -73.9969086,
            40.7113543
          ],
          [
            -73.9969155,
            40.7113792
          ],
          [
            -73.9969168,
            40.7113843
          ],
          [
            -73.9969213,
            40.7114073
          ],
          [
            -73.9969945,
            40.7116666
          ],
          [
            -73.9970618,
            40.7119626
          ],
          [
            -73.9970639,
            40.7119756
          ],
          [
            -73.9970618,
            40.7119803
          ],
          [
            -73.9970344,
            40.712062
          ],
          [
            -73.9970082,
            40.7121362
          ],
          [
            -73.9970111,
            40.7121588
          ],
          [
            -73.9970729,
            40.7124016
          ],
          [
            -73.9970845,
            40.7124446
          ],
          [
            -73.9970891,
            40.7124618
          ],
          [
            -73.9971643,
            40.7127372
          ],
          [
            -73.9971712,
            40.7127612
          ],
          [
            -73.9971793,
            40.712795
          ],
          [
            -73.9971939,
            40.7128515
          ],
          [
            -73.9971985,
            40.7128695
          ],
          [
            -73.9973438,
            40.7133719
          ],
          [
            -73.9973484,
            40.7133927
          ],
          [
            -73.9973672,
            40.7134633
          ],
          [
            -73.9973863,
            40.7135403
          ],
          [
            -73.9973905,
            40.713555
          ],
          [
            -73.99746,
            40.7138504
          ],
          [
            -73.9974624,
            40.7138575
          ],
          [
            -73.9974654,
            40.7138649
          ],
          [
            -73.9974719,
            40.7138751
          ],
          [
            -73.9974805,
            40.7138853
          ],
          [
            -73.997473,
            40.7138959
          ],
          [
            -73.997434,
            40.713939
          ],
          [
            -73.997424,
            40.7139518
          ],
          [
            -73.997392,
            40.7139967
          ],
          [
            -73.997416,
            40.7140192
          ],
          [
            -73.9974628,
            40.7140471
          ],
          [
            -73.9975161,
            40.714079
          ],
          [
            -73.9975574,
            40.7141036
          ],
          [
            -73.9976215,
            40.7141419
          ],
          [
            -73.9976402,
            40.7141498
          ],
          [
            -73.9972856,
            40.7146345
          ],
          [
            -73.9972779,
            40.714645
          ],
          [
            -73.9972543,
            40.7146688
          ],
          [
            -73.9972314,
            40.71469
          ],
          [
            -73.9972211,
            40.7147048
          ],
          [
            -73.996983,
            40.715048
          ],
          [
            -73.9969714,
            40.7150649
          ],
          [
            -73.9969525,
            40.7150951
          ],
          [
            -73.9969315,
            40.715129
          ],
          [
            -73.9969198,
            40.7151458
          ],
          [
            -73.9965981,
            40.7156856
          ],
          [
            -73.9963125,
            40.7161604
          ],
          [
            -73.9963097,
            40.7161691
          ],
          [
            -73.996311,
            40.7161873
          ],
          [
            -73.9963089,
            40.7161958
          ],
          [
            -73.9962727,
            40.7162398
          ],
          [
            -73.9962399,
            40.7162796
          ],
          [
            -73.9962269,
            40.7162954
          ],
          [
            -73.9962058,
            40.716321
          ],
          [
            -73.99616,
            40.7163765
          ],
          [
            -73.9961637,
            40.7163891
          ],
          [
            -73.9959696,
            40.716693
          ],
          [
            -73.9956101,
            40.7172827
          ],
          [
            -73.9955953,
            40.7173025
          ],
          [
            -73.9955749,
            40.7173363
          ],
          [
            -73.9955566,
            40.7173665
          ],
          [
            -73.9955458,
            40.7173871
          ],
          [
            -73.9952135,
            40.7179126
          ],
          [
            -73.9949772,
            40.718444
          ],
          [
            -73.9949552,
            40.718467
          ],
          [
            -73.9949289,
            40.7185258
          ],
          [
            -73.9949115,
            40.7185648
          ],
          [
            -73.9949116,
            40.7185881
          ],
          [
            -73.9945275,
            40.7195006
          ],
          [
            -73.9945301,
            40.7195175
          ],
          [
            -73.9945147,
            40.7195685
          ],
          [
            -73.9944971,
            40.719627
          ],
          [
            -73.9944836,
            40.7196352
          ],
          [
            -73.9942347,
            40.7202961
          ],
          [
            -73.994226,
            40.7203191
          ],
          [
            -73.9942017,
            40.7203727
          ],
          [
            -73.9941653,
            40.7204525
          ],
          [
            -73.9941568,
            40.7204616
          ],
          [
            -73.9939718,
            40.7209484
          ],
          [
            -73.9939692,
            40.7209542
          ],
          [
            -73.9939498,
            40.7209984
          ],
          [
            -73.993931,
            40.7210408
          ],
          [
            -73.9939249,
            40.7210549
          ],
          [
            -73.993704,
            40.7216363
          ],
          [
            -73.9936652,
            40.72173
          ],
          [
            -73.9934351,
            40.7223688
          ],
          [
            -73.9934194,
            40.7224173
          ],
          [
            -73.993399,
            40.7224803
          ],
          [
            -73.9928375,
            40.7240454
          ],
          [
            -73.9928307,
            40.7240637
          ],
          [
            -73.9928078,
            40.7241301
          ],
          [
            -73.9927821,
            40.7242045
          ],
          [
            -73.9927743,
            40.7242267
          ],
          [
            -73.9927569,
            40.7242713
          ],
          [
            -73.9927299,
            40.7243407
          ],
          [
            -73.9927235,
            40.7243579
          ],
          [
            -73.9925187,
            40.7249037
          ],
          [
            -73.9924922,
            40.7249737
          ],
          [
            -73.9924032,
            40.7252195
          ],
          [
            -73.992395,
            40.7252422
          ],
          [
            -73.9923795,
            40.7252844
          ],
          [
            -73.9923652,
            40.7253271
          ],
          [
            -73.9923605,
            40.7253405
          ],
          [
            -73.9922562,
            40.7256308
          ],
          [
            -73.9922488,
            40.7256502
          ],
          [
            -73.9922271,
            40.7257047
          ],
          [
            -73.992205,
            40.7257634
          ],
          [
            -73.9921993,
            40.7257792
          ],
          [
            -73.9919864,
            40.72638
          ],
          [
            -73.9919767,
            40.7264047
          ],
          [
            -73.991952,
            40.7264634
          ],
          [
            -73.9919299,
            40.7265193
          ],
          [
            -73.9919219,
            40.7265413
          ],
          [
            -73.9917239,
            40.7270941
          ],
          [
            -73.9916982,
            40.7271513
          ],
          [
            -73.9916651,
            40.7272249
          ],
          [
            -73.9915317,
            40.7275728
          ],
          [
            -73.9915009,
            40.7276178
          ],
          [
            -73.9914938,
            40.7276282
          ],
          [
            -73.9914142,
            40.7277444
          ],
          [
            -73.9913614,
            40.7278215
          ],
          [
            -73.9913677,
            40.7278739
          ],
          [
            -73.9913474,
            40.7279594
          ],
          [
            -73.991198,
            40.728498
          ],
          [
            -73.9912244,
            40.7286131
          ],
          [
            -73.9910278,
            40.7292518
          ],
          [
            -73.9909042,
            40.729653
          ],
          [
            -73.9908816,
            40.7297265
          ],
          [
            -73.9908501,
            40.7298289
          ],
          [
            -73.9908393,
            40.729864
          ],
          [
            -73.9908149,
            40.7299242
          ],
          [
            -73.990796,
            40.7299864
          ],
          [
            -73.9907912,
            40.7299999
          ],
          [
            -73.9905845,
            40.7305196
          ],
          [
            -73.9906293,
            40.7305351
          ],
          [
            -73.9906839,
            40.7305592
          ],
          [
            -73.9907852,
            40.7306042
          ],
          [
            -73.9907754,
            40.7306173
          ],
          [
            -73.9907273,
            40.7306765
          ],
          [
            -73.9906881,
            40.7307247
          ],
          [
            -73.9905576,
            40.7312892
          ],
          [
            -73.9905383,
            40.7313539
          ],
          [
            -73.9905197,
            40.7314165
          ],
          [
            -73.9903909,
            40.731928
          ],
          [
            -73.9903577,
            40.7320671
          ],
          [
            -73.9901876,
            40.7327485
          ],
          [
            -73.9901727,
            40.732817
          ],
          [
            -73.9901584,
            40.7328832
          ],
          [
            -73.9899987,
            40.7335096
          ],
          [
            -73.989986,
            40.7335805
          ],
          [
            -73.9899745,
            40.7336452
          ],
          [
            -73.9899612,
            40.7338939
          ],
          [
            -73.9899581,
            40.7340561
          ],
          [
            -73.9899731,
            40.7342123
          ],
          [
            -73.9899891,
            40.7343022
          ],
          [
            -73.9900069,
            40.7343726
          ],
          [
            -73.9900125,
            40.7344223
          ],
          [
            -73.9900184,
            40.7344814
          ],
          [
            -73.9900266,
            40.7345629
          ],
          [
            -73.990026,
            40.7345931
          ],
          [
            -73.9900244,
            40.7346052
          ],
          [
            -73.990019,
            40.7346364
          ],
          [
            -73.990017,
            40.7346638
          ],
          [
            -73.9900399,
            40.7348582
          ],
          [
            -73.9900424,
            40.7348805
          ],
          [
            -73.9900525,
            40.7349889
          ],
          [
            -73.9900541,
            40.7350065
          ],
          [
            -73.9900558,
            40.7350617
          ],
          [
            -73.9900497,
            40.7351089
          ],
          [
            -73.9900402,
            40.7351502
          ],
          [
            -73.9900302,
            40.7351862
          ],
          [
            -73.9899753,
            40.7352626
          ],
          [
            -73.9899569,
            40.7352891
          ],
          [
            -73.9900068,
            40.735312
          ],
          [
            -73.9900726,
            40.7353395
          ],
          [
            -73.9901004,
            40.7353507
          ],
          [
            -73.9900578,
            40.7354089
          ],
          [
            -73.9900216,
            40.7354582
          ],
          [
            -73.9899269,
            40.7355821
          ],
          [
            -73.9898196,
            40.735728
          ],
          [
            -73.9897639,
            40.7358154
          ],
          [
            -73.9897237,
            40.7358853
          ],
          [
            -73.9896619,
            40.7359905
          ],
          [
            -73.9896147,
            40.73606
          ],
          [
            -73.9895691,
            40.7361244
          ],
          [
            -73.9894904,
            40.7362384
          ],
          [
            -73.9894414,
            40.7363093
          ],
          [
            -73.9896054,
            40.7363756
          ],
          [
            -73.9896104,
            40.7364029
          ],
          [
            -73.9896154,
            40.7364303
          ],
          [
            -73.9896304,
            40.7364763
          ],
          [
            -73.9896526,
            40.7365229
          ],
          [
            -73.989679,
            40.7365613
          ],
          [
            -73.9897076,
            40.7365916
          ],
          [
            -73.9897455,
            40.7366187
          ],
          [
            -73.9897775,
            40.7366335
          ],
          [
            -73.9897263,
            40.7367014
          ],
          [
            -73.9902489,
            40.73692
          ],
          [
            -73.9902667,
            40.7369316
          ],
          [
            -73.9902895,
            40.7369592
          ],
          [
            -73.9903049,
            40.7369875
          ],
          [
            -73.9903283,
            40.7370235
          ],
          [
            -73.9903409,
            40.7370356
          ],
          [
            -73.9903573,
            40.7370425
          ],
          [
            -73.9903858,
            40.7370541
          ],
          [
            -73.9904159,
            40.7370658
          ],
          [
            -73.9904525,
            40.7370987
          ],
          [
            -73.9904127,
            40.7371669
          ],
          [
            -73.9903832,
            40.7372206
          ],
          [
            -73.9902414,
            40.7377781
          ],
          [
            -73.9902254,
            40.7378413
          ],
          [
            -73.9902084,
            40.7379088
          ],
          [
            -73.9900693,
            40.7384732
          ],
          [
            -73.9900533,
            40.7385305
          ],
          [
            -73.9900338,
            40.7386005
          ],
          [
            -73.9898804,
            40.7391584
          ],
          [
            -73.9898644,
            40.7392164
          ],
          [
            -73.9898462,
            40.7392862
          ],
          [
            -73.9897049,
            40.739846
          ],
          [
            -73.9896992,
            40.7398659
          ],
          [
            -73.9896794,
            40.739922
          ],
          [
            -73.9896736,
            40.7399396
          ],
          [
            -73.9896679,
            40.7399552
          ],
          [
            -73.9896635,
            40.7399676
          ],
          [
            -73.989573,
            40.7406039
          ],
          [
            -73.9895697,
            40.7406234
          ],
          [
            -73.989566,
            40.7406487
          ],
          [
            -73.9895631,
            40.7406704
          ],
          [
            -73.9895566,
            40.7407176
          ],
          [
            -73.989555,
            40.7407289
          ],
          [
            -73.9894677,
            40.7413738
          ],
          [
            -73.9895346,
            40.7414019
          ],
          [
            -73.9895066,
            40.7414395
          ],
          [
            -73.9895038,
            40.7414463
          ],
          [
            -73.9894797,
            40.7415032
          ],
          [
            -73.9894454,
            40.7415868
          ],
          [
            -73.989431,
            40.7416198
          ],
          [
            -73.9892409,
            40.7418751
          ],
          [
            -73.9890566,
            40.7421245
          ],
          [
            -73.9890781,
            40.7421333
          ],
          [
            -73.9891459,
            40.7421628
          ],
          [
            -73.9892002,
            40.7421865
          ],
          [
            -73.9892309,
            40.7421993
          ],
          [
            -73.9892186,
            40.7422145
          ],
          [
            -73.9891889,
            40.7422535
          ],
          [
            -73.9891594,
            40.7422925
          ],
          [
            -73.9891418,
            40.7423164
          ],
          [
            -73.9890755,
            40.7424064
          ],
          [
            -73.9890521,
            40.7424386
          ],
          [
            -73.9890233,
            40.7424776
          ],
          [
            -73.989017,
            40.7424876
          ],
          [
            -73.9890556,
            40.7425017
          ],
          [
            -73.9890917,
            40.7425164
          ],
          [
            -73.98911,
            40.7425303
          ],
          [
            -73.9891194,
            40.742546
          ],
          [
            -73.9891269,
            40.7425665
          ],
          [
            -73.9891298,
            40.7425916
          ],
          [
            -73.9890868,
            40.7429306
          ],
          [
            -73.9890771,
            40.7429548
          ],
          [
            -73.9890598,
            40.7429982
          ],
          [
            -73.9890412,
            40.7430448
          ],
          [
            -73.9890368,
            40.743065
          ],
          [
            -73.9889251,
            40.7436864
          ],
          [
            -73.9889108,
            40.743766
          ],
          [
            -73.9889006,
            40.7438224
          ],
          [
            -73.9887918,
            40.7444277
          ],
          [
            -73.9887777,
            40.7444898
          ],
          [
            -73.9887652,
            40.7445665
          ],
          [
            -73.9886468,
            40.7451833
          ],
          [
            -73.9886357,
            40.7452414
          ],
          [
            -73.9886208,
            40.745319
          ],
          [
            -73.9885068,
            40.7459236
          ],
          [
            -73.988493,
            40.7459965
          ],
          [
            -73.9884809,
            40.7460609
          ],
          [
            -73.9883656,
            40.7466722
          ],
          [
            -73.9883516,
            40.7467452
          ],
          [
            -73.9883384,
            40.746814
          ],
          [
            -73.9882192,
            40.7474358
          ],
          [
            -73.9882059,
            40.747492
          ],
          [
            -73.9881966,
            40.7475373
          ],
          [
            -73.9881887,
            40.7475752
          ],
          [
            -73.9880789,
            40.7481225
          ],
          [
            -73.9880974,
            40.7481921
          ],
          [
            -73.9880942,
            40.748203
          ],
          [
            -73.9880788,
            40.7482551
          ],
          [
            -73.9880733,
            40.7482738
          ],
          [
            -73.9880683,
            40.7482978
          ],
          [
            -73.9880645,
            40.7483164
          ],
          [
            -73.9879439,
            40.7489203
          ],
          [
            -73.9879411,
            40.7489386
          ],
          [
            -73.987938,
            40.7489641
          ],
          [
            -73.9879356,
            40.748996
          ],
          [
            -73.9879345,
            40.7490264
          ],
          [
            -73.9879335,
            40.749046
          ],
          [
            -73.9879301,
            40.7490652
          ],
          [
            -73.9878741,
            40.7493826
          ],
          [
            -73.9878683,
            40.7494135
          ],
          [
            -73.9878548,
            40.7494517
          ],
          [
            -73.9878386,
            40.7494857
          ],
          [
            -73.9878102,
            40.749527
          ],
          [
            -73.9877082,
            40.7496755
          ],
          [
            -73.9877302,
            40.7496843
          ],
          [
            -73.9878017,
            40.7497154
          ],
          [
            -73.9878842,
            40.7497509
          ],
          [
            -73.9879084,
            40.7497612
          ],
          [
            -73.9879007,
            40.7497721
          ],
          [
            -73.9878869,
            40.749793
          ],
          [
            -73.9878518,
            40.7498458
          ],
          [
            -73.9878167,
            40.7498986
          ],
          [
            -73.987799,
            40.7499249
          ],
          [
            -73.9878019,
            40.7499339
          ],
          [
            -73.9878023,
            40.7499477
          ],
          [
            -73.9878001,
            40.7499629
          ],
          [
            -73.9877961,
            40.7499767
          ],
          [
            -73.987759,
            40.7500563
          ],
          [
            -73.9877344,
            40.7501089
          ],
          [
            -73.9876477,
            40.7504303
          ],
          [
            -73.987646,
            40.7504399
          ],
          [
            -73.9876473,
            40.7504526
          ],
          [
            -73.9876524,
            40.7504657
          ],
          [
            -73.9876633,
            40.7504894
          ],
          [
            -73.9876825,
            40.7505305
          ],
          [
            -73.9876766,
            40.7505574
          ],
          [
            -73.9876714,
            40.7505812
          ],
          [
            -73.9876638,
            40.7506157
          ],
          [
            -73.9876515,
            40.7506705
          ],
          [
            -73.9876484,
            40.7506866
          ],
          [
            -73.9875185,
            40.7512848
          ],
          [
            -73.9875149,
            40.7513104
          ],
          [
            -73.9875061,
            40.7513685
          ],
          [
            -73.9874984,
            40.7514192
          ],
          [
            -73.9874944,
            40.7514391
          ],
          [
            -73.9873672,
            40.7520319
          ],
          [
            -73.9873633,
            40.7520517
          ],
          [
            -73.9873501,
            40.7521097
          ],
          [
            -73.9873392,
            40.7521581
          ],
          [
            -73.9873353,
            40.7521736
          ],
          [
            -73.9871841,
            40.7527615
          ],
          [
            -73.9871796,
            40.7527844
          ],
          [
            -73.9871816,
            40.7528183
          ],
          [
            -73.9871829,
            40.7528365
          ],
          [
            -73.9871842,
            40.7528559
          ],
          [
            -73.987187,
            40.7528959
          ],
          [
            -73.9871879,
            40.7529104
          ],
          [
            -73.9871603,
            40.7529129
          ],
          [
            -73.9869792,
            40.7534735
          ],
          [
            -73.98697,
            40.7535034
          ],
          [
            -73.9869662,
            40.7535147
          ],
          [
            -73.986957,
            40.753545
          ],
          [
            -73.9869495,
            40.7535697
          ],
          [
            -73.9869377,
            40.7536093
          ],
          [
            -73.9869323,
            40.7536257
          ],
          [
            -73.9867385,
            40.754186
          ],
          [
            -73.9867334,
            40.754201
          ],
          [
            -73.9867284,
            40.754216
          ],
          [
            -73.9867247,
            40.7542629
          ],
          [
            -73.9867204,
            40.7543186
          ],
          [
            -73.9867158,
            40.7543332
          ],
          [
            -73.9865235,
            40.7549131
          ],
          [
            -73.9865179,
            40.7549299
          ],
          [
            -73.9865122,
            40.7549881
          ],
          [
            -73.9865079,
            40.7550371
          ],
          [
            -73.9865073,
            40.7550392
          ],
          [
            -73.9865006,
            40.7550523
          ],
          [
            -73.9864327,
            40.7551779
          ],
          [
            -73.9864211,
            40.7552068
          ],
          [
            -73.986313,
            40.7555562
          ],
          [
            -73.9862828,
            40.7556536
          ],
          [
            -73.9862964,
            40.7556592
          ],
          [
            -73.9863053,
            40.7556655
          ],
          [
            -73.9863117,
            40.7556751
          ],
          [
            -73.986319,
            40.7556909
          ],
          [
            -73.9863178,
            40.7556938
          ],
          [
            -73.9862894,
            40.7557622
          ],
          [
            -73.9862587,
            40.7558371
          ],
          [
            -73.9862501,
            40.7558631
          ],
          [
            -73.9862428,
            40.7558893
          ],
          [
            -73.9862312,
            40.7559633
          ],
          [
            -73.9862243,
            40.7559929
          ],
          [
            -73.9860973,
            40.7563792
          ],
          [
            -73.9860886,
            40.756401
          ],
          [
            -73.986062,
            40.7564523
          ],
          [
            -73.9860547,
            40.7564733
          ],
          [
            -73.9860482,
            40.7564912
          ],
          [
            -73.9860335,
            40.756532
          ],
          [
            -73.9860153,
            40.7565827
          ],
          [
            -73.9860083,
            40.7565982
          ],
          [
            -73.9857588,
            40.7571582
          ],
          [
            -73.9857474,
            40.7571815
          ],
          [
            -73.9857273,
            40.7572239
          ],
          [
            -73.9857057,
            40.7572686
          ],
          [
            -73.9856974,
            40.7572859
          ],
          [
            -73.9854508,
            40.7578467
          ],
          [
            -73.9854354,
            40.7578673
          ],
          [
            -73.9854172,
            40.7579142
          ],
          [
            -73.9853993,
            40.7579601
          ],
          [
            -73.9853912,
            40.7579709
          ],
          [
            -73.9853784,
            40.7579892
          ],
          [
            -73.9854077,
            40.7580022
          ],
          [
            -73.9854818,
            40.7580355
          ],
          [
            -73.9855784,
            40.7580788
          ],
          [
            -73.9856201,
            40.7580917
          ],
          [
            -73.9856475,
            40.7581001
          ],
          [
            -73.9856781,
            40.7581095
          ],
          [
            -73.9854622,
            40.7586705
          ],
          [
            -73.9854538,
            40.7586923
          ],
          [
            -73.9854346,
            40.7587432
          ],
          [
            -73.9854168,
            40.7587907
          ],
          [
            -73.9854128,
            40.7588043
          ],
          [
            -73.9852285,
            40.7593996
          ],
          [
            -73.9852242,
            40.7594147
          ],
          [
            -73.9852067,
            40.7594657
          ],
          [
            -73.9851913,
            40.7595102
          ],
          [
            -73.9851866,
            40.7595242
          ],
          [
            -73.9849757,
            40.7600787
          ],
          [
            -73.9849684,
            40.7600971
          ],
          [
            -73.9849592,
            40.7601201
          ],
          [
            -73.9849427,
            40.7601651
          ],
          [
            -73.9849228,
            40.7602177
          ],
          [
            -73.9849143,
            40.7602342
          ],
          [
            -73.9846304,
            40.7607816
          ],
          [
            -73.9846192,
            40.7608031
          ],
          [
            -73.9845967,
            40.7608365
          ],
          [
            -73.9845692,
            40.7608773
          ],
          [
            -73.9845556,
            40.7608984
          ],
          [
            -73.9842157,
            40.7614252
          ],
          [
            -73.9841757,
            40.7614838
          ],
          [
            -73.9841386,
            40.7615381
          ],
          [
            -73.9838244,
            40.7620546
          ],
          [
            -73.9837779,
            40.7620342
          ],
          [
            -73.9837355,
            40.76211
          ],
          [
            -73.9837058,
            40.7621632
          ],
          [
            -73.9836965,
            40.7621797
          ],
          [
            -73.9833801,
            40.7627087
          ],
          [
            -73.9833653,
            40.7627237
          ],
          [
            -73.9833356,
            40.7627752
          ],
          [
            -73.9833158,
            40.7628097
          ],
          [
            -73.9833098,
            40.7628335
          ],
          [
            -73.9830128,
            40.7633551
          ],
          [
            -73.9830069,
            40.7633645
          ],
          [
            -73.9829934,
            40.763386
          ],
          [
            -73.9829765,
            40.7634128
          ],
          [
            -73.9829389,
            40.7634726
          ],
          [
            -73.9829294,
            40.7634876
          ],
          [
            -73.9826323,
            40.7640262
          ],
          [
            -73.9826293,
            40.7640326
          ],
          [
            -73.982621,
            40.7640504
          ],
          [
            -73.9826024,
            40.7640902
          ],
          [
            -73.9825821,
            40.7641336
          ],
          [
            -73.9825713,
            40.7641567
          ],
          [
            -73.9823715,
            40.7647246
          ],
          [
            -73.9823614,
            40.7647515
          ],
          [
            -73.9823348,
            40.7648222
          ],
          [
            -73.9823271,
            40.7648426
          ],
          [
            -73.9823198,
            40.7648619
          ],
          [
            -73.9836501,
            40.7654268
          ],
          [
            -73.9836677,
            40.7654343
          ],
          [
            -73.9837859,
            40.7654863
          ],
          [
            -73.9838324,
            40.7655067
          ],
          [
            -73.98386,
            40.7655188
          ],
          [
            -73.9838959,
            40.7655346
          ],
          [
            -73.9839091,
            40.7655402
          ],
          [
            -73.9864928,
            40.7666279
          ],
          [
            -73.9865142,
            40.7666322
          ],
          [
            -73.9866333,
            40.7666826
          ],
          [
            -73.9867449,
            40.7667298
          ],
          [
            -73.9867583,
            40.7667376
          ],
          [
            -73.989336,
            40.7678256
          ],
          [
            -73.989362,
            40.7678362
          ],
          [
            -73.9894583,
            40.7678753
          ],
          [
            -73.9894985,
            40.7678916
          ],
          [
            -73.9895371,
            40.7679073
          ],
          [
            -73.9895697,
            40.7679205
          ],
          [
            -73.9895977,
            40.7679329
          ],
          [
            -73.9909202,
            40.7684915
          ],
          [
            -73.992173,
            40.7690164
          ],
          [
            -73.9921951,
            40.7690304
          ],
          [
            -73.9922855,
            40.7690684
          ],
          [
            -73.992428,
            40.7691286
          ],
          [
            -73.9924527,
            40.7691369
          ],
          [
            -73.9927509,
            40.7692624
          ],
          [
            -73.994226,
            40.7698891
          ],
          [
            -73.9942671,
            40.769923
          ],
          [
            -73.9943283,
            40.7699551
          ],
          [
            -73.9945121,
            40.7700337
          ],
          [
            -73.9945872,
            40.7700656
          ],
          [
            -73.9946861,
            40.7701077
          ],
          [
            -73.9947699,
            40.7701157
          ],
          [
            -73.9948544,
            40.7701237
          ],
          [
            -73.994886,
            40.7701267
          ],
          [
            -73.9949359,
            40.7701315
          ],
          [
            -73.9949939,
            40.7701363
          ],
          [
            -73.995029,
            40.7701388
          ],
          [
            -73.9950641,
            40.7701412
          ],
          [
            -73.995083,
            40.7701438
          ],
          [
            -73.9951653,
            40.7701652
          ],
          [
            -73.9951586,
            40.7701773
          ],
          [
            -73.9951491,
            40.7702036
          ],
          [
            -73.9950699,
            40.7708462
          ],
          [
            -73.9952039,
            40.770925
          ],
          [
            -73.9952556,
            40.7709554
          ],
          [
            -73.9954523,
            40.7709341
          ],
          [
            -73.9957365,
            40.7705526
          ],
          [
            -73.9957529,
            40.7705293
          ],
          [
            -73.9957843,
            40.7705423
          ],
          [
            -73.9958099,
            40.7705509
          ],
          [
            -73.9958382,
            40.7705629
          ],
          [
            -73.9958659,
            40.7705749
          ],
          [
            -73.9958812,
            40.7705524
          ],
          [
            -73.9959341,
            40.770542
          ],
          [
            -73.9959848,
            40.7704752
          ]
        ]
      }
    },
    {
      "type": "Feature",
      "properties": {
        "scenario": "HARD - West Side Highway edge, huge target",
        "shape": "mix",
        "target_miles": 10.0,
        "distance_m": 16104.897595269065,
        "candidate_index": 1
      },
      "geometry": {
        "type": "LineString",
        "coordinates": [
          [
            -73.9959848,
            40.7704752
          ],
          [
            -73.9959341,
            40.770542
          ],
          [
            -73.9958812,
            40.7705524
          ],
          [
            -73.995855,
            40.7705413
          ],
          [
            -73.9958455,
            40.7705364
          ],
          [
            -73.9958525,
            40.7705296
          ],
          [
            -73.9958656,
            40.7705188
          ],
          [
            -73.9958824,
            40.7705091
          ],
          [
            -73.995901,
            40.7705011
          ],
          [
            -73.9959209,
            40.7704937
          ],
          [
            -73.9959348,
            40.7704841
          ],
          [
            -73.9959447,
            40.7704739
          ],
          [
            -73.9959538,
            40.7704646
          ],
          [
            -73.9959568,
            40.7704598
          ],
          [
            -73.9959429,
            40.770454
          ],
          [
            -73.9958718,
            40.7704238
          ],
          [
            -73.9958375,
            40.7704103
          ],
          [
            -73.9958797,
            40.7703567
          ],
          [
            -73.9958599,
            40.7702952
          ],
          [
            -73.9958424,
            40.7702519
          ],
          [
            -73.9958177,
            40.7701987
          ],
          [
            -73.9957937,
            40.7701613
          ],
          [
            -73.9957622,
            40.7701275
          ],
          [
            -73.9957293,
            40.7700989
          ],
          [
            -73.9956734,
            40.7700678
          ],
          [
            -73.9956025,
            40.7700453
          ],
          [
            -73.9955391,
            40.7700373
          ],
          [
            -73.9954722,
            40.7700344
          ],
          [
            -73.9954086,
            40.7700362
          ],
          [
            -73.9953548,
            40.770044
          ],
          [
            -73.9953146,
            40.7700597
          ],
          [
            -73.9952515,
            40.7700943
          ],
          [
            -73.9951988,
            40.7701288
          ],
          [
            -73.9951653,
            40.7701652
          ],
          [
            -73.995083,
            40.7701438
          ],
          [
            -73.9950641,
            40.7701412
          ],
          [
            -73.995029,
            40.7701388
          ],
          [
            -73.9949939,
            40.7701363
          ],
          [
            -73.9949359,
            40.7701315
          ],
          [
            -73.994886,
            40.7701267
          ],
          [
            -73.9948544,
            40.7701237
          ],
          [
            -73.9947699,
            40.7701157
          ],
          [
            -73.9946861,
            40.7701077
          ],
          [
            -73.9945872,
            40.7700656
          ],
          [
            -73.9945121,
            40.7700337
          ],
          [
            -73.9943283,
            40.7699551
          ],
          [
            -73.9942671,
            40.769923
          ],
          [
            -73.994226,
            40.7698891
          ],
          [
            -73.9927509,
            40.7692624
          ],
          [
            -73.9924527,
            40.7691369
          ],
          [
            -73.992428,
            40.7691286
          ],
          [
            -73.9922855,
            40.7690684
          ],
          [
            -73.9921951,
            40.7690304
          ],
          [
            -73.992173,
            40.7690164
          ],
          [
            -73.9909202,
            40.7684915
          ],
          [
            -73.9895977,
            40.7679329
          ],
          [
            -73.9895697,
            40.7679205
          ],
          [
            -73.9895371,
            40.7679073
          ],
          [
            -73.9894985,
            40.7678916
          ],
          [
            -73.9894583,
            40.7678753
          ],
          [
            -73.989362,
            40.7678362
          ],
          [
            -73.989336,
            40.7678256
          ],
          [
            -73.9867583,
            40.7667376
          ],
          [
            -73.9867449,
            40.7667298
          ],
          [
            -73.9866333,
            40.7666826
          ],
          [
            -73.9865142,
            40.7666322
          ],
          [
            -73.9864928,
            40.7666279
          ],
          [
            -73.9839091,
            40.7655402
          ],
          [
            -73.9838959,
            40.7655346
          ],
          [
            -73.98386,
            40.7655188
          ],
          [
            -73.9838324,
            40.7655067
          ],
          [
            -73.9837859,
            40.7654863
          ],
          [
            -73.9836677,
            40.7654343
          ],
          [
            -73.9836501,
            40.7654268
          ],
          [
            -73.9823198,
            40.7648619
          ],
          [
            -73.9823271,
            40.7648426
          ],
          [
            -73.9823348,
            40.7648222
          ],
          [
            -73.9823614,
            40.7647515
          ],
          [
            -73.9823715,
            40.7647246
          ],
          [
            -73.9825713,
            40.7641567
          ],
          [
            -73.9825821,
            40.7641336
          ],
          [
            -73.9826024,
            40.7640902
          ],
          [
            -73.982621,
            40.7640504
          ],
          [
            -73.9826293,
            40.7640326
          ],
          [
            -73.9826323,
            40.7640262
          ],
          [
            -73.9829294,
            40.7634876
          ],
          [
            -73.9829389,
            40.7634726
          ],
          [
            -73.9829765,
            40.7634128
          ],
          [
            -73.9829934,
            40.763386
          ],
          [
            -73.9830069,
            40.7633645
          ],
          [
            -73.9830128,
            40.7633551
          ],
          [
            -73.9833098,
            40.7628335
          ],
          [
            -73.9833158,
            40.7628097
          ],
          [
            -73.9833356,
            40.7627752
          ],
          [
            -73.9833653,
            40.7627237
          ],
          [
            -73.9833801,
            40.7627087
          ],
          [
            -73.9836965,
            40.7621797
          ],
          [
            -73.9837058,
            40.7621632
          ],
          [
            -73.9837355,
            40.76211
          ],
          [
            -73.9837779,
            40.7620342
          ],
          [
            -73.9838244,
            40.7620546
          ],
          [
            -73.9841386,
            40.7615381
          ],
          [
            -73.9841757,
            40.7614838
          ],
          [
            -73.9842157,
            40.7614252
          ],
          [
            -73.9845556,
            40.7608984
          ],
          [
            -73.9845692,
            40.7608773
          ],
          [
            -73.9845967,
            40.7608365
          ],
          [
            -73.9846192,
            40.7608031
          ],
          [
            -73.9846304,
            40.7607816
          ],
          [
            -73.9849143,
            40.7602342
          ],
          [
            -73.9849228,
            40.7602177
          ],
          [
            -73.9849427,
            40.7601651
          ],
          [
            -73.9849592,
            40.7601201
          ],
          [
            -73.9849684,
            40.7600971
          ],
          [
            -73.9849757,
            40.7600787
          ],
          [
            -73.9851866,
            40.7595242
          ],
          [
            -73.9851913,
            40.7595102
          ],
          [
            -73.9852067,
            40.7594657
          ],
          [
            -73.9852242,
            40.7594147
          ],
          [
            -73.9852285,
            40.7593996
          ],
          [
            -73.9854128,
            40.7588043
          ],
          [
            -73.9854168,
            40.7587907
          ],
          [
            -73.9854346,
            40.7587432
          ],
          [
            -73.9854538,
            40.7586923
          ],
          [
            -73.9854622,
            40.7586705
          ],
          [
            -73.9856781,
            40.7581095
          ],
          [
            -73.9856475,
            40.7581001
          ],
          [
            -73.9856201,
            40.7580917
          ],
          [
            -73.9855784,
            40.7580788
          ],
          [
            -73.9854818,
            40.7580355
          ],
          [
            -73.9854077,
            40.7580022
          ],
          [
            -73.9853784,
            40.7579892
          ],
          [
            -73.9853912,
            40.7579709
          ],
          [
            -73.9853993,
            40.7579601
          ],
          [
            -73.9854172,
            40.7579142
          ],
          [
            -73.9854354,
            40.7578673
          ],
          [
            -73.9854508,
            40.7578467
          ],
          [
            -73.9856974,
            40.7572859
          ],
          [
            -73.9857057,
            40.7572686
          ],
          [
            -73.9857273,
            40.7572239
          ],
          [
            -73.9857474,
            40.7571815
          ],
          [
            -73.9857588,
            40.7571582
          ],
          [
            -73.9860083,
            40.7565982
          ],
          [
            -73.9860153,
            40.7565827
          ],
          [
            -73.9860335,
            40.756532
          ],
          [
            -73.9860482,
            40.7564912
          ],
          [
            -73.9860547,
            40.7564733
          ],
          [
            -73.986062,
            40.7564523
          ],
          [
            -73.9860886,
            40.756401
          ],
          [
            -73.9860973,
            40.7563792
          ],
          [
            -73.9862243,
            40.7559929
          ],
          [
            -73.9862312,
            40.7559633
          ],
          [
            -73.9862428,
            40.7558893
          ],
          [
            -73.9862501,
            40.7558631
          ],
          [
            -73.9862587,
            40.7558371
          ],
          [
            -73.9862894,
            40.7557622
          ],
          [
            -73.9863178,
            40.7556938
          ],
          [
            -73.986319,
            40.7556909
          ],
          [
            -73.9863117,
            40.7556751
          ],
          [
            -73.9863053,
            40.7556655
          ],
          [
            -73.9862964,
            40.7556592
          ],
          [
            -73.9862828,
            40.7556536
          ],
          [
            -73.986313,
            40.7555562
          ],
          [
            -73.9864211,
            40.7552068
          ],
          [
            -73.9864327,
            40.7551779
          ],
          [
            -73.9865006,
            40.7550523
          ],
          [
            -73.9865073,
            40.7550392
          ],
          [
            -73.9865079,
            40.7550371
          ],
          [
            -73.9865122,
            40.7549881
          ],
          [
            -73.9865179,
            40.7549299
          ],
          [
            -73.9865235,
            40.7549131
          ],
          [
            -73.9867158,
            40.7543332
          ],
          [
            -73.9867204,
            40.7543186
          ],
          [
            -73.9867247,
            40.7542629
          ],
          [
            -73.9867284,
            40.754216
          ],
          [
            -73.9867334,
            40.754201
          ],
          [
            -73.9867385,
            40.754186
          ],
          [
            -73.9869323,
            40.7536257
          ],
          [
            -73.9869377,
            40.7536093
          ],
          [
            -73.9869495,
            40.7535697
          ],
          [
            -73.986957,
            40.753545
          ],
          [
            -73.9869662,
            40.7535147
          ],
          [
            -73.98697,
            40.7535034
          ],
          [
            -73.9869792,
            40.7534735
          ],
          [
            -73.9871603,
            40.7529129
          ],
          [
            -73.9871879,
            40.7529104
          ],
          [
            -73.987187,
            40.7528959
          ],
          [
            -73.9871842,
            40.7528559
          ],
          [
            -73.9871829,
            40.7528365
          ],
          [
            -73.9871816,
            40.7528183
          ],
          [
            -73.9871796,
            40.7527844
          ],
          [
            -73.9871841,
            40.7527615
          ],
          [
            -73.9873353,
            40.7521736
          ],
          [
            -73.9873392,
            40.7521581
          ],
          [
            -73.9873501,
            40.7521097
          ],
          [
            -73.9873633,
            40.7520517
          ],
          [
            -73.9873672,
            40.7520319
          ],
          [
            -73.9874944,
            40.7514391
          ],
          [
            -73.9874984,
            40.7514192
          ],
          [
            -73.9875061,
            40.7513685
          ],
          [
            -73.9875149,
            40.7513104
          ],
          [
            -73.9875185,
            40.7512848
          ],
          [
            -73.9876484,
            40.7506866
          ],
          [
            -73.9876515,
            40.7506705
          ],
          [
            -73.9876638,
            40.7506157
          ],
          [
            -73.9876714,
            40.7505812
          ],
          [
            -73.9876766,
            40.7505574
          ],
          [
            -73.9876825,
            40.7505305
          ],
          [
            -73.9876633,
            40.7504894
          ],
          [
            -73.9876524,
            40.7504657
          ],
          [
            -73.9876473,
            40.7504526
          ],
          [
            -73.987646,
            40.7504399
          ],
          [
            -73.9876477,
            40.7504303
          ],
          [
            -73.9877344,
            40.7501089
          ],
          [
            -73.987759,
            40.7500563
          ],
          [
            -73.9877961,
            40.7499767
          ],
          [
            -73.9878001,
            40.7499629
          ],
          [
            -73.9878023,
            40.7499477
          ],
          [
            -73.9878019,
            40.7499339
          ],
          [
            -73.987799,
            40.7499249
          ],
          [
            -73.9878167,
            40.7498986
          ],
          [
            -73.9878518,
            40.7498458
          ],
          [
            -73.9878869,
            40.749793
          ],
          [
            -73.9879007,
            40.7497721
          ],
          [
            -73.9879084,
            40.7497612
          ],
          [
            -73.9878842,
            40.7497509
          ],
          [
            -73.9878017,
            40.7497154
          ],
          [
            -73.9877302,
            40.7496843
          ],
          [
            -73.9877082,
            40.7496755
          ],
          [
            -73.9878102,
            40.749527
          ],
          [
            -73.9878386,
            40.7494857
          ],
          [
            -73.9878548,
            40.7494517
          ],
          [
            -73.9878683,
            40.7494135
          ],
          [
            -73.9878741,
            40.7493826
          ],
          [
            -73.9879301,
            40.7490652
          ],
          [
            -73.9879335,
            40.749046
          ],
          [
            -73.9879345,
            40.7490264
          ],
          [
            -73.9879356,
            40.748996
          ],
          [
            -73.987938,
            40.7489641
          ],
          [
            -73.9879411,
            40.7489386
          ],
          [
            -73.9879439,
            40.7489203
          ],
          [
            -73.9880645,
            40.7483164
          ],
          [
            -73.9880683,
            40.7482978
          ],
          [
            -73.9880733,
            40.7482738
          ],
          [
            -73.9880788,
            40.7482551
          ],
          [
            -73.9880942,
            40.748203
          ],
          [
            -73.9880974,
            40.7481921
          ],
          [
            -73.9880789,
            40.7481225
          ],
          [
            -73.9881887,
            40.7475752
          ],
          [
            -73.9881966,
            40.7475373
          ],
          [
            -73.9882059,
            40.747492
          ],
          [
            -73.9882192,
            40.7474358
          ],
          [
            -73.9883384,
            40.746814
          ],
          [
            -73.9883516,
            40.7467452
          ],
          [
            -73.9883656,
            40.7466722
          ],
          [
            -73.9884809,
            40.7460609
          ],
          [
            -73.988493,
            40.7459965
          ],
          [
            -73.9885068,
            40.7459236
          ],
          [
            -73.9886208,
            40.745319
          ],
          [
            -73.9886357,
            40.7452414
          ],
          [
            -73.9886468,
            40.7451833
          ],
          [
            -73.9887652,
            40.7445665
          ],
          [
            -73.9887777,
            40.7444898
          ],
          [
            -73.9887918,
            40.7444277
          ],
          [
            -73.9889006,
            40.7438224
          ],
          [
            -73.9889108,
            40.743766
          ],
          [
            -73.9889251,
            40.7436864
          ],
          [
            -73.9890368,
            40.743065
          ],
          [
            -73.9890412,
            40.7430448
          ],
          [
            -73.9890598,
            40.7429982
          ],
          [
            -73.9890771,
            40.7429548
          ],
          [
            -73.9890868,
            40.7429306
          ],
          [
            -73.9891298,
            40.7425916
          ],
          [
            -73.9891269,
            40.7425665
          ],
          [
            -73.9891194,
            40.742546
          ],
          [
            -73.98911,
            40.7425303
          ],
          [
            -73.9890917,
            40.7425164
          ],
          [
            -73.9890556,
            40.7425017
          ],
          [
            -73.989017,
            40.7424876
          ],
          [
            -73.9890233,
            40.7424776
          ],
          [
            -73.9890521,
            40.7424386
          ],
          [
            -73.9890755,
            40.7424064
          ],
          [
            -73.9891418,
            40.7423164
          ],
          [
            -73.9891594,
            40.7422925
          ],
          [
            -73.9891889,
            40.7422535
          ],
          [
            -73.9892186,
            40.7422145
          ],
          [
            -73.9892309,
            40.7421993
          ],
          [
            -73.9892002,
            40.7421865
          ],
          [
            -73.9891459,
            40.7421628
          ],
          [
            -73.9890781,
            40.7421333
          ],
          [
            -73.9890566,
            40.7421245
          ],
          [
            -73.9892409,
            40.7418751
          ],
          [
            -73.989431,
            40.7416198
          ],
          [
            -73.9894454,
            40.7415868
          ],
          [
            -73.9894797,
            40.7415032
          ],
          [
            -73.9895038,
            40.7414463
          ],
          [
            -73.9895066,
            40.7414395
          ],
          [
            -73.9895346,
            40.7414019
          ],
          [
            -73.9894677,
            40.7413738
          ],
          [
            -73.989555,
            40.7407289
          ],
          [
            -73.9895566,
            40.7407176
          ],
          [
            -73.9895631,
            40.7406704
          ],
          [
            -73.989566,
            40.7406487
          ],
          [
            -73.9895697,
            40.7406234
          ],
          [
            -73.989573,
            40.7406039
          ],
          [
            -73.9896635,
            40.7399676
          ],
          [
            -73.9896679,
            40.7399552
          ],
          [
            -73.9896736,
            40.7399396
          ],
          [
            -73.9896794,
            40.739922
          ],
          [
            -73.9896992,
            40.7398659
          ],
          [
            -73.9897049,
            40.739846
          ],
          [
            -73.9898462,
            40.7392862
          ],
          [
            -73.9898644,
            40.7392164
          ],
          [
            -73.9898804,
            40.7391584
          ],
          [
            -73.9900338,
            40.7386005
          ],
          [
            -73.9900533,
            40.7385305
          ],
          [
            -73.9900693,
            40.7384732
          ],
          [
            -73.9902084,
            40.7379088
          ],
          [
            -73.9902254,
            40.7378413
          ],
          [
            -73.9902414,
            40.7377781
          ],
          [
            -73.9903832,
            40.7372206
          ],
          [
            -73.9904127,
            40.7371669
          ],
          [
            -73.9904525,
            40.7370987
          ],
          [
            -73.9904159,
            40.7370658
          ],
          [
            -73.9903858,
            40.7370541
          ],
          [
            -73.9903573,
            40.7370425
          ],
          [
            -73.9903409,
            40.7370356
          ],
          [
            -73.9903283,
            40.7370235
          ],
          [
            -73.9903049,
            40.7369875
          ],
          [
            -73.9902895,
            40.7369592
          ],
          [
            -73.9902667,
            40.7369316
          ],
          [
            -73.9902489,
            40.73692
          ],
          [
            -73.9897263,
            40.7367014
          ],
          [
            -73.9897775,
            40.7366335
          ],
          [
            -73.9897455,
            40.7366187
          ],
          [
            -73.9897076,
            40.7365916
          ],
          [
            -73.989679,
            40.7365613
          ],
          [
            -73.9896526,
            40.7365229
          ],
          [
            -73.9896304,
            40.7364763
          ],
          [
            -73.9896154,
            40.7364303
          ],
          [
            -73.9896104,
            40.7364029
          ],
          [
            -73.9896054,
            40.7363756
          ],
          [
            -73.9894414,
            40.7363093
          ],
          [
            -73.9894904,
            40.7362384
          ],
          [
            -73.9895691,
            40.7361244
          ],
          [
            -73.9896147,
            40.73606
          ],
          [
            -73.9896619,
            40.7359905
          ],
          [
            -73.9897237,
            40.7358853
          ],
          [
            -73.9897639,
            40.7358154
          ],
          [
            -73.9898196,
            40.735728
          ],
          [
            -73.9899269,
            40.7355821
          ],
          [
            -73.9900216,
            40.7354582
          ],
          [
            -73.9900578,
            40.7354089
          ],
          [
            -73.9901004,
            40.7353507
          ],
          [
            -73.9900726,
            40.7353395
          ],
          [
            -73.9900068,
            40.735312
          ],
          [
            -73.9899569,
            40.7352891
          ],
          [
            -73.9899753,
            40.7352626
          ],
          [
            -73.9900302,
            40.7351862
          ],
          [
            -73.9900402,
            40.7351502
          ],
          [
            -73.9900497,
            40.7351089
          ],
          [
            -73.9900558,
            40.7350617
          ],
          [
            -73.9900541,
            40.7350065
          ],
          [
            -73.9900525,
            40.7349889
          ],
          [
            -73.9900424,
            40.7348805
          ],
          [
            -73.9900399,
            40.7348582
          ],
          [
            -73.990017,
            40.7346638
          ],
          [
            -73.990019,
            40.7346364
          ],
          [
            -73.9900244,
            40.7346052
          ],
          [
            -73.990026,
            40.7345931
          ],
          [
            -73.9900266,
            40.7345629
          ],
          [
            -73.9900184,
            40.7344814
          ],
          [
            -73.9900125,
            40.7344223
          ],
          [
            -73.9900069,
            40.7343726
          ],
          [
            -73.9899891,
            40.7343022
          ],
          [
            -73.9899731,
            40.7342123
          ],
          [
            -73.9899581,
            40.7340561
          ],
          [
            -73.9899612,
            40.7338939
          ],
          [
            -73.9899745,
            40.7336452
          ],
          [
            -73.989986,
            40.7335805
          ],
          [
            -73.9899987,
            40.7335096
          ],
          [
            -73.9901584,
            40.7328832
          ],
          [
            -73.9901727,
            40.732817
          ],
          [
            -73.9901876,
            40.7327485
          ],
          [
            -73.9903577,
            40.7320671
          ],
          [
            -73.9903909,
            40.731928
          ],
          [
            -73.9905197,
            40.7314165
          ],
          [
            -73.9905383,
            40.7313539
          ],
          [
            -73.9905576,
            40.7312892
          ],
          [
            -73.9906881,
            40.7307247
          ],
          [
            -73.9907273,
            40.7306765
          ],
          [
            -73.9907754,
            40.7306173
          ],
          [
            -73.9907852,
            40.7306042
          ],
          [
            -73.9906839,
            40.7305592
          ],
          [
            -73.9906293,
            40.7305351
          ],
          [
            -73.9905845,
            40.7305196
          ],
          [
            -73.9907912,
            40.7299999
          ],
          [
            -73.990796,
            40.7299864
          ],
          [
            -73.9908149,
            40.7299242
          ],
          [
            -73.9908393,
            40.729864
          ],
          [
            -73.9908501,
            40.7298289
          ],
          [
            -73.9908816,
            40.7297265
          ],
          [
            -73.9909042,
            40.729653
          ],
          [
            -73.9910278,
            40.7292518
          ],
          [
            -73.9912244,
            40.7286131
          ],
          [
            -73.991198,
            40.728498
          ],
          [
            -73.9913474,
            40.7279594
          ],
          [
            -73.9913677,
            40.7278739
          ],
          [
            -73.9913614,
            40.7278215
          ],
          [
            -73.9914142,
            40.7277444
          ],
          [
            -73.9914938,
            40.7276282
          ],
          [
            -73.9915009,
            40.7276178
          ],
          [
            -73.9915317,
            40.7275728
          ],
          [
            -73.9916651,
            40.7272249
          ],
          [
            -73.9916982,
            40.7271513
          ],
          [
            -73.9917239,
            40.7270941
          ],
          [
            -73.9919219,
            40.7265413
          ],
          [
            -73.9919299,
            40.7265193
          ],
          [
            -73.991952,
            40.7264634
          ],
          [
            -73.9919767,
            40.7264047
          ],
          [
            -73.9919864,
            40.72638
          ],
          [
            -73.9921993,
            40.7257792
          ],
          [
            -73.992205,
            40.7257634
          ],
          [
            -73.9922271,
            40.7257047
          ],
          [
            -73.9922488,
            40.7256502
          ],
          [
            -73.9922562,
            40.7256308
          ],
          [
            -73.9923605,
            40.7253405
          ],
          [
            -73.9923652,
            40.7253271
          ],
          [
            -73.9923795,
            40.7252844
          ],
          [
            -73.992395,
            40.7252422
          ],
          [
            -73.9924032,
            40.7252195
          ],
          [
            -73.9924922,
            40.7249737
          ],
          [
            -73.9925187,
            40.7249037
          ],
          [
            -73.9927235,
            40.7243579
          ],
          [
            -73.9927299,
            40.7243407
          ],
          [
            -73.9927569,
            40.7242713
          ],
          [
            -73.9927743,
            40.7242267
          ],
          [
            -73.9927821,
            40.7242045
          ],
          [
            -73.9928078,
            40.7241301
          ],
          [
            -73.9928307,
            40.7240637
          ],
          [
            -73.9928375,
            40.7240454
          ],
          [
            -73.993399,
            40.7224803
          ],
          [
            -73.9934194,
            40.7224173
          ],
          [
            -73.9934351,
            40.7223688
          ],
          [
            -73.9936652,
            40.72173
          ],
          [
            -73.993704,
            40.7216363
          ],
          [
            -73.9939249,
            40.7210549
          ],
          [
            -73.993931,
            40.7210408
          ],
          [
            -73.9939498,
            40.7209984
          ],
          [
            -73.9939692,
            40.7209542
          ],
          [
            -73.9939718,
            40.7209484
          ],
          [
            -73.9941568,
            40.7204616
          ],
          [
            -73.9941653,
            40.7204525
          ],
          [
            -73.9942017,
            40.7203727
          ],
          [
            -73.994226,
            40.7203191
          ],
          [
            -73.9942347,
            40.7202961
          ],
          [
            -73.9944836,
            40.7196352
          ],
          [
            -73.9944556,
            40.7196238
          ],
          [
            -73.9943651,
            40.7195325
          ],
          [
            -73.9942712,
            40.7194377
          ],
          [
            -73.9942502,
            40.7194099
          ],
          [
            -73.9942542,
            40.7194015
          ],
          [
            -73.9942719,
            40.7193587
          ],
          [
            -73.9942845,
            40.7193281
          ],
          [
            -73.9943042,
            40.719306
          ],
          [
            -73.9944201,
            40.7190286
          ],
          [
            -73.9946496,
            40.7184792
          ],
          [
            -73.9946645,
            40.7184645
          ],
          [
            -73.9946814,
            40.7184265
          ],
          [
            -73.9947078,
            40.718367
          ],
          [
            -73.9947191,
            40.7183391
          ],
          [
            -73.9952659,
            40.7172932
          ],
          [
            -73.9952738,
            40.7172802
          ],
          [
            -73.9952908,
            40.7172402
          ],
          [
            -73.9953087,
            40.7172009
          ],
          [
            -73.995323,
            40.7171792
          ],
          [
            -73.9956776,
            40.7165946
          ],
          [
            -73.9954065,
            40.7160807
          ],
          [
            -73.9953991,
            40.7160704
          ],
          [
            -73.9953833,
            40.7160585
          ],
          [
            -73.995364,
            40.71605
          ],
          [
            -73.9950968,
            40.7159638
          ],
          [
            -73.995074,
            40.7159568
          ],
          [
            -73.9950166,
            40.7159518
          ],
          [
            -73.9949767,
            40.7159483
          ],
          [
            -73.9949236,
            40.7159436
          ],
          [
            -73.9948818,
            40.7159397
          ],
          [
            -73.9947996,
            40.7159327
          ],
          [
            -73.9947619,
            40.7159407
          ],
          [
            -73.9947539,
            40.7159254
          ],
          [
            -73.9947398,
            40.7159112
          ],
          [
            -73.9947057,
            40.7158892
          ],
          [
            -73.994646,
            40.7158628
          ],
          [
            -73.9945812,
            40.7158365
          ],
          [
            -73.9942955,
            40.715746
          ],
          [
            -73.9943089,
            40.7157197
          ],
          [
            -73.9943149,
            40.7157101
          ],
          [
            -73.9943209,
            40.7157005
          ],
          [
            -73.9943461,
            40.7156604
          ],
          [
            -73.9943628,
            40.7156337
          ],
          [
            -73.9943863,
            40.7155961
          ],
          [
            -73.994387,
            40.7155897
          ],
          [
            -73.994384,
            40.7155777
          ],
          [
            -73.9943752,
            40.7155633
          ],
          [
            -73.9943694,
            40.7155519
          ],
          [
            -73.994369,
            40.7155399
          ],
          [
            -73.9943717,
            40.7155284
          ],
          [
            -73.9944104,
            40.7154501
          ],
          [
            -73.9944208,
            40.7154362
          ],
          [
            -73.9944239,
            40.7154321
          ],
          [
            -73.994444,
            40.7154153
          ],
          [
            -73.994468,
            40.7153967
          ],
          [
            -73.9944885,
            40.7153756
          ],
          [
            -73.9945029,
            40.715351
          ],
          [
            -73.9946192,
            40.7151293
          ],
          [
            -73.9946334,
            40.7150928
          ],
          [
            -73.994636,
            40.7150546
          ],
          [
            -73.9946266,
            40.715014
          ],
          [
            -73.9946141,
            40.7149885
          ],
          [
            -73.9942785,
            40.7143259
          ],
          [
            -73.9942675,
            40.7143034
          ],
          [
            -73.9942612,
            40.7142631
          ],
          [
            -73.9942568,
            40.7142338
          ],
          [
            -73.9942451,
            40.7142116
          ],
          [
            -73.9940486,
            40.7138466
          ],
          [
            -73.9940704,
            40.7138443
          ],
          [
            -73.9945079,
            40.7137967
          ],
          [
            -73.9945185,
            40.7137956
          ],
          [
            -73.9945059,
            40.7137736
          ],
          [
            -73.9944855,
            40.7137034
          ],
          [
            -73.9944646,
            40.7136319
          ],
          [
            -73.9944623,
            40.7136172
          ],
          [
            -73.9944275,
            40.7133682
          ],
          [
            -73.994422,
            40.7133286
          ],
          [
            -73.9943897,
            40.7130981
          ],
          [
            -73.9943874,
            40.7130815
          ],
          [
            -73.9943797,
            40.713034
          ],
          [
            -73.9943736,
            40.7129911
          ],
          [
            -73.994371,
            40.7129717
          ],
          [
            -73.9942949,
            40.7123932
          ],
          [
            -73.9942932,
            40.7123808
          ],
          [
            -73.994287,
            40.7123237
          ],
          [
            -73.9942775,
            40.712273
          ],
          [
            -73.9942753,
            40.7122549
          ],
          [
            -73.9941846,
            40.7116729
          ],
          [
            -73.9941837,
            40.7116663
          ],
          [
            -73.994182,
            40.711654
          ],
          [
            -73.9941761,
            40.7116089
          ],
          [
            -73.9941697,
            40.7115603
          ],
          [
            -73.9941672,
            40.7115429
          ],
          [
            -73.9940771,
            40.7109261
          ],
          [
            -73.9940396,
            40.7106496
          ],
          [
            -73.9940363,
            40.7106267
          ],
          [
            -73.9940379,
            40.7105749
          ],
          [
            -73.9940394,
            40.7105239
          ],
          [
            -73.9940193,
            40.7105127
          ],
          [
            -73.9940059,
            40.7104167
          ],
          [
            -73.9939997,
            40.7103714
          ],
          [
            -73.9938968,
            40.7096094
          ],
          [
            -73.9939304,
            40.7096043
          ],
          [
            -73.9940357,
            40.7095981
          ],
          [
            -73.9941517,
            40.7095885
          ],
          [
            -73.9941859,
            40.7095833
          ],
          [
            -73.9942199,
            40.7098504
          ],
          [
            -73.9942394,
            40.7100034
          ],
          [
            -73.9942415,
            40.71002
          ],
          [
            -73.9942494,
            40.7100717
          ],
          [
            -73.9942572,
            40.7101231
          ],
          [
            -73.9942596,
            40.7101405
          ],
          [
            -73.9942722,
            40.7102622
          ],
          [
            -73.9942806,
            40.7103432
          ],
          [
            -73.9942935,
            40.7104666
          ],
          [
            -73.9942969,
            40.710491
          ],
          [
            -73.9942593,
            40.7105414
          ],
          [
            -73.9942162,
            40.7105992
          ],
          [
            -73.9942129,
            40.7106084
          ],
          [
            -73.9942112,
            40.7106196
          ],
          [
            -73.9942119,
            40.7106306
          ],
          [
            -73.9943468,
            40.7115286
          ],
          [
            -73.9943495,
            40.7115488
          ],
          [
            -73.9943547,
            40.7115937
          ],
          [
            -73.99436,
            40.7116391
          ],
          [
            -73.9943627,
            40.711658
          ],
          [
            -73.9944332,
            40.7122485
          ],
          [
            -73.9944363,
            40.7122631
          ],
          [
            -73.9944427,
            40.7123103
          ],
          [
            -73.994449,
            40.7123595
          ],
          [
            -73.9944513,
            40.7123778
          ],
          [
            -73.9945401,
            40.7129584
          ],
          [
            -73.9945435,
            40.7129784
          ],
          [
            -73.9945492,
            40.7130191
          ],
          [
            -73.9945561,
            40.7130691
          ],
          [
            -73.9945586,
            40.7130851
          ],
          [
            -73.9946322,
            40.7136047
          ],
          [
            -73.99465,
            40.7136344
          ],
          [
            -73.9946773,
            40.7136879
          ],
          [
            -73.9947135,
            40.7137585
          ],
          [
            -73.9947226,
            40.7137756
          ],
          [
            -73.9949233,
            40.7141677
          ],
          [
            -73.9949585,
            40.714166
          ],
          [
            -73.9949648,
            40.7141962
          ],
          [
            -73.9949718,
            40.7142302
          ],
          [
            -73.99498,
            40.7142673
          ],
          [
            -73.9949839,
            40.7142855
          ],
          [
            -73.9950743,
            40.7142799
          ],
          [
            -73.9951053,
            40.7142776
          ],
          [
            -73.9951248,
            40.7142768
          ],
          [
            -73.9951567,
            40.7142803
          ],
          [
            -73.9952653,
            40.7143154
          ],
          [
            -73.9953044,
            40.714322
          ],
          [
            -73.9958266,
            40.7142818
          ],
          [
            -73.9958504,
            40.7142826
          ],
          [
            -73.9958887,
            40.714286
          ],
          [
            -73.9959109,
            40.714287
          ],
          [
            -73.9961007,
            40.7142735
          ],
          [
            -73.9961022,
            40.7142854
          ],
          [
            -73.996106,
            40.714315
          ],
          [
            -73.9961091,
            40.7143395
          ],
          [
            -73.9961198,
            40.7144237
          ],
          [
            -73.996132,
            40.7145213
          ],
          [
            -73.9961413,
            40.714589
          ],
          [
            -73.9961499,
            40.7146044
          ],
          [
            -73.9961603,
            40.7146219
          ],
          [
            -73.996206,
            40.7146978
          ],
          [
            -73.9962158,
            40.7147139
          ],
          [
            -73.9964201,
            40.7148903
          ],
          [
            -73.9964743,
            40.714937
          ],
          [
            -73.9965198,
            40.7149097
          ],
          [
            -73.9965579,
            40.7148846
          ],
          [
            -73.9966762,
            40.7149255
          ],
          [
            -73.9966421,
            40.7149855
          ],
          [
            -73.9966101,
            40.7150376
          ],
          [
            -73.9964947,
            40.715238
          ],
          [
            -73.9963349,
            40.7154969
          ],
          [
            -73.9963113,
            40.7155288
          ],
          [
            -73.9962776,
            40.7155691
          ],
          [
            -73.9962468,
            40.7156015
          ],
          [
            -73.9962145,
            40.7156292
          ],
          [
            -73.9961826,
            40.7156481
          ],
          [
            -73.9962096,
            40.7156878
          ],
          [
            -73.9962135,
            40.7157235
          ],
          [
            -73.996217,
            40.7157549
          ],
          [
            -73.9962157,
            40.7157633
          ],
          [
            -73.9962112,
            40.7157719
          ],
          [
            -73.9960963,
            40.7159619
          ],
          [
            -73.9961198,
            40.7159864
          ],
          [
            -73.99616,
            40.7160255
          ],
          [
            -73.9961787,
            40.7160438
          ],
          [
            -73.9962038,
            40.7160683
          ],
          [
            -73.9962354,
            40.7160991
          ],
          [
            -73.9962852,
            40.7161476
          ],
          [
            -73.9962989,
            40.7161531
          ],
          [
            -73.9963125,
            40.7161604
          ],
          [
            -73.9970035,
            40.7164127
          ],
          [
            -73.997018,
            40.7164186
          ],
          [
            -73.9970208,
            40.7164198
          ],
          [
            -73.9970567,
            40.7164394
          ],
          [
            -73.9971017,
            40.716464
          ],
          [
            -73.9970433,
            40.7165704
          ],
          [
            -73.996991,
            40.7166656
          ],
          [
            -73.996982,
            40.7166798
          ],
          [
            -73.9976377,
            40.7169107
          ],
          [
            -73.9976456,
            40.7169092
          ],
          [
            -73.9976572,
            40.7169071
          ],
          [
            -73.9977039,
            40.7169275
          ],
          [
            -73.9977445,
            40.7169453
          ],
          [
            -73.9977659,
            40.7169527
          ],
          [
            -73.9984646,
            40.7171931
          ],
          [
            -73.9984833,
            40.7171995
          ],
          [
            -73.9985323,
            40.7172148
          ],
          [
            -73.9985721,
            40.7172273
          ],
          [
            -73.9985908,
            40.7172337
          ],
          [
            -73.9986811,
            40.7172639
          ],
          [
            -73.9987203,
            40.7172802
          ],
          [
            -73.9987543,
            40.7173005
          ],
          [
            -73.9991925,
            40.7176253
          ],
          [
            -73.9992094,
            40.7176365
          ],
          [
            -73.9992461,
            40.7176563
          ],
          [
            -73.9992987,
            40.7176847
          ],
          [
            -73.9992984,
            40.7176988
          ],
          [
            -73.999807,
            40.7180592
          ],
          [
            -73.9998284,
            40.7180749
          ],
          [
            -73.9998757,
            40.71811
          ],
          [
            -73.9999392,
            40.7181568
          ],
          [
            -73.9999608,
            40.7181725
          ],
          [
            -73.9999794,
            40.7181868
          ],
          [
            -74.000051,
            40.7182501
          ],
          [
            -74.0000769,
            40.7182699
          ],
          [
            -74.0001052,
            40.7182898
          ],
          [
            -74.0001853,
            40.7183464
          ],
          [
            -74.0003677,
            40.7184687
          ],
          [
            -74.0003963,
            40.7184888
          ],
          [
            -74.0004681,
            40.7185394
          ],
          [
            -74.0005376,
            40.7185883
          ],
          [
            -74.0005654,
            40.7186196
          ],
          [
            -74.0005748,
            40.7186274
          ],
          [
            -74.0005861,
            40.7186358
          ],
          [
            -74.0006929,
            40.7187115
          ],
          [
            -74.0017321,
            40.719438
          ],
          [
            -74.0017523,
            40.7194523
          ],
          [
            -74.0018056,
            40.7194898
          ],
          [
            -74.0018769,
            40.7195401
          ],
          [
            -74.0018868,
            40.7195472
          ],
          [
            -74.0018908,
            40.71955
          ],
          [
            -74.0019095,
            40.7195636
          ],
          [
            -74.0020431,
            40.7196608
          ],
          [
            -74.0024677,
            40.7199697
          ],
          [
            -74.0024807,
            40.7199699
          ],
          [
            -74.0025215,
            40.7200038
          ],
          [
            -74.002556,
            40.7200325
          ],
          [
            -74.0025706,
            40.7200423
          ],
          [
            -74.0031389,
            40.7204488
          ],
          [
            -74.0031428,
            40.720449
          ],
          [
            -74.0031496,
            40.7204493
          ],
          [
            -74.003188,
            40.7204864
          ],
          [
            -74.0032186,
            40.7205143
          ],
          [
            -74.0032304,
            40.7205231
          ],
          [
            -74.00352,
            40.7207238
          ],
          [
            -74.0037968,
            40.7209234
          ],
          [
            -74.0038196,
            40.7209386
          ],
          [
            -74.0038475,
            40.7209604
          ],
          [
            -74.0038835,
            40.7209884
          ],
          [
            -74.0038874,
            40.720991
          ],
          [
            -74.0038979,
            40.7209981
          ],
          [
            -74.0044688,
            40.7214117
          ],
          [
            -74.0044971,
            40.7214337
          ],
          [
            -74.0045427,
            40.7214634
          ],
          [
            -74.0046066,
            40.7215051
          ],
          [
            -74.0046315,
            40.7215218
          ],
          [
            -74.0050884,
            40.7218514
          ],
          [
            -74.0051245,
            40.7218775
          ],
          [
            -74.0051705,
            40.7219089
          ],
          [
            -74.0052433,
            40.7219628
          ],
          [
            -74.0052632,
            40.7219776
          ],
          [
            -74.0053854,
            40.7220638
          ],
          [
            -74.0054934,
            40.722133
          ],
          [
            -74.0055298,
            40.7221592
          ],
          [
            -74.0056041,
            40.7222117
          ],
          [
            -74.0057084,
            40.7222853
          ],
          [
            -74.0057912,
            40.7223441
          ],
          [
            -74.0058203,
            40.7223643
          ],
          [
            -74.0058612,
            40.7223918
          ],
          [
            -74.0059496,
            40.7224532
          ],
          [
            -74.006184,
            40.722616
          ],
          [
            -74.0062077,
            40.7226325
          ],
          [
            -74.0062965,
            40.7226999
          ],
          [
            -74.0064044,
            40.7227901
          ],
          [
            -74.0064289,
            40.7228073
          ],
          [
            -74.0064671,
            40.722827
          ],
          [
            -74.0066738,
            40.722974
          ],
          [
            -74.0075171,
            40.7235896
          ],
          [
            -74.0075308,
            40.7235878
          ],
          [
            -74.0076213,
            40.7236325
          ],
          [
            -74.0076738,
            40.7236584
          ],
          [
            -74.0076867,
            40.7236678
          ],
          [
            -74.0077698,
            40.7237279
          ],
          [
            -74.0078181,
            40.7237627
          ],
          [
            -74.0078688,
            40.7238083
          ],
          [
            -74.0079132,
            40.7238482
          ],
          [
            -74.0079811,
            40.7239091
          ],
          [
            -74.0079974,
            40.7239238
          ],
          [
            -74.0080217,
            40.7239342
          ],
          [
            -74.0080444,
            40.7239444
          ],
          [
            -74.00807,
            40.7239604
          ],
          [
            -74.0082167,
            40.7240655
          ],
          [
            -74.0085641,
            40.7243238
          ],
          [
            -74.0085796,
            40.7243357
          ],
          [
            -74.0086281,
            40.7243705
          ],
          [
            -74.0086815,
            40.7244088
          ],
          [
            -74.0087036,
            40.7244244
          ],
          [
            -74.009201,
            40.7247825
          ],
          [
            -74.0092214,
            40.7247969
          ],
          [
            -74.0092881,
            40.7248417
          ],
          [
            -74.0093872,
            40.7249082
          ],
          [
            -74.0093914,
            40.7249232
          ],
          [
            -74.0099267,
            40.7252931
          ],
          [
            -74.0099461,
            40.7253172
          ],
          [
            -74.0100474,
            40.7253678
          ],
          [
            -74.0101053,
            40.7253968
          ],
          [
            -74.010128,
            40.7254134
          ],
          [
            -74.0107621,
            40.7258809
          ],
          [
            -74.0107271,
            40.7260665
          ],
          [
            -74.0107116,
            40.7261603
          ],
          [
            -74.0106982,
            40.7262416
          ],
          [
            -74.0105338,
            40.7279732
          ],
          [
            -74.0104357,
            40.7290077
          ],
          [
            -74.0104267,
            40.7290892
          ],
          [
            -74.01042,
            40.7291613
          ],
          [
            -74.0104154,
            40.7292063
          ],
          [
            -74.0103584,
            40.7297183
          ],
          [
            -74.0103545,
            40.7297548
          ],
          [
            -74.0103484,
            40.7298199
          ],
          [
            -74.0103397,
            40.7298921
          ],
          [
            -74.010286,
            40.7304793
          ],
          [
            -74.0102789,
            40.7305563
          ],
          [
            -74.0102713,
            40.7306357
          ],
          [
            -74.0102167,
            40.7311926
          ],
          [
            -74.0102108,
            40.7312875
          ],
          [
            -74.010202,
            40.7313685
          ],
          [
            -74.0101881,
            40.7315206
          ],
          [
            -74.0101406,
            40.7319407
          ],
          [
            -74.010134,
            40.7320086
          ],
          [
            -74.0101275,
            40.7320749
          ],
          [
            -74.0101071,
            40.7322992
          ],
          [
            -74.0100954,
            40.7324328
          ],
          [
            -74.0100847,
            40.7325687
          ],
          [
            -74.0100367,
            40.7331171
          ],
          [
            -74.010034,
            40.7331598
          ],
          [
            -74.0100293,
            40.7332334
          ],
          [
            -74.0099733,
            40.7338013
          ],
          [
            -74.0099681,
            40.7338723
          ],
          [
            -74.0099621,
            40.7339538
          ],
          [
            -74.0099319,
            40.7342408
          ],
          [
            -74.0099031,
            40.7345179
          ],
          [
            -74.0098973,
            40.734592
          ],
          [
            -74.0098918,
            40.7346459
          ],
          [
            -74.0098477,
            40.7352295
          ],
          [
            -74.0098404,
            40.7353181
          ],
          [
            -74.0098314,
            40.7353895
          ],
          [
            -74.0097838,
            40.7359305
          ],
          [
            -74.0097789,
            40.7360068
          ],
          [
            -74.0097728,
            40.7360722
          ],
          [
            -74.0097028,
            40.7369125
          ],
          [
            -74.0096973,
            40.7369773
          ],
          [
            -74.0096934,
            40.7370237
          ],
          [
            -74.0096684,
            40.7374881
          ],
          [
            -74.009665,
            40.7375667
          ],
          [
            -74.0096619,
            40.7376377
          ],
          [
            -74.0096541,
            40.7381023
          ],
          [
            -74.0096502,
            40.7381115
          ],
          [
            -74.0096433,
            40.7381186
          ],
          [
            -74.0096179,
            40.7381571
          ],
          [
            -74.0096005,
            40.738187
          ],
          [
            -74.0095868,
            40.7382042
          ],
          [
            -74.0095478,
            40.7387187
          ],
          [
            -74.0095623,
            40.738755
          ],
          [
            -74.0095934,
            40.7388328
          ],
          [
            -74.0095471,
            40.7388886
          ],
          [
            -74.0095164,
            40.7392072
          ],
          [
            -74.0095072,
            40.739303
          ],
          [
            -74.0095072,
            40.7393239
          ],
          [
            -74.0095062,
            40.7393473
          ],
          [
            -74.0095053,
            40.739365
          ],
          [
            -74.0095038,
            40.7394105
          ],
          [
            -74.0095027,
            40.7394312
          ],
          [
            -74.0095101,
            40.7395372
          ],
          [
            -74.009335,
            40.7398051
          ],
          [
            -74.0092089,
            40.7398844
          ],
          [
            -74.0089702,
            40.7401587
          ],
          [
            -74.0088718,
            40.7406162
          ],
          [
            -74.0088704,
            40.7406459
          ],
          [
            -74.0088565,
            40.7406876
          ],
          [
            -74.0088505,
            40.7407327
          ],
          [
            -74.0088433,
            40.7407589
          ],
          [
            -74.0087315,
            40.7411261
          ],
          [
            -74.0086153,
            40.7413559
          ],
          [
            -74.0086355,
            40.7413627
          ],
          [
            -74.0087003,
            40.7413862
          ],
          [
            -74.008745,
            40.7414003
          ],
          [
            -74.0087935,
            40.7414157
          ],
          [
            -74.0088103,
            40.7414215
          ],
          [
            -74.0087863,
            40.7414689
          ],
          [
            -74.0088219,
            40.7414743
          ],
          [
            -74.0089072,
            40.7414863
          ],
          [
            -74.0088735,
            40.7416144
          ],
          [
            -74.0088229,
            40.7418214
          ],
          [
            -74.0087381,
            40.7421542
          ],
          [
            -74.0087268,
            40.7422001
          ],
          [
            -74.0087078,
            40.7423282
          ],
          [
            -74.0086913,
            40.7424705
          ],
          [
            -74.008605,
            40.7428568
          ],
          [
            -74.0085783,
            40.7429878
          ],
          [
            -74.0085672,
            40.7430422
          ],
          [
            -74.0085446,
            40.7431598
          ],
          [
            -74.0085153,
            40.7433149
          ],
          [
            -74.0084087,
            40.7438876
          ],
          [
            -74.0083937,
            40.7439767
          ],
          [
            -74.0082935,
            40.7445268
          ],
          [
            -74.0082819,
            40.7445922
          ],
          [
            -74.0082636,
            40.7446911
          ],
          [
            -74.0081928,
            40.745081
          ],
          [
            -74.0081686,
            40.7452094
          ],
          [
            -74.0081602,
            40.7452542
          ],
          [
            -74.0081345,
            40.7453904
          ],
          [
            -74.0083054,
            40.7454644
          ],
          [
            -74.0082607,
            40.7457414
          ],
          [
            -74.0082416,
            40.7458455
          ],
          [
            -74.0082219,
            40.7459535
          ],
          [
            -74.0080489,
            40.7469022
          ],
          [
            -74.0080441,
            40.7469283
          ],
          [
            -74.0080148,
            40.7470819
          ],
          [
            -74.0078415,
            40.7479993
          ],
          [
            -74.007828,
            40.748087
          ],
          [
            -74.0078223,
            40.7481553
          ],
          [
            -74.0078206,
            40.7482277
          ],
          [
            -74.0078202,
            40.74829
          ],
          [
            -74.0078213,
            40.7483583
          ],
          [
            -74.0078249,
            40.7484266
          ],
          [
            -74.0078314,
            40.7484971
          ],
          [
            -74.0078419,
            40.7485591
          ],
          [
            -74.0078547,
            40.74862
          ],
          [
            -74.0078223,
            40.7486301
          ],
          [
            -74.00778,
            40.7486488
          ],
          [
            -74.0076825,
            40.7486964
          ],
          [
            -74.0077055,
            40.7487787
          ],
          [
            -74.0077235,
            40.7488304
          ],
          [
            -74.0077485,
            40.7488933
          ],
          [
            -74.007776,
            40.7489568
          ],
          [
            -74.0078144,
            40.7490334
          ],
          [
            -74.0078503,
            40.7491032
          ],
          [
            -74.0079013,
            40.7492004
          ],
          [
            -74.0079425,
            40.7492691
          ],
          [
            -74.008112,
            40.7495772
          ],
          [
            -74.0081442,
            40.7496399
          ],
          [
            -74.0081727,
            40.7497034
          ],
          [
            -74.0081981,
            40.7497665
          ],
          [
            -74.0082241,
            40.7498429
          ],
          [
            -74.008247,
            40.7499232
          ],
          [
            -74.0082644,
            40.7499968
          ],
          [
            -74.0082762,
            40.7500477
          ],
          [
            -74.0081937,
            40.7500564
          ],
          [
            -74.0081407,
            40.7500825
          ],
          [
            -74.0081457,
            40.7501038
          ],
          [
            -74.0081705,
            40.7502088
          ],
          [
            -74.008197,
            40.7503208
          ],
          [
            -74.0082009,
            40.7503374
          ],
          [
            -74.0081216,
            40.7505536
          ],
          [
            -74.0079311,
            40.7510511
          ],
          [
            -74.0077483,
            40.7515328
          ],
          [
            -74.0077393,
            40.7515723
          ],
          [
            -74.0077206,
            40.7516
          ],
          [
            -74.0076901,
            40.75168
          ],
          [
            -74.0076703,
            40.7517318
          ],
          [
            -74.0074775,
            40.752297
          ],
          [
            -74.0074503,
            40.7523663
          ],
          [
            -74.0074252,
            40.7524304
          ],
          [
            -74.0072019,
            40.7530057
          ],
          [
            -74.0071768,
            40.7530649
          ],
          [
            -74.007146,
            40.7531293
          ],
          [
            -74.0069588,
            40.7536556
          ],
          [
            -74.0069308,
            40.7536933
          ],
          [
            -74.006906,
            40.7537668
          ],
          [
            -74.0068994,
            40.7537844
          ],
          [
            -74.0068869,
            40.7538173
          ],
          [
            -74.0068658,
            40.7538689
          ],
          [
            -74.0068044,
            40.7540174
          ],
          [
            -74.0065995,
            40.7543169
          ],
          [
            -74.0065694,
            40.7543507
          ],
          [
            -74.006558,
            40.7543635
          ],
          [
            -74.0065149,
            40.7544158
          ],
          [
            -74.0064891,
            40.7544472
          ],
          [
            -74.0064749,
            40.7544652
          ],
          [
            -74.0062599,
            40.7547528
          ],
          [
            -74.0061901,
            40.7548487
          ],
          [
            -74.0060882,
            40.7549894
          ],
          [
            -74.0052095,
            40.7562014
          ],
          [
            -74.0052,
            40.7562145
          ],
          [
            -74.0051697,
            40.7562562
          ],
          [
            -74.0051364,
            40.7563021
          ],
          [
            -74.0051283,
            40.7563133
          ],
          [
            -74.0047757,
            40.7568052
          ],
          [
            -74.0047673,
            40.7568151
          ],
          [
            -74.0047593,
            40.7568228
          ],
          [
            -74.0047476,
            40.7568265
          ],
          [
            -74.0047363,
            40.7568253
          ],
          [
            -74.0047197,
            40.7568462
          ],
          [
            -74.0046674,
            40.7569153
          ],
          [
            -74.0046117,
            40.7569889
          ],
          [
            -74.0045805,
            40.7570315
          ],
          [
            -74.0045687,
            40.7570497
          ],
          [
            -74.0045558,
            40.7570819
          ],
          [
            -74.0045425,
            40.757118
          ],
          [
            -74.0045344,
            40.7571385
          ],
          [
            -74.0024899,
            40.7599463
          ],
          [
            -74.0020031,
            40.7606202
          ],
          [
            -74.0019965,
            40.7606298
          ],
          [
            -74.0019445,
            40.7606965
          ],
          [
            -74.0019116,
            40.7607329
          ],
          [
            -74.0019068,
            40.7607441
          ],
          [
            -74.0015274,
            40.7612565
          ],
          [
            -74.0015034,
            40.7612917
          ],
          [
            -74.0014551,
            40.7613459
          ],
          [
            -74.001447,
            40.7613552
          ],
          [
            -74.0010403,
            40.7618094
          ],
          [
            -74.0010164,
            40.7618558
          ],
          [
            -74.0009244,
            40.7619288
          ],
          [
            -74.0008232,
            40.7620047
          ],
          [
            -74.0007931,
            40.7620361
          ],
          [
            -74.0002409,
            40.7624535
          ],
          [
            -74.0001649,
            40.7625034
          ],
          [
            -74.0001234,
            40.7625379
          ],
          [
            -74.0000963,
            40.7625613
          ],
          [
            -73.9995959,
            40.7629406
          ],
          [
            -73.999627,
            40.762954
          ],
          [
            -73.999704,
            40.76299
          ],
          [
            -73.9997975,
            40.7630337
          ],
          [
            -73.9998149,
            40.763042
          ],
          [
            -73.9998936,
            40.7630793
          ],
          [
            -73.999975,
            40.7631136
          ],
          [
            -74.0000107,
            40.7631458
          ],
          [
            -74.0000319,
            40.7631615
          ],
          [
            -74.0000513,
            40.7631754
          ],
          [
            -74.0001055,
            40.763214
          ],
          [
            -73.9998807,
            40.7633553
          ],
          [
            -73.9996483,
            40.7635013
          ],
          [
            -73.9995303,
            40.7636496
          ],
          [
            -73.9991882,
            40.7640965
          ],
          [
            -73.9991028,
            40.764208
          ],
          [
            -73.9990064,
            40.7643388
          ],
          [
            -73.9989526,
            40.7644128
          ],
          [
            -73.9989004,
            40.7644409
          ],
          [
            -73.9989057,
            40.7644554
          ],
          [
            -73.998906,
            40.7644744
          ],
          [
            -73.9988992,
            40.764493
          ],
          [
            -73.9988876,
            40.7645097
          ],
          [
            -73.9988708,
            40.7645326
          ],
          [
            -73.9984258,
            40.7651529
          ],
          [
            -73.9982592,
            40.7653759
          ],
          [
            -73.9980433,
            40.7656679
          ],
          [
            -73.9960198,
            40.7684761
          ],
          [
            -73.9958389,
            40.7687036
          ],
          [
            -73.995766,
            40.7687953
          ],
          [
            -73.9954188,
            40.7692842
          ],
          [
            -73.9953687,
            40.7693567
          ],
          [
            -73.9952663,
            40.7695034
          ],
          [
            -73.995221,
            40.7695488
          ],
          [
            -73.9951629,
            40.7696237
          ],
          [
            -73.9950878,
            40.76969
          ],
          [
            -73.9950176,
            40.7698483
          ],
          [
            -73.9949854,
            40.7699223
          ],
          [
            -73.9949614,
            40.770006
          ],
          [
            -73.9949438,
            40.7700919
          ],
          [
            -73.9949359,
            40.7701315
          ],
          [
            -73.9949939,
            40.7701363
          ],
          [
            -73.995029,
            40.7701388
          ],
          [
            -73.9950641,
            40.7701412
          ],
          [
            -73.995083,
            40.7701438
          ],
          [
            -73.9951653,
            40.7701652
          ],
          [
            -73.9951586,
            40.7701773
          ],
          [
            -73.9951491,
            40.7702036
          ],
          [
            -73.9950699,
            40.7708462
          ],
          [
            -73.9952039,
            40.770925
          ],
          [
            -73.9952556,
            40.7709554
          ],
          [
            -73.9954523,
            40.7709341
          ],
          [
            -73.9957365,
            40.7705526
          ],
          [
            -73.9957529,
            40.7705293
          ],
          [
            -73.9957843,
            40.7705423
          ],
          [
            -73.9958099,
            40.7705509
          ],
          [
            -73.9958382,
            40.7705629
          ],
          [
            -73.9958659,
            40.7705749
          ],
          [
            -73.9958812,
            40.7705524
          ],
          [
            -73.9959341,
            40.770542
          ],
          [
            -73.9959848,
            40.7704752
          ]
        ]
      }
    },
    {
      "type": "Feature",
      "properties": {
        "scenario": "HARD - West Side Highway edge, huge target",
        "shape": "mix",
        "target_miles": 10.0,
        "distance_m": 16242.089777502515,
        "candidate_index": 2
      },
      "geometry": {
        "type": "LineString",
        "coordinates": [
          [
            -73.9959848,
            40.7704752
          ],
          [
            -73.9959341,
            40.770542
          ],
          [
            -73.9958812,
            40.7705524
          ],
          [
            -73.9958659,
            40.7705749
          ],
          [
            -73.9958382,
            40.7705629
          ],
          [
            -73.9958099,
            40.7705509
          ],
          [
            -73.9957843,
            40.7705423
          ],
          [
            -73.9957529,
            40.7705293
          ],
          [
            -73.9957365,
            40.7705526
          ],
          [
            -73.9954523,
            40.7709341
          ],
          [
            -73.995369,
            40.7710301
          ],
          [
            -73.9953373,
            40.7710743
          ],
          [
            -73.9950914,
            40.7714014
          ],
          [
            -73.9949757,
            40.771421
          ],
          [
            -73.9949021,
            40.7715145
          ],
          [
            -73.9948249,
            40.7716148
          ],
          [
            -73.9947851,
            40.7716615
          ],
          [
            -73.994752,
            40.7716986
          ],
          [
            -73.9947091,
            40.771752
          ],
          [
            -73.9943016,
            40.772259
          ],
          [
            -73.9942485,
            40.7723362
          ],
          [
            -73.9942178,
            40.7723784
          ],
          [
            -73.9938215,
            40.7729234
          ],
          [
            -73.9938048,
            40.772917
          ],
          [
            -73.9937912,
            40.772912
          ],
          [
            -73.993764,
            40.7729031
          ],
          [
            -73.9937088,
            40.7728841
          ],
          [
            -73.993671,
            40.7728778
          ],
          [
            -73.9932886,
            40.772735
          ],
          [
            -73.9932523,
            40.7727221
          ],
          [
            -73.9932121,
            40.7727074
          ],
          [
            -73.9931952,
            40.7727008
          ],
          [
            -73.9931832,
            40.7727128
          ],
          [
            -73.9931505,
            40.7727644
          ],
          [
            -73.9931196,
            40.7728156
          ],
          [
            -73.993091,
            40.7728541
          ],
          [
            -73.9929131,
            40.7730561
          ],
          [
            -73.992816,
            40.7731604
          ],
          [
            -73.992721,
            40.7732623
          ],
          [
            -73.9926438,
            40.7733451
          ],
          [
            -73.9924387,
            40.7735332
          ],
          [
            -73.9923214,
            40.7736306
          ],
          [
            -73.9920695,
            40.7738476
          ],
          [
            -73.9920531,
            40.7738617
          ],
          [
            -73.9919962,
            40.7739057
          ],
          [
            -73.991929,
            40.7739577
          ],
          [
            -73.9919155,
            40.773969
          ],
          [
            -73.9914025,
            40.7743988
          ],
          [
            -73.9913809,
            40.7744165
          ],
          [
            -73.9913409,
            40.7744473
          ],
          [
            -73.9912937,
            40.7744835
          ],
          [
            -73.9912763,
            40.7744975
          ],
          [
            -73.990725,
            40.7749427
          ],
          [
            -73.9906709,
            40.7749874
          ],
          [
            -73.9905932,
            40.7750516
          ],
          [
            -73.9903311,
            40.7752708
          ],
          [
            -73.990111,
            40.7754914
          ],
          [
            -73.9900986,
            40.7755032
          ],
          [
            -73.990052,
            40.7755358
          ],
          [
            -73.9899889,
            40.7755799
          ],
          [
            -73.989982,
            40.7755996
          ],
          [
            -73.9895636,
            40.7760817
          ],
          [
            -73.989548,
            40.7760984
          ],
          [
            -73.9895175,
            40.7761332
          ],
          [
            -73.9894814,
            40.7761744
          ],
          [
            -73.9894725,
            40.7761877
          ],
          [
            -73.9891184,
            40.7767166
          ],
          [
            -73.9874397,
            40.7759972
          ],
          [
            -73.9872986,
            40.7759417
          ],
          [
            -73.987171,
            40.7758915
          ],
          [
            -73.9871104,
            40.7759698
          ],
          [
            -73.9870528,
            40.7760444
          ],
          [
            -73.9867986,
            40.7763921
          ],
          [
            -73.9867462,
            40.7764638
          ],
          [
            -73.9864259,
            40.7769018
          ],
          [
            -73.9853204,
            40.776458
          ],
          [
            -73.9852235,
            40.7765908
          ],
          [
            -73.9851894,
            40.7766383
          ],
          [
            -73.9851682,
            40.7766675
          ],
          [
            -73.9851159,
            40.7766472
          ],
          [
            -73.9849681,
            40.776663
          ],
          [
            -73.9849483,
            40.7766554
          ],
          [
            -73.9848977,
            40.7766455
          ],
          [
            -73.9848432,
            40.7766586
          ],
          [
            -73.9847909,
            40.7766968
          ],
          [
            -73.9844825,
            40.7771222
          ],
          [
            -73.984426,
            40.7770988
          ],
          [
            -73.9841352,
            40.7769784
          ],
          [
            -73.9840652,
            40.7769495
          ],
          [
            -73.9839606,
            40.7769061
          ],
          [
            -73.9838317,
            40.7768528
          ],
          [
            -73.9837399,
            40.7768148
          ],
          [
            -73.9837023,
            40.7767992
          ],
          [
            -73.9832506,
            40.7766312
          ],
          [
            -73.9832326,
            40.7766255
          ],
          [
            -73.9832023,
            40.7766187
          ],
          [
            -73.9831564,
            40.7766084
          ],
          [
            -73.9830822,
            40.7765917
          ],
          [
            -73.9829985,
            40.7765729
          ],
          [
            -73.9829557,
            40.7765627
          ],
          [
            -73.9825952,
            40.776412
          ],
          [
            -73.9823578,
            40.7763158
          ],
          [
            -73.9823217,
            40.7763029
          ],
          [
            -73.9822258,
            40.7762603
          ],
          [
            -73.9821779,
            40.776239
          ],
          [
            -73.9821049,
            40.7762076
          ],
          [
            -73.9820416,
            40.7761812
          ],
          [
            -73.9819562,
            40.7761456
          ],
          [
            -73.9819173,
            40.7761282
          ],
          [
            -73.9803747,
            40.7754883
          ],
          [
            -73.9803622,
            40.7755032
          ],
          [
            -73.9803403,
            40.7755341
          ],
          [
            -73.98031,
            40.7755769
          ],
          [
            -73.980292,
            40.7755966
          ],
          [
            -73.9799177,
            40.7761106
          ],
          [
            -73.9799053,
            40.7761274
          ],
          [
            -73.9798787,
            40.7761619
          ],
          [
            -73.979847,
            40.7762031
          ],
          [
            -73.9798341,
            40.7762209
          ],
          [
            -73.979456,
            40.7767337
          ],
          [
            -73.979444,
            40.7767511
          ],
          [
            -73.979423,
            40.7767817
          ],
          [
            -73.9793902,
            40.776827
          ],
          [
            -73.9793764,
            40.7768459
          ],
          [
            -73.9789906,
            40.7773759
          ],
          [
            -73.9789734,
            40.7773995
          ],
          [
            -73.9789236,
            40.7774687
          ],
          [
            -73.9788665,
            40.7775481
          ],
          [
            -73.9788556,
            40.777563
          ],
          [
            -73.9784704,
            40.7780902
          ],
          [
            -73.9784488,
            40.7781206
          ],
          [
            -73.9784256,
            40.7781535
          ],
          [
            -73.9783964,
            40.7781946
          ],
          [
            -73.9783868,
            40.7782082
          ],
          [
            -73.9780046,
            40.7787296
          ],
          [
            -73.9779881,
            40.7787522
          ],
          [
            -73.9779594,
            40.7787904
          ],
          [
            -73.9779321,
            40.7788266
          ],
          [
            -73.9779181,
            40.778848
          ],
          [
            -73.9775278,
            40.7793664
          ],
          [
            -73.9775147,
            40.7793839
          ],
          [
            -73.9774928,
            40.779418
          ],
          [
            -73.9774665,
            40.7794588
          ],
          [
            -73.9774564,
            40.7794725
          ],
          [
            -73.9770794,
            40.7800027
          ],
          [
            -73.9770635,
            40.780025
          ],
          [
            -73.9770448,
            40.7800508
          ],
          [
            -73.97701,
            40.780099
          ],
          [
            -73.9769972,
            40.7801163
          ],
          [
            -73.9767845,
            40.7804098
          ],
          [
            -73.9766156,
            40.7806428
          ],
          [
            -73.9766032,
            40.780661
          ],
          [
            -73.9765701,
            40.7807053
          ],
          [
            -73.9765444,
            40.780729
          ],
          [
            -73.9765323,
            40.7807466
          ],
          [
            -73.9764984,
            40.7807384
          ],
          [
            -73.9764003,
            40.7807311
          ],
          [
            -73.976262,
            40.7807207
          ],
          [
            -73.9762349,
            40.7807122
          ],
          [
            -73.9762027,
            40.7807234
          ],
          [
            -73.9760508,
            40.7809263
          ],
          [
            -73.9759449,
            40.7810713
          ],
          [
            -73.9758813,
            40.7811585
          ],
          [
            -73.9758286,
            40.7812307
          ],
          [
            -73.9758099,
            40.7812563
          ],
          [
            -73.9754107,
            40.7818033
          ],
          [
            -73.9753832,
            40.7818409
          ],
          [
            -73.975331,
            40.7818215
          ],
          [
            -73.9752665,
            40.7818358
          ],
          [
            -73.9752081,
            40.7818594
          ],
          [
            -73.9751575,
            40.7818896
          ],
          [
            -73.9751138,
            40.7819356
          ],
          [
            -73.9750874,
            40.7819286
          ],
          [
            -73.9750125,
            40.7819235
          ],
          [
            -73.97498,
            40.7819289
          ],
          [
            -73.9749416,
            40.7819352
          ],
          [
            -73.9748696,
            40.7819544
          ],
          [
            -73.9747941,
            40.7819876
          ],
          [
            -73.9746841,
            40.7820613
          ],
          [
            -73.9746481,
            40.7821016
          ],
          [
            -73.9746327,
            40.7821374
          ],
          [
            -73.9746411,
            40.7822015
          ],
          [
            -73.9746113,
            40.782246
          ],
          [
            -73.9745669,
            40.7822908
          ],
          [
            -73.9745403,
            40.7823184
          ],
          [
            -73.9744868,
            40.7823739
          ],
          [
            -73.9744092,
            40.7824108
          ],
          [
            -73.9743096,
            40.7824406
          ],
          [
            -73.9742193,
            40.7824528
          ],
          [
            -73.9741354,
            40.7824564
          ],
          [
            -73.9741105,
            40.7824414
          ],
          [
            -73.9740553,
            40.7824125
          ],
          [
            -73.973993,
            40.7823907
          ],
          [
            -73.9739659,
            40.7823808
          ],
          [
            -73.9738915,
            40.7823491
          ],
          [
            -73.9738,
            40.7823033
          ],
          [
            -73.9737272,
            40.7822798
          ],
          [
            -73.9736476,
            40.7822636
          ],
          [
            -73.9735429,
            40.7822495
          ],
          [
            -73.9735331,
            40.7822489
          ],
          [
            -73.973443,
            40.7822439
          ],
          [
            -73.9733732,
            40.7822514
          ],
          [
            -73.9733661,
            40.7822526
          ],
          [
            -73.9733463,
            40.7822561
          ],
          [
            -73.9733079,
            40.782261
          ],
          [
            -73.9732669,
            40.7822663
          ],
          [
            -73.9732255,
            40.78227
          ],
          [
            -73.9731052,
            40.7822683
          ],
          [
            -73.9730153,
            40.7822602
          ],
          [
            -73.9729299,
            40.7822473
          ],
          [
            -73.972854,
            40.7822308
          ],
          [
            -73.9727861,
            40.7822108
          ],
          [
            -73.9727215,
            40.78219
          ],
          [
            -73.9724228,
            40.7820766
          ],
          [
            -73.9723922,
            40.7820696
          ],
          [
            -73.9723609,
            40.7820746
          ],
          [
            -73.9723369,
            40.7820863
          ],
          [
            -73.9722591,
            40.7821371
          ],
          [
            -73.9722015,
            40.7821122
          ],
          [
            -73.9721649,
            40.782095
          ],
          [
            -73.9721381,
            40.7820776
          ],
          [
            -73.9720755,
            40.7820344
          ],
          [
            -73.9720467,
            40.7820174
          ],
          [
            -73.9719382,
            40.7819714
          ],
          [
            -73.9719132,
            40.7820048
          ],
          [
            -73.9718489,
            40.7820923
          ],
          [
            -73.9717933,
            40.7821579
          ],
          [
            -73.9717714,
            40.78218
          ],
          [
            -73.9717521,
            40.7821735
          ],
          [
            -73.9716479,
            40.7821384
          ],
          [
            -73.9715467,
            40.7821056
          ],
          [
            -73.9715077,
            40.7820909
          ],
          [
            -73.9711302,
            40.7826078
          ],
          [
            -73.9711258,
            40.7826138
          ],
          [
            -73.9710606,
            40.7827048
          ],
          [
            -73.9706628,
            40.7832478
          ],
          [
            -73.9705805,
            40.7833604
          ],
          [
            -73.9702004,
            40.7838746
          ],
          [
            -73.9701981,
            40.7838777
          ],
          [
            -73.9701232,
            40.7839844
          ],
          [
            -73.9701217,
            40.7839866
          ],
          [
            -73.9697476,
            40.7845008
          ],
          [
            -73.969735,
            40.784514
          ],
          [
            -73.9697252,
            40.784526
          ],
          [
            -73.9696979,
            40.7845575
          ],
          [
            -73.9696696,
            40.7845975
          ],
          [
            -73.9696495,
            40.7846185
          ],
          [
            -73.9692728,
            40.7851515
          ],
          [
            -73.9692558,
            40.7851735
          ],
          [
            -73.9692369,
            40.7851994
          ],
          [
            -73.9691796,
            40.7852777
          ],
          [
            -73.9691511,
            40.7853166
          ],
          [
            -73.9691366,
            40.7853365
          ],
          [
            -73.9690766,
            40.7854185
          ],
          [
            -73.9687503,
            40.7858624
          ],
          [
            -73.9687495,
            40.7858635
          ],
          [
            -73.9686691,
            40.7859722
          ],
          [
            -73.9682874,
            40.7864977
          ],
          [
            -73.968207,
            40.7866085
          ],
          [
            -73.9678326,
            40.787124
          ],
          [
            -73.9677512,
            40.7872361
          ],
          [
            -73.9673735,
            40.787756
          ],
          [
            -73.9673692,
            40.7877751
          ],
          [
            -73.967315,
            40.7878397
          ],
          [
            -73.9672819,
            40.7878324
          ],
          [
            -73.9672501,
            40.7878281
          ],
          [
            -73.967226,
            40.7878282
          ],
          [
            -73.9671999,
            40.7878311
          ],
          [
            -73.967175,
            40.7878374
          ],
          [
            -73.9670316,
            40.7878926
          ],
          [
            -73.9669661,
            40.7879324
          ],
          [
            -73.9669378,
            40.7879413
          ],
          [
            -73.966901,
            40.7879453
          ],
          [
            -73.96686,
            40.7879466
          ],
          [
            -73.9667912,
            40.7879403
          ],
          [
            -73.966759,
            40.7879365
          ],
          [
            -73.9666836,
            40.7879156
          ],
          [
            -73.9666361,
            40.78788
          ],
          [
            -73.9664474,
            40.7877526
          ],
          [
            -73.9663734,
            40.7878192
          ],
          [
            -73.9661319,
            40.7880098
          ],
          [
            -73.965973,
            40.7881218
          ],
          [
            -73.9657789,
            40.7882233
          ],
          [
            -73.9657187,
            40.7882561
          ],
          [
            -73.9655424,
            40.7883488
          ],
          [
            -73.9653517,
            40.7884174
          ],
          [
            -73.9652134,
            40.7884548
          ],
          [
            -73.9650594,
            40.7884815
          ],
          [
            -73.964898,
            40.7884998
          ],
          [
            -73.9646213,
            40.7885182
          ],
          [
            -73.9645033,
            40.7884993
          ],
          [
            -73.9644085,
            40.7884866
          ],
          [
            -73.9643158,
            40.7884808
          ],
          [
            -73.9641811,
            40.7884753
          ],
          [
            -73.9639844,
            40.7884629
          ],
          [
            -73.963816,
            40.7884576
          ],
          [
            -73.9636818,
            40.7884653
          ],
          [
            -73.9635819,
            40.7884741
          ],
          [
            -73.9633217,
            40.7884985
          ],
          [
            -73.9630079,
            40.7885269
          ],
          [
            -73.9627451,
            40.7885919
          ],
          [
            -73.9624661,
            40.7887219
          ],
          [
            -73.9621884,
            40.7888466
          ],
          [
            -73.9621362,
            40.7888701
          ],
          [
            -73.9620292,
            40.7889574
          ],
          [
            -73.9619746,
            40.7889854
          ],
          [
            -73.9619,
            40.7890236
          ],
          [
            -73.961683,
            40.7891129
          ],
          [
            -73.9616561,
            40.789124
          ],
          [
            -73.9613932,
            40.789193
          ],
          [
            -73.9611652,
            40.7892174
          ],
          [
            -73.9608729,
            40.7892052
          ],
          [
            -73.960669,
            40.7891402
          ],
          [
            -73.9605726,
            40.7891059
          ],
          [
            -73.9603955,
            40.7890428
          ],
          [
            -73.9601192,
            40.7889676
          ],
          [
            -73.9597519,
            40.7889209
          ],
          [
            -73.9595078,
            40.788927
          ],
          [
            -73.9592798,
            40.7889676
          ],
          [
            -73.9590169,
            40.7890306
          ],
          [
            -73.9588161,
            40.7891057
          ],
          [
            -73.9586202,
            40.7891774
          ],
          [
            -73.9585117,
            40.7892803
          ],
          [
            -73.9584779,
            40.7893069
          ],
          [
            -73.9584522,
            40.7893238
          ],
          [
            -73.9584203,
            40.7893369
          ],
          [
            -73.9583578,
            40.7893536
          ],
          [
            -73.9582449,
            40.7893751
          ],
          [
            -73.9581224,
            40.789392
          ],
          [
            -73.9580241,
            40.7893983
          ],
          [
            -73.9578761,
            40.789402
          ],
          [
            -73.9577728,
            40.789411
          ],
          [
            -73.9577132,
            40.7894194
          ],
          [
            -73.9576563,
            40.7894373
          ],
          [
            -73.9576217,
            40.7894501
          ],
          [
            -73.9575958,
            40.7894641
          ],
          [
            -73.9575716,
            40.7894827
          ],
          [
            -73.9575434,
            40.7895076
          ],
          [
            -73.9575298,
            40.7895251
          ],
          [
            -73.9575177,
            40.7895481
          ],
          [
            -73.9575099,
            40.7895642
          ],
          [
            -73.9574914,
            40.7896414
          ],
          [
            -73.9574709,
            40.7897499
          ],
          [
            -73.9574095,
            40.7897395
          ],
          [
            -73.9573402,
            40.789722
          ],
          [
            -73.9572966,
            40.7897117
          ],
          [
            -73.9572465,
            40.789693
          ],
          [
            -73.9572004,
            40.7897677
          ],
          [
            -73.9571777,
            40.789797
          ],
          [
            -73.9571247,
            40.7898534
          ],
          [
            -73.9570787,
            40.7899047
          ],
          [
            -73.9570436,
            40.7899408
          ],
          [
            -73.9570053,
            40.7899714
          ],
          [
            -73.9569434,
            40.790007
          ],
          [
            -73.9568747,
            40.7900467
          ],
          [
            -73.9567978,
            40.7900992
          ],
          [
            -73.9567511,
            40.7901298
          ],
          [
            -73.9567219,
            40.7901467
          ],
          [
            -73.9566472,
            40.7902418
          ],
          [
            -73.9565975,
            40.7903117
          ],
          [
            -73.956575,
            40.7903371
          ],
          [
            -73.956539,
            40.7903664
          ],
          [
            -73.9565012,
            40.7903874
          ],
          [
            -73.9564535,
            40.7904084
          ],
          [
            -73.9563553,
            40.7904379
          ],
          [
            -73.9562188,
            40.7904737
          ],
          [
            -73.9561437,
            40.7904926
          ],
          [
            -73.9560779,
            40.7905137
          ],
          [
            -73.9560283,
            40.7905374
          ],
          [
            -73.9559792,
            40.7905712
          ],
          [
            -73.9559431,
            40.7905964
          ],
          [
            -73.9559021,
            40.7906342
          ],
          [
            -73.9558584,
            40.7906813
          ],
          [
            -73.9558212,
            40.7907254
          ],
          [
            -73.9557934,
            40.7907675
          ],
          [
            -73.9557475,
            40.7908551
          ],
          [
            -73.955714,
            40.7909101
          ],
          [
            -73.9556877,
            40.790946
          ],
          [
            -73.9556558,
            40.7909807
          ],
          [
            -73.9556009,
            40.7910276
          ],
          [
            -73.9555425,
            40.7910604
          ],
          [
            -73.9554876,
            40.7910855
          ],
          [
            -73.9554312,
            40.7911028
          ],
          [
            -73.9554042,
            40.7911047
          ],
          [
            -73.9553538,
            40.7910984
          ],
          [
            -73.9553339,
            40.7911719
          ],
          [
            -73.9553243,
            40.791211
          ],
          [
            -73.9553218,
            40.7912748
          ],
          [
            -73.9552938,
            40.7912943
          ],
          [
            -73.9552666,
            40.7913198
          ],
          [
            -73.9552194,
            40.7913655
          ],
          [
            -73.9551713,
            40.7913941
          ],
          [
            -73.955105,
            40.7914237
          ],
          [
            -73.955045,
            40.7914368
          ],
          [
            -73.9549652,
            40.7914537
          ],
          [
            -73.9548833,
            40.7914749
          ],
          [
            -73.9548327,
            40.7914929
          ],
          [
            -73.9547879,
            40.7915118
          ],
          [
            -73.9547463,
            40.7915354
          ],
          [
            -73.9546815,
            40.7915773
          ],
          [
            -73.9546318,
            40.7916039
          ],
          [
            -73.9545922,
            40.791619
          ],
          [
            -73.9545408,
            40.791629
          ],
          [
            -73.9545026,
            40.7916297
          ],
          [
            -73.9544409,
            40.7916245
          ],
          [
            -73.9543705,
            40.7916066
          ],
          [
            -73.9543102,
            40.791584
          ],
          [
            -73.9542818,
            40.7915755
          ],
          [
            -73.9542515,
            40.7915906
          ],
          [
            -73.9542242,
            40.7916011
          ],
          [
            -73.954189,
            40.7916093
          ],
          [
            -73.9541608,
            40.79162
          ],
          [
            -73.95411,
            40.7916425
          ],
          [
            -73.954047,
            40.7916838
          ],
          [
            -73.9540323,
            40.7916962
          ],
          [
            -73.9540189,
            40.7917135
          ],
          [
            -73.9539993,
            40.791752
          ],
          [
            -73.953986,
            40.7917887
          ],
          [
            -73.9539695,
            40.7918488
          ],
          [
            -73.9539469,
            40.7919102
          ],
          [
            -73.9539219,
            40.7919544
          ],
          [
            -73.953894,
            40.7919916
          ],
          [
            -73.9538756,
            40.7920081
          ],
          [
            -73.9538263,
            40.7920439
          ],
          [
            -73.9537773,
            40.7920791
          ],
          [
            -73.9537229,
            40.7921149
          ],
          [
            -73.9536708,
            40.7921427
          ],
          [
            -73.9536225,
            40.7921761
          ],
          [
            -73.9535807,
            40.7921991
          ],
          [
            -73.9535262,
            40.7922331
          ],
          [
            -73.9534832,
            40.7922584
          ],
          [
            -73.9534429,
            40.7923041
          ],
          [
            -73.9534202,
            40.7923401
          ],
          [
            -73.9534008,
            40.7923731
          ],
          [
            -73.9533944,
            40.7924231
          ],
          [
            -73.9533911,
            40.7924515
          ],
          [
            -73.9533745,
            40.7924811
          ],
          [
            -73.9533527,
            40.7925072
          ],
          [
            -73.9533246,
            40.7925364
          ],
          [
            -73.9532728,
            40.7925699
          ],
          [
            -73.9532236,
            40.7925982
          ],
          [
            -73.9531555,
            40.7926013
          ],
          [
            -73.9530567,
            40.7926089
          ],
          [
            -73.9529613,
            40.7926267
          ],
          [
            -73.9528743,
            40.7926533
          ],
          [
            -73.9528207,
            40.7926812
          ],
          [
            -73.9527807,
            40.7927428
          ],
          [
            -73.9527724,
            40.7927776
          ],
          [
            -73.9527019,
            40.7928177
          ],
          [
            -73.9526652,
            40.7928495
          ],
          [
            -73.9526557,
            40.7928823
          ],
          [
            -73.9525802,
            40.7929045
          ],
          [
            -73.9525205,
            40.7929362
          ],
          [
            -73.9524783,
            40.7929696
          ],
          [
            -73.9524503,
            40.7929987
          ],
          [
            -73.9524307,
            40.7930226
          ],
          [
            -73.9524272,
            40.7930273
          ],
          [
            -73.9524128,
            40.7930469
          ],
          [
            -73.9524024,
            40.7930643
          ],
          [
            -73.9522083,
            40.79334
          ],
          [
            -73.9521498,
            40.7934293
          ],
          [
            -73.9520062,
            40.7936239
          ],
          [
            -73.9519381,
            40.7935954
          ],
          [
            -73.9519024,
            40.7935806
          ],
          [
            -73.9518694,
            40.7935668
          ],
          [
            -73.9517994,
            40.7935345
          ],
          [
            -73.9517466,
            40.7936072
          ],
          [
            -73.9516725,
            40.7937092
          ],
          [
            -73.951288,
            40.7942383
          ],
          [
            -73.9512246,
            40.7943255
          ],
          [
            -73.9511495,
            40.7944288
          ],
          [
            -73.9507598,
            40.7949606
          ],
          [
            -73.9506828,
            40.7950657
          ],
          [
            -73.9503126,
            40.7955707
          ],
          [
            -73.9502251,
            40.7956901
          ],
          [
            -73.9498464,
            40.7962068
          ],
          [
            -73.9497638,
            40.7963222
          ],
          [
            -73.9495619,
            40.7965968
          ],
          [
            -73.9495411,
            40.7966224
          ],
          [
            -73.9495077,
            40.7966639
          ],
          [
            -73.9494559,
            40.7966471
          ],
          [
            -73.9494082,
            40.7966362
          ],
          [
            -73.9493593,
            40.796705
          ],
          [
            -73.9491569,
            40.7969895
          ],
          [
            -73.9490776,
            40.797101
          ],
          [
            -73.9490443,
            40.7971474
          ],
          [
            -73.9488396,
            40.7974325
          ],
          [
            -73.9488026,
            40.7974838
          ],
          [
            -73.9487589,
            40.797543
          ],
          [
            -73.9483746,
            40.7980548
          ],
          [
            -73.9483211,
            40.7981256
          ],
          [
            -73.9482464,
            40.7982212
          ],
          [
            -73.9481356,
            40.7981714
          ],
          [
            -73.9473785,
            40.7978462
          ],
          [
            -73.946755,
            40.7975884
          ],
          [
            -73.9465955,
            40.7978025
          ],
          [
            -73.9464386,
            40.7980138
          ],
          [
            -73.9463257,
            40.7979704
          ],
          [
            -73.9462158,
            40.7979248
          ],
          [
            -73.9460622,
            40.7981335
          ],
          [
            -73.9458115,
            40.7984741
          ],
          [
            -73.9457684,
            40.7985333
          ],
          [
            -73.9454507,
            40.7984022
          ],
          [
            -73.9452949,
            40.7983389
          ],
          [
            -73.9452316,
            40.7983164
          ],
          [
            -73.9450151,
            40.7983138
          ],
          [
            -73.944965,
            40.7983194
          ],
          [
            -73.9448771,
            40.7983399
          ],
          [
            -73.9446637,
            40.7984851
          ],
          [
            -73.9444943,
            40.7987052
          ],
          [
            -73.9444265,
            40.7987953
          ],
          [
            -73.9440172,
            40.7986202
          ],
          [
            -73.9439232,
            40.7986113
          ],
          [
            -73.9438639,
            40.7986056
          ],
          [
            -73.9436858,
            40.7985315
          ],
          [
            -73.9436499,
            40.7985128
          ],
          [
            -73.9435873,
            40.7984803
          ],
          [
            -73.9425542,
            40.7980403
          ],
          [
            -73.9422657,
            40.7979174
          ],
          [
            -73.9422415,
            40.7979071
          ],
          [
            -73.9421688,
            40.7978896
          ],
          [
            -73.9421032,
            40.7978738
          ],
          [
            -73.9420649,
            40.7978646
          ],
          [
            -73.9420514,
            40.797883
          ],
          [
            -73.9420293,
            40.7979131
          ],
          [
            -73.9411826,
            40.7975629
          ],
          [
            -73.9406467,
            40.7973412
          ],
          [
            -73.9406077,
            40.7973916
          ],
          [
            -73.9404711,
            40.7973307
          ],
          [
            -73.9400851,
            40.7978593
          ],
          [
            -73.9400272,
            40.7979386
          ],
          [
            -73.9399026,
            40.7978877
          ],
          [
            -73.9381296,
            40.7971633
          ],
          [
            -73.9379101,
            40.7970736
          ],
          [
            -73.9378397,
            40.7971672
          ],
          [
            -73.937452,
            40.7976817
          ],
          [
            -73.9373192,
            40.7976278
          ],
          [
            -73.9372797,
            40.7976795
          ],
          [
            -73.9372335,
            40.7977422
          ],
          [
            -73.936857,
            40.798254
          ],
          [
            -73.9368206,
            40.7983076
          ],
          [
            -73.9367771,
            40.7983682
          ],
          [
            -73.9366702,
            40.7985168
          ],
          [
            -73.9365959,
            40.7984866
          ],
          [
            -73.9365706,
            40.7984763
          ],
          [
            -73.9362811,
            40.7988376
          ],
          [
            -73.936237,
            40.7988913
          ],
          [
            -73.9362005,
            40.7989357
          ],
          [
            -73.9361919,
            40.7989476
          ],
          [
            -73.9358158,
            40.7994661
          ],
          [
            -73.9357825,
            40.7995081
          ],
          [
            -73.9357143,
            40.7994809
          ],
          [
            -73.9336695,
            40.7986268
          ],
          [
            -73.9336392,
            40.7986134
          ],
          [
            -73.9335312,
            40.7985686
          ],
          [
            -73.9333975,
            40.7985219
          ],
          [
            -73.9333564,
            40.7985767
          ],
          [
            -73.9329442,
            40.7991438
          ],
          [
            -73.9326312,
            40.7990102
          ],
          [
            -73.9323758,
            40.7989442
          ],
          [
            -73.9321572,
            40.7988478
          ],
          [
            -73.9321739,
            40.7990738
          ],
          [
            -73.9321651,
            40.7996665
          ],
          [
            -73.9325106,
            40.7997405
          ],
          [
            -73.9324816,
            40.7997819
          ],
          [
            -73.9326135,
            40.7998302
          ],
          [
            -73.9326483,
            40.7997827
          ],
          [
            -73.9327112,
            40.799697
          ],
          [
            -73.9329598,
            40.7993583
          ],
          [
            -73.9334495,
            40.7986852
          ],
          [
            -73.9334651,
            40.7986638
          ],
          [
            -73.9335312,
            40.7985686
          ],
          [
            -73.9335771,
            40.7985094
          ],
          [
            -73.9339496,
            40.7980023
          ],
          [
            -73.9339919,
            40.7979434
          ],
          [
            -73.9340329,
            40.7978864
          ],
          [
            -73.9341029,
            40.7977867
          ],
          [
            -73.9342081,
            40.7976445
          ],
          [
            -73.9344119,
            40.7973686
          ],
          [
            -73.9344558,
            40.7973103
          ],
          [
            -73.9344968,
            40.7972538
          ],
          [
            -73.934576,
            40.7971446
          ],
          [
            -73.9346852,
            40.796994
          ],
          [
            -73.9347567,
            40.7968968
          ],
          [
            -73.9348246,
            40.7968018
          ],
          [
            -73.9348685,
            40.7967414
          ],
          [
            -73.934912,
            40.7966814
          ],
          [
            -73.934953,
            40.7966254
          ],
          [
            -73.9350109,
            40.7965465
          ],
          [
            -73.9350488,
            40.7964912
          ],
          [
            -73.9353315,
            40.7961102
          ],
          [
            -73.9354016,
            40.7960087
          ],
          [
            -73.9354753,
            40.7959118
          ],
          [
            -73.9356435,
            40.7956808
          ],
          [
            -73.9358527,
            40.795389
          ],
          [
            -73.9359028,
            40.7953208
          ],
          [
            -73.9359562,
            40.7952491
          ],
          [
            -73.9360799,
            40.7952741
          ],
          [
            -73.9361173,
            40.7952816
          ],
          [
            -73.9364481,
            40.79483
          ],
          [
            -73.9365413,
            40.7947027
          ],
          [
            -73.9365634,
            40.7946717
          ],
          [
            -73.9369065,
            40.7942042
          ],
          [
            -73.9369223,
            40.7941827
          ],
          [
            -73.9370083,
            40.7940653
          ],
          [
            -73.9373366,
            40.7936172
          ],
          [
            -73.9373515,
            40.7935959
          ],
          [
            -73.9374051,
            40.7935198
          ],
          [
            -73.9374419,
            40.7934677
          ],
          [
            -73.9374561,
            40.7934476
          ],
          [
            -73.9378318,
            40.7929386
          ],
          [
            -73.9378783,
            40.7928746
          ],
          [
            -73.9379175,
            40.7928231
          ],
          [
            -73.93828,
            40.7923099
          ],
          [
            -73.9383369,
            40.7922363
          ],
          [
            -73.9383716,
            40.7921913
          ],
          [
            -73.9387467,
            40.7916757
          ],
          [
            -73.9387863,
            40.7916235
          ],
          [
            -73.9388295,
            40.7915659
          ],
          [
            -73.9392049,
            40.7910548
          ],
          [
            -73.9392715,
            40.790964
          ],
          [
            -73.9393251,
            40.7908907
          ],
          [
            -73.939649,
            40.790446
          ],
          [
            -73.939742,
            40.79032
          ],
          [
            -73.9397574,
            40.7902999
          ],
          [
            -73.9400279,
            40.7904164
          ],
          [
            -73.9400553,
            40.7903812
          ],
          [
            -73.9402165,
            40.7904508
          ],
          [
            -73.9402609,
            40.7904699
          ],
          [
            -73.9404337,
            40.7905444
          ],
          [
            -73.9404667,
            40.7905586
          ],
          [
            -73.9405551,
            40.7904359
          ],
          [
            -73.9406082,
            40.7904571
          ],
          [
            -73.940664,
            40.7904726
          ],
          [
            -73.9407193,
            40.7904824
          ],
          [
            -73.9407429,
            40.7904846
          ],
          [
            -73.9408034,
            40.7904773
          ],
          [
            -73.9408507,
            40.7904792
          ],
          [
            -73.9408705,
            40.7904847
          ],
          [
            -73.9411386,
            40.7905946
          ],
          [
            -73.9414344,
            40.7907214
          ],
          [
            -73.9415717,
            40.7907805
          ],
          [
            -73.9417728,
            40.7907457
          ],
          [
            -73.9419272,
            40.7905368
          ],
          [
            -73.9422368,
            40.7906673
          ],
          [
            -73.9423062,
            40.7905734
          ],
          [
            -73.9423786,
            40.7904755
          ],
          [
            -73.9427615,
            40.7899572
          ],
          [
            -73.9428092,
            40.7898925
          ],
          [
            -73.9428434,
            40.789846
          ],
          [
            -73.9432243,
            40.7893277
          ],
          [
            -73.9432673,
            40.7892701
          ],
          [
            -73.9433043,
            40.7892189
          ],
          [
            -73.9433503,
            40.7892278
          ],
          [
            -73.9434488,
            40.789247
          ],
          [
            -73.9436034,
            40.7892754
          ],
          [
            -73.9439415,
            40.7888173
          ],
          [
            -73.9439986,
            40.78874
          ],
          [
            -73.9440291,
            40.7886986
          ],
          [
            -73.9444048,
            40.7881895
          ],
          [
            -73.9444629,
            40.7881058
          ],
          [
            -73.9445219,
            40.7880228
          ],
          [
            -73.9446591,
            40.7878333
          ],
          [
            -73.9448547,
            40.7875489
          ],
          [
            -73.9449272,
            40.7874509
          ],
          [
            -73.9451677,
            40.7871259
          ],
          [
            -73.9453193,
            40.7869209
          ],
          [
            -73.9453931,
            40.7868212
          ],
          [
            -73.9454292,
            40.7867723
          ],
          [
            -73.9455722,
            40.7865814
          ],
          [
            -73.9457768,
            40.7863025
          ],
          [
            -73.9458265,
            40.7862344
          ],
          [
            -73.9458747,
            40.7861684
          ],
          [
            -73.9463549,
            40.7863702
          ],
          [
            -73.9464363,
            40.7860652
          ],
          [
            -73.9469288,
            40.7861426
          ],
          [
            -73.94694,
            40.7861026
          ],
          [
            -73.9470424,
            40.7861204
          ],
          [
            -73.9470497,
            40.7860992
          ],
          [
            -73.9471832,
            40.7861192
          ],
          [
            -73.9471936,
            40.7860934
          ],
          [
            -73.9473576,
            40.7861261
          ],
          [
            -73.9478021,
            40.7860327
          ],
          [
            -73.9480111,
            40.7860512
          ],
          [
            -73.9481516,
            40.7857325
          ],
          [
            -73.948622,
            40.7859337
          ],
          [
            -73.9486519,
            40.7859392
          ],
          [
            -73.9487791,
            40.7859595
          ],
          [
            -73.9489095,
            40.7859804
          ],
          [
            -73.9489343,
            40.7859909
          ],
          [
            -73.9489475,
            40.7859729
          ],
          [
            -73.9489756,
            40.7859346
          ],
          [
            -73.9489998,
            40.7859015
          ],
          [
            -73.9490165,
            40.7858787
          ],
          [
            -73.9492537,
            40.7855551
          ],
          [
            -73.9492986,
            40.785573
          ],
          [
            -73.9493716,
            40.7855333
          ],
          [
            -73.9494096,
            40.785518
          ],
          [
            -73.94945,
            40.7855069
          ],
          [
            -73.949492,
            40.7854999
          ],
          [
            -73.9495348,
            40.7854974
          ],
          [
            -73.9495777,
            40.7854993
          ],
          [
            -73.9496723,
            40.7855134
          ],
          [
            -73.9496939,
            40.7854838
          ],
          [
            -73.9500372,
            40.7856262
          ],
          [
            -73.9500853,
            40.7856462
          ],
          [
            -73.950108,
            40.7856556
          ],
          [
            -73.9501314,
            40.7856653
          ],
          [
            -73.9501763,
            40.7856839
          ],
          [
            -73.9506822,
            40.7858937
          ],
          [
            -73.9507593,
            40.7859257
          ],
          [
            -73.9507816,
            40.7859349
          ],
          [
            -73.9508584,
            40.7859669
          ],
          [
            -73.9509305,
            40.7859967
          ],
          [
            -73.9509575,
            40.7860079
          ],
          [
            -73.9509766,
            40.7859841
          ],
          [
            -73.9510303,
            40.7859175
          ],
          [
            -73.9510884,
            40.7858453
          ],
          [
            -73.9511106,
            40.7858164
          ],
          [
            -73.9514879,
            40.7852977
          ],
          [
            -73.9515309,
            40.7852386
          ],
          [
            -73.9515693,
            40.7851858
          ],
          [
            -73.9519506,
            40.7846719
          ],
          [
            -73.9519952,
            40.7846117
          ],
          [
            -73.9520341,
            40.7845592
          ],
          [
            -73.9524087,
            40.7840451
          ],
          [
            -73.952422,
            40.7840268
          ],
          [
            -73.9524529,
            40.7839845
          ],
          [
            -73.9524798,
            40.7839476
          ],
          [
            -73.9524908,
            40.7839324
          ],
          [
            -73.9528674,
            40.7834155
          ],
          [
            -73.9528802,
            40.783398
          ],
          [
            -73.9529124,
            40.7833538
          ],
          [
            -73.9529406,
            40.7833151
          ],
          [
            -73.9529479,
            40.783305
          ],
          [
            -73.953323,
            40.7827931
          ],
          [
            -73.9533624,
            40.7827397
          ],
          [
            -73.9534083,
            40.7826768
          ],
          [
            -73.9534108,
            40.7826778
          ],
          [
            -73.9537831,
            40.7821645
          ],
          [
            -73.9538288,
            40.7821015
          ],
          [
            -73.9538661,
            40.7820501
          ],
          [
            -73.9542442,
            40.7815341
          ],
          [
            -73.9542866,
            40.7814763
          ],
          [
            -73.9543261,
            40.7814225
          ],
          [
            -73.9556327,
            40.7819727
          ],
          [
            -73.9560074,
            40.7814608
          ],
          [
            -73.9560501,
            40.7814025
          ],
          [
            -73.9560915,
            40.7813459
          ],
          [
            -73.9564671,
            40.7808327
          ],
          [
            -73.9565098,
            40.7807738
          ],
          [
            -73.9565521,
            40.7807166
          ],
          [
            -73.9569331,
            40.7802035
          ],
          [
            -73.9570447,
            40.7802499
          ],
          [
            -73.957097,
            40.780272
          ],
          [
            -73.9571686,
            40.7803028
          ],
          [
            -73.9572278,
            40.7803255
          ],
          [
            -73.9573331,
            40.7803659
          ],
          [
            -73.9574043,
            40.7802697
          ],
          [
            -73.9574746,
            40.7801701
          ],
          [
            -73.9587688,
            40.7807144
          ],
          [
            -73.9591589,
            40.7801939
          ],
          [
            -73.9591699,
            40.7801792
          ],
          [
            -73.9592074,
            40.7801292
          ],
          [
            -73.9592327,
            40.7800954
          ],
          [
            -73.9592492,
            40.7800734
          ],
          [
            -73.9592688,
            40.7800816
          ],
          [
            -73.9593518,
            40.7801164
          ],
          [
            -73.9594349,
            40.7801518
          ],
          [
            -73.9594634,
            40.780164
          ],
          [
            -73.9598476,
            40.7796462
          ],
          [
            -73.9598526,
            40.7796393
          ],
          [
            -73.9598872,
            40.7795914
          ],
          [
            -73.959915,
            40.7795529
          ],
          [
            -73.9599279,
            40.7795349
          ],
          [
            -73.960313,
            40.7790141
          ],
          [
            -73.9603532,
            40.7789579
          ],
          [
            -73.9603917,
            40.7789039
          ],
          [
            -73.9607675,
            40.7783779
          ],
          [
            -73.9608112,
            40.7783182
          ],
          [
            -73.9608469,
            40.7782694
          ],
          [
            -73.9612396,
            40.7777517
          ],
          [
            -73.9612871,
            40.7776866
          ],
          [
            -73.9613221,
            40.7776388
          ],
          [
            -73.9617048,
            40.7771167
          ],
          [
            -73.9617512,
            40.7770525
          ],
          [
            -73.9617858,
            40.7770046
          ],
          [
            -73.9631738,
            40.7775797
          ],
          [
            -73.9633046,
            40.7773954
          ],
          [
            -73.9633665,
            40.7773092
          ],
          [
            -73.9635432,
            40.7770634
          ],
          [
            -73.9635764,
            40.7770264
          ],
          [
            -73.963635,
            40.7769548
          ],
          [
            -73.9636809,
            40.7768964
          ],
          [
            -73.9636896,
            40.7768875
          ],
          [
            -73.9637811,
            40.7769073
          ],
          [
            -73.9639279,
            40.7769403
          ],
          [
            -73.9639454,
            40.776917
          ],
          [
            -73.9641406,
            40.7769694
          ],
          [
            -73.9642796,
            40.7769966
          ],
          [
            -73.9643816,
            40.7769804
          ],
          [
            -73.9644617,
            40.7769581
          ],
          [
            -73.9645434,
            40.7769359
          ],
          [
            -73.9646613,
            40.7768888
          ],
          [
            -73.9647541,
            40.7768463
          ],
          [
            -73.964847,
            40.7767967
          ],
          [
            -73.9649273,
            40.7767518
          ],
          [
            -73.9649746,
            40.7767103
          ],
          [
            -73.9650062,
            40.776652
          ],
          [
            -73.965036,
            40.7766019
          ],
          [
            -73.9651528,
            40.7765715
          ],
          [
            -73.9652527,
            40.7765434
          ],
          [
            -73.9653619,
            40.776531
          ],
          [
            -73.9654655,
            40.776523
          ],
          [
            -73.9658094,
            40.7765089
          ],
          [
            -73.9659734,
            40.7764981
          ],
          [
            -73.9661305,
            40.7764841
          ],
          [
            -73.9663567,
            40.7764203
          ],
          [
            -73.9664976,
            40.7763676
          ],
          [
            -73.9666589,
            40.7762816
          ],
          [
            -73.9667524,
            40.7762186
          ],
          [
            -73.9668291,
            40.7761518
          ],
          [
            -73.966888,
            40.776057
          ],
          [
            -73.9669577,
            40.7759344
          ],
          [
            -73.9670045,
            40.7758445
          ],
          [
            -73.9670531,
            40.7757711
          ],
          [
            -73.9671608,
            40.7756473
          ],
          [
            -73.967205,
            40.7755892
          ],
          [
            -73.9672316,
            40.775545
          ],
          [
            -73.967291,
            40.7754687
          ],
          [
            -73.9673515,
            40.7754008
          ],
          [
            -73.9674209,
            40.7753495
          ],
          [
            -73.9675111,
            40.7752957
          ],
          [
            -73.9676187,
            40.7752397
          ],
          [
            -73.9678141,
            40.7751485
          ],
          [
            -73.9680864,
            40.7750337
          ],
          [
            -73.9682281,
            40.7749609
          ],
          [
            -73.9682812,
            40.775008
          ],
          [
            -73.9683302,
            40.775054
          ],
          [
            -73.9683471,
            40.7750701
          ],
          [
            -73.9684143,
            40.7751236
          ],
          [
            -73.9686053,
            40.7750238
          ],
          [
            -73.9688326,
            40.7748863
          ],
          [
            -73.9691376,
            40.7747271
          ],
          [
            -73.9691908,
            40.7747136
          ],
          [
            -73.9692469,
            40.7746993
          ],
          [
            -73.969362,
            40.774706
          ],
          [
            -73.9694433,
            40.774706
          ],
          [
            -73.9695465,
            40.7746961
          ],
          [
            -73.9696338,
            40.7746784
          ],
          [
            -73.9696929,
            40.774665
          ],
          [
            -73.9697396,
            40.7746465
          ],
          [
            -73.9697969,
            40.7746187
          ],
          [
            -73.9698572,
            40.7745835
          ],
          [
            -73.9699781,
            40.7744948
          ],
          [
            -73.9700632,
            40.7744436
          ],
          [
            -73.9701791,
            40.7743933
          ],
          [
            -73.9703625,
            40.7743251
          ],
          [
            -73.9704526,
            40.7743043
          ],
          [
            -73.9705137,
            40.774291
          ],
          [
            -73.9705841,
            40.7743003
          ],
          [
            -73.9706011,
            40.7742435
          ],
          [
            -73.9706402,
            40.7741932
          ],
          [
            -73.9706976,
            40.7741544
          ],
          [
            -73.9707591,
            40.7741326
          ],
          [
            -73.9708261,
            40.7741241
          ],
          [
            -73.9708936,
            40.7741297
          ],
          [
            -73.9709195,
            40.7740903
          ],
          [
            -73.9709358,
            40.7740639
          ],
          [
            -73.9709457,
            40.7740493
          ],
          [
            -73.9710678,
            40.7740787
          ],
          [
            -73.9711687,
            40.7740159
          ],
          [
            -73.9712255,
            40.773867
          ],
          [
            -73.9712391,
            40.7738243
          ],
          [
            -73.9712558,
            40.7737813
          ],
          [
            -73.9712771,
            40.7737354
          ],
          [
            -73.9713009,
            40.7736773
          ],
          [
            -73.9713888,
            40.7734684
          ],
          [
            -73.9714016,
            40.7734346
          ],
          [
            -73.9715118,
            40.773454
          ],
          [
            -73.9716112,
            40.7734718
          ],
          [
            -73.9716079,
            40.7734434
          ],
          [
            -73.9716133,
            40.7734199
          ],
          [
            -73.9716265,
            40.7733934
          ],
          [
            -73.9716444,
            40.7733599
          ],
          [
            -73.9716638,
            40.7733241
          ],
          [
            -73.9716961,
            40.7733001
          ],
          [
            -73.9717342,
            40.7732748
          ],
          [
            -73.9717618,
            40.7732531
          ],
          [
            -73.9717972,
            40.7732133
          ],
          [
            -73.9718343,
            40.7731375
          ],
          [
            -73.9718603,
            40.7730429
          ],
          [
            -73.9719016,
            40.7729825
          ],
          [
            -73.972022,
            40.7728063
          ],
          [
            -73.9721718,
            40.7727495
          ],
          [
            -73.9722329,
            40.7726723
          ],
          [
            -73.9722749,
            40.7726418
          ],
          [
            -73.9723328,
            40.7725884
          ],
          [
            -73.9725076,
            40.7724351
          ],
          [
            -73.9726702,
            40.7725137
          ],
          [
            -73.9727711,
            40.7725675
          ],
          [
            -73.9728835,
            40.7726207
          ],
          [
            -73.9730117,
            40.7726781
          ],
          [
            -73.9730841,
            40.7726998
          ],
          [
            -73.973155,
            40.7727119
          ],
          [
            -73.9732566,
            40.7727247
          ],
          [
            -73.9733269,
            40.772728
          ],
          [
            -73.9734158,
            40.7727339
          ],
          [
            -73.9735158,
            40.7727397
          ],
          [
            -73.9736157,
            40.7727572
          ],
          [
            -73.9737038,
            40.7727818
          ],
          [
            -73.9738375,
            40.7728345
          ],
          [
            -73.9739134,
            40.7728605
          ],
          [
            -73.9740836,
            40.7728944
          ],
          [
            -73.9741748,
            40.7729096
          ],
          [
            -73.9742769,
            40.7729185
          ],
          [
            -73.9743504,
            40.7729218
          ],
          [
            -73.9744723,
            40.7729252
          ],
          [
            -73.9745899,
            40.7729265
          ],
          [
            -73.9747282,
            40.772926
          ],
          [
            -73.9748692,
            40.7729241
          ],
          [
            -73.9750863,
            40.7729185
          ],
          [
            -73.9752818,
            40.7729102
          ],
          [
            -73.9754953,
            40.7728998
          ],
          [
            -73.9757035,
            40.7728852
          ],
          [
            -73.9758812,
            40.7728675
          ],
          [
            -73.9762151,
            40.7728182
          ],
          [
            -73.976258,
            40.7728145
          ],
          [
            -73.9762927,
            40.772815
          ],
          [
            -73.976328,
            40.7728179
          ],
          [
            -73.9764012,
            40.7728337
          ],
          [
            -73.9764521,
            40.7728446
          ],
          [
            -73.9765209,
            40.7728601
          ],
          [
            -73.976569,
            40.7728705
          ],
          [
            -73.9766253,
            40.772723
          ],
          [
            -73.976683,
            40.7725571
          ],
          [
            -73.9767019,
            40.7725013
          ],
          [
            -73.9767328,
            40.7724343
          ],
          [
            -73.9767538,
            40.7723881
          ],
          [
            -73.9768072,
            40.772282
          ],
          [
            -73.9768555,
            40.7721982
          ],
          [
            -73.976918,
            40.7721004
          ],
          [
            -73.976973,
            40.7720148
          ],
          [
            -73.9770455,
            40.7719177
          ],
          [
            -73.9771163,
            40.7718265
          ],
          [
            -73.9771871,
            40.7717452
          ],
          [
            -73.9772623,
            40.77167
          ],
          [
            -73.9773467,
            40.7715916
          ],
          [
            -73.9774634,
            40.771493
          ],
          [
            -73.9775474,
            40.77143
          ],
          [
            -73.9776401,
            40.7713706
          ],
          [
            -73.9781104,
            40.7710732
          ],
          [
            -73.9782512,
            40.7709764
          ],
          [
            -73.9784708,
            40.7708124
          ],
          [
            -73.9786675,
            40.7706569
          ],
          [
            -73.9787604,
            40.7705839
          ],
          [
            -73.978882,
            40.7704807
          ],
          [
            -73.9789817,
            40.7703969
          ],
          [
            -73.9791204,
            40.7702731
          ],
          [
            -73.9792529,
            40.7701446
          ],
          [
            -73.9794124,
            40.7699871
          ],
          [
            -73.9795189,
            40.769875
          ],
          [
            -73.9796435,
            40.7697239
          ],
          [
            -73.9797213,
            40.769622
          ],
          [
            -73.9797907,
            40.7695197
          ],
          [
            -73.9798395,
            40.7694343
          ],
          [
            -73.9798807,
            40.7693518
          ],
          [
            -73.9799165,
            40.7692679
          ],
          [
            -73.9799478,
            40.769184
          ],
          [
            -73.9799575,
            40.7691506
          ],
          [
            -73.9800637,
            40.7691424
          ],
          [
            -73.9802674,
            40.7690681
          ],
          [
            -73.9804365,
            40.7689616
          ],
          [
            -73.9806356,
            40.7688313
          ],
          [
            -73.9807937,
            40.7687652
          ],
          [
            -73.9811992,
            40.7685112
          ],
          [
            -73.981396,
            40.76846
          ],
          [
            -73.9814003,
            40.7684638
          ],
          [
            -73.9814135,
            40.7684762
          ],
          [
            -73.9814194,
            40.7684826
          ],
          [
            -73.9814212,
            40.7684881
          ],
          [
            -73.9814221,
            40.7684963
          ],
          [
            -73.9814193,
            40.7685043
          ],
          [
            -73.9814145,
            40.7685126
          ],
          [
            -73.9814404,
            40.7685229
          ],
          [
            -73.9815179,
            40.7685525
          ],
          [
            -73.9815905,
            40.7685803
          ],
          [
            -73.9816361,
            40.7685977
          ],
          [
            -73.9816771,
            40.7686147
          ],
          [
            -73.9818395,
            40.7686818
          ],
          [
            -73.9818495,
            40.7686923
          ],
          [
            -73.9818548,
            40.7687037
          ],
          [
            -73.981858,
            40.768718
          ],
          [
            -73.98186,
            40.768741
          ],
          [
            -73.9818624,
            40.7688235
          ],
          [
            -73.981914,
            40.7688267
          ],
          [
            -73.9819931,
            40.7688306
          ],
          [
            -73.9820567,
            40.7688337
          ],
          [
            -73.9820891,
            40.7688404
          ],
          [
            -73.9821003,
            40.7688427
          ],
          [
            -73.9821194,
            40.7688467
          ],
          [
            -73.9821305,
            40.768849
          ],
          [
            -73.9821989,
            40.7688613
          ],
          [
            -73.9822966,
            40.7688789
          ],
          [
            -73.9823277,
            40.7688913
          ],
          [
            -73.9831287,
            40.7692282
          ],
          [
            -73.9831923,
            40.7692549
          ],
          [
            -73.9833751,
            40.7693318
          ],
          [
            -73.9834474,
            40.7692347
          ],
          [
            -73.9834848,
            40.7691845
          ],
          [
            -73.9840081,
            40.7684674
          ],
          [
            -73.9841451,
            40.7682749
          ],
          [
            -73.9844475,
            40.7684028
          ],
          [
            -73.9845748,
            40.7684538
          ],
          [
            -73.9847016,
            40.7685088
          ],
          [
            -73.9850292,
            40.7686454
          ],
          [
            -73.9850605,
            40.7686528
          ],
          [
            -73.9851638,
            40.7686769
          ],
          [
            -73.9852772,
            40.7687033
          ],
          [
            -73.9853147,
            40.7687111
          ],
          [
            -73.9853274,
            40.7686951
          ],
          [
            -73.9853619,
            40.7686483
          ],
          [
            -73.9853896,
            40.7686106
          ],
          [
            -73.9854043,
            40.7685916
          ],
          [
            -73.9857875,
            40.7680767
          ],
          [
            -73.9883627,
            40.7691672
          ],
          [
            -73.9883913,
            40.7691785
          ],
          [
            -73.9884867,
            40.7692158
          ],
          [
            -73.9885245,
            40.7692313
          ],
          [
            -73.9885511,
            40.7692421
          ],
          [
            -73.9885925,
            40.7692585
          ],
          [
            -73.9886225,
            40.7692716
          ],
          [
            -73.9890244,
            40.7694452
          ],
          [
            -73.990262,
            40.7699642
          ],
          [
            -73.9903347,
            40.7698683
          ],
          [
            -73.9907805,
            40.7700557
          ],
          [
            -73.9912635,
            40.7702607
          ],
          [
            -73.9913138,
            40.7701871
          ],
          [
            -73.9913303,
            40.7701648
          ],
          [
            -73.9917112,
            40.7696518
          ],
          [
            -73.991725,
            40.7696331
          ],
          [
            -73.9917655,
            40.769585
          ],
          [
            -73.9917971,
            40.7695474
          ],
          [
            -73.9918056,
            40.7695353
          ],
          [
            -73.9918226,
            40.7695416
          ],
          [
            -73.9919218,
            40.7695804
          ],
          [
            -73.9920004,
            40.7696113
          ],
          [
            -73.9920531,
            40.769632
          ],
          [
            -73.9920706,
            40.7696386
          ],
          [
            -73.992201,
            40.7694674
          ],
          [
            -73.9924527,
            40.7691369
          ],
          [
            -73.9927509,
            40.7692624
          ],
          [
            -73.994226,
            40.7698891
          ],
          [
            -73.9942671,
            40.769923
          ],
          [
            -73.9943283,
            40.7699551
          ],
          [
            -73.9945121,
            40.7700337
          ],
          [
            -73.9945872,
            40.7700656
          ],
          [
            -73.9946861,
            40.7701077
          ],
          [
            -73.9947699,
            40.7701157
          ],
          [
            -73.9948544,
            40.7701237
          ],
          [
            -73.994886,
            40.7701267
          ],
          [
            -73.9949359,
            40.7701315
          ],
          [
            -73.9949939,
            40.7701363
          ],
          [
            -73.995029,
            40.7701388
          ],
          [
            -73.9950641,
            40.7701412
          ],
          [
            -73.995083,
            40.7701438
          ],
          [
            -73.9951653,
            40.7701652
          ],
          [
            -73.9951988,
            40.7701288
          ],
          [
            -73.9952515,
            40.7700943
          ],
          [
            -73.9953146,
            40.7700597
          ],
          [
            -73.9953548,
            40.770044
          ],
          [
            -73.9954086,
            40.7700362
          ],
          [
            -73.9954722,
            40.7700344
          ],
          [
            -73.9955391,
            40.7700373
          ],
          [
            -73.9956025,
            40.7700453
          ],
          [
            -73.9956734,
            40.7700678
          ],
          [
            -73.9957293,
            40.7700989
          ],
          [
            -73.9957622,
            40.7701275
          ],
          [
            -73.9957937,
            40.7701613
          ],
          [
            -73.9958177,
            40.7701987
          ],
          [
            -73.9958424,
            40.7702519
          ],
          [
            -73.9958599,
            40.7702952
          ],
          [
            -73.9958797,
            40.7703567
          ],
          [
            -73.9958375,
            40.7704103
          ],
          [
            -73.9958718,
            40.7704238
          ],
          [
            -73.9959429,
            40.770454
          ],
          [
            -73.9959568,
            40.7704598
          ],
          [
            -73.9959538,
            40.7704646
          ],
          [
            -73.9959447,
            40.7704739
          ],
          [
            -73.9959348,
            40.7704841
          ],
          [
            -73.9959209,
            40.7704937
          ],
          [
            -73.995901,
            40.7705011
          ],
          [
            -73.9958824,
            40.7705091
          ],
          [
            -73.9958656,
            40.7705188
          ],
          [
            -73.9958525,
            40.7705296
          ],
          [
            -73.9958455,
            40.7705364
          ],
          [
            -73.995855,
            40.7705413
          ],
          [
            -73.9958812,
            40.7705524
          ],
          [
            -73.9959341,
            40.770542
          ],
          [
            -73.9959848,
            40.7704752
          ]
        ]
      }
    },
    {
      "type": "Feature",
      "properties": {
        "scenario": "HARD - West Side Highway edge, huge target",
        "shape": "mix",
        "target_miles": 10.0,
        "distance_m": 16212.975605067297,
        "candidate_index": 3
      },
      "geometry": {
        "type": "LineString",
        "coordinates": [
          [
            -73.9959848,
            40.7704752
          ],
          [
            -73.9959341,
            40.770542
          ],
          [
            -73.9958812,
            40.7705524
          ],
          [
            -73.9958659,
            40.7705749
          ],
          [
            -73.9958382,
            40.7705629
          ],
          [
            -73.9958099,
            40.7705509
          ],
          [
            -73.9957843,
            40.7705423
          ],
          [
            -73.9957529,
            40.7705293
          ],
          [
            -73.9957365,
            40.7705526
          ],
          [
            -73.9954523,
            40.7709341
          ],
          [
            -73.995369,
            40.7710301
          ],
          [
            -73.9953373,
            40.7710743
          ],
          [
            -73.9950914,
            40.7714014
          ],
          [
            -73.9949757,
            40.771421
          ],
          [
            -73.9949021,
            40.7715145
          ],
          [
            -73.9948249,
            40.7716148
          ],
          [
            -73.9947851,
            40.7716615
          ],
          [
            -73.994752,
            40.7716986
          ],
          [
            -73.9947091,
            40.771752
          ],
          [
            -73.9943016,
            40.772259
          ],
          [
            -73.9942485,
            40.7723362
          ],
          [
            -73.9942178,
            40.7723784
          ],
          [
            -73.9938215,
            40.7729234
          ],
          [
            -73.9938048,
            40.772917
          ],
          [
            -73.9937912,
            40.772912
          ],
          [
            -73.993764,
            40.7729031
          ],
          [
            -73.9937088,
            40.7728841
          ],
          [
            -73.993671,
            40.7728778
          ],
          [
            -73.9932886,
            40.772735
          ],
          [
            -73.9932523,
            40.7727221
          ],
          [
            -73.9932121,
            40.7727074
          ],
          [
            -73.9931952,
            40.7727008
          ],
          [
            -73.9931832,
            40.7727128
          ],
          [
            -73.9931505,
            40.7727644
          ],
          [
            -73.9931196,
            40.7728156
          ],
          [
            -73.993091,
            40.7728541
          ],
          [
            -73.9929131,
            40.7730561
          ],
          [
            -73.992816,
            40.7731604
          ],
          [
            -73.992721,
            40.7732623
          ],
          [
            -73.9926438,
            40.7733451
          ],
          [
            -73.9924387,
            40.7735332
          ],
          [
            -73.9923214,
            40.7736306
          ],
          [
            -73.9920695,
            40.7738476
          ],
          [
            -73.9920531,
            40.7738617
          ],
          [
            -73.9919962,
            40.7739057
          ],
          [
            -73.991929,
            40.7739577
          ],
          [
            -73.9919155,
            40.773969
          ],
          [
            -73.9914025,
            40.7743988
          ],
          [
            -73.9913809,
            40.7744165
          ],
          [
            -73.9913409,
            40.7744473
          ],
          [
            -73.9912937,
            40.7744835
          ],
          [
            -73.9912763,
            40.7744975
          ],
          [
            -73.990725,
            40.7749427
          ],
          [
            -73.9906709,
            40.7749874
          ],
          [
            -73.9905932,
            40.7750516
          ],
          [
            -73.9903311,
            40.7752708
          ],
          [
            -73.990111,
            40.7754914
          ],
          [
            -73.9900986,
            40.7755032
          ],
          [
            -73.990052,
            40.7755358
          ],
          [
            -73.9899889,
            40.7755799
          ],
          [
            -73.989982,
            40.7755996
          ],
          [
            -73.9895636,
            40.7760817
          ],
          [
            -73.989548,
            40.7760984
          ],
          [
            -73.9895175,
            40.7761332
          ],
          [
            -73.9894814,
            40.7761744
          ],
          [
            -73.9894725,
            40.7761877
          ],
          [
            -73.9891184,
            40.7767166
          ],
          [
            -73.9874397,
            40.7759972
          ],
          [
            -73.9872986,
            40.7759417
          ],
          [
            -73.987171,
            40.7758915
          ],
          [
            -73.9871104,
            40.7759698
          ],
          [
            -73.9870528,
            40.7760444
          ],
          [
            -73.9867986,
            40.7763921
          ],
          [
            -73.9867462,
            40.7764638
          ],
          [
            -73.9864259,
            40.7769018
          ],
          [
            -73.9853204,
            40.776458
          ],
          [
            -73.9852235,
            40.7765908
          ],
          [
            -73.9851894,
            40.7766383
          ],
          [
            -73.9851682,
            40.7766675
          ],
          [
            -73.9851159,
            40.7766472
          ],
          [
            -73.9849681,
            40.776663
          ],
          [
            -73.9849483,
            40.7766554
          ],
          [
            -73.9848977,
            40.7766455
          ],
          [
            -73.9848432,
            40.7766586
          ],
          [
            -73.9847909,
            40.7766968
          ],
          [
            -73.9844825,
            40.7771222
          ],
          [
            -73.984426,
            40.7770988
          ],
          [
            -73.9841352,
            40.7769784
          ],
          [
            -73.9840652,
            40.7769495
          ],
          [
            -73.9839606,
            40.7769061
          ],
          [
            -73.9838317,
            40.7768528
          ],
          [
            -73.9837399,
            40.7768148
          ],
          [
            -73.9837023,
            40.7767992
          ],
          [
            -73.9832506,
            40.7766312
          ],
          [
            -73.9832326,
            40.7766255
          ],
          [
            -73.9832023,
            40.7766187
          ],
          [
            -73.9831564,
            40.7766084
          ],
          [
            -73.9830822,
            40.7765917
          ],
          [
            -73.9829985,
            40.7765729
          ],
          [
            -73.9829557,
            40.7765627
          ],
          [
            -73.9825952,
            40.776412
          ],
          [
            -73.9823578,
            40.7763158
          ],
          [
            -73.9823217,
            40.7763029
          ],
          [
            -73.9822258,
            40.7762603
          ],
          [
            -73.9821779,
            40.776239
          ],
          [
            -73.9821049,
            40.7762076
          ],
          [
            -73.9820416,
            40.7761812
          ],
          [
            -73.9819562,
            40.7761456
          ],
          [
            -73.9819173,
            40.7761282
          ],
          [
            -73.9803747,
            40.7754883
          ],
          [
            -73.9803622,
            40.7755032
          ],
          [
            -73.9803403,
            40.7755341
          ],
          [
            -73.98031,
            40.7755769
          ],
          [
            -73.980292,
            40.7755966
          ],
          [
            -73.9799177,
            40.7761106
          ],
          [
            -73.9799053,
            40.7761274
          ],
          [
            -73.9798787,
            40.7761619
          ],
          [
            -73.979847,
            40.7762031
          ],
          [
            -73.9798341,
            40.7762209
          ],
          [
            -73.979456,
            40.7767337
          ],
          [
            -73.979444,
            40.7767511
          ],
          [
            -73.979423,
            40.7767817
          ],
          [
            -73.9793902,
            40.776827
          ],
          [
            -73.9793764,
            40.7768459
          ],
          [
            -73.9789906,
            40.7773759
          ],
          [
            -73.9789734,
            40.7773995
          ],
          [
            -73.9789236,
            40.7774687
          ],
          [
            -73.9788665,
            40.7775481
          ],
          [
            -73.9788556,
            40.777563
          ],
          [
            -73.9784704,
            40.7780902
          ],
          [
            -73.9784488,
            40.7781206
          ],
          [
            -73.9784256,
            40.7781535
          ],
          [
            -73.9783964,
            40.7781946
          ],
          [
            -73.9783868,
            40.7782082
          ],
          [
            -73.9780046,
            40.7787296
          ],
          [
            -73.9779881,
            40.7787522
          ],
          [
            -73.9779594,
            40.7787904
          ],
          [
            -73.9779321,
            40.7788266
          ],
          [
            -73.9779181,
            40.778848
          ],
          [
            -73.9775278,
            40.7793664
          ],
          [
            -73.9775147,
            40.7793839
          ],
          [
            -73.9774928,
            40.779418
          ],
          [
            -73.9774665,
            40.7794588
          ],
          [
            -73.9774564,
            40.7794725
          ],
          [
            -73.9770794,
            40.7800027
          ],
          [
            -73.9770635,
            40.780025
          ],
          [
            -73.9770448,
            40.7800508
          ],
          [
            -73.97701,
            40.780099
          ],
          [
            -73.9769972,
            40.7801163
          ],
          [
            -73.9767845,
            40.7804098
          ],
          [
            -73.9766156,
            40.7806428
          ],
          [
            -73.9766032,
            40.780661
          ],
          [
            -73.9765701,
            40.7807053
          ],
          [
            -73.9765444,
            40.780729
          ],
          [
            -73.9765323,
            40.7807466
          ],
          [
            -73.9764984,
            40.7807384
          ],
          [
            -73.9764003,
            40.7807311
          ],
          [
            -73.976262,
            40.7807207
          ],
          [
            -73.9762349,
            40.7807122
          ],
          [
            -73.9762027,
            40.7807234
          ],
          [
            -73.9760508,
            40.7809263
          ],
          [
            -73.9759449,
            40.7810713
          ],
          [
            -73.9758813,
            40.7811585
          ],
          [
            -73.9758286,
            40.7812307
          ],
          [
            -73.9758099,
            40.7812563
          ],
          [
            -73.9754107,
            40.7818033
          ],
          [
            -73.9753832,
            40.7818409
          ],
          [
            -73.975331,
            40.7818215
          ],
          [
            -73.9752665,
            40.7818358
          ],
          [
            -73.9752081,
            40.7818594
          ],
          [
            -73.9751575,
            40.7818896
          ],
          [
            -73.9751138,
            40.7819356
          ],
          [
            -73.9750874,
            40.7819286
          ],
          [
            -73.9750125,
            40.7819235
          ],
          [
            -73.97498,
            40.7819289
          ],
          [
            -73.9749416,
            40.7819352
          ],
          [
            -73.9748696,
            40.7819544
          ],
          [
            -73.9747941,
            40.7819876
          ],
          [
            -73.9746841,
            40.7820613
          ],
          [
            -73.9746481,
            40.7821016
          ],
          [
            -73.9746327,
            40.7821374
          ],
          [
            -73.9746411,
            40.7822015
          ],
          [
            -73.9746113,
            40.782246
          ],
          [
            -73.9745669,
            40.7822908
          ],
          [
            -73.9745403,
            40.7823184
          ],
          [
            -73.9744868,
            40.7823739
          ],
          [
            -73.9744092,
            40.7824108
          ],
          [
            -73.9743096,
            40.7824406
          ],
          [
            -73.9742193,
            40.7824528
          ],
          [
            -73.9741354,
            40.7824564
          ],
          [
            -73.9741105,
            40.7824414
          ],
          [
            -73.9740553,
            40.7824125
          ],
          [
            -73.973993,
            40.7823907
          ],
          [
            -73.9739659,
            40.7823808
          ],
          [
            -73.9738915,
            40.7823491
          ],
          [
            -73.9738,
            40.7823033
          ],
          [
            -73.9737272,
            40.7822798
          ],
          [
            -73.9736476,
            40.7822636
          ],
          [
            -73.9735429,
            40.7822495
          ],
          [
            -73.9735331,
            40.7822489
          ],
          [
            -73.973443,
            40.7822439
          ],
          [
            -73.9733732,
            40.7822514
          ],
          [
            -73.9733661,
            40.7822526
          ],
          [
            -73.9733463,
            40.7822561
          ],
          [
            -73.9733079,
            40.782261
          ],
          [
            -73.9732669,
            40.7822663
          ],
          [
            -73.9732255,
            40.78227
          ],
          [
            -73.9731052,
            40.7822683
          ],
          [
            -73.9730153,
            40.7822602
          ],
          [
            -73.9729299,
            40.7822473
          ],
          [
            -73.972854,
            40.7822308
          ],
          [
            -73.9727861,
            40.7822108
          ],
          [
            -73.9727215,
            40.78219
          ],
          [
            -73.9724228,
            40.7820766
          ],
          [
            -73.9723922,
            40.7820696
          ],
          [
            -73.9723609,
            40.7820746
          ],
          [
            -73.9723369,
            40.7820863
          ],
          [
            -73.9722591,
            40.7821371
          ],
          [
            -73.9722015,
            40.7821122
          ],
          [
            -73.9721649,
            40.782095
          ],
          [
            -73.9721381,
            40.7820776
          ],
          [
            -73.9720755,
            40.7820344
          ],
          [
            -73.9720467,
            40.7820174
          ],
          [
            -73.9719382,
            40.7819714
          ],
          [
            -73.9719132,
            40.7820048
          ],
          [
            -73.9718489,
            40.7820923
          ],
          [
            -73.9717933,
            40.7821579
          ],
          [
            -73.9717714,
            40.78218
          ],
          [
            -73.9717521,
            40.7821735
          ],
          [
            -73.9716479,
            40.7821384
          ],
          [
            -73.9715467,
            40.7821056
          ],
          [
            -73.9715077,
            40.7820909
          ],
          [
            -73.9711302,
            40.7826078
          ],
          [
            -73.9711258,
            40.7826138
          ],
          [
            -73.9710606,
            40.7827048
          ],
          [
            -73.9706628,
            40.7832478
          ],
          [
            -73.9705805,
            40.7833604
          ],
          [
            -73.9702004,
            40.7838746
          ],
          [
            -73.9701981,
            40.7838777
          ],
          [
            -73.9701232,
            40.7839844
          ],
          [
            -73.9701217,
            40.7839866
          ],
          [
            -73.9697476,
            40.7845008
          ],
          [
            -73.969735,
            40.784514
          ],
          [
            -73.9697252,
            40.784526
          ],
          [
            -73.9696979,
            40.7845575
          ],
          [
            -73.9696696,
            40.7845975
          ],
          [
            -73.9696495,
            40.7846185
          ],
          [
            -73.9692728,
            40.7851515
          ],
          [
            -73.9692558,
            40.7851735
          ],
          [
            -73.9692369,
            40.7851994
          ],
          [
            -73.9691796,
            40.7852777
          ],
          [
            -73.9691511,
            40.7853166
          ],
          [
            -73.9691366,
            40.7853365
          ],
          [
            -73.9690766,
            40.7854185
          ],
          [
            -73.9687503,
            40.7858624
          ],
          [
            -73.9687495,
            40.7858635
          ],
          [
            -73.9686691,
            40.7859722
          ],
          [
            -73.9682874,
            40.7864977
          ],
          [
            -73.968207,
            40.7866085
          ],
          [
            -73.9678326,
            40.787124
          ],
          [
            -73.9677512,
            40.7872361
          ],
          [
            -73.9673735,
            40.787756
          ],
          [
            -73.9673692,
            40.7877751
          ],
          [
            -73.967315,
            40.7878397
          ],
          [
            -73.9672819,
            40.7878324
          ],
          [
            -73.9672501,
            40.7878281
          ],
          [
            -73.967226,
            40.7878282
          ],
          [
            -73.9671999,
            40.7878311
          ],
          [
            -73.967175,
            40.7878374
          ],
          [
            -73.9670316,
            40.7878926
          ],
          [
            -73.9669661,
            40.7879324
          ],
          [
            -73.9669378,
            40.7879413
          ],
          [
            -73.966901,
            40.7879453
          ],
          [
            -73.96686,
            40.7879466
          ],
          [
            -73.9667912,
            40.7879403
          ],
          [
            -73.966759,
            40.7879365
          ],
          [
            -73.9666836,
            40.7879156
          ],
          [
            -73.9666361,
            40.78788
          ],
          [
            -73.9664474,
            40.7877526
          ],
          [
            -73.9663734,
            40.7878192
          ],
          [
            -73.9661319,
            40.7880098
          ],
          [
            -73.965973,
            40.7881218
          ],
          [
            -73.9657789,
            40.7882233
          ],
          [
            -73.9657187,
            40.7882561
          ],
          [
            -73.9655424,
            40.7883488
          ],
          [
            -73.9653517,
            40.7884174
          ],
          [
            -73.9652134,
            40.7884548
          ],
          [
            -73.9650594,
            40.7884815
          ],
          [
            -73.964898,
            40.7884998
          ],
          [
            -73.9646213,
            40.7885182
          ],
          [
            -73.9645033,
            40.7884993
          ],
          [
            -73.9644085,
            40.7884866
          ],
          [
            -73.9643158,
            40.7884808
          ],
          [
            -73.9641811,
            40.7884753
          ],
          [
            -73.9639844,
            40.7884629
          ],
          [
            -73.963816,
            40.7884576
          ],
          [
            -73.9636818,
            40.7884653
          ],
          [
            -73.9635819,
            40.7884741
          ],
          [
            -73.9633217,
            40.7884985
          ],
          [
            -73.9630079,
            40.7885269
          ],
          [
            -73.9627451,
            40.7885919
          ],
          [
            -73.9624661,
            40.7887219
          ],
          [
            -73.9621884,
            40.7888466
          ],
          [
            -73.9621362,
            40.7888701
          ],
          [
            -73.9620292,
            40.7889574
          ],
          [
            -73.9619746,
            40.7889854
          ],
          [
            -73.9619,
            40.7890236
          ],
          [
            -73.961683,
            40.7891129
          ],
          [
            -73.9616561,
            40.789124
          ],
          [
            -73.9613932,
            40.789193
          ],
          [
            -73.9611652,
            40.7892174
          ],
          [
            -73.9608729,
            40.7892052
          ],
          [
            -73.960669,
            40.7891402
          ],
          [
            -73.9605726,
            40.7891059
          ],
          [
            -73.9603955,
            40.7890428
          ],
          [
            -73.9601192,
            40.7889676
          ],
          [
            -73.9597519,
            40.7889209
          ],
          [
            -73.9595078,
            40.788927
          ],
          [
            -73.9592798,
            40.7889676
          ],
          [
            -73.9590169,
            40.7890306
          ],
          [
            -73.9588161,
            40.7891057
          ],
          [
            -73.9586202,
            40.7891774
          ],
          [
            -73.9585117,
            40.7892803
          ],
          [
            -73.9584779,
            40.7893069
          ],
          [
            -73.9584522,
            40.7893238
          ],
          [
            -73.9584203,
            40.7893369
          ],
          [
            -73.9583578,
            40.7893536
          ],
          [
            -73.9582449,
            40.7893751
          ],
          [
            -73.9581224,
            40.789392
          ],
          [
            -73.9580241,
            40.7893983
          ],
          [
            -73.9578761,
            40.789402
          ],
          [
            -73.9577728,
            40.789411
          ],
          [
            -73.9577132,
            40.7894194
          ],
          [
            -73.9576563,
            40.7894373
          ],
          [
            -73.9576217,
            40.7894501
          ],
          [
            -73.9575958,
            40.7894641
          ],
          [
            -73.9575716,
            40.7894827
          ],
          [
            -73.9575434,
            40.7895076
          ],
          [
            -73.9575298,
            40.7895251
          ],
          [
            -73.9575177,
            40.7895481
          ],
          [
            -73.9575099,
            40.7895642
          ],
          [
            -73.9574914,
            40.7896414
          ],
          [
            -73.9574709,
            40.7897499
          ],
          [
            -73.9574095,
            40.7897395
          ],
          [
            -73.9573402,
            40.789722
          ],
          [
            -73.9572966,
            40.7897117
          ],
          [
            -73.9572465,
            40.789693
          ],
          [
            -73.9572004,
            40.7897677
          ],
          [
            -73.9571777,
            40.789797
          ],
          [
            -73.9571247,
            40.7898534
          ],
          [
            -73.9570787,
            40.7899047
          ],
          [
            -73.9570436,
            40.7899408
          ],
          [
            -73.9570053,
            40.7899714
          ],
          [
            -73.9569434,
            40.790007
          ],
          [
            -73.9568747,
            40.7900467
          ],
          [
            -73.9567978,
            40.7900992
          ],
          [
            -73.9567511,
            40.7901298
          ],
          [
            -73.9567219,
            40.7901467
          ],
          [
            -73.9566472,
            40.7902418
          ],
          [
            -73.9565975,
            40.7903117
          ],
          [
            -73.956575,
            40.7903371
          ],
          [
            -73.956539,
            40.7903664
          ],
          [
            -73.9565012,
            40.7903874
          ],
          [
            -73.9564535,
            40.7904084
          ],
          [
            -73.9563553,
            40.7904379
          ],
          [
            -73.9562188,
            40.7904737
          ],
          [
            -73.9561437,
            40.7904926
          ],
          [
            -73.9560779,
            40.7905137
          ],
          [
            -73.9560283,
            40.7905374
          ],
          [
            -73.9559792,
            40.7905712
          ],
          [
            -73.9559431,
            40.7905964
          ],
          [
            -73.9559021,
            40.7906342
          ],
          [
            -73.9558584,
            40.7906813
          ],
          [
            -73.9558212,
            40.7907254
          ],
          [
            -73.9557934,
            40.7907675
          ],
          [
            -73.9557475,
            40.7908551
          ],
          [
            -73.955714,
            40.7909101
          ],
          [
            -73.9556877,
            40.790946
          ],
          [
            -73.9556558,
            40.7909807
          ],
          [
            -73.9556009,
            40.7910276
          ],
          [
            -73.9555425,
            40.7910604
          ],
          [
            -73.9554876,
            40.7910855
          ],
          [
            -73.9554312,
            40.7911028
          ],
          [
            -73.9554042,
            40.7911047
          ],
          [
            -73.9553538,
            40.7910984
          ],
          [
            -73.9553339,
            40.7911719
          ],
          [
            -73.9553243,
            40.791211
          ],
          [
            -73.9553218,
            40.7912748
          ],
          [
            -73.9552938,
            40.7912943
          ],
          [
            -73.9552666,
            40.7913198
          ],
          [
            -73.9552194,
            40.7913655
          ],
          [
            -73.9551713,
            40.7913941
          ],
          [
            -73.955105,
            40.7914237
          ],
          [
            -73.955045,
            40.7914368
          ],
          [
            -73.9549652,
            40.7914537
          ],
          [
            -73.9548833,
            40.7914749
          ],
          [
            -73.9548327,
            40.7914929
          ],
          [
            -73.9547879,
            40.7915118
          ],
          [
            -73.9547463,
            40.7915354
          ],
          [
            -73.9546815,
            40.7915773
          ],
          [
            -73.9546318,
            40.7916039
          ],
          [
            -73.9545922,
            40.791619
          ],
          [
            -73.9545408,
            40.791629
          ],
          [
            -73.9545026,
            40.7916297
          ],
          [
            -73.9544409,
            40.7916245
          ],
          [
            -73.9543705,
            40.7916066
          ],
          [
            -73.9543102,
            40.791584
          ],
          [
            -73.9542818,
            40.7915755
          ],
          [
            -73.9542515,
            40.7915906
          ],
          [
            -73.9542242,
            40.7916011
          ],
          [
            -73.954189,
            40.7916093
          ],
          [
            -73.9541608,
            40.79162
          ],
          [
            -73.95411,
            40.7916425
          ],
          [
            -73.954047,
            40.7916838
          ],
          [
            -73.9540323,
            40.7916962
          ],
          [
            -73.9540189,
            40.7917135
          ],
          [
            -73.9539993,
            40.791752
          ],
          [
            -73.953986,
            40.7917887
          ],
          [
            -73.9539695,
            40.7918488
          ],
          [
            -73.9539469,
            40.7919102
          ],
          [
            -73.9539219,
            40.7919544
          ],
          [
            -73.953894,
            40.7919916
          ],
          [
            -73.9538756,
            40.7920081
          ],
          [
            -73.9538263,
            40.7920439
          ],
          [
            -73.9537773,
            40.7920791
          ],
          [
            -73.9537229,
            40.7921149
          ],
          [
            -73.9536708,
            40.7921427
          ],
          [
            -73.9536225,
            40.7921761
          ],
          [
            -73.9535807,
            40.7921991
          ],
          [
            -73.9535262,
            40.7922331
          ],
          [
            -73.9534832,
            40.7922584
          ],
          [
            -73.9534429,
            40.7923041
          ],
          [
            -73.9534202,
            40.7923401
          ],
          [
            -73.9534008,
            40.7923731
          ],
          [
            -73.9533944,
            40.7924231
          ],
          [
            -73.9533911,
            40.7924515
          ],
          [
            -73.9533745,
            40.7924811
          ],
          [
            -73.9533527,
            40.7925072
          ],
          [
            -73.9533246,
            40.7925364
          ],
          [
            -73.9532728,
            40.7925699
          ],
          [
            -73.9532236,
            40.7925982
          ],
          [
            -73.9531555,
            40.7926013
          ],
          [
            -73.9530567,
            40.7926089
          ],
          [
            -73.9529613,
            40.7926267
          ],
          [
            -73.9528743,
            40.7926533
          ],
          [
            -73.9528207,
            40.7926812
          ],
          [
            -73.9527807,
            40.7927428
          ],
          [
            -73.9527724,
            40.7927776
          ],
          [
            -73.9527019,
            40.7928177
          ],
          [
            -73.9526652,
            40.7928495
          ],
          [
            -73.9526557,
            40.7928823
          ],
          [
            -73.9525802,
            40.7929045
          ],
          [
            -73.9525205,
            40.7929362
          ],
          [
            -73.9524783,
            40.7929696
          ],
          [
            -73.9524503,
            40.7929987
          ],
          [
            -73.9524307,
            40.7930226
          ],
          [
            -73.9524272,
            40.7930273
          ],
          [
            -73.9524128,
            40.7930469
          ],
          [
            -73.9524024,
            40.7930643
          ],
          [
            -73.9522083,
            40.79334
          ],
          [
            -73.9521498,
            40.7934293
          ],
          [
            -73.9520062,
            40.7936239
          ],
          [
            -73.9519381,
            40.7935954
          ],
          [
            -73.9519024,
            40.7935806
          ],
          [
            -73.9518694,
            40.7935668
          ],
          [
            -73.9517994,
            40.7935345
          ],
          [
            -73.9517466,
            40.7936072
          ],
          [
            -73.9516725,
            40.7937092
          ],
          [
            -73.951288,
            40.7942383
          ],
          [
            -73.9512246,
            40.7943255
          ],
          [
            -73.9511495,
            40.7944288
          ],
          [
            -73.9507598,
            40.7949606
          ],
          [
            -73.9506828,
            40.7950657
          ],
          [
            -73.9503126,
            40.7955707
          ],
          [
            -73.9502251,
            40.7956901
          ],
          [
            -73.9498464,
            40.7962068
          ],
          [
            -73.9497638,
            40.7963222
          ],
          [
            -73.9495619,
            40.7965968
          ],
          [
            -73.9495411,
            40.7966224
          ],
          [
            -73.9495077,
            40.7966639
          ],
          [
            -73.9494559,
            40.7966471
          ],
          [
            -73.9494082,
            40.7966362
          ],
          [
            -73.9493593,
            40.796705
          ],
          [
            -73.9491569,
            40.7969895
          ],
          [
            -73.9490776,
            40.797101
          ],
          [
            -73.9490443,
            40.7971474
          ],
          [
            -73.9488396,
            40.7974325
          ],
          [
            -73.9488026,
            40.7974838
          ],
          [
            -73.9487589,
            40.797543
          ],
          [
            -73.9483746,
            40.7980548
          ],
          [
            -73.9483211,
            40.7981256
          ],
          [
            -73.9482464,
            40.7982212
          ],
          [
            -73.9481356,
            40.7981714
          ],
          [
            -73.9476819,
            40.798772
          ],
          [
            -73.9473421,
            40.7992268
          ],
          [
            -73.946909,
            40.7998283
          ],
          [
            -73.9468865,
            40.7998602
          ],
          [
            -73.9468459,
            40.7999159
          ],
          [
            -73.9467946,
            40.799985
          ],
          [
            -73.9467852,
            40.8
          ],
          [
            -73.9464026,
            40.8005203
          ],
          [
            -73.9463358,
            40.8006115
          ],
          [
            -73.9462527,
            40.8007249
          ],
          [
            -73.9458823,
            40.8012284
          ],
          [
            -73.9458383,
            40.8012875
          ],
          [
            -73.9457927,
            40.8013486
          ],
          [
            -73.945421,
            40.8018604
          ],
          [
            -73.9453789,
            40.8019183
          ],
          [
            -73.945333,
            40.8019813
          ],
          [
            -73.9449703,
            40.8024859
          ],
          [
            -73.9449239,
            40.802551
          ],
          [
            -73.9448748,
            40.8026198
          ],
          [
            -73.9444895,
            40.8031121
          ],
          [
            -73.94445,
            40.8031616
          ],
          [
            -73.9444101,
            40.8032115
          ],
          [
            -73.9443876,
            40.8032398
          ],
          [
            -73.9443463,
            40.8032919
          ],
          [
            -73.9440286,
            40.8031571
          ],
          [
            -73.9438851,
            40.8031459
          ],
          [
            -73.9433983,
            40.8033855
          ],
          [
            -73.9433353,
            40.8034626
          ],
          [
            -73.9432736,
            40.8035154
          ],
          [
            -73.9431837,
            40.8035723
          ],
          [
            -73.9431006,
            40.8036139
          ],
          [
            -73.9430501,
            40.8036236
          ],
          [
            -73.9430107,
            40.8036311
          ],
          [
            -73.9429383,
            40.8036322
          ],
          [
            -73.9428872,
            40.8036157
          ],
          [
            -73.9428243,
            40.8035733
          ],
          [
            -73.9428015,
            40.8035419
          ],
          [
            -73.9427814,
            40.8035144
          ],
          [
            -73.9427318,
            40.8035418
          ],
          [
            -73.9425215,
            40.8038312
          ],
          [
            -73.9423291,
            40.804096
          ],
          [
            -73.9421712,
            40.8043133
          ],
          [
            -73.9421122,
            40.8043813
          ],
          [
            -73.9420264,
            40.804424
          ],
          [
            -73.9419486,
            40.8044818
          ],
          [
            -73.9418735,
            40.8045529
          ],
          [
            -73.9417778,
            40.8045099
          ],
          [
            -73.9413511,
            40.8050923
          ],
          [
            -73.9412973,
            40.8051272
          ],
          [
            -73.9412197,
            40.8051684
          ],
          [
            -73.9408323,
            40.8056984
          ],
          [
            -73.9408166,
            40.80572
          ],
          [
            -73.940761,
            40.8057883
          ],
          [
            -73.9406979,
            40.8058658
          ],
          [
            -73.9406805,
            40.8058845
          ],
          [
            -73.9402899,
            40.8063939
          ],
          [
            -73.9402747,
            40.8063875
          ],
          [
            -73.9402008,
            40.8063581
          ],
          [
            -73.9401379,
            40.8063331
          ],
          [
            -73.9401138,
            40.8063229
          ],
          [
            -73.9401044,
            40.8063415
          ],
          [
            -73.9400792,
            40.8063726
          ],
          [
            -73.9400398,
            40.8064213
          ],
          [
            -73.9400262,
            40.8064394
          ],
          [
            -73.9396501,
            40.8069406
          ],
          [
            -73.9396036,
            40.8069277
          ],
          [
            -73.9383381,
            40.8063957
          ],
          [
            -73.9382576,
            40.8063655
          ],
          [
            -73.9382179,
            40.8064089
          ],
          [
            -73.9381698,
            40.8064749
          ],
          [
            -73.9379148,
            40.8063719
          ],
          [
            -73.9378456,
            40.806348
          ],
          [
            -73.9374799,
            40.8068442
          ],
          [
            -73.9374488,
            40.8068867
          ],
          [
            -73.9361227,
            40.8063359
          ],
          [
            -73.9360917,
            40.8063811
          ],
          [
            -73.9360834,
            40.8063957
          ],
          [
            -73.9356978,
            40.8069105
          ],
          [
            -73.9356846,
            40.8069285
          ],
          [
            -73.9356601,
            40.8069633
          ],
          [
            -73.9356291,
            40.8070054
          ],
          [
            -73.9356117,
            40.8070212
          ],
          [
            -73.9355904,
            40.8070091
          ],
          [
            -73.9355245,
            40.8069828
          ],
          [
            -73.935112,
            40.8075469
          ],
          [
            -73.9352083,
            40.8075876
          ],
          [
            -73.9352619,
            40.8076101
          ],
          [
            -73.9365298,
            40.8081452
          ],
          [
            -73.9365552,
            40.8081084
          ],
          [
            -73.93657,
            40.8080912
          ],
          [
            -73.936946,
            40.8075808
          ],
          [
            -73.9369734,
            40.8075955
          ],
          [
            -73.9370154,
            40.8076093
          ],
          [
            -73.9370575,
            40.8075512
          ],
          [
            -73.9370934,
            40.8075021
          ],
          [
            -73.9374708,
            40.8069847
          ],
          [
            -73.9375205,
            40.8069166
          ],
          [
            -73.9375512,
            40.8068742
          ],
          [
            -73.9379122,
            40.8063755
          ],
          [
            -73.9379148,
            40.8063719
          ],
          [
            -73.9379277,
            40.8063541
          ],
          [
            -73.9379637,
            40.8063016
          ],
          [
            -73.9379986,
            40.8062508
          ],
          [
            -73.9380055,
            40.8062407
          ],
          [
            -73.9383491,
            40.8057421
          ],
          [
            -73.9384003,
            40.8056693
          ],
          [
            -73.9384368,
            40.8056192
          ],
          [
            -73.9388148,
            40.8050988
          ],
          [
            -73.9388881,
            40.8049979
          ],
          [
            -73.9389564,
            40.8049071
          ],
          [
            -73.9393488,
            40.8043862
          ],
          [
            -73.9393933,
            40.8043271
          ],
          [
            -73.9394316,
            40.8042757
          ],
          [
            -73.9398146,
            40.8037619
          ],
          [
            -73.93986,
            40.803701
          ],
          [
            -73.9399008,
            40.8036453
          ],
          [
            -73.9402776,
            40.8031304
          ],
          [
            -73.9403209,
            40.8030712
          ],
          [
            -73.9403615,
            40.8030154
          ],
          [
            -73.9407332,
            40.8025051
          ],
          [
            -73.9407797,
            40.8024413
          ],
          [
            -73.9408154,
            40.8023928
          ],
          [
            -73.9411939,
            40.8018782
          ],
          [
            -73.9412451,
            40.8018088
          ],
          [
            -73.9412812,
            40.8017589
          ],
          [
            -73.9416537,
            40.8012451
          ],
          [
            -73.9416979,
            40.8011841
          ],
          [
            -73.9417393,
            40.8011283
          ],
          [
            -73.9421168,
            40.8006189
          ],
          [
            -73.9421598,
            40.8005608
          ],
          [
            -73.9421965,
            40.8005106
          ],
          [
            -73.9425697,
            40.7999995
          ],
          [
            -73.9428261,
            40.8001013
          ],
          [
            -73.9428721,
            40.8000383
          ],
          [
            -73.9429094,
            40.7999876
          ],
          [
            -73.9432921,
            40.7994663
          ],
          [
            -73.9433693,
            40.7993612
          ],
          [
            -73.9434397,
            40.7992656
          ],
          [
            -73.9438184,
            40.7987514
          ],
          [
            -73.9438788,
            40.798671
          ],
          [
            -73.9439232,
            40.7986113
          ],
          [
            -73.9440172,
            40.7986202
          ],
          [
            -73.9444265,
            40.7987953
          ],
          [
            -73.9444943,
            40.7987052
          ],
          [
            -73.9446637,
            40.7984851
          ],
          [
            -73.9448771,
            40.7983399
          ],
          [
            -73.944965,
            40.7983194
          ],
          [
            -73.9450151,
            40.7983138
          ],
          [
            -73.9452316,
            40.7983164
          ],
          [
            -73.9452949,
            40.7983389
          ],
          [
            -73.9454507,
            40.7984022
          ],
          [
            -73.9457684,
            40.7985333
          ],
          [
            -73.9458115,
            40.7984741
          ],
          [
            -73.9460622,
            40.7981335
          ],
          [
            -73.9462158,
            40.7979248
          ],
          [
            -73.9465344,
            40.797492
          ],
          [
            -73.9466005,
            40.797394
          ],
          [
            -73.946646,
            40.7973266
          ],
          [
            -73.9470272,
            40.7968095
          ],
          [
            -73.9470684,
            40.7967557
          ],
          [
            -73.947108,
            40.796704
          ],
          [
            -73.947488,
            40.7961844
          ],
          [
            -73.9475049,
            40.7961613
          ],
          [
            -73.9475351,
            40.7961154
          ],
          [
            -73.9475865,
            40.7960373
          ],
          [
            -73.9476057,
            40.7960233
          ],
          [
            -73.9479415,
            40.7955634
          ],
          [
            -73.9479885,
            40.795499
          ],
          [
            -73.9480327,
            40.7954385
          ],
          [
            -73.9484031,
            40.7949262
          ],
          [
            -73.9484487,
            40.7948669
          ],
          [
            -73.9484907,
            40.7948123
          ],
          [
            -73.948815,
            40.7943657
          ],
          [
            -73.9488601,
            40.7943036
          ],
          [
            -73.9489413,
            40.7941921
          ],
          [
            -73.9489668,
            40.7941567
          ],
          [
            -73.949325,
            40.7936633
          ],
          [
            -73.949382,
            40.7935852
          ],
          [
            -73.9494177,
            40.7935363
          ],
          [
            -73.9494683,
            40.793467
          ],
          [
            -73.9496005,
            40.7932859
          ],
          [
            -73.94985,
            40.7929433
          ],
          [
            -73.949896,
            40.7928811
          ],
          [
            -73.9499294,
            40.7928353
          ],
          [
            -73.9501581,
            40.7925218
          ],
          [
            -73.9502908,
            40.7923402
          ],
          [
            -73.9504143,
            40.7923775
          ],
          [
            -73.9505075,
            40.7924056
          ],
          [
            -73.950532,
            40.792413
          ],
          [
            -73.9505396,
            40.7924025
          ],
          [
            -73.9505757,
            40.792353
          ],
          [
            -73.950605,
            40.7923128
          ],
          [
            -73.9506153,
            40.7922987
          ],
          [
            -73.9509924,
            40.7917815
          ],
          [
            -73.9510347,
            40.7917234
          ],
          [
            -73.951073,
            40.791671
          ],
          [
            -73.9514488,
            40.7911555
          ],
          [
            -73.9514918,
            40.7910965
          ],
          [
            -73.9515298,
            40.7910444
          ],
          [
            -73.9519035,
            40.7905318
          ],
          [
            -73.9519184,
            40.7905114
          ],
          [
            -73.9519535,
            40.7904633
          ],
          [
            -73.951977,
            40.790431
          ],
          [
            -73.951992,
            40.7904104
          ],
          [
            -73.9523573,
            40.7899093
          ],
          [
            -73.9527906,
            40.789315
          ],
          [
            -73.9529163,
            40.7891426
          ],
          [
            -73.9532792,
            40.7886448
          ],
          [
            -73.9533274,
            40.7885787
          ],
          [
            -73.9533633,
            40.7885295
          ],
          [
            -73.9537419,
            40.7880092
          ],
          [
            -73.9537516,
            40.7879959
          ],
          [
            -73.9537846,
            40.7879506
          ],
          [
            -73.9538126,
            40.787912
          ],
          [
            -73.9538237,
            40.7878968
          ],
          [
            -73.9542085,
            40.787368
          ],
          [
            -73.9542352,
            40.7873313
          ],
          [
            -73.9542734,
            40.7872785
          ],
          [
            -73.954316,
            40.7872196
          ],
          [
            -73.9543412,
            40.7871848
          ],
          [
            -73.9547235,
            40.7866561
          ],
          [
            -73.9547636,
            40.7866008
          ],
          [
            -73.9548026,
            40.786547
          ],
          [
            -73.955015,
            40.7862559
          ],
          [
            -73.955176,
            40.7860336
          ],
          [
            -73.9552216,
            40.7859703
          ],
          [
            -73.9552601,
            40.785918
          ],
          [
            -73.9556366,
            40.7854083
          ],
          [
            -73.9556441,
            40.7853971
          ],
          [
            -73.9556801,
            40.785343
          ],
          [
            -73.9557187,
            40.7852899
          ],
          [
            -73.9561055,
            40.7847731
          ],
          [
            -73.9561187,
            40.7847552
          ],
          [
            -73.9561462,
            40.7847174
          ],
          [
            -73.9561716,
            40.7846826
          ],
          [
            -73.9561839,
            40.7846658
          ],
          [
            -73.956558,
            40.7841493
          ],
          [
            -73.9565686,
            40.7841344
          ],
          [
            -73.9565938,
            40.7841004
          ],
          [
            -73.9566183,
            40.7840644
          ],
          [
            -73.9566345,
            40.7840413
          ],
          [
            -73.9570212,
            40.7835229
          ],
          [
            -73.9570299,
            40.7835115
          ],
          [
            -73.9570661,
            40.7834639
          ],
          [
            -73.9570879,
            40.7834354
          ],
          [
            -73.9571036,
            40.7834148
          ],
          [
            -73.9574748,
            40.7829
          ],
          [
            -73.9574884,
            40.7828811
          ],
          [
            -73.9575182,
            40.7828398
          ],
          [
            -73.9575414,
            40.7828076
          ],
          [
            -73.9575587,
            40.7827836
          ],
          [
            -73.9579322,
            40.7822743
          ],
          [
            -73.9579434,
            40.7822587
          ],
          [
            -73.9579745,
            40.7822152
          ],
          [
            -73.9580046,
            40.7821751
          ],
          [
            -73.9580188,
            40.7821562
          ],
          [
            -73.9583877,
            40.7816418
          ],
          [
            -73.9584014,
            40.7816231
          ],
          [
            -73.9584293,
            40.781585
          ],
          [
            -73.9584567,
            40.7815475
          ],
          [
            -73.9584731,
            40.781525
          ],
          [
            -73.958856,
            40.7810113
          ],
          [
            -73.9588717,
            40.7809893
          ],
          [
            -73.9589273,
            40.7809117
          ],
          [
            -73.9589767,
            40.7808383
          ],
          [
            -73.9589954,
            40.7808104
          ],
          [
            -73.9593749,
            40.7802861
          ],
          [
            -73.9593806,
            40.7802783
          ],
          [
            -73.959422,
            40.7802211
          ],
          [
            -73.9594424,
            40.780193
          ],
          [
            -73.9594634,
            40.780164
          ],
          [
            -73.9598476,
            40.7796462
          ],
          [
            -73.9598526,
            40.7796393
          ],
          [
            -73.9598872,
            40.7795914
          ],
          [
            -73.959915,
            40.7795529
          ],
          [
            -73.9599279,
            40.7795349
          ],
          [
            -73.960313,
            40.7790141
          ],
          [
            -73.9603532,
            40.7789579
          ],
          [
            -73.9603917,
            40.7789039
          ],
          [
            -73.9607675,
            40.7783779
          ],
          [
            -73.9608112,
            40.7783182
          ],
          [
            -73.9608469,
            40.7782694
          ],
          [
            -73.9612396,
            40.7777517
          ],
          [
            -73.9612871,
            40.7776866
          ],
          [
            -73.9613221,
            40.7776388
          ],
          [
            -73.9617048,
            40.7771167
          ],
          [
            -73.9617512,
            40.7770525
          ],
          [
            -73.9617858,
            40.7770046
          ],
          [
            -73.9631738,
            40.7775797
          ],
          [
            -73.9633046,
            40.7773954
          ],
          [
            -73.9633665,
            40.7773092
          ],
          [
            -73.9635432,
            40.7770634
          ],
          [
            -73.9635764,
            40.7770264
          ],
          [
            -73.963635,
            40.7769548
          ],
          [
            -73.9636809,
            40.7768964
          ],
          [
            -73.9636896,
            40.7768875
          ],
          [
            -73.9637811,
            40.7769073
          ],
          [
            -73.9639279,
            40.7769403
          ],
          [
            -73.9639454,
            40.776917
          ],
          [
            -73.9641406,
            40.7769694
          ],
          [
            -73.9642796,
            40.7769966
          ],
          [
            -73.9643816,
            40.7769804
          ],
          [
            -73.9644617,
            40.7769581
          ],
          [
            -73.9645434,
            40.7769359
          ],
          [
            -73.9646613,
            40.7768888
          ],
          [
            -73.9647541,
            40.7768463
          ],
          [
            -73.964847,
            40.7767967
          ],
          [
            -73.9649273,
            40.7767518
          ],
          [
            -73.9649746,
            40.7767103
          ],
          [
            -73.9650062,
            40.776652
          ],
          [
            -73.965036,
            40.7766019
          ],
          [
            -73.9651528,
            40.7765715
          ],
          [
            -73.9652527,
            40.7765434
          ],
          [
            -73.9653619,
            40.776531
          ],
          [
            -73.9654655,
            40.776523
          ],
          [
            -73.9658094,
            40.7765089
          ],
          [
            -73.9659734,
            40.7764981
          ],
          [
            -73.9661305,
            40.7764841
          ],
          [
            -73.9663567,
            40.7764203
          ],
          [
            -73.9664976,
            40.7763676
          ],
          [
            -73.9666589,
            40.7762816
          ],
          [
            -73.9667524,
            40.7762186
          ],
          [
            -73.9668291,
            40.7761518
          ],
          [
            -73.966888,
            40.776057
          ],
          [
            -73.9669577,
            40.7759344
          ],
          [
            -73.9670045,
            40.7758445
          ],
          [
            -73.9670531,
            40.7757711
          ],
          [
            -73.9671608,
            40.7756473
          ],
          [
            -73.967205,
            40.7755892
          ],
          [
            -73.9672316,
            40.775545
          ],
          [
            -73.967291,
            40.7754687
          ],
          [
            -73.9673515,
            40.7754008
          ],
          [
            -73.9674209,
            40.7753495
          ],
          [
            -73.9675111,
            40.7752957
          ],
          [
            -73.9676187,
            40.7752397
          ],
          [
            -73.9678141,
            40.7751485
          ],
          [
            -73.9680864,
            40.7750337
          ],
          [
            -73.9682281,
            40.7749609
          ],
          [
            -73.9682812,
            40.775008
          ],
          [
            -73.9683302,
            40.775054
          ],
          [
            -73.9683471,
            40.7750701
          ],
          [
            -73.9684143,
            40.7751236
          ],
          [
            -73.9686053,
            40.7750238
          ],
          [
            -73.9688326,
            40.7748863
          ],
          [
            -73.9691376,
            40.7747271
          ],
          [
            -73.9691908,
            40.7747136
          ],
          [
            -73.9692469,
            40.7746993
          ],
          [
            -73.969362,
            40.774706
          ],
          [
            -73.9694433,
            40.774706
          ],
          [
            -73.9695465,
            40.7746961
          ],
          [
            -73.9696338,
            40.7746784
          ],
          [
            -73.9696929,
            40.774665
          ],
          [
            -73.9697396,
            40.7746465
          ],
          [
            -73.9697969,
            40.7746187
          ],
          [
            -73.9698572,
            40.7745835
          ],
          [
            -73.9699781,
            40.7744948
          ],
          [
            -73.9700632,
            40.7744436
          ],
          [
            -73.9701791,
            40.7743933
          ],
          [
            -73.9703625,
            40.7743251
          ],
          [
            -73.9704526,
            40.7743043
          ],
          [
            -73.9705137,
            40.774291
          ],
          [
            -73.9705841,
            40.7743003
          ],
          [
            -73.9706011,
            40.7742435
          ],
          [
            -73.9706402,
            40.7741932
          ],
          [
            -73.9706976,
            40.7741544
          ],
          [
            -73.9707591,
            40.7741326
          ],
          [
            -73.9708261,
            40.7741241
          ],
          [
            -73.9708936,
            40.7741297
          ],
          [
            -73.9709195,
            40.7740903
          ],
          [
            -73.9709358,
            40.7740639
          ],
          [
            -73.9709457,
            40.7740493
          ],
          [
            -73.9710678,
            40.7740787
          ],
          [
            -73.9711687,
            40.7740159
          ],
          [
            -73.9712255,
            40.773867
          ],
          [
            -73.9712391,
            40.7738243
          ],
          [
            -73.9712558,
            40.7737813
          ],
          [
            -73.9712771,
            40.7737354
          ],
          [
            -73.9713009,
            40.7736773
          ],
          [
            -73.9713888,
            40.7734684
          ],
          [
            -73.9714016,
            40.7734346
          ],
          [
            -73.9715118,
            40.773454
          ],
          [
            -73.9716112,
            40.7734718
          ],
          [
            -73.9716079,
            40.7734434
          ],
          [
            -73.9716133,
            40.7734199
          ],
          [
            -73.9716265,
            40.7733934
          ],
          [
            -73.9716444,
            40.7733599
          ],
          [
            -73.9716638,
            40.7733241
          ],
          [
            -73.9716961,
            40.7733001
          ],
          [
            -73.9717342,
            40.7732748
          ],
          [
            -73.9717618,
            40.7732531
          ],
          [
            -73.9717972,
            40.7732133
          ],
          [
            -73.9718343,
            40.7731375
          ],
          [
            -73.9718603,
            40.7730429
          ],
          [
            -73.9719016,
            40.7729825
          ],
          [
            -73.972022,
            40.7728063
          ],
          [
            -73.9721718,
            40.7727495
          ],
          [
            -73.9722329,
            40.7726723
          ],
          [
            -73.9722749,
            40.7726418
          ],
          [
            -73.9723328,
            40.7725884
          ],
          [
            -73.9725076,
            40.7724351
          ],
          [
            -73.9726702,
            40.7725137
          ],
          [
            -73.9727711,
            40.7725675
          ],
          [
            -73.9728835,
            40.7726207
          ],
          [
            -73.9730117,
            40.7726781
          ],
          [
            -73.9730841,
            40.7726998
          ],
          [
            -73.973155,
            40.7727119
          ],
          [
            -73.9732566,
            40.7727247
          ],
          [
            -73.9733269,
            40.772728
          ],
          [
            -73.9734158,
            40.7727339
          ],
          [
            -73.9735158,
            40.7727397
          ],
          [
            -73.9736157,
            40.7727572
          ],
          [
            -73.9737038,
            40.7727818
          ],
          [
            -73.9738375,
            40.7728345
          ],
          [
            -73.9739134,
            40.7728605
          ],
          [
            -73.9740836,
            40.7728944
          ],
          [
            -73.9741748,
            40.7729096
          ],
          [
            -73.9742769,
            40.7729185
          ],
          [
            -73.9743504,
            40.7729218
          ],
          [
            -73.9744723,
            40.7729252
          ],
          [
            -73.9745899,
            40.7729265
          ],
          [
            -73.9747282,
            40.772926
          ],
          [
            -73.9748692,
            40.7729241
          ],
          [
            -73.9750863,
            40.7729185
          ],
          [
            -73.9752818,
            40.7729102
          ],
          [
            -73.9754953,
            40.7728998
          ],
          [
            -73.9757035,
            40.7728852
          ],
          [
            -73.9758812,
            40.7728675
          ],
          [
            -73.9762151,
            40.7728182
          ],
          [
            -73.976258,
            40.7728145
          ],
          [
            -73.9762927,
            40.772815
          ],
          [
            -73.976328,
            40.7728179
          ],
          [
            -73.9764012,
            40.7728337
          ],
          [
            -73.9764521,
            40.7728446
          ],
          [
            -73.9765209,
            40.7728601
          ],
          [
            -73.976569,
            40.7728705
          ],
          [
            -73.9766253,
            40.772723
          ],
          [
            -73.976683,
            40.7725571
          ],
          [
            -73.9767019,
            40.7725013
          ],
          [
            -73.9767328,
            40.7724343
          ],
          [
            -73.9767538,
            40.7723881
          ],
          [
            -73.9768072,
            40.772282
          ],
          [
            -73.9768555,
            40.7721982
          ],
          [
            -73.976918,
            40.7721004
          ],
          [
            -73.976973,
            40.7720148
          ],
          [
            -73.9770455,
            40.7719177
          ],
          [
            -73.9771163,
            40.7718265
          ],
          [
            -73.9771871,
            40.7717452
          ],
          [
            -73.9772623,
            40.77167
          ],
          [
            -73.9773467,
            40.7715916
          ],
          [
            -73.9774634,
            40.771493
          ],
          [
            -73.9775474,
            40.77143
          ],
          [
            -73.9776401,
            40.7713706
          ],
          [
            -73.9781104,
            40.7710732
          ],
          [
            -73.9782512,
            40.7709764
          ],
          [
            -73.9784708,
            40.7708124
          ],
          [
            -73.9786675,
            40.7706569
          ],
          [
            -73.9787604,
            40.7705839
          ],
          [
            -73.978882,
            40.7704807
          ],
          [
            -73.9789817,
            40.7703969
          ],
          [
            -73.9791204,
            40.7702731
          ],
          [
            -73.9792529,
            40.7701446
          ],
          [
            -73.9794124,
            40.7699871
          ],
          [
            -73.9795189,
            40.769875
          ],
          [
            -73.9796435,
            40.7697239
          ],
          [
            -73.9797213,
            40.769622
          ],
          [
            -73.9797907,
            40.7695197
          ],
          [
            -73.9798395,
            40.7694343
          ],
          [
            -73.9798807,
            40.7693518
          ],
          [
            -73.9799165,
            40.7692679
          ],
          [
            -73.9799478,
            40.769184
          ],
          [
            -73.9799575,
            40.7691506
          ],
          [
            -73.9800637,
            40.7691424
          ],
          [
            -73.9802674,
            40.7690681
          ],
          [
            -73.9804365,
            40.7689616
          ],
          [
            -73.9806356,
            40.7688313
          ],
          [
            -73.9807937,
            40.7687652
          ],
          [
            -73.9811992,
            40.7685112
          ],
          [
            -73.981396,
            40.76846
          ],
          [
            -73.9814003,
            40.7684638
          ],
          [
            -73.9814135,
            40.7684762
          ],
          [
            -73.9814194,
            40.7684826
          ],
          [
            -73.9814212,
            40.7684881
          ],
          [
            -73.9814221,
            40.7684963
          ],
          [
            -73.9814193,
            40.7685043
          ],
          [
            -73.9814145,
            40.7685126
          ],
          [
            -73.9814404,
            40.7685229
          ],
          [
            -73.9815179,
            40.7685525
          ],
          [
            -73.9815905,
            40.7685803
          ],
          [
            -73.9816361,
            40.7685977
          ],
          [
            -73.9816771,
            40.7686147
          ],
          [
            -73.9818395,
            40.7686818
          ],
          [
            -73.9818495,
            40.7686923
          ],
          [
            -73.9818548,
            40.7687037
          ],
          [
            -73.981858,
            40.768718
          ],
          [
            -73.98186,
            40.768741
          ],
          [
            -73.9818624,
            40.7688235
          ],
          [
            -73.981914,
            40.7688267
          ],
          [
            -73.9819931,
            40.7688306
          ],
          [
            -73.9820567,
            40.7688337
          ],
          [
            -73.9820891,
            40.7688404
          ],
          [
            -73.9821003,
            40.7688427
          ],
          [
            -73.9821194,
            40.7688467
          ],
          [
            -73.9821305,
            40.768849
          ],
          [
            -73.9821989,
            40.7688613
          ],
          [
            -73.9822966,
            40.7688789
          ],
          [
            -73.9823277,
            40.7688913
          ],
          [
            -73.9831287,
            40.7692282
          ],
          [
            -73.9831923,
            40.7692549
          ],
          [
            -73.9833751,
            40.7693318
          ],
          [
            -73.9834474,
            40.7692347
          ],
          [
            -73.9834848,
            40.7691845
          ],
          [
            -73.9840081,
            40.7684674
          ],
          [
            -73.9841451,
            40.7682749
          ],
          [
            -73.9844475,
            40.7684028
          ],
          [
            -73.9845748,
            40.7684538
          ],
          [
            -73.9847016,
            40.7685088
          ],
          [
            -73.9850292,
            40.7686454
          ],
          [
            -73.9850605,
            40.7686528
          ],
          [
            -73.9851638,
            40.7686769
          ],
          [
            -73.9852772,
            40.7687033
          ],
          [
            -73.9853147,
            40.7687111
          ],
          [
            -73.9853274,
            40.7686951
          ],
          [
            -73.9853619,
            40.7686483
          ],
          [
            -73.9853896,
            40.7686106
          ],
          [
            -73.9854043,
            40.7685916
          ],
          [
            -73.9857875,
            40.7680767
          ],
          [
            -73.9883627,
            40.7691672
          ],
          [
            -73.9883913,
            40.7691785
          ],
          [
            -73.9884867,
            40.7692158
          ],
          [
            -73.9885245,
            40.7692313
          ],
          [
            -73.9885511,
            40.7692421
          ],
          [
            -73.9885925,
            40.7692585
          ],
          [
            -73.9886225,
            40.7692716
          ],
          [
            -73.9890244,
            40.7694452
          ],
          [
            -73.990262,
            40.7699642
          ],
          [
            -73.9903347,
            40.7698683
          ],
          [
            -73.9907805,
            40.7700557
          ],
          [
            -73.9912635,
            40.7702607
          ],
          [
            -73.9913138,
            40.7701871
          ],
          [
            -73.9913303,
            40.7701648
          ],
          [
            -73.9917112,
            40.7696518
          ],
          [
            -73.991725,
            40.7696331
          ],
          [
            -73.9917655,
            40.769585
          ],
          [
            -73.9917971,
            40.7695474
          ],
          [
            -73.9918056,
            40.7695353
          ],
          [
            -73.9918226,
            40.7695416
          ],
          [
            -73.9919218,
            40.7695804
          ],
          [
            -73.9920004,
            40.7696113
          ],
          [
            -73.9920531,
            40.769632
          ],
          [
            -73.9920706,
            40.7696386
          ],
          [
            -73.992201,
            40.7694674
          ],
          [
            -73.9924527,
            40.7691369
          ],
          [
            -73.9927509,
            40.7692624
          ],
          [
            -73.994226,
            40.7698891
          ],
          [
            -73.9942671,
            40.769923
          ],
          [
            -73.9943283,
            40.7699551
          ],
          [
            -73.9945121,
            40.7700337
          ],
          [
            -73.9945872,
            40.7700656
          ],
          [
            -73.9946861,
            40.7701077
          ],
          [
            -73.9947699,
            40.7701157
          ],
          [
            -73.9948544,
            40.7701237
          ],
          [
            -73.994886,
            40.7701267
          ],
          [
            -73.9949359,
            40.7701315
          ],
          [
            -73.9949939,
            40.7701363
          ],
          [
            -73.995029,
            40.7701388
          ],
          [
            -73.9950641,
            40.7701412
          ],
          [
            -73.995083,
            40.7701438
          ],
          [
            -73.9951653,
            40.7701652
          ],
          [
            -73.9951988,
            40.7701288
          ],
          [
            -73.9952515,
            40.7700943
          ],
          [
            -73.9953146,
            40.7700597
          ],
          [
            -73.9953548,
            40.770044
          ],
          [
            -73.9954086,
            40.7700362
          ],
          [
            -73.9954722,
            40.7700344
          ],
          [
            -73.9955391,
            40.7700373
          ],
          [
            -73.9956025,
            40.7700453
          ],
          [
            -73.9956734,
            40.7700678
          ],
          [
            -73.9957293,
            40.7700989
          ],
          [
            -73.9957622,
            40.7701275
          ],
          [
            -73.9957937,
            40.7701613
          ],
          [
            -73.9958177,
            40.7701987
          ],
          [
            -73.9958424,
            40.7702519
          ],
          [
            -73.9958599,
            40.7702952
          ],
          [
            -73.9958797,
            40.7703567
          ],
          [
            -73.9958375,
            40.7704103
          ],
          [
            -73.9958718,
            40.7704238
          ],
          [
            -73.9959429,
            40.770454
          ],
          [
            -73.9959568,
            40.7704598
          ],
          [
            -73.9959538,
            40.7704646
          ],
          [
            -73.9959447,
            40.7704739
          ],
          [
            -73.9959348,
            40.7704841
          ],
          [
            -73.9959209,
            40.7704937
          ],
          [
            -73.995901,
            40.7705011
          ],
          [
            -73.9958824,
            40.7705091
          ],
          [
            -73.9958656,
            40.7705188
          ],
          [
            -73.9958525,
            40.7705296
          ],
          [
            -73.9958455,
            40.7705364
          ],
          [
            -73.995855,
            40.7705413
          ],
          [
            -73.9958812,
            40.7705524
          ],
          [
            -73.9959341,
            40.770542
          ],
          [
            -73.9959848,
            40.7704752
          ]
        ]
      }
    },
    {
      "type": "Feature",
      "properties": {
        "scenario": "HARD - West Side Highway edge, huge target",
        "shape": "mix",
        "target_miles": 10.0,
        "distance_m": 16134.072317915583,
        "candidate_index": 4
      },
      "geometry": {
        "type": "LineString",
        "coordinates": [
          [
            -73.9959848,
            40.7704752
          ],
          [
            -73.9959341,
            40.770542
          ],
          [
            -73.9958812,
            40.7705524
          ],
          [
            -73.9958659,
            40.7705749
          ],
          [
            -73.9958382,
            40.7705629
          ],
          [
            -73.9958099,
            40.7705509
          ],
          [
            -73.9957843,
            40.7705423
          ],
          [
            -73.9957529,
            40.7705293
          ],
          [
            -73.9957365,
            40.7705526
          ],
          [
            -73.9954523,
            40.7709341
          ],
          [
            -73.995369,
            40.7710301
          ],
          [
            -73.9953373,
            40.7710743
          ],
          [
            -73.9950914,
            40.7714014
          ],
          [
            -73.9949757,
            40.771421
          ],
          [
            -73.9949021,
            40.7715145
          ],
          [
            -73.9948249,
            40.7716148
          ],
          [
            -73.9947851,
            40.7716615
          ],
          [
            -73.994752,
            40.7716986
          ],
          [
            -73.9947091,
            40.771752
          ],
          [
            -73.9943016,
            40.772259
          ],
          [
            -73.9942485,
            40.7723362
          ],
          [
            -73.9942178,
            40.7723784
          ],
          [
            -73.9938215,
            40.7729234
          ],
          [
            -73.9938048,
            40.772917
          ],
          [
            -73.9937912,
            40.772912
          ],
          [
            -73.993764,
            40.7729031
          ],
          [
            -73.9937088,
            40.7728841
          ],
          [
            -73.993671,
            40.7728778
          ],
          [
            -73.9932886,
            40.772735
          ],
          [
            -73.9932523,
            40.7727221
          ],
          [
            -73.9932121,
            40.7727074
          ],
          [
            -73.9931952,
            40.7727008
          ],
          [
            -73.9931832,
            40.7727128
          ],
          [
            -73.9931505,
            40.7727644
          ],
          [
            -73.9931196,
            40.7728156
          ],
          [
            -73.993091,
            40.7728541
          ],
          [
            -73.9929131,
            40.7730561
          ],
          [
            -73.992816,
            40.7731604
          ],
          [
            -73.992721,
            40.7732623
          ],
          [
            -73.9926438,
            40.7733451
          ],
          [
            -73.9924387,
            40.7735332
          ],
          [
            -73.9923214,
            40.7736306
          ],
          [
            -73.9920695,
            40.7738476
          ],
          [
            -73.9920531,
            40.7738617
          ],
          [
            -73.9919962,
            40.7739057
          ],
          [
            -73.991929,
            40.7739577
          ],
          [
            -73.9919155,
            40.773969
          ],
          [
            -73.9914025,
            40.7743988
          ],
          [
            -73.9913809,
            40.7744165
          ],
          [
            -73.9913409,
            40.7744473
          ],
          [
            -73.9912937,
            40.7744835
          ],
          [
            -73.9912763,
            40.7744975
          ],
          [
            -73.990725,
            40.7749427
          ],
          [
            -73.9906709,
            40.7749874
          ],
          [
            -73.9905932,
            40.7750516
          ],
          [
            -73.9903311,
            40.7752708
          ],
          [
            -73.990111,
            40.7754914
          ],
          [
            -73.9900986,
            40.7755032
          ],
          [
            -73.990052,
            40.7755358
          ],
          [
            -73.9899889,
            40.7755799
          ],
          [
            -73.989982,
            40.7755996
          ],
          [
            -73.9895636,
            40.7760817
          ],
          [
            -73.989548,
            40.7760984
          ],
          [
            -73.9895175,
            40.7761332
          ],
          [
            -73.9894814,
            40.7761744
          ],
          [
            -73.9894725,
            40.7761877
          ],
          [
            -73.9891184,
            40.7767166
          ],
          [
            -73.9874397,
            40.7759972
          ],
          [
            -73.9872986,
            40.7759417
          ],
          [
            -73.987171,
            40.7758915
          ],
          [
            -73.9871104,
            40.7759698
          ],
          [
            -73.9870528,
            40.7760444
          ],
          [
            -73.9867986,
            40.7763921
          ],
          [
            -73.9867462,
            40.7764638
          ],
          [
            -73.9864259,
            40.7769018
          ],
          [
            -73.9853204,
            40.776458
          ],
          [
            -73.9852235,
            40.7765908
          ],
          [
            -73.9851894,
            40.7766383
          ],
          [
            -73.9851682,
            40.7766675
          ],
          [
            -73.9851159,
            40.7766472
          ],
          [
            -73.9849681,
            40.776663
          ],
          [
            -73.9849483,
            40.7766554
          ],
          [
            -73.9848977,
            40.7766455
          ],
          [
            -73.9848432,
            40.7766586
          ],
          [
            -73.9847909,
            40.7766968
          ],
          [
            -73.9844825,
            40.7771222
          ],
          [
            -73.984426,
            40.7770988
          ],
          [
            -73.9841352,
            40.7769784
          ],
          [
            -73.9840652,
            40.7769495
          ],
          [
            -73.9839606,
            40.7769061
          ],
          [
            -73.9838317,
            40.7768528
          ],
          [
            -73.9837399,
            40.7768148
          ],
          [
            -73.9837023,
            40.7767992
          ],
          [
            -73.9832506,
            40.7766312
          ],
          [
            -73.9832326,
            40.7766255
          ],
          [
            -73.9832023,
            40.7766187
          ],
          [
            -73.9831564,
            40.7766084
          ],
          [
            -73.9830822,
            40.7765917
          ],
          [
            -73.9829985,
            40.7765729
          ],
          [
            -73.9829557,
            40.7765627
          ],
          [
            -73.9825952,
            40.776412
          ],
          [
            -73.9823578,
            40.7763158
          ],
          [
            -73.9823217,
            40.7763029
          ],
          [
            -73.9822258,
            40.7762603
          ],
          [
            -73.9821779,
            40.776239
          ],
          [
            -73.9821049,
            40.7762076
          ],
          [
            -73.9820416,
            40.7761812
          ],
          [
            -73.9819562,
            40.7761456
          ],
          [
            -73.9819173,
            40.7761282
          ],
          [
            -73.9803747,
            40.7754883
          ],
          [
            -73.9803622,
            40.7755032
          ],
          [
            -73.9803403,
            40.7755341
          ],
          [
            -73.98031,
            40.7755769
          ],
          [
            -73.980292,
            40.7755966
          ],
          [
            -73.9799177,
            40.7761106
          ],
          [
            -73.9799053,
            40.7761274
          ],
          [
            -73.9798787,
            40.7761619
          ],
          [
            -73.979847,
            40.7762031
          ],
          [
            -73.9798341,
            40.7762209
          ],
          [
            -73.979456,
            40.7767337
          ],
          [
            -73.979444,
            40.7767511
          ],
          [
            -73.979423,
            40.7767817
          ],
          [
            -73.9793902,
            40.776827
          ],
          [
            -73.9793764,
            40.7768459
          ],
          [
            -73.9789906,
            40.7773759
          ],
          [
            -73.9789734,
            40.7773995
          ],
          [
            -73.9789236,
            40.7774687
          ],
          [
            -73.9788665,
            40.7775481
          ],
          [
            -73.9788556,
            40.777563
          ],
          [
            -73.9784704,
            40.7780902
          ],
          [
            -73.9784488,
            40.7781206
          ],
          [
            -73.9784256,
            40.7781535
          ],
          [
            -73.9783964,
            40.7781946
          ],
          [
            -73.9783868,
            40.7782082
          ],
          [
            -73.9780046,
            40.7787296
          ],
          [
            -73.9779881,
            40.7787522
          ],
          [
            -73.9779594,
            40.7787904
          ],
          [
            -73.9779321,
            40.7788266
          ],
          [
            -73.9779181,
            40.778848
          ],
          [
            -73.9775278,
            40.7793664
          ],
          [
            -73.9775147,
            40.7793839
          ],
          [
            -73.9774928,
            40.779418
          ],
          [
            -73.9774665,
            40.7794588
          ],
          [
            -73.9774564,
            40.7794725
          ],
          [
            -73.9770794,
            40.7800027
          ],
          [
            -73.9770635,
            40.780025
          ],
          [
            -73.9770448,
            40.7800508
          ],
          [
            -73.97701,
            40.780099
          ],
          [
            -73.9769972,
            40.7801163
          ],
          [
            -73.9767845,
            40.7804098
          ],
          [
            -73.9766156,
            40.7806428
          ],
          [
            -73.9766032,
            40.780661
          ],
          [
            -73.9765701,
            40.7807053
          ],
          [
            -73.9765444,
            40.780729
          ],
          [
            -73.9765323,
            40.7807466
          ],
          [
            -73.9764984,
            40.7807384
          ],
          [
            -73.9764003,
            40.7807311
          ],
          [
            -73.976262,
            40.7807207
          ],
          [
            -73.9762349,
            40.7807122
          ],
          [
            -73.9762027,
            40.7807234
          ],
          [
            -73.9760508,
            40.7809263
          ],
          [
            -73.9759449,
            40.7810713
          ],
          [
            -73.9758813,
            40.7811585
          ],
          [
            -73.9758286,
            40.7812307
          ],
          [
            -73.9758099,
            40.7812563
          ],
          [
            -73.9754107,
            40.7818033
          ],
          [
            -73.9753832,
            40.7818409
          ],
          [
            -73.975331,
            40.7818215
          ],
          [
            -73.9752665,
            40.7818358
          ],
          [
            -73.9752081,
            40.7818594
          ],
          [
            -73.9751575,
            40.7818896
          ],
          [
            -73.9751138,
            40.7819356
          ],
          [
            -73.9750874,
            40.7819286
          ],
          [
            -73.9750125,
            40.7819235
          ],
          [
            -73.97498,
            40.7819289
          ],
          [
            -73.9749416,
            40.7819352
          ],
          [
            -73.9748696,
            40.7819544
          ],
          [
            -73.9747941,
            40.7819876
          ],
          [
            -73.9746841,
            40.7820613
          ],
          [
            -73.9746481,
            40.7821016
          ],
          [
            -73.9746327,
            40.7821374
          ],
          [
            -73.9746411,
            40.7822015
          ],
          [
            -73.9746113,
            40.782246
          ],
          [
            -73.9745669,
            40.7822908
          ],
          [
            -73.9745403,
            40.7823184
          ],
          [
            -73.9744868,
            40.7823739
          ],
          [
            -73.9744092,
            40.7824108
          ],
          [
            -73.9743096,
            40.7824406
          ],
          [
            -73.9742193,
            40.7824528
          ],
          [
            -73.9741354,
            40.7824564
          ],
          [
            -73.9741105,
            40.7824414
          ],
          [
            -73.9740553,
            40.7824125
          ],
          [
            -73.973993,
            40.7823907
          ],
          [
            -73.9739659,
            40.7823808
          ],
          [
            -73.9738915,
            40.7823491
          ],
          [
            -73.9738,
            40.7823033
          ],
          [
            -73.9737272,
            40.7822798
          ],
          [
            -73.9736476,
            40.7822636
          ],
          [
            -73.9735429,
            40.7822495
          ],
          [
            -73.9735331,
            40.7822489
          ],
          [
            -73.973443,
            40.7822439
          ],
          [
            -73.9733732,
            40.7822514
          ],
          [
            -73.9733661,
            40.7822526
          ],
          [
            -73.9733463,
            40.7822561
          ],
          [
            -73.9733079,
            40.782261
          ],
          [
            -73.9732669,
            40.7822663
          ],
          [
            -73.9732255,
            40.78227
          ],
          [
            -73.9731052,
            40.7822683
          ],
          [
            -73.9730153,
            40.7822602
          ],
          [
            -73.9729299,
            40.7822473
          ],
          [
            -73.972854,
            40.7822308
          ],
          [
            -73.9727861,
            40.7822108
          ],
          [
            -73.9727215,
            40.78219
          ],
          [
            -73.9724228,
            40.7820766
          ],
          [
            -73.9723922,
            40.7820696
          ],
          [
            -73.9723609,
            40.7820746
          ],
          [
            -73.9723369,
            40.7820863
          ],
          [
            -73.9722591,
            40.7821371
          ],
          [
            -73.9722015,
            40.7821122
          ],
          [
            -73.9721649,
            40.782095
          ],
          [
            -73.9721381,
            40.7820776
          ],
          [
            -73.9720755,
            40.7820344
          ],
          [
            -73.9720467,
            40.7820174
          ],
          [
            -73.9719382,
            40.7819714
          ],
          [
            -73.9719132,
            40.7820048
          ],
          [
            -73.9718489,
            40.7820923
          ],
          [
            -73.9717933,
            40.7821579
          ],
          [
            -73.9717714,
            40.78218
          ],
          [
            -73.9717448,
            40.782209
          ],
          [
            -73.9717092,
            40.7822578
          ],
          [
            -73.9713877,
            40.7827128
          ],
          [
            -73.9713794,
            40.7827317
          ],
          [
            -73.9713527,
            40.7827644
          ],
          [
            -73.9713239,
            40.7828046
          ],
          [
            -73.9713103,
            40.7828222
          ],
          [
            -73.9709293,
            40.7833432
          ],
          [
            -73.9709144,
            40.7833666
          ],
          [
            -73.9708909,
            40.7834005
          ],
          [
            -73.9708576,
            40.7834435
          ],
          [
            -73.97085,
            40.7834616
          ],
          [
            -73.9704703,
            40.7839766
          ],
          [
            -73.9704524,
            40.7839983
          ],
          [
            -73.9704284,
            40.7840348
          ],
          [
            -73.9704004,
            40.7840768
          ],
          [
            -73.9703866,
            40.7840956
          ],
          [
            -73.9699986,
            40.7846154
          ],
          [
            -73.9699934,
            40.7846398
          ],
          [
            -73.9699691,
            40.784673
          ],
          [
            -73.9699401,
            40.7847096
          ],
          [
            -73.9699247,
            40.7847264
          ],
          [
            -73.9695333,
            40.7852526
          ],
          [
            -73.9695134,
            40.7852793
          ],
          [
            -73.9694605,
            40.7853509
          ],
          [
            -73.9694042,
            40.7854272
          ],
          [
            -73.9693875,
            40.785451
          ],
          [
            -73.9690209,
            40.7859724
          ],
          [
            -73.9690209,
            40.7859856
          ],
          [
            -73.9690069,
            40.7859983
          ],
          [
            -73.9689825,
            40.7860307
          ],
          [
            -73.9689543,
            40.7860696
          ],
          [
            -73.9689398,
            40.7860864
          ],
          [
            -73.9685626,
            40.7866027
          ],
          [
            -73.9685452,
            40.7866241
          ],
          [
            -73.9685198,
            40.7866581
          ],
          [
            -73.9684916,
            40.7866958
          ],
          [
            -73.9684821,
            40.7867089
          ],
          [
            -73.9680931,
            40.787229
          ],
          [
            -73.9680844,
            40.7872431
          ],
          [
            -73.9680574,
            40.7872811
          ],
          [
            -73.968022,
            40.7873311
          ],
          [
            -73.9680146,
            40.7873408
          ],
          [
            -73.96764,
            40.7878552
          ],
          [
            -73.96763,
            40.787878
          ],
          [
            -73.9676033,
            40.7879114
          ],
          [
            -73.9675703,
            40.7879527
          ],
          [
            -73.9675583,
            40.7879694
          ],
          [
            -73.9671805,
            40.788486
          ],
          [
            -73.967173,
            40.7884982
          ],
          [
            -73.9671364,
            40.7885475
          ],
          [
            -73.9671139,
            40.7885777
          ],
          [
            -73.9671041,
            40.7885968
          ],
          [
            -73.9667193,
            40.7891177
          ],
          [
            -73.9667085,
            40.7891322
          ],
          [
            -73.9666796,
            40.7891709
          ],
          [
            -73.9666538,
            40.7892055
          ],
          [
            -73.9666409,
            40.7892227
          ],
          [
            -73.9662688,
            40.7897382
          ],
          [
            -73.9662498,
            40.7897617
          ],
          [
            -73.9662234,
            40.7897945
          ],
          [
            -73.9661943,
            40.7898305
          ],
          [
            -73.966181,
            40.789847
          ],
          [
            -73.9658004,
            40.7903744
          ],
          [
            -73.9657832,
            40.7903972
          ],
          [
            -73.965766,
            40.79042
          ],
          [
            -73.9657471,
            40.7904451
          ],
          [
            -73.9657245,
            40.790475
          ],
          [
            -73.9653449,
            40.7909955
          ],
          [
            -73.9653316,
            40.7910137
          ],
          [
            -73.9653064,
            40.7910481
          ],
          [
            -73.9652785,
            40.7910863
          ],
          [
            -73.9652659,
            40.7911036
          ],
          [
            -73.9648904,
            40.7916169
          ],
          [
            -73.9648676,
            40.7916484
          ],
          [
            -73.9648118,
            40.7917254
          ],
          [
            -73.9647569,
            40.7918013
          ],
          [
            -73.9647399,
            40.7918224
          ],
          [
            -73.9643644,
            40.7923401
          ],
          [
            -73.9643495,
            40.7923603
          ],
          [
            -73.9642848,
            40.7924476
          ],
          [
            -73.9642205,
            40.7925344
          ],
          [
            -73.9642076,
            40.7925518
          ],
          [
            -73.9640253,
            40.7928158
          ],
          [
            -73.9638952,
            40.7929932
          ],
          [
            -73.9638289,
            40.7930835
          ],
          [
            -73.9634344,
            40.7936211
          ],
          [
            -73.9633765,
            40.7936914
          ],
          [
            -73.9632442,
            40.7938712
          ],
          [
            -73.9630595,
            40.7941348
          ],
          [
            -73.9630315,
            40.7941303
          ],
          [
            -73.9629129,
            40.7941266
          ],
          [
            -73.9627714,
            40.7941231
          ],
          [
            -73.9627237,
            40.7941219
          ],
          [
            -73.9627067,
            40.7941451
          ],
          [
            -73.9626863,
            40.794173
          ],
          [
            -73.9626621,
            40.7942057
          ],
          [
            -73.9626436,
            40.7942307
          ],
          [
            -73.9622639,
            40.7947507
          ],
          [
            -73.9621879,
            40.794854
          ],
          [
            -73.9618188,
            40.7953621
          ],
          [
            -73.961734,
            40.7954788
          ],
          [
            -73.9613868,
            40.7959568
          ],
          [
            -73.9613475,
            40.7960119
          ],
          [
            -73.9612748,
            40.7961115
          ],
          [
            -73.9608938,
            40.7966334
          ],
          [
            -73.9608154,
            40.7967449
          ],
          [
            -73.9604316,
            40.7972668
          ],
          [
            -73.9603555,
            40.7973718
          ],
          [
            -73.9599736,
            40.7979036
          ],
          [
            -73.9599151,
            40.7979837
          ],
          [
            -73.9598813,
            40.7979707
          ],
          [
            -73.9596395,
            40.7980154
          ],
          [
            -73.9595444,
            40.7980344
          ],
          [
            -73.9594447,
            40.7980798
          ],
          [
            -73.9593682,
            40.7981361
          ],
          [
            -73.959277,
            40.7982251
          ],
          [
            -73.959205,
            40.7983022
          ],
          [
            -73.9591338,
            40.7983966
          ],
          [
            -73.9590497,
            40.7984999
          ],
          [
            -73.9589943,
            40.7985585
          ],
          [
            -73.9589481,
            40.7985954
          ],
          [
            -73.9589028,
            40.7986337
          ],
          [
            -73.9588479,
            40.7986643
          ],
          [
            -73.9587235,
            40.7987083
          ],
          [
            -73.9586636,
            40.7987276
          ],
          [
            -73.9586098,
            40.7987449
          ],
          [
            -73.9585733,
            40.7987536
          ],
          [
            -73.9585288,
            40.7987644
          ],
          [
            -73.9585317,
            40.7988082
          ],
          [
            -73.9585292,
            40.7988565
          ],
          [
            -73.9585221,
            40.798909
          ],
          [
            -73.9585156,
            40.7989344
          ],
          [
            -73.958508,
            40.7989644
          ],
          [
            -73.9584902,
            40.7990161
          ],
          [
            -73.9584658,
            40.7990763
          ],
          [
            -73.9584368,
            40.7991268
          ],
          [
            -73.9584077,
            40.7991754
          ],
          [
            -73.9583684,
            40.7992273
          ],
          [
            -73.9583242,
            40.7992783
          ],
          [
            -73.9582766,
            40.7993242
          ],
          [
            -73.9582296,
            40.7993649
          ],
          [
            -73.9581771,
            40.7994058
          ],
          [
            -73.9581314,
            40.7994366
          ],
          [
            -73.9580848,
            40.7994642
          ],
          [
            -73.9580271,
            40.7994926
          ],
          [
            -73.9579792,
            40.799514
          ],
          [
            -73.9579411,
            40.7995283
          ],
          [
            -73.9579016,
            40.7995391
          ],
          [
            -73.9578552,
            40.799551
          ],
          [
            -73.9578044,
            40.79956
          ],
          [
            -73.9577541,
            40.7995652
          ],
          [
            -73.9577023,
            40.7995658
          ],
          [
            -73.9576452,
            40.7995632
          ],
          [
            -73.9575898,
            40.7995566
          ],
          [
            -73.9575407,
            40.7995471
          ],
          [
            -73.957496,
            40.7995334
          ],
          [
            -73.9574237,
            40.7995099
          ],
          [
            -73.9573471,
            40.7994879
          ],
          [
            -73.9572757,
            40.7994691
          ],
          [
            -73.957196,
            40.7994514
          ],
          [
            -73.9571219,
            40.7994379
          ],
          [
            -73.9570476,
            40.799429
          ],
          [
            -73.9569876,
            40.7994237
          ],
          [
            -73.9567662,
            40.7994105
          ],
          [
            -73.9566616,
            40.7994039
          ],
          [
            -73.9565594,
            40.799391
          ],
          [
            -73.9564483,
            40.7993738
          ],
          [
            -73.9563356,
            40.7993554
          ],
          [
            -73.9562937,
            40.7993472
          ],
          [
            -73.9562823,
            40.7993772
          ],
          [
            -73.956273,
            40.7993979
          ],
          [
            -73.9562635,
            40.7994143
          ],
          [
            -73.9562545,
            40.7994251
          ],
          [
            -73.9562424,
            40.799432
          ],
          [
            -73.9562294,
            40.7994338
          ],
          [
            -73.9562143,
            40.7994321
          ],
          [
            -73.9562009,
            40.7994277
          ],
          [
            -73.9561677,
            40.7994179
          ],
          [
            -73.956103,
            40.7993982
          ],
          [
            -73.9560182,
            40.7993762
          ],
          [
            -73.9559264,
            40.7993563
          ],
          [
            -73.9558414,
            40.7993442
          ],
          [
            -73.9557975,
            40.7993418
          ],
          [
            -73.955756,
            40.7993421
          ],
          [
            -73.9557156,
            40.7993466
          ],
          [
            -73.9556714,
            40.7993529
          ],
          [
            -73.9556289,
            40.7993617
          ],
          [
            -73.9555915,
            40.7993784
          ],
          [
            -73.9555689,
            40.7993937
          ],
          [
            -73.9555392,
            40.7994245
          ],
          [
            -73.9555137,
            40.7994638
          ],
          [
            -73.9554788,
            40.7995158
          ],
          [
            -73.9554371,
            40.7995779
          ],
          [
            -73.9554211,
            40.7996013
          ],
          [
            -73.9550832,
            40.8000626
          ],
          [
            -73.9550688,
            40.8000823
          ],
          [
            -73.9550395,
            40.8001222
          ],
          [
            -73.9550149,
            40.8001566
          ],
          [
            -73.9549975,
            40.8001809
          ],
          [
            -73.9546286,
            40.8006961
          ],
          [
            -73.954615,
            40.8007145
          ],
          [
            -73.9545948,
            40.8007428
          ],
          [
            -73.9545628,
            40.800787
          ],
          [
            -73.9545542,
            40.8007989
          ],
          [
            -73.954163,
            40.8013192
          ],
          [
            -73.9541481,
            40.8013398
          ],
          [
            -73.9541263,
            40.8013698
          ],
          [
            -73.9540946,
            40.8014134
          ],
          [
            -73.9540812,
            40.8014319
          ],
          [
            -73.9537065,
            40.8019461
          ],
          [
            -73.9536895,
            40.80197
          ],
          [
            -73.9536671,
            40.8020002
          ],
          [
            -73.9536366,
            40.8020432
          ],
          [
            -73.9536242,
            40.8020607
          ],
          [
            -73.9532586,
            40.8025738
          ],
          [
            -73.953252,
            40.8025838
          ],
          [
            -73.9532454,
            40.8025938
          ],
          [
            -73.9532175,
            40.802631
          ],
          [
            -73.9531869,
            40.8026719
          ],
          [
            -73.9531739,
            40.8026897
          ],
          [
            -73.9531573,
            40.8027124
          ],
          [
            -73.9527877,
            40.8032233
          ],
          [
            -73.9527801,
            40.8032334
          ],
          [
            -73.9527267,
            40.8033041
          ],
          [
            -73.9526638,
            40.8033872
          ],
          [
            -73.9526472,
            40.8034085
          ],
          [
            -73.9525372,
            40.8035496
          ],
          [
            -73.9522578,
            40.8039265
          ],
          [
            -73.9522424,
            40.8039472
          ],
          [
            -73.9522182,
            40.8039796
          ],
          [
            -73.9521871,
            40.804022
          ],
          [
            -73.952175,
            40.8040384
          ],
          [
            -73.9517967,
            40.8045539
          ],
          [
            -73.9517565,
            40.8046092
          ],
          [
            -73.9517113,
            40.8046716
          ],
          [
            -73.9513429,
            40.8051844
          ],
          [
            -73.9513053,
            40.8052364
          ],
          [
            -73.9512593,
            40.8053
          ],
          [
            -73.9508905,
            40.8058067
          ],
          [
            -73.9508511,
            40.8058605
          ],
          [
            -73.9508044,
            40.8059242
          ],
          [
            -73.9504253,
            40.8064462
          ],
          [
            -73.9503896,
            40.8064968
          ],
          [
            -73.9503504,
            40.8065525
          ],
          [
            -73.9499735,
            40.8070677
          ],
          [
            -73.9499342,
            40.8071221
          ],
          [
            -73.9498883,
            40.8071856
          ],
          [
            -73.9495074,
            40.8077028
          ],
          [
            -73.9494734,
            40.8077502
          ],
          [
            -73.9494296,
            40.8078112
          ],
          [
            -73.9490491,
            40.8083294
          ],
          [
            -73.949036,
            40.8083472
          ],
          [
            -73.9490142,
            40.808377
          ],
          [
            -73.9489854,
            40.8084173
          ],
          [
            -73.9489706,
            40.808438
          ],
          [
            -73.9485935,
            40.8089646
          ],
          [
            -73.9485267,
            40.8090573
          ],
          [
            -73.9484554,
            40.8091563
          ],
          [
            -73.948075,
            40.8096729
          ],
          [
            -73.9480589,
            40.8096948
          ],
          [
            -73.9480322,
            40.8097313
          ],
          [
            -73.9480023,
            40.8097722
          ],
          [
            -73.9479889,
            40.8097904
          ],
          [
            -73.947618,
            40.8102922
          ],
          [
            -73.9475735,
            40.8103514
          ],
          [
            -73.9475246,
            40.8104176
          ],
          [
            -73.9474952,
            40.8104574
          ],
          [
            -73.947155,
            40.8109182
          ],
          [
            -73.9470686,
            40.8110351
          ],
          [
            -73.9466961,
            40.8115396
          ],
          [
            -73.9466581,
            40.811592
          ],
          [
            -73.9466131,
            40.811654
          ],
          [
            -73.9462483,
            40.8121643
          ],
          [
            -73.9461694,
            40.8122746
          ],
          [
            -73.9461461,
            40.8123072
          ],
          [
            -73.9458305,
            40.8127484
          ],
          [
            -73.9457988,
            40.812735
          ],
          [
            -73.9457069,
            40.8127098
          ],
          [
            -73.9456451,
            40.8127932
          ],
          [
            -73.9455989,
            40.8128556
          ],
          [
            -73.9452157,
            40.8133731
          ],
          [
            -73.9451787,
            40.8134231
          ],
          [
            -73.9451318,
            40.8134883
          ],
          [
            -73.9449282,
            40.8137713
          ],
          [
            -73.9447661,
            40.8139965
          ],
          [
            -73.9447305,
            40.8140459
          ],
          [
            -73.9446845,
            40.8141078
          ],
          [
            -73.9443069,
            40.8146157
          ],
          [
            -73.9442672,
            40.8146691
          ],
          [
            -73.944224,
            40.8147291
          ],
          [
            -73.9440141,
            40.8150204
          ],
          [
            -73.9438433,
            40.8152536
          ],
          [
            -73.9437801,
            40.81534
          ],
          [
            -73.9437172,
            40.8154251
          ],
          [
            -73.9434861,
            40.8157378
          ],
          [
            -73.9433256,
            40.8159606
          ],
          [
            -73.9432878,
            40.8160117
          ],
          [
            -73.9432448,
            40.8160707
          ],
          [
            -73.9430295,
            40.8163661
          ],
          [
            -73.9428732,
            40.8165825
          ],
          [
            -73.9428389,
            40.8166299
          ],
          [
            -73.9427922,
            40.8166946
          ],
          [
            -73.9426143,
            40.816941
          ],
          [
            -73.9424205,
            40.8172093
          ],
          [
            -73.9423832,
            40.8172609
          ],
          [
            -73.9423402,
            40.8173198
          ],
          [
            -73.942153,
            40.8175764
          ],
          [
            -73.9421132,
            40.8176309
          ],
          [
            -73.9419651,
            40.8178321
          ],
          [
            -73.942071,
            40.8178773
          ],
          [
            -73.9422588,
            40.8176228
          ],
          [
            -73.9424474,
            40.8173671
          ],
          [
            -73.9424915,
            40.8173066
          ],
          [
            -73.9425287,
            40.8172557
          ],
          [
            -73.9427282,
            40.8169886
          ],
          [
            -73.9429094,
            40.8167434
          ],
          [
            -73.9429572,
            40.8166801
          ],
          [
            -73.9429892,
            40.8166339
          ],
          [
            -73.9433591,
            40.8161177
          ],
          [
            -73.9434016,
            40.8160597
          ],
          [
            -73.9434417,
            40.8160101
          ],
          [
            -73.9438411,
            40.815476
          ],
          [
            -73.9439031,
            40.8153911
          ],
          [
            -73.9439667,
            40.8153042
          ],
          [
            -73.944339,
            40.8147781
          ],
          [
            -73.9443821,
            40.8147193
          ],
          [
            -73.9444226,
            40.814664
          ],
          [
            -73.9447949,
            40.8141548
          ],
          [
            -73.9448404,
            40.814093
          ],
          [
            -73.9448767,
            40.8140436
          ],
          [
            -73.9452515,
            40.8135386
          ],
          [
            -73.9452996,
            40.8134738
          ],
          [
            -73.9453358,
            40.8134241
          ],
          [
            -73.945716,
            40.8129015
          ],
          [
            -73.9457281,
            40.8128853
          ],
          [
            -73.9457636,
            40.8128378
          ],
          [
            -73.9458114,
            40.812774
          ],
          [
            -73.9458305,
            40.8127484
          ],
          [
            -73.9462106,
            40.8129097
          ],
          [
            -73.9463964,
            40.8129884
          ],
          [
            -73.9468049,
            40.8131617
          ],
          [
            -73.9470965,
            40.8132854
          ],
          [
            -73.9471661,
            40.8131899
          ],
          [
            -73.9472748,
            40.8132333
          ],
          [
            -73.9473775,
            40.8130823
          ],
          [
            -73.9475664,
            40.8129563
          ],
          [
            -73.9477172,
            40.813021
          ],
          [
            -73.9480116,
            40.8131474
          ],
          [
            -73.9480621,
            40.8131248
          ],
          [
            -73.9481295,
            40.8131177
          ],
          [
            -73.9482529,
            40.8129662
          ],
          [
            -73.948395,
            40.8129634
          ],
          [
            -73.9488372,
            40.8131518
          ],
          [
            -73.9491457,
            40.8127241
          ],
          [
            -73.949169,
            40.8126919
          ],
          [
            -73.9491808,
            40.8126752
          ],
          [
            -73.949301,
            40.812727
          ],
          [
            -73.9494283,
            40.8127795
          ],
          [
            -73.9502259,
            40.8131079
          ],
          [
            -73.9502749,
            40.8130564
          ],
          [
            -73.9507539,
            40.812593
          ],
          [
            -73.9508656,
            40.8126371
          ],
          [
            -73.950927,
            40.812575
          ],
          [
            -73.9509583,
            40.8125444
          ],
          [
            -73.950988,
            40.8125153
          ],
          [
            -73.9514374,
            40.8120769
          ],
          [
            -73.9515008,
            40.8120151
          ],
          [
            -73.9515569,
            40.8119616
          ],
          [
            -73.9517005,
            40.8118198
          ],
          [
            -73.9520414,
            40.8114989
          ],
          [
            -73.952101,
            40.811442
          ],
          [
            -73.9522168,
            40.8114909
          ],
          [
            -73.9522451,
            40.8114588
          ],
          [
            -73.9522608,
            40.8114411
          ],
          [
            -73.9526471,
            40.8109285
          ],
          [
            -73.9526663,
            40.8109031
          ],
          [
            -73.9527283,
            40.8108245
          ],
          [
            -73.9527704,
            40.8107712
          ],
          [
            -73.9527897,
            40.8107442
          ],
          [
            -73.9528316,
            40.8107632
          ],
          [
            -73.9539638,
            40.8112249
          ],
          [
            -73.9540784,
            40.8110755
          ],
          [
            -73.95411,
            40.8110773
          ],
          [
            -73.9542017,
            40.8111097
          ],
          [
            -73.9542877,
            40.8111463
          ],
          [
            -73.9543294,
            40.8111696
          ],
          [
            -73.9543585,
            40.8111308
          ],
          [
            -73.9543741,
            40.8111053
          ],
          [
            -73.9544035,
            40.8110574
          ],
          [
            -73.954418,
            40.8110323
          ],
          [
            -73.9545259,
            40.8108967
          ],
          [
            -73.9545514,
            40.8108567
          ],
          [
            -73.9545715,
            40.8108267
          ],
          [
            -73.9545839,
            40.8108075
          ],
          [
            -73.9545904,
            40.8107976
          ],
          [
            -73.9546704,
            40.8106922
          ],
          [
            -73.9550483,
            40.8101834
          ],
          [
            -73.9550652,
            40.8101606
          ],
          [
            -73.9551034,
            40.8101168
          ],
          [
            -73.9551375,
            40.8100775
          ],
          [
            -73.9551543,
            40.8100554
          ],
          [
            -73.9552353,
            40.8100538
          ],
          [
            -73.9552677,
            40.8100463
          ],
          [
            -73.9554076,
            40.8100139
          ],
          [
            -73.9554025,
            40.8099905
          ],
          [
            -73.9554061,
            40.8099678
          ],
          [
            -73.9554156,
            40.8099399
          ],
          [
            -73.9554329,
            40.8099094
          ],
          [
            -73.9554454,
            40.8098899
          ],
          [
            -73.9559319,
            40.809216
          ],
          [
            -73.9560314,
            40.8091091
          ],
          [
            -73.9560678,
            40.8090737
          ],
          [
            -73.9563395,
            40.8088449
          ],
          [
            -73.9565453,
            40.8086676
          ],
          [
            -73.956595,
            40.8085564
          ],
          [
            -73.9566459,
            40.8084537
          ],
          [
            -73.956664,
            40.8084271
          ],
          [
            -73.9567341,
            40.8083431
          ],
          [
            -73.95677,
            40.8083628
          ],
          [
            -73.9568172,
            40.808388
          ],
          [
            -73.9568493,
            40.8083941
          ],
          [
            -73.9569341,
            40.8083732
          ],
          [
            -73.9570162,
            40.8083432
          ],
          [
            -73.9570757,
            40.8083294
          ],
          [
            -73.9571479,
            40.8083272
          ],
          [
            -73.9572908,
            40.808352
          ],
          [
            -73.9572983,
            40.8082991
          ],
          [
            -73.9573218,
            40.808218
          ],
          [
            -73.9573497,
            40.8081454
          ],
          [
            -73.9573901,
            40.8080669
          ],
          [
            -73.9574347,
            40.8080082
          ],
          [
            -73.9574633,
            40.8079732
          ],
          [
            -73.9575027,
            40.8079314
          ],
          [
            -73.9576088,
            40.8078491
          ],
          [
            -73.9576922,
            40.8077763
          ],
          [
            -73.9577661,
            40.8077009
          ],
          [
            -73.9578897,
            40.8075628
          ],
          [
            -73.9579348,
            40.8075869
          ],
          [
            -73.9580152,
            40.8076
          ],
          [
            -73.9581761,
            40.8073702
          ],
          [
            -73.9582034,
            40.8073345
          ],
          [
            -73.9582966,
            40.8073731
          ],
          [
            -73.9583495,
            40.8073074
          ],
          [
            -73.9587593,
            40.8067422
          ],
          [
            -73.9592012,
            40.8061481
          ],
          [
            -73.9592594,
            40.8060677
          ],
          [
            -73.9593132,
            40.8059958
          ],
          [
            -73.9593598,
            40.8060101
          ],
          [
            -73.9594185,
            40.8060312
          ],
          [
            -73.959489,
            40.8060566
          ],
          [
            -73.9595159,
            40.8060679
          ],
          [
            -73.9609867,
            40.8066848
          ],
          [
            -73.9613696,
            40.8061619
          ],
          [
            -73.9613753,
            40.8061511
          ],
          [
            -73.9613908,
            40.8061295
          ],
          [
            -73.9614157,
            40.8060964
          ],
          [
            -73.961444,
            40.8060596
          ],
          [
            -73.9614614,
            40.8060357
          ],
          [
            -73.9617831,
            40.8056013
          ],
          [
            -73.9618381,
            40.8055267
          ],
          [
            -73.9618554,
            40.8055032
          ],
          [
            -73.9618777,
            40.8054708
          ],
          [
            -73.9619058,
            40.8054299
          ],
          [
            -73.9619224,
            40.8054077
          ],
          [
            -73.9622989,
            40.8048937
          ],
          [
            -73.962314,
            40.8048742
          ],
          [
            -73.96234,
            40.8048378
          ],
          [
            -73.9623669,
            40.8048003
          ],
          [
            -73.9623883,
            40.804771
          ],
          [
            -73.9625822,
            40.8045057
          ],
          [
            -73.9626053,
            40.8044741
          ],
          [
            -73.9627571,
            40.8042709
          ],
          [
            -73.962835,
            40.8041599
          ],
          [
            -73.9630532,
            40.8038613
          ],
          [
            -73.9630805,
            40.8038236
          ],
          [
            -73.9632167,
            40.8036379
          ],
          [
            -73.963297,
            40.8035279
          ],
          [
            -73.9635475,
            40.8031851
          ],
          [
            -73.9635788,
            40.8031421
          ],
          [
            -73.9636592,
            40.8030323
          ],
          [
            -73.9636851,
            40.8029843
          ],
          [
            -73.9637307,
            40.8029096
          ],
          [
            -73.9637671,
            40.8028501
          ],
          [
            -73.9637896,
            40.8028207
          ],
          [
            -73.9641242,
            40.8023829
          ],
          [
            -73.9641319,
            40.8023718
          ],
          [
            -73.9641656,
            40.8023228
          ],
          [
            -73.9641938,
            40.8022863
          ],
          [
            -73.9642065,
            40.8022698
          ],
          [
            -73.9645884,
            40.8017526
          ],
          [
            -73.9646049,
            40.8017304
          ],
          [
            -73.9646356,
            40.8016888
          ],
          [
            -73.9646567,
            40.8016635
          ],
          [
            -73.9646778,
            40.8016381
          ],
          [
            -73.9650457,
            40.8011279
          ],
          [
            -73.9650627,
            40.8011059
          ],
          [
            -73.9650918,
            40.8010646
          ],
          [
            -73.9651159,
            40.8010304
          ],
          [
            -73.9651303,
            40.80101
          ],
          [
            -73.9655204,
            40.8004915
          ],
          [
            -73.9655379,
            40.800467
          ],
          [
            -73.9655938,
            40.8003886
          ],
          [
            -73.9656437,
            40.8003185
          ],
          [
            -73.9656612,
            40.8002939
          ],
          [
            -73.9660355,
            40.799775
          ],
          [
            -73.9660498,
            40.7997551
          ],
          [
            -73.9660828,
            40.7997152
          ],
          [
            -73.9661146,
            40.7996769
          ],
          [
            -73.9661283,
            40.7996583
          ],
          [
            -73.9665035,
            40.799147
          ],
          [
            -73.9665169,
            40.7991287
          ],
          [
            -73.9665438,
            40.7990872
          ],
          [
            -73.9665666,
            40.7990531
          ],
          [
            -73.966581,
            40.7990371
          ],
          [
            -73.96696,
            40.7985238
          ],
          [
            -73.9669653,
            40.7985166
          ],
          [
            -73.9669836,
            40.798492
          ],
          [
            -73.9670431,
            40.7984119
          ],
          [
            -73.967415,
            40.7978925
          ],
          [
            -73.9674659,
            40.7978287
          ],
          [
            -73.9675062,
            40.7977782
          ],
          [
            -73.9678823,
            40.7972653
          ],
          [
            -73.9679195,
            40.7972133
          ],
          [
            -73.9679683,
            40.7971452
          ],
          [
            -73.9682644,
            40.7967316
          ],
          [
            -73.9682889,
            40.7967316
          ],
          [
            -73.9683914,
            40.7967317
          ],
          [
            -73.9685507,
            40.7967279
          ],
          [
            -73.9685867,
            40.7967339
          ],
          [
            -73.9685982,
            40.7967166
          ],
          [
            -73.9686225,
            40.7966801
          ],
          [
            -73.9686477,
            40.7966423
          ],
          [
            -73.9686622,
            40.7966205
          ],
          [
            -73.969042,
            40.7961008
          ],
          [
            -73.9690521,
            40.796086
          ],
          [
            -73.9690819,
            40.7960444
          ],
          [
            -73.9691087,
            40.7960126
          ],
          [
            -73.969125,
            40.7959927
          ],
          [
            -73.9702047,
            40.7964505
          ],
          [
            -73.9705953,
            40.7959443
          ],
          [
            -73.9706106,
            40.795923
          ],
          [
            -73.9706417,
            40.79588
          ],
          [
            -73.9706637,
            40.7958495
          ],
          [
            -73.9706822,
            40.7958238
          ],
          [
            -73.9710574,
            40.7953082
          ],
          [
            -73.9710685,
            40.795293
          ],
          [
            -73.9710972,
            40.7952545
          ],
          [
            -73.9711246,
            40.7952178
          ],
          [
            -73.9711369,
            40.7952019
          ],
          [
            -73.9713651,
            40.7948751
          ],
          [
            -73.9715145,
            40.7946636
          ],
          [
            -73.9715283,
            40.7946431
          ],
          [
            -73.9715742,
            40.794576
          ],
          [
            -73.971614,
            40.7945171
          ],
          [
            -73.9716366,
            40.7944862
          ],
          [
            -73.9720257,
            40.7939555
          ],
          [
            -73.9720417,
            40.7939378
          ],
          [
            -73.9720779,
            40.7938972
          ],
          [
            -73.9721067,
            40.7938649
          ],
          [
            -73.9721218,
            40.7938474
          ],
          [
            -73.9725052,
            40.793328
          ],
          [
            -73.9725148,
            40.793315
          ],
          [
            -73.9725439,
            40.7932758
          ],
          [
            -73.9725704,
            40.7932401
          ],
          [
            -73.9725838,
            40.7932213
          ],
          [
            -73.9729642,
            40.7927054
          ],
          [
            -73.9729764,
            40.7926884
          ],
          [
            -73.9730025,
            40.7926486
          ],
          [
            -73.9730296,
            40.7926148
          ],
          [
            -73.9730437,
            40.7925981
          ],
          [
            -73.9734227,
            40.7920759
          ],
          [
            -73.9734359,
            40.7920592
          ],
          [
            -73.9734634,
            40.7920225
          ],
          [
            -73.973491,
            40.7919857
          ],
          [
            -73.9735063,
            40.7919647
          ],
          [
            -73.9738766,
            40.7914541
          ],
          [
            -73.9738927,
            40.7914318
          ],
          [
            -73.9739147,
            40.791402
          ],
          [
            -73.9739415,
            40.7913652
          ],
          [
            -73.9739605,
            40.7913398
          ],
          [
            -73.9743349,
            40.7908281
          ],
          [
            -73.9743506,
            40.7908068
          ],
          [
            -73.9743833,
            40.7907624
          ],
          [
            -73.974404,
            40.7907342
          ],
          [
            -73.9744188,
            40.7907141
          ],
          [
            -73.9748013,
            40.7901894
          ],
          [
            -73.9748082,
            40.7901788
          ],
          [
            -73.974837,
            40.7901341
          ],
          [
            -73.9748599,
            40.7900985
          ],
          [
            -73.9748673,
            40.790087
          ],
          [
            -73.9752467,
            40.789569
          ],
          [
            -73.9752611,
            40.7895493
          ],
          [
            -73.9752923,
            40.7895105
          ],
          [
            -73.97532,
            40.7894761
          ],
          [
            -73.9753345,
            40.7894563
          ],
          [
            -73.9757076,
            40.7889452
          ],
          [
            -73.9757236,
            40.7889233
          ],
          [
            -73.9757579,
            40.788886
          ],
          [
            -73.9757859,
            40.7888555
          ],
          [
            -73.9758028,
            40.7888356
          ],
          [
            -73.9762312,
            40.7883305
          ],
          [
            -73.9762495,
            40.788309
          ],
          [
            -73.9763107,
            40.788239
          ],
          [
            -73.9763684,
            40.7881685
          ],
          [
            -73.9763932,
            40.7881415
          ],
          [
            -73.9768282,
            40.7876372
          ],
          [
            -73.9768421,
            40.7876215
          ],
          [
            -73.9768786,
            40.7875802
          ],
          [
            -73.9769023,
            40.7875543
          ],
          [
            -73.976924,
            40.7875253
          ],
          [
            -73.9773507,
            40.7870318
          ],
          [
            -73.9773607,
            40.7870184
          ],
          [
            -73.9774019,
            40.7869661
          ],
          [
            -73.9774243,
            40.7869339
          ],
          [
            -73.9774391,
            40.7869142
          ],
          [
            -73.9778294,
            40.7864061
          ],
          [
            -73.9778537,
            40.7864156
          ],
          [
            -73.9779266,
            40.7864441
          ],
          [
            -73.9779961,
            40.7864712
          ],
          [
            -73.9780494,
            40.7864921
          ],
          [
            -73.9781277,
            40.7865226
          ],
          [
            -73.9781944,
            40.7865487
          ],
          [
            -73.9782274,
            40.7865617
          ],
          [
            -73.9782388,
            40.7865449
          ],
          [
            -73.9782654,
            40.7865059
          ],
          [
            -73.9782893,
            40.7864709
          ],
          [
            -73.9783067,
            40.7864454
          ],
          [
            -73.9786929,
            40.7859355
          ],
          [
            -73.9787092,
            40.7859177
          ],
          [
            -73.9787361,
            40.785882
          ],
          [
            -73.978764,
            40.7858449
          ],
          [
            -73.9787789,
            40.7858251
          ],
          [
            -73.9791647,
            40.7853058
          ],
          [
            -73.9791815,
            40.7852832
          ],
          [
            -73.9792086,
            40.7852494
          ],
          [
            -73.9792353,
            40.7852162
          ],
          [
            -73.9792582,
            40.7851834
          ],
          [
            -73.9796351,
            40.7846783
          ],
          [
            -73.9796533,
            40.7846538
          ],
          [
            -73.9796837,
            40.7846117
          ],
          [
            -73.9797033,
            40.7845845
          ],
          [
            -73.9797192,
            40.784563
          ],
          [
            -73.9800567,
            40.7841063
          ],
          [
            -73.9802109,
            40.7840758
          ],
          [
            -73.980965,
            40.7843931
          ],
          [
            -73.9809952,
            40.7843529
          ],
          [
            -73.9810361,
            40.7842965
          ],
          [
            -73.9810876,
            40.7842222
          ],
          [
            -73.9811012,
            40.7842035
          ],
          [
            -73.9815061,
            40.7836725
          ],
          [
            -73.9815199,
            40.7836537
          ],
          [
            -73.9815477,
            40.7836155
          ],
          [
            -73.9815733,
            40.7835805
          ],
          [
            -73.9815839,
            40.7835659
          ],
          [
            -73.981602,
            40.7835736
          ],
          [
            -73.9817098,
            40.783614
          ],
          [
            -73.981787,
            40.7836429
          ],
          [
            -73.9818328,
            40.7836621
          ],
          [
            -73.9822138,
            40.7831417
          ],
          [
            -73.9822482,
            40.7830978
          ],
          [
            -73.9823027,
            40.7830282
          ],
          [
            -73.9826758,
            40.7825038
          ],
          [
            -73.9827124,
            40.7824506
          ],
          [
            -73.9827423,
            40.7824176
          ],
          [
            -73.9827578,
            40.7823967
          ],
          [
            -73.98314,
            40.7818732
          ],
          [
            -73.9831516,
            40.7818573
          ],
          [
            -73.9831794,
            40.7818199
          ],
          [
            -73.9831991,
            40.7817933
          ],
          [
            -73.9832239,
            40.7817597
          ],
          [
            -73.9836078,
            40.781239
          ],
          [
            -73.9836208,
            40.7812214
          ],
          [
            -73.9836463,
            40.7811842
          ],
          [
            -73.9836763,
            40.7811402
          ],
          [
            -73.9836879,
            40.7811245
          ],
          [
            -73.9840708,
            40.7806066
          ],
          [
            -73.9840832,
            40.7805895
          ],
          [
            -73.9841119,
            40.7805486
          ],
          [
            -73.9841353,
            40.7805151
          ],
          [
            -73.9841509,
            40.7804939
          ],
          [
            -73.9845353,
            40.7799723
          ],
          [
            -73.9845495,
            40.779953
          ],
          [
            -73.9846121,
            40.7798683
          ],
          [
            -73.9846734,
            40.7797853
          ],
          [
            -73.9846845,
            40.7797698
          ],
          [
            -73.985064,
            40.7792415
          ],
          [
            -73.9850767,
            40.7792238
          ],
          [
            -73.9851084,
            40.7791829
          ],
          [
            -73.9851345,
            40.7791492
          ],
          [
            -73.9851476,
            40.7791313
          ],
          [
            -73.985515,
            40.7786213
          ],
          [
            -73.9855294,
            40.7786022
          ],
          [
            -73.9855793,
            40.7785476
          ],
          [
            -73.9856426,
            40.7784784
          ],
          [
            -73.9856625,
            40.7784595
          ],
          [
            -73.9859663,
            40.7780377
          ],
          [
            -73.9860019,
            40.7779882
          ],
          [
            -73.9861385,
            40.7777986
          ],
          [
            -73.9861945,
            40.777721
          ],
          [
            -73.9866658,
            40.7770666
          ],
          [
            -73.9867009,
            40.7770179
          ],
          [
            -73.9867937,
            40.776889
          ],
          [
            -73.9869117,
            40.7767253
          ],
          [
            -73.9869356,
            40.776692
          ],
          [
            -73.9869675,
            40.7766477
          ],
          [
            -73.9873212,
            40.7761567
          ],
          [
            -73.9873767,
            40.776082
          ],
          [
            -73.9874397,
            40.7759972
          ],
          [
            -73.9876013,
            40.7757756
          ],
          [
            -73.987745,
            40.7755823
          ],
          [
            -73.9878022,
            40.7755089
          ],
          [
            -73.9878189,
            40.7754862
          ],
          [
            -73.987858,
            40.7754324
          ],
          [
            -73.9878947,
            40.7753806
          ],
          [
            -73.987904,
            40.7753678
          ],
          [
            -73.9882662,
            40.7748698
          ],
          [
            -73.988279,
            40.7748522
          ],
          [
            -73.9883136,
            40.7748031
          ],
          [
            -73.9883388,
            40.7747673
          ],
          [
            -73.9883505,
            40.7747447
          ],
          [
            -73.9883641,
            40.7747265
          ],
          [
            -73.9885438,
            40.774486
          ],
          [
            -73.9887175,
            40.7742534
          ],
          [
            -73.9887343,
            40.774233
          ],
          [
            -73.9887697,
            40.7741785
          ],
          [
            -73.9887988,
            40.7741338
          ],
          [
            -73.9888156,
            40.7741125
          ],
          [
            -73.9891806,
            40.7736109
          ],
          [
            -73.9891949,
            40.7736007
          ],
          [
            -73.9892285,
            40.7735519
          ],
          [
            -73.9892539,
            40.7735151
          ],
          [
            -73.9892643,
            40.7735013
          ],
          [
            -73.9896378,
            40.7729923
          ],
          [
            -73.9896488,
            40.7729807
          ],
          [
            -73.9896877,
            40.7729246
          ],
          [
            -73.9897169,
            40.7728826
          ],
          [
            -73.9897356,
            40.7728577
          ],
          [
            -73.9900973,
            40.7723666
          ],
          [
            -73.9901102,
            40.7723498
          ],
          [
            -73.9901427,
            40.7723041
          ],
          [
            -73.9901735,
            40.7722607
          ],
          [
            -73.9901859,
            40.7722403
          ],
          [
            -73.9904101,
            40.7719268
          ],
          [
            -73.990489,
            40.771816
          ],
          [
            -73.9905452,
            40.771737
          ],
          [
            -73.9905573,
            40.77172
          ],
          [
            -73.9905975,
            40.7716752
          ],
          [
            -73.9906246,
            40.771645
          ],
          [
            -73.9906406,
            40.7716226
          ],
          [
            -73.9910109,
            40.7711037
          ],
          [
            -73.9910165,
            40.7710907
          ],
          [
            -73.9910496,
            40.7710447
          ],
          [
            -73.9910768,
            40.7710066
          ],
          [
            -73.991089,
            40.7709897
          ],
          [
            -73.9914731,
            40.7704722
          ],
          [
            -73.9914943,
            40.7704506
          ],
          [
            -73.9915429,
            40.7703786
          ],
          [
            -73.9915935,
            40.7703038
          ],
          [
            -73.9916102,
            40.7702808
          ],
          [
            -73.9919862,
            40.7697615
          ],
          [
            -73.9919965,
            40.7697473
          ],
          [
            -73.992029,
            40.7696987
          ],
          [
            -73.992058,
            40.7696553
          ],
          [
            -73.9920706,
            40.7696386
          ],
          [
            -73.992201,
            40.7694674
          ],
          [
            -73.9924527,
            40.7691369
          ],
          [
            -73.9927509,
            40.7692624
          ],
          [
            -73.994226,
            40.7698891
          ],
          [
            -73.9942671,
            40.769923
          ],
          [
            -73.9943283,
            40.7699551
          ],
          [
            -73.9945121,
            40.7700337
          ],
          [
            -73.9945872,
            40.7700656
          ],
          [
            -73.9946861,
            40.7701077
          ],
          [
            -73.9947699,
            40.7701157
          ],
          [
            -73.9948544,
            40.7701237
          ],
          [
            -73.994886,
            40.7701267
          ],
          [
            -73.9949359,
            40.7701315
          ],
          [
            -73.9949939,
            40.7701363
          ],
          [
            -73.995029,
            40.7701388
          ],
          [
            -73.9950641,
            40.7701412
          ],
          [
            -73.995083,
            40.7701438
          ],
          [
            -73.9951653,
            40.7701652
          ],
          [
            -73.9951988,
            40.7701288
          ],
          [
            -73.9952515,
            40.7700943
          ],
          [
            -73.9953146,
            40.7700597
          ],
          [
            -73.9953548,
            40.770044
          ],
          [
            -73.9954086,
            40.7700362
          ],
          [
            -73.9954722,
            40.7700344
          ],
          [
            -73.9955391,
            40.7700373
          ],
          [
            -73.9956025,
            40.7700453
          ],
          [
            -73.9956734,
            40.7700678
          ],
          [
            -73.9957293,
            40.7700989
          ],
          [
            -73.9957622,
            40.7701275
          ],
          [
            -73.9957937,
            40.7701613
          ],
          [
            -73.9958177,
            40.7701987
          ],
          [
            -73.9958424,
            40.7702519
          ],
          [
            -73.9958599,
            40.7702952
          ],
          [
            -73.9958797,
            40.7703567
          ],
          [
            -73.9958375,
            40.7704103
          ],
          [
            -73.9958718,
            40.7704238
          ],
          [
            -73.9959429,
            40.770454
          ],
          [
            -73.9959568,
            40.7704598
          ],
          [
            -73.9959538,
            40.7704646
          ],
          [
            -73.9959447,
            40.7704739
          ],
          [
            -73.9959348,
            40.7704841
          ],
          [
            -73.9959209,
            40.7704937
          ],
          [
            -73.995901,
            40.7705011
          ],
          [
            -73.9958824,
            40.7705091
          ],
          [
            -73.9958656,
            40.7705188
          ],
          [
            -73.9958525,
            40.7705296
          ],
          [
            -73.9958455,
            40.7705364
          ],
          [
            -73.995855,
            40.7705413
          ],
          [
            -73.9958812,
            40.7705524
          ],
          [
            -73.9959341,
            40.770542
          ],
          [
            -73.9959848,
            40.7704752
          ]
        ]
      }
    }
  ]
}
