{
  "type": "FeatureCollection",
  "features": [
    {
      "type": "Feature",
      "properties": {
        "scenario": "Inwood Hill Park | 5.0mi | out_and_back | moderate | amenity",
        "shape": "out_and_back",
        "target_miles": 5.0,
        "distance_m": 8046.5885863262665,
        "candidate_index": 0
      },
      "geometry": {
        "type": "LineString",
        "coordinates": [
          [
            -73.9212171,
            40.867707
          ],
          [
            -73.9213249,
            40.8676676
          ],
          [
            -73.9230078,
            40.8670533
          ],
          [
            -73.92311,
            40.867016
          ],
          [
            -73.9232126,
            40.8669792
          ],
          [
            -73.9249072,
            40.8663711
          ],
          [
            -73.925005,
            40.866336
          ],
          [
            -73.9251166,
            40.8662959
          ],
          [
            -73.9257983,
            40.8660514
          ],
          [
            -73.925872,
            40.866025
          ],
          [
            -73.925967,
            40.8659914
          ],
          [
            -73.9263199,
            40.8658667
          ],
          [
            -73.9265267,
            40.8657937
          ],
          [
            -73.9271619,
            40.8655693
          ],
          [
            -73.9272475,
            40.865539
          ],
          [
            -73.9272714,
            40.8655306
          ],
          [
            -73.927516,
            40.8655045
          ],
          [
            -73.9275315,
            40.8655059
          ],
          [
            -73.9280646,
            40.8655549
          ],
          [
            -73.928253,
            40.8655722
          ],
          [
            -73.9283189,
            40.8655976
          ],
          [
            -73.9284054,
            40.865631
          ],
          [
            -73.9285317,
            40.8656428
          ],
          [
            -73.9284054,
            40.865631
          ],
          [
            -73.9283189,
            40.8655976
          ],
          [
            -73.928253,
            40.8655722
          ],
          [
            -73.9280646,
            40.8655549
          ],
          [
            -73.9275315,
            40.8655059
          ],
          [
            -73.927516,
            40.8655045
          ],
          [
            -73.9272714,
            40.8655306
          ],
          [
            -73.9272475,
            40.865539
          ],
          [
            -73.9271619,
            40.8655693
          ],
          [
            -73.9265267,
            40.8657937
          ],
          [
            -73.9263199,
            40.8658667
          ],
          [
            -73.925967,
            40.8659914
          ],
          [
            -73.925872,
            40.866025
          ],
          [
            -73.9257983,
            40.8660514
          ],
          [
            -73.9251166,
            40.8662959
          ],
          [
            -73.925005,
            40.866336
          ],
          [
            -73.9249072,
            40.8663711
          ],
          [
            -73.9232126,
            40.8669792
          ],
          [
            -73.92311,
            40.867016
          ],
          [
            -73.9230078,
            40.8670533
          ],
          [
            -73.9213249,
            40.8676676
          ],
          [
            -73.9212171,
            40.867707
          ],
          [
            -73.9213249,
            40.8676676
          ],
          [
            -73.9230078,
            40.8670533
          ],
          [
            -73.92311,
            40.867016
          ],
          [
            -73.9232126,
            40.8669792
          ],
          [
            -73.9249072,
            40.8663711
          ],
          [
            -73.925005,
            40.866336
          ],
          [
            -73.9251166,
            40.8662959
          ],
          [
            -73.9257983,
            40.8660514
          ],
          [
            -73.925872,
            40.866025
          ],
          [
            -73.925967,
            40.8659914
          ],
          [
            -73.9263199,
            40.8658667
          ],
          [
            -73.9265267,
            40.8657937
          ],
          [
            -73.9271619,
            40.8655693
          ],
          [
            -73.9272475,
            40.865539
          ],
          [
            -73.9272714,
            40.8655306
          ],
          [
            -73.9272948,
            40.8655188
          ],
          [
            -73.9274931,
            40.8654184
          ],
          [
            -73.9275773,
            40.8654449
          ],
          [
            -73.9275983,
            40.8654515
          ],
          [
            -73.9277609,
            40.8653672
          ],
          [
            -73.9277762,
            40.8653645
          ],
          [
            -73.9277915,
            40.865368
          ],
          [
            -73.9278078,
            40.8653879
          ],
          [
            -73.92782,
            40.8653796
          ],
          [
            -73.9278578,
            40.8653587
          ],
          [
            -73.9278865,
            40.8653403
          ],
          [
            -73.9279083,
            40.865329
          ],
          [
            -73.9281272,
            40.8652149
          ],
          [
            -73.9282884,
            40.8651302
          ],
          [
            -73.9287266,
            40.8648997
          ],
          [
            -73.9289299,
            40.8647849
          ],
          [
            -73.9290352,
            40.8647226
          ],
          [
            -73.9291886,
            40.8646031
          ],
          [
            -73.929233,
            40.864569
          ],
          [
            -73.9294606,
            40.8643815
          ],
          [
            -73.9296576,
            40.8641904
          ],
          [
            -73.9299818,
            40.8637992
          ],
          [
            -73.9301114,
            40.8635412
          ],
          [
            -73.9301802,
            40.8633541
          ],
          [
            -73.930185,
            40.8633245
          ],
          [
            -73.9301892,
            40.8632989
          ],
          [
            -73.930163,
            40.863064
          ],
          [
            -73.9301101,
            40.8626789
          ],
          [
            -73.9300902,
            40.8625349
          ],
          [
            -73.9301141,
            40.8622388
          ],
          [
            -73.9301695,
            40.8620422
          ],
          [
            -73.9302856,
            40.8617399
          ],
          [
            -73.9304272,
            40.8617899
          ],
          [
            -73.9304969,
            40.8616702
          ],
          [
            -73.9305479,
            40.861657
          ],
          [
            -73.9306109,
            40.8616296
          ],
          [
            -73.9306807,
            40.861587
          ],
          [
            -73.930745,
            40.8615546
          ],
          [
            -73.9309757,
            40.8613361
          ],
          [
            -73.931022,
            40.8612941
          ],
          [
            -73.9310669,
            40.8612979
          ],
          [
            -73.9311192,
            40.8611113
          ],
          [
            -73.9311916,
            40.8611404
          ],
          [
            -73.9312277,
            40.8611389
          ],
          [
            -73.9312615,
            40.8611268
          ],
          [
            -73.9313209,
            40.8610861
          ],
          [
            -73.9313879,
            40.8610364
          ],
          [
            -73.9314625,
            40.8609567
          ],
          [
            -73.9315158,
            40.860893
          ],
          [
            -73.9315679,
            40.860842
          ],
          [
            -73.9316336,
            40.8607806
          ],
          [
            -73.9316773,
            40.8607201
          ],
          [
            -73.9317938,
            40.8604939
          ],
          [
            -73.9318477,
            40.8604341
          ],
          [
            -73.931925,
            40.8603737
          ],
          [
            -73.931975,
            40.8603346
          ],
          [
            -73.9320048,
            40.8602957
          ],
          [
            -73.932022,
            40.8602448
          ],
          [
            -73.9320977,
            40.8601656
          ],
          [
            -73.9321411,
            40.8601067
          ],
          [
            -73.9321842,
            40.8600624
          ],
          [
            -73.9321972,
            40.8600555
          ],
          [
            -73.9322572,
            40.8600429
          ],
          [
            -73.9323025,
            40.8600268
          ],
          [
            -73.9323314,
            40.8599963
          ],
          [
            -73.93235,
            40.8599522
          ],
          [
            -73.9323646,
            40.8599217
          ],
          [
            -73.932371,
            40.8599105
          ],
          [
            -73.932374,
            40.8599054
          ],
          [
            -73.9323912,
            40.8598859
          ],
          [
            -73.9324135,
            40.8598675
          ],
          [
            -73.9324475,
            40.8598469
          ],
          [
            -73.9324564,
            40.8598401
          ],
          [
            -73.9325508,
            40.8597571
          ],
          [
            -73.932653,
            40.8597011
          ],
          [
            -73.932755,
            40.8596746
          ],
          [
            -73.932803,
            40.8596676
          ],
          [
            -73.9328878,
            40.8596265
          ],
          [
            -73.9329585,
            40.8595941
          ],
          [
            -73.9330317,
            40.8595723
          ],
          [
            -73.9331805,
            40.8595503
          ],
          [
            -73.9332758,
            40.8595364
          ],
          [
            -73.9333104,
            40.859527
          ],
          [
            -73.9333441,
            40.8595138
          ],
          [
            -73.9334594,
            40.859453
          ],
          [
            -73.9335874,
            40.8593918
          ],
          [
            -73.9336276,
            40.8593716
          ],
          [
            -73.9336561,
            40.8593088
          ],
          [
            -73.9337298,
            40.8593309
          ],
          [
            -73.9338154,
            40.8591451
          ],
          [
            -73.9338196,
            40.8591396
          ],
          [
            -73.9338244,
            40.859136
          ],
          [
            -73.9338303,
            40.859133
          ],
          [
            -73.9338402,
            40.8591295
          ],
          [
            -73.9338502,
            40.8591271
          ],
          [
            -73.9338613,
            40.8591255
          ],
          [
            -73.933871,
            40.859125
          ],
          [
            -73.9338776,
            40.8591255
          ],
          [
            -73.9338859,
            40.8591269
          ],
          [
            -73.9340432,
            40.8591658
          ],
          [
            -73.9340607,
            40.8591682
          ],
          [
            -73.9341185,
            40.8591781
          ],
          [
            -73.9341474,
            40.8591845
          ],
          [
            -73.9342337,
            40.8592036
          ],
          [
            -73.9342827,
            40.8592144
          ],
          [
            -73.9343283,
            40.8592223
          ],
          [
            -73.9343375,
            40.8592335
          ],
          [
            -73.9343474,
            40.8592417
          ],
          [
            -73.934366,
            40.8592524
          ],
          [
            -73.934384,
            40.8592604
          ],
          [
            -73.9345615,
            40.8593094
          ],
          [
            -73.9346813,
            40.8593435
          ],
          [
            -73.934721,
            40.859351
          ],
          [
            -73.9347457,
            40.8593517
          ],
          [
            -73.9347703,
            40.8593504
          ],
          [
            -73.9348123,
            40.8593452
          ],
          [
            -73.9348537,
            40.8593326
          ],
          [
            -73.9348894,
            40.8593164
          ],
          [
            -73.9349707,
            40.8592689
          ],
          [
            -73.935075,
            40.8592
          ],
          [
            -73.9351827,
            40.8591229
          ],
          [
            -73.9352447,
            40.8590745
          ],
          [
            -73.9353837,
            40.8589645
          ],
          [
            -73.9356649,
            40.8586748
          ],
          [
            -73.935784,
            40.8585258
          ],
          [
            -73.9358727,
            40.8584018
          ],
          [
            -73.9359488,
            40.8582882
          ],
          [
            -73.936067,
            40.8580696
          ],
          [
            -73.9360984,
            40.8580111
          ],
          [
            -73.9361613,
            40.8578941
          ],
          [
            -73.9361679,
            40.8578811
          ],
          [
            -73.9362508,
            40.8577167
          ],
          [
            -73.9362748,
            40.8576718
          ],
          [
            -73.9363,
            40.8576246
          ],
          [
            -73.9363228,
            40.8575846
          ],
          [
            -73.9363883,
            40.8574808
          ],
          [
            -73.9364527,
            40.8573886
          ],
          [
            -73.9364612,
            40.8573765
          ],
          [
            -73.9365005,
            40.8573312
          ],
          [
            -73.9365344,
            40.8572887
          ],
          [
            -73.9365489,
            40.8572708
          ],
          [
            -73.936799,
            40.8569628
          ],
          [
            -73.9368372,
            40.8569131
          ],
          [
            -73.9369049,
            40.856825
          ],
          [
            -73.9372014,
            40.8564388
          ],
          [
            -73.9373558,
            40.8562375
          ],
          [
            -73.9374733,
            40.8560848
          ],
          [
            -73.9377156,
            40.8557574
          ],
          [
            -73.937818,
            40.8556301
          ],
          [
            -73.937832,
            40.8556126
          ],
          [
            -73.9378545,
            40.8555795
          ],
          [
            -73.9378758,
            40.8555487
          ],
          [
            -73.9379009,
            40.8555131
          ],
          [
            -73.937929,
            40.8554731
          ],
          [
            -73.9379484,
            40.85545
          ],
          [
            -73.9379666,
            40.855428
          ],
          [
            -73.9379876,
            40.8554011
          ],
          [
            -73.9385455,
            40.854688
          ],
          [
            -73.9386194,
            40.854594
          ],
          [
            -73.9388793,
            40.8542636
          ],
          [
            -73.9394373,
            40.8535307
          ],
          [
            -73.9394756,
            40.8534647
          ],
          [
            -73.9397948,
            40.8523848
          ],
          [
            -73.9400457,
            40.8515358
          ],
          [
            -73.9400744,
            40.8514249
          ],
          [
            -73.9400976,
            40.8514254
          ],
          [
            -73.9401453,
            40.8514259
          ],
          [
            -73.9401939,
            40.8514263
          ],
          [
            -73.9402274,
            40.8514251
          ],
          [
            -73.9402558,
            40.8514054
          ],
          [
            -73.9403217,
            40.8513366
          ],
          [
            -73.9403961,
            40.8513344
          ],
          [
            -73.9406758,
            40.8513213
          ],
          [
            -73.940727,
            40.8513202
          ],
          [
            -73.9407815,
            40.8513206
          ],
          [
            -73.940837,
            40.8513234
          ],
          [
            -73.9408902,
            40.851328
          ],
          [
            -73.9409474,
            40.8513342
          ],
          [
            -73.9411264,
            40.8513601
          ],
          [
            -73.9412123,
            40.8513723
          ],
          [
            -73.9412497,
            40.8513603
          ],
          [
            -73.9412763,
            40.8513482
          ],
          [
            -73.9413019,
            40.8513304
          ],
          [
            -73.9413251,
            40.8513057
          ],
          [
            -73.9413506,
            40.8512747
          ],
          [
            -73.9413939,
            40.8512736
          ],
          [
            -73.9414235,
            40.8512777
          ],
          [
            -73.9414821,
            40.8513022
          ],
          [
            -73.941543,
            40.8513358
          ],
          [
            -73.9415971,
            40.8513684
          ],
          [
            -73.9419408,
            40.8516135
          ],
          [
            -73.9420607,
            40.8515348
          ],
          [
            -73.9422871,
            40.8513594
          ],
          [
            -73.9424724,
            40.8511685
          ],
          [
            -73.9426316,
            40.8509383
          ],
          [
            -73.9427205,
            40.8507301
          ],
          [
            -73.942767,
            40.8505433
          ],
          [
            -73.9428374,
            40.8500918
          ],
          [
            -73.9429626,
            40.849152
          ],
          [
            -73.9430242,
            40.8491584
          ],
          [
            -73.9430761,
            40.8491623
          ],
          [
            -73.943098,
            40.849164
          ],
          [
            -73.9431047,
            40.8491806
          ],
          [
            -73.9431038,
            40.8493299
          ],
          [
            -73.9434015,
            40.8493605
          ],
          [
            -73.9436529,
            40.8493543
          ],
          [
            -73.9434357,
            40.8495649
          ],
          [
            -73.9435574,
            40.8495785
          ],
          [
            -73.9436474,
            40.8495882
          ],
          [
            -73.9437874,
            40.8496297
          ],
          [
            -73.9439906,
            40.8496545
          ],
          [
            -73.944149,
            40.8496554
          ],
          [
            -73.9442985,
            40.8496719
          ],
          [
            -73.9443922,
            40.849692
          ],
          [
            -73.9444847,
            40.8497341
          ],
          [
            -73.9446214,
            40.8498231
          ],
          [
            -73.9446371,
            40.8498457
          ],
          [
            -73.9446423,
            40.8498716
          ],
          [
            -73.9446371,
            40.8498457
          ],
          [
            -73.9446214,
            40.8498231
          ],
          [
            -73.9444847,
            40.8497341
          ],
          [
            -73.9443922,
            40.849692
          ],
          [
            -73.9442985,
            40.8496719
          ],
          [
            -73.944149,
            40.8496554
          ],
          [
            -73.9439906,
            40.8496545
          ],
          [
            -73.9437874,
            40.8496297
          ],
          [
            -73.9436474,
            40.8495882
          ],
          [
            -73.9435574,
            40.8495785
          ],
          [
            -73.9434357,
            40.8495649
          ],
          [
            -73.9436529,
            40.8493543
          ],
          [
            -73.9434015,
            40.8493605
          ],
          [
            -73.9431038,
            40.8493299
          ],
          [
            -73.9431047,
            40.8491806
          ],
          [
            -73.943098,
            40.849164
          ],
          [
            -73.9430761,
            40.8491623
          ],
          [
            -73.9430242,
            40.8491584
          ],
          [
            -73.9429626,
            40.849152
          ],
          [
            -73.9428374,
            40.8500918
          ],
          [
            -73.942767,
            40.8505433
          ],
          [
            -73.9427205,
            40.8507301
          ],
          [
            -73.9426316,
            40.8509383
          ],
          [
            -73.9424724,
            40.8511685
          ],
          [
            -73.9422871,
            40.8513594
          ],
          [
            -73.9420607,
            40.8515348
          ],
          [
            -73.9419408,
            40.8516135
          ],
          [
            -73.9415971,
            40.8513684
          ],
          [
            -73.941543,
            40.8513358
          ],
          [
            -73.9414821,
            40.8513022
          ],
          [
            -73.9414235,
            40.8512777
          ],
          [
            -73.9413939,
            40.8512736
          ],
          [
            -73.9413506,
            40.8512747
          ],
          [
            -73.9413251,
            40.8513057
          ],
          [
            -73.9413019,
            40.8513304
          ],
          [
            -73.9412763,
            40.8513482
          ],
          [
            -73.9412497,
            40.8513603
          ],
          [
            -73.9412123,
            40.8513723
          ],
          [
            -73.9411264,
            40.8513601
          ],
          [
            -73.9409474,
            40.8513342
          ],
          [
            -73.9408902,
            40.851328
          ],
          [
            -73.940837,
            40.8513234
          ],
          [
            -73.9407815,
            40.8513206
          ],
          [
            -73.940727,
            40.8513202
          ],
          [
            -73.9406758,
            40.8513213
          ],
          [
            -73.9403961,
            40.8513344
          ],
          [
            -73.9403217,
            40.8513366
          ],
          [
            -73.9402558,
            40.8514054
          ],
          [
            -73.9402274,
            40.8514251
          ],
          [
            -73.9401939,
            40.8514263
          ],
          [
            -73.9401453,
            40.8514259
          ],
          [
            -73.9400976,
            40.8514254
          ],
          [
            -73.9400744,
            40.8514249
          ],
          [
            -73.9400457,
            40.8515358
          ],
          [
            -73.9397948,
            40.8523848
          ],
          [
            -73.9394756,
            40.8534647
          ],
          [
            -73.9394373,
            40.8535307
          ],
          [
            -73.9388793,
            40.8542636
          ],
          [
            -73.9386194,
            40.854594
          ],
          [
            -73.9385455,
            40.854688
          ],
          [
            -73.9379876,
            40.8554011
          ],
          [
            -73.9379666,
            40.855428
          ],
          [
            -73.9379484,
            40.85545
          ],
          [
            -73.937929,
            40.8554731
          ],
          [
            -73.9379009,
            40.8555131
          ],
          [
            -73.9378758,
            40.8555487
          ],
          [
            -73.9378545,
            40.8555795
          ],
          [
            -73.937832,
            40.8556126
          ],
          [
            -73.937818,
            40.8556301
          ],
          [
            -73.9377156,
            40.8557574
          ],
          [
            -73.9374733,
            40.8560848
          ],
          [
            -73.9373558,
            40.8562375
          ],
          [
            -73.9372014,
            40.8564388
          ],
          [
            -73.9369049,
            40.856825
          ],
          [
            -73.9368372,
            40.8569131
          ],
          [
            -73.936799,
            40.8569628
          ],
          [
            -73.9365489,
            40.8572708
          ],
          [
            -73.9365344,
            40.8572887
          ],
          [
            -73.9365005,
            40.8573312
          ],
          [
            -73.9364612,
            40.8573765
          ],
          [
            -73.9364527,
            40.8573886
          ],
          [
            -73.9363883,
            40.8574808
          ],
          [
            -73.9363228,
            40.8575846
          ],
          [
            -73.9363,
            40.8576246
          ],
          [
            -73.9362748,
            40.8576718
          ],
          [
            -73.9362508,
            40.8577167
          ],
          [
            -73.9361679,
            40.8578811
          ],
          [
            -73.9361613,
            40.8578941
          ],
          [
            -73.9360984,
            40.8580111
          ],
          [
            -73.936067,
            40.8580696
          ],
          [
            -73.9359488,
            40.8582882
          ],
          [
            -73.9358727,
            40.8584018
          ],
          [
            -73.935784,
            40.8585258
          ],
          [
            -73.9356649,
            40.8586748
          ],
          [
            -73.9353837,
            40.8589645
          ],
          [
            -73.9352447,
            40.8590745
          ],
          [
            -73.9351827,
            40.8591229
          ],
          [
            -73.935075,
            40.8592
          ],
          [
            -73.9349707,
            40.8592689
          ],
          [
            -73.9348894,
            40.8593164
          ],
          [
            -73.9348537,
            40.8593326
          ],
          [
            -73.9348123,
            40.8593452
          ],
          [
            -73.9347703,
            40.8593504
          ],
          [
            -73.9347457,
            40.8593517
          ],
          [
            -73.934721,
            40.859351
          ],
          [
            -73.9346813,
            40.8593435
          ],
          [
            -73.9345615,
            40.8593094
          ],
          [
            -73.934384,
            40.8592604
          ],
          [
            -73.934366,
            40.8592524
          ],
          [
            -73.9343474,
            40.8592417
          ],
          [
            -73.9343375,
            40.8592335
          ],
          [
            -73.9343283,
            40.8592223
          ],
          [
            -73.9342827,
            40.8592144
          ],
          [
            -73.9342337,
            40.8592036
          ],
          [
            -73.9341474,
            40.8591845
          ],
          [
            -73.9341185,
            40.8591781
          ],
          [
            -73.9340607,
            40.8591682
          ],
          [
            -73.9340432,
            40.8591658
          ],
          [
            -73.9338859,
            40.8591269
          ],
          [
            -73.9338776,
            40.8591255
          ],
          [
            -73.933871,
            40.859125
          ],
          [
            -73.9338613,
            40.8591255
          ],
          [
            -73.9338502,
            40.8591271
          ],
          [
            -73.9338402,
            40.8591295
          ],
          [
            -73.9338303,
            40.859133
          ],
          [
            -73.9338244,
            40.859136
          ],
          [
            -73.9338196,
            40.8591396
          ],
          [
            -73.9338154,
            40.8591451
          ],
          [
            -73.9337298,
            40.8593309
          ],
          [
            -73.9336561,
            40.8593088
          ],
          [
            -73.9336276,
            40.8593716
          ],
          [
            -73.9335874,
            40.8593918
          ],
          [
            -73.9334594,
            40.859453
          ],
          [
            -73.9333441,
            40.8595138
          ],
          [
            -73.9333104,
            40.859527
          ],
          [
            -73.9332758,
            40.8595364
          ],
          [
            -73.9331805,
            40.8595503
          ],
          [
            -73.9330317,
            40.8595723
          ],
          [
            -73.9329585,
            40.8595941
          ],
          [
            -73.9328878,
            40.8596265
          ],
          [
            -73.932803,
            40.8596676
          ],
          [
            -73.932755,
            40.8596746
          ],
          [
            -73.932653,
            40.8597011
          ],
          [
            -73.9325508,
            40.8597571
          ],
          [
            -73.9324564,
            40.8598401
          ],
          [
            -73.9324475,
            40.8598469
          ],
          [
            -73.9324135,
            40.8598675
          ],
          [
            -73.9323912,
            40.8598859
          ],
          [
            -73.932374,
            40.8599054
          ],
          [
            -73.932371,
            40.8599105
          ],
          [
            -73.9323646,
            40.8599217
          ],
          [
            -73.93235,
            40.8599522
          ],
          [
            -73.9323314,
            40.8599963
          ],
          [
            -73.9323025,
            40.8600268
          ],
          [
            -73.9322572,
            40.8600429
          ],
          [
            -73.9321972,
            40.8600555
          ],
          [
            -73.9321842,
            40.8600624
          ],
          [
            -73.9321411,
            40.8601067
          ],
          [
            -73.9320977,
            40.8601656
          ],
          [
            -73.932022,
            40.8602448
          ],
          [
            -73.9320048,
            40.8602957
          ],
          [
            -73.931975,
            40.8603346
          ],
          [
            -73.931925,
            40.8603737
          ],
          [
            -73.9318477,
            40.8604341
          ],
          [
            -73.9317938,
            40.8604939
          ],
          [
            -73.9316773,
            40.8607201
          ],
          [
            -73.9316336,
            40.8607806
          ],
          [
            -73.9315679,
            40.860842
          ],
          [
            -73.9315158,
            40.860893
          ],
          [
            -73.9314625,
            40.8609567
          ],
          [
            -73.9313879,
            40.8610364
          ],
          [
            -73.9313209,
            40.8610861
          ],
          [
            -73.9312615,
            40.8611268
          ],
          [
            -73.9312277,
            40.8611389
          ],
          [
            -73.9311916,
            40.8611404
          ],
          [
            -73.9311192,
            40.8611113
          ],
          [
            -73.9310669,
            40.8612979
          ],
          [
            -73.931022,
            40.8612941
          ],
          [
            -73.9309757,
            40.8613361
          ],
          [
            -73.930745,
            40.8615546
          ],
          [
            -73.9306807,
            40.861587
          ],
          [
            -73.9306109,
            40.8616296
          ],
          [
            -73.9305479,
            40.861657
          ],
          [
            -73.9304969,
            40.8616702
          ],
          [
            -73.9304272,
            40.8617899
          ],
          [
            -73.9302856,
            40.8617399
          ],
          [
            -73.9301695,
            40.8620422
          ],
          [
            -73.9301141,
            40.8622388
          ],
          [
            -73.9300902,
            40.8625349
          ],
          [
            -73.9301101,
            40.8626789
          ],
          [
            -73.930163,
            40.863064
          ],
          [
            -73.9301892,
            40.8632989
          ],
          [
            -73.930185,
            40.8633245
          ],
          [
            -73.9301802,
            40.8633541
          ],
          [
            -73.9301114,
            40.8635412
          ],
          [
            -73.9299818,
            40.8637992
          ],
          [
            -73.9296576,
            40.8641904
          ],
          [
            -73.9294606,
            40.8643815
          ],
          [
            -73.929233,
            40.864569
          ],
          [
            -73.9291886,
            40.8646031
          ],
          [
            -73.9290352,
            40.8647226
          ],
          [
            -73.9289299,
            40.8647849
          ],
          [
            -73.9287266,
            40.8648997
          ],
          [
            -73.9282884,
            40.8651302
          ],
          [
            -73.9281272,
            40.8652149
          ],
          [
            -73.9279083,
            40.865329
          ],
          [
            -73.9278865,
            40.8653403
          ],
          [
            -73.9278578,
            40.8653587
          ],
          [
            -73.92782,
            40.8653796
          ],
          [
            -73.9278078,
            40.8653879
          ],
          [
            -73.9277915,
            40.865368
          ],
          [
            -73.9277762,
            40.8653645
          ],
          [
            -73.9277609,
            40.8653672
          ],
          [
            -73.9275983,
            40.8654515
          ],
          [
            -73.9275773,
            40.8654449
          ],
          [
            -73.9274931,
            40.8654184
          ],
          [
            -73.9272948,
            40.8655188
          ],
          [
            -73.9272714,
            40.8655306
          ],
          [
            -73.9272475,
            40.865539
          ],
          [
            -73.9271619,
            40.8655693
          ],
          [
            -73.9265267,
            40.8657937
          ],
          [
            -73.9263199,
            40.8658667
          ],
          [
            -73.925967,
            40.8659914
          ],
          [
            -73.925872,
            40.866025
          ],
          [
            -73.9257983,
            40.8660514
          ],
          [
            -73.9251166,
            40.8662959
          ],
          [
            -73.925005,
            40.866336
          ],
          [
            -73.9249072,
            40.8663711
          ],
          [
            -73.9232126,
            40.8669792
          ],
          [
            -73.92311,
            40.867016
          ],
          [
            -73.9230078,
            40.8670533
          ],
          [
            -73.9213249,
            40.8676676
          ],
          [
            -73.9212171,
            40.867707
          ]
        ]
      }
    },
    {
      "type": "Feature",
      "properties": {
        "scenario": "Inwood Hill Park | 5.0mi | out_and_back | moderate | amenity",
        "shape": "out_and_back",
        "target_miles": 5.0,
        "distance_m": 8046.588586326265,
        "candidate_index": 1
      },
      "geometry": {
        "type": "LineString",
        "coordinates": [
          [
            -73.9212171,
            40.867707
          ],
          [
            -73.9213249,
            40.8676676
          ],
          [
            -73.9230078,
            40.8670533
          ],
          [
            -73.92311,
            40.867016
          ],
          [
            -73.9232126,
            40.8669792
          ],
          [
            -73.9249072,
            40.8663711
          ],
          [
            -73.925005,
            40.866336
          ],
          [
            -73.9251166,
            40.8662959
          ],
          [
            -73.9257983,
            40.8660514
          ],
          [
            -73.925872,
            40.866025
          ],
          [
            -73.925967,
            40.8659914
          ],
          [
            -73.9263199,
            40.8658667
          ],
          [
            -73.9265267,
            40.8657937
          ],
          [
            -73.9271619,
            40.8655693
          ],
          [
            -73.9272475,
            40.865539
          ],
          [
            -73.9272714,
            40.8655306
          ],
          [
            -73.9272948,
            40.8655188
          ],
          [
            -73.9274931,
            40.8654184
          ],
          [
            -73.9275773,
            40.8654449
          ],
          [
            -73.9275983,
            40.8654515
          ],
          [
            -73.9277609,
            40.8653672
          ],
          [
            -73.9277762,
            40.8653645
          ],
          [
            -73.9277915,
            40.865368
          ],
          [
            -73.9278078,
            40.8653879
          ],
          [
            -73.92782,
            40.8653796
          ],
          [
            -73.9278578,
            40.8653587
          ],
          [
            -73.9278865,
            40.8653403
          ],
          [
            -73.9279083,
            40.865329
          ],
          [
            -73.9281272,
            40.8652149
          ],
          [
            -73.9282884,
            40.8651302
          ],
          [
            -73.9287266,
            40.8648997
          ],
          [
            -73.9289299,
            40.8647849
          ],
          [
            -73.9290352,
            40.8647226
          ],
          [
            -73.9291886,
            40.8646031
          ],
          [
            -73.929233,
            40.864569
          ],
          [
            -73.9294606,
            40.8643815
          ],
          [
            -73.9296576,
            40.8641904
          ],
          [
            -73.9299818,
            40.8637992
          ],
          [
            -73.9301114,
            40.8635412
          ],
          [
            -73.9301802,
            40.8633541
          ],
          [
            -73.930185,
            40.8633245
          ],
          [
            -73.9301892,
            40.8632989
          ],
          [
            -73.930163,
            40.863064
          ],
          [
            -73.9301101,
            40.8626789
          ],
          [
            -73.9300902,
            40.8625349
          ],
          [
            -73.9301141,
            40.8622388
          ],
          [
            -73.9301695,
            40.8620422
          ],
          [
            -73.9302856,
            40.8617399
          ],
          [
            -73.9304272,
            40.8617899
          ],
          [
            -73.9304969,
            40.8616702
          ],
          [
            -73.9305479,
            40.861657
          ],
          [
            -73.9306109,
            40.8616296
          ],
          [
            -73.9306807,
            40.861587
          ],
          [
            -73.930745,
            40.8615546
          ],
          [
            -73.9309757,
            40.8613361
          ],
          [
            -73.931022,
            40.8612941
          ],
          [
            -73.9310669,
            40.8612979
          ],
          [
            -73.9311192,
            40.8611113
          ],
          [
            -73.9311916,
            40.8611404
          ],
          [
            -73.9312277,
            40.8611389
          ],
          [
            -73.9312615,
            40.8611268
          ],
          [
            -73.9313209,
            40.8610861
          ],
          [
            -73.9313879,
            40.8610364
          ],
          [
            -73.9314625,
            40.8609567
          ],
          [
            -73.9315158,
            40.860893
          ],
          [
            -73.9315679,
            40.860842
          ],
          [
            -73.9316336,
            40.8607806
          ],
          [
            -73.9316773,
            40.8607201
          ],
          [
            -73.9317938,
            40.8604939
          ],
          [
            -73.9318477,
            40.8604341
          ],
          [
            -73.931925,
            40.8603737
          ],
          [
            -73.931975,
            40.8603346
          ],
          [
            -73.9320048,
            40.8602957
          ],
          [
            -73.932022,
            40.8602448
          ],
          [
            -73.9320977,
            40.8601656
          ],
          [
            -73.9321411,
            40.8601067
          ],
          [
            -73.9321842,
            40.8600624
          ],
          [
            -73.9321972,
            40.8600555
          ],
          [
            -73.9322572,
            40.8600429
          ],
          [
            -73.9323025,
            40.8600268
          ],
          [
            -73.9323314,
            40.8599963
          ],
          [
            -73.93235,
            40.8599522
          ],
          [
            -73.9323646,
            40.8599217
          ],
          [
            -73.932371,
            40.8599105
          ],
          [
            -73.932374,
            40.8599054
          ],
          [
            -73.9323912,
            40.8598859
          ],
          [
            -73.9324135,
            40.8598675
          ],
          [
            -73.9324475,
            40.8598469
          ],
          [
            -73.9324564,
            40.8598401
          ],
          [
            -73.9325508,
            40.8597571
          ],
          [
            -73.932653,
            40.8597011
          ],
          [
            -73.932755,
            40.8596746
          ],
          [
            -73.932803,
            40.8596676
          ],
          [
            -73.9328878,
            40.8596265
          ],
          [
            -73.9329585,
            40.8595941
          ],
          [
            -73.9330317,
            40.8595723
          ],
          [
            -73.9331805,
            40.8595503
          ],
          [
            -73.9332758,
            40.8595364
          ],
          [
            -73.9333104,
            40.859527
          ],
          [
            -73.9333441,
            40.8595138
          ],
          [
            -73.9334594,
            40.859453
          ],
          [
            -73.9335874,
            40.8593918
          ],
          [
            -73.9336276,
            40.8593716
          ],
          [
            -73.9336561,
            40.8593088
          ],
          [
            -73.9337298,
            40.8593309
          ],
          [
            -73.9338154,
            40.8591451
          ],
          [
            -73.9338196,
            40.8591396
          ],
          [
            -73.9338244,
            40.859136
          ],
          [
            -73.9338303,
            40.859133
          ],
          [
            -73.9338402,
            40.8591295
          ],
          [
            -73.9338502,
            40.8591271
          ],
          [
            -73.9338613,
            40.8591255
          ],
          [
            -73.933871,
            40.859125
          ],
          [
            -73.9338776,
            40.8591255
          ],
          [
            -73.9338859,
            40.8591269
          ],
          [
            -73.9340432,
            40.8591658
          ],
          [
            -73.9340607,
            40.8591682
          ],
          [
            -73.9341185,
            40.8591781
          ],
          [
            -73.9341474,
            40.8591845
          ],
          [
            -73.9342337,
            40.8592036
          ],
          [
            -73.9342827,
            40.8592144
          ],
          [
            -73.9343283,
            40.8592223
          ],
          [
            -73.9343375,
            40.8592335
          ],
          [
            -73.9343474,
            40.8592417
          ],
          [
            -73.934366,
            40.8592524
          ],
          [
            -73.934384,
            40.8592604
          ],
          [
            -73.9345615,
            40.8593094
          ],
          [
            -73.9346813,
            40.8593435
          ],
          [
            -73.934721,
            40.859351
          ],
          [
            -73.9347457,
            40.8593517
          ],
          [
            -73.9347703,
            40.8593504
          ],
          [
            -73.9348123,
            40.8593452
          ],
          [
            -73.9348537,
            40.8593326
          ],
          [
            -73.9348894,
            40.8593164
          ],
          [
            -73.9349707,
            40.8592689
          ],
          [
            -73.935075,
            40.8592
          ],
          [
            -73.9351827,
            40.8591229
          ],
          [
            -73.9352447,
            40.8590745
          ],
          [
            -73.9353837,
            40.8589645
          ],
          [
            -73.9356649,
            40.8586748
          ],
          [
            -73.935784,
            40.8585258
          ],
          [
            -73.9358727,
            40.8584018
          ],
          [
            -73.9359488,
            40.8582882
          ],
          [
            -73.936067,
            40.8580696
          ],
          [
            -73.9360984,
            40.8580111
          ],
          [
            -73.9361613,
            40.8578941
          ],
          [
            -73.9361679,
            40.8578811
          ],
          [
            -73.9362508,
            40.8577167
          ],
          [
            -73.9362748,
            40.8576718
          ],
          [
            -73.9363,
            40.8576246
          ],
          [
            -73.9363228,
            40.8575846
          ],
          [
            -73.9363883,
            40.8574808
          ],
          [
            -73.9364527,
            40.8573886
          ],
          [
            -73.9364612,
            40.8573765
          ],
          [
            -73.9365005,
            40.8573312
          ],
          [
            -73.9365344,
            40.8572887
          ],
          [
            -73.9365489,
            40.8572708
          ],
          [
            -73.936799,
            40.8569628
          ],
          [
            -73.9368372,
            40.8569131
          ],
          [
            -73.9369049,
            40.856825
          ],
          [
            -73.9372014,
            40.8564388
          ],
          [
            -73.9373558,
            40.8562375
          ],
          [
            -73.9374733,
            40.8560848
          ],
          [
            -73.9377156,
            40.8557574
          ],
          [
            -73.937818,
            40.8556301
          ],
          [
            -73.937832,
            40.8556126
          ],
          [
            -73.9378545,
            40.8555795
          ],
          [
            -73.9378758,
            40.8555487
          ],
          [
            -73.9379009,
            40.8555131
          ],
          [
            -73.937929,
            40.8554731
          ],
          [
            -73.9379484,
            40.85545
          ],
          [
            -73.9379666,
            40.855428
          ],
          [
            -73.9379876,
            40.8554011
          ],
          [
            -73.9385455,
            40.854688
          ],
          [
            -73.9386194,
            40.854594
          ],
          [
            -73.9388793,
            40.8542636
          ],
          [
            -73.9394373,
            40.8535307
          ],
          [
            -73.9394756,
            40.8534647
          ],
          [
            -73.9397948,
            40.8523848
          ],
          [
            -73.9400457,
            40.8515358
          ],
          [
            -73.9400744,
            40.8514249
          ],
          [
            -73.9400976,
            40.8514254
          ],
          [
            -73.9401453,
            40.8514259
          ],
          [
            -73.9401939,
            40.8514263
          ],
          [
            -73.9402274,
            40.8514251
          ],
          [
            -73.9402558,
            40.8514054
          ],
          [
            -73.9403217,
            40.8513366
          ],
          [
            -73.9403961,
            40.8513344
          ],
          [
            -73.9406758,
            40.8513213
          ],
          [
            -73.940727,
            40.8513202
          ],
          [
            -73.9407815,
            40.8513206
          ],
          [
            -73.940837,
            40.8513234
          ],
          [
            -73.9408902,
            40.851328
          ],
          [
            -73.9409474,
            40.8513342
          ],
          [
            -73.9411264,
            40.8513601
          ],
          [
            -73.9412123,
            40.8513723
          ],
          [
            -73.9412497,
            40.8513603
          ],
          [
            -73.9412763,
            40.8513482
          ],
          [
            -73.9413019,
            40.8513304
          ],
          [
            -73.9413251,
            40.8513057
          ],
          [
            -73.9413506,
            40.8512747
          ],
          [
            -73.9413939,
            40.8512736
          ],
          [
            -73.9414235,
            40.8512777
          ],
          [
            -73.9414821,
            40.8513022
          ],
          [
            -73.941543,
            40.8513358
          ],
          [
            -73.9415971,
            40.8513684
          ],
          [
            -73.9419408,
            40.8516135
          ],
          [
            -73.9420607,
            40.8515348
          ],
          [
            -73.9422871,
            40.8513594
          ],
          [
            -73.9424724,
            40.8511685
          ],
          [
            -73.9426316,
            40.8509383
          ],
          [
            -73.9427205,
            40.8507301
          ],
          [
            -73.942767,
            40.8505433
          ],
          [
            -73.9428374,
            40.8500918
          ],
          [
            -73.9429626,
            40.849152
          ],
          [
            -73.9430242,
            40.8491584
          ],
          [
            -73.9430761,
            40.8491623
          ],
          [
            -73.943098,
            40.849164
          ],
          [
            -73.9431047,
            40.8491806
          ],
          [
            -73.9431038,
            40.8493299
          ],
          [
            -73.9434015,
            40.8493605
          ],
          [
            -73.9436529,
            40.8493543
          ],
          [
            -73.9434357,
            40.8495649
          ],
          [
            -73.9435574,
            40.8495785
          ],
          [
            -73.9436474,
            40.8495882
          ],
          [
            -73.9437874,
            40.8496297
          ],
          [
            -73.9439906,
            40.8496545
          ],
          [
            -73.944149,
            40.8496554
          ],
          [
            -73.9442985,
            40.8496719
          ],
          [
            -73.9443922,
            40.849692
          ],
          [
            -73.9444847,
            40.8497341
          ],
          [
            -73.9446214,
            40.8498231
          ],
          [
            -73.9446371,
            40.8498457
          ],
          [
            -73.9446423,
            40.8498716
          ],
          [
            -73.9446371,
            40.8498457
          ],
          [
            -73.9446214,
            40.8498231
          ],
          [
            -73.9444847,
            40.8497341
          ],
          [
            -73.9443922,
            40.849692
          ],
          [
            -73.9442985,
            40.8496719
          ],
          [
            -73.944149,
            40.8496554
          ],
          [
            -73.9439906,
            40.8496545
          ],
          [
            -73.9437874,
            40.8496297
          ],
          [
            -73.9436474,
            40.8495882
          ],
          [
            -73.9435574,
            40.8495785
          ],
          [
            -73.9434357,
            40.8495649
          ],
          [
            -73.9436529,
            40.8493543
          ],
          [
            -73.9434015,
            40.8493605
          ],
          [
            -73.9431038,
            40.8493299
          ],
          [
            -73.9431047,
            40.8491806
          ],
          [
            -73.943098,
            40.849164
          ],
          [
            -73.9430761,
            40.8491623
          ],
          [
            -73.9430242,
            40.8491584
          ],
          [
            -73.9429626,
            40.849152
          ],
          [
            -73.9428374,
            40.8500918
          ],
          [
            -73.942767,
            40.8505433
          ],
          [
            -73.9427205,
            40.8507301
          ],
          [
            -73.9426316,
            40.8509383
          ],
          [
            -73.9424724,
            40.8511685
          ],
          [
            -73.9422871,
            40.8513594
          ],
          [
            -73.9420607,
            40.8515348
          ],
          [
            -73.9419408,
            40.8516135
          ],
          [
            -73.9415971,
            40.8513684
          ],
          [
            -73.941543,
            40.8513358
          ],
          [
            -73.9414821,
            40.8513022
          ],
          [
            -73.9414235,
            40.8512777
          ],
          [
            -73.9413939,
            40.8512736
          ],
          [
            -73.9413506,
            40.8512747
          ],
          [
            -73.9413251,
            40.8513057
          ],
          [
            -73.9413019,
            40.8513304
          ],
          [
            -73.9412763,
            40.8513482
          ],
          [
            -73.9412497,
            40.8513603
          ],
          [
            -73.9412123,
            40.8513723
          ],
          [
            -73.9411264,
            40.8513601
          ],
          [
            -73.9409474,
            40.8513342
          ],
          [
            -73.9408902,
            40.851328
          ],
          [
            -73.940837,
            40.8513234
          ],
          [
            -73.9407815,
            40.8513206
          ],
          [
            -73.940727,
            40.8513202
          ],
          [
            -73.9406758,
            40.8513213
          ],
          [
            -73.9403961,
            40.8513344
          ],
          [
            -73.9403217,
            40.8513366
          ],
          [
            -73.9402558,
            40.8514054
          ],
          [
            -73.9402274,
            40.8514251
          ],
          [
            -73.9401939,
            40.8514263
          ],
          [
            -73.9401453,
            40.8514259
          ],
          [
            -73.9400976,
            40.8514254
          ],
          [
            -73.9400744,
            40.8514249
          ],
          [
            -73.9400457,
            40.8515358
          ],
          [
            -73.9397948,
            40.8523848
          ],
          [
            -73.9394756,
            40.8534647
          ],
          [
            -73.9394373,
            40.8535307
          ],
          [
            -73.9388793,
            40.8542636
          ],
          [
            -73.9386194,
            40.854594
          ],
          [
            -73.9385455,
            40.854688
          ],
          [
            -73.9379876,
            40.8554011
          ],
          [
            -73.9379666,
            40.855428
          ],
          [
            -73.9379484,
            40.85545
          ],
          [
            -73.937929,
            40.8554731
          ],
          [
            -73.9379009,
            40.8555131
          ],
          [
            -73.9378758,
            40.8555487
          ],
          [
            -73.9378545,
            40.8555795
          ],
          [
            -73.937832,
            40.8556126
          ],
          [
            -73.937818,
            40.8556301
          ],
          [
            -73.9377156,
            40.8557574
          ],
          [
            -73.9374733,
            40.8560848
          ],
          [
            -73.9373558,
            40.8562375
          ],
          [
            -73.9372014,
            40.8564388
          ],
          [
            -73.9369049,
            40.856825
          ],
          [
            -73.9368372,
            40.8569131
          ],
          [
            -73.936799,
            40.8569628
          ],
          [
            -73.9365489,
            40.8572708
          ],
          [
            -73.9365344,
            40.8572887
          ],
          [
            -73.9365005,
            40.8573312
          ],
          [
            -73.9364612,
            40.8573765
          ],
          [
            -73.9364527,
            40.8573886
          ],
          [
            -73.9363883,
            40.8574808
          ],
          [
            -73.9363228,
            40.8575846
          ],
          [
            -73.9363,
            40.8576246
          ],
          [
            -73.9362748,
            40.8576718
          ],
          [
            -73.9362508,
            40.8577167
          ],
          [
            -73.9361679,
            40.8578811
          ],
          [
            -73.9361613,
            40.8578941
          ],
          [
            -73.9360984,
            40.8580111
          ],
          [
            -73.936067,
            40.8580696
          ],
          [
            -73.9359488,
            40.8582882
          ],
          [
            -73.9358727,
            40.8584018
          ],
          [
            -73.935784,
            40.8585258
          ],
          [
            -73.9356649,
            40.8586748
          ],
          [
            -73.9353837,
            40.8589645
          ],
          [
            -73.9352447,
            40.8590745
          ],
          [
            -73.9351827,
            40.8591229
          ],
          [
            -73.935075,
            40.8592
          ],
          [
            -73.9349707,
            40.8592689
          ],
          [
            -73.9348894,
            40.8593164
          ],
          [
            -73.9348537,
            40.8593326
          ],
          [
            -73.9348123,
            40.8593452
          ],
          [
            -73.9347703,
            40.8593504
          ],
          [
            -73.9347457,
            40.8593517
          ],
          [
            -73.934721,
            40.859351
          ],
          [
            -73.9346813,
            40.8593435
          ],
          [
            -73.9345615,
            40.8593094
          ],
          [
            -73.934384,
            40.8592604
          ],
          [
            -73.934366,
            40.8592524
          ],
          [
            -73.9343474,
            40.8592417
          ],
          [
            -73.9343375,
            40.8592335
          ],
          [
            -73.9343283,
            40.8592223
          ],
          [
            -73.9342827,
            40.8592144
          ],
          [
            -73.9342337,
            40.8592036
          ],
          [
            -73.9341474,
            40.8591845
          ],
          [
            -73.9341185,
            40.8591781
          ],
          [
            -73.9340607,
            40.8591682
          ],
          [
            -73.9340432,
            40.8591658
          ],
          [
            -73.9338859,
            40.8591269
          ],
          [
            -73.9338776,
            40.8591255
          ],
          [
            -73.933871,
            40.859125
          ],
          [
            -73.9338613,
            40.8591255
          ],
          [
            -73.9338502,
            40.8591271
          ],
          [
            -73.9338402,
            40.8591295
          ],
          [
            -73.9338303,
            40.859133
          ],
          [
            -73.9338244,
            40.859136
          ],
          [
            -73.9338196,
            40.8591396
          ],
          [
            -73.9338154,
            40.8591451
          ],
          [
            -73.9337298,
            40.8593309
          ],
          [
            -73.9336561,
            40.8593088
          ],
          [
            -73.9336276,
            40.8593716
          ],
          [
            -73.9335874,
            40.8593918
          ],
          [
            -73.9334594,
            40.859453
          ],
          [
            -73.9333441,
            40.8595138
          ],
          [
            -73.9333104,
            40.859527
          ],
          [
            -73.9332758,
            40.8595364
          ],
          [
            -73.9331805,
            40.8595503
          ],
          [
            -73.9330317,
            40.8595723
          ],
          [
            -73.9329585,
            40.8595941
          ],
          [
            -73.9328878,
            40.8596265
          ],
          [
            -73.932803,
            40.8596676
          ],
          [
            -73.932755,
            40.8596746
          ],
          [
            -73.932653,
            40.8597011
          ],
          [
            -73.9325508,
            40.8597571
          ],
          [
            -73.9324564,
            40.8598401
          ],
          [
            -73.9324475,
            40.8598469
          ],
          [
            -73.9324135,
            40.8598675
          ],
          [
            -73.9323912,
            40.8598859
          ],
          [
            -73.932374,
            40.8599054
          ],
          [
            -73.932371,
            40.8599105
          ],
          [
            -73.9323646,
            40.8599217
          ],
          [
            -73.93235,
            40.8599522
          ],
          [
            -73.9323314,
            40.8599963
          ],
          [
            -73.9323025,
            40.8600268
          ],
          [
            -73.9322572,
            40.8600429
          ],
          [
            -73.9321972,
            40.8600555
          ],
          [
            -73.9321842,
            40.8600624
          ],
          [
            -73.9321411,
            40.8601067
          ],
          [
            -73.9320977,
            40.8601656
          ],
          [
            -73.932022,
            40.8602448
          ],
          [
            -73.9320048,
            40.8602957
          ],
          [
            -73.931975,
            40.8603346
          ],
          [
            -73.931925,
            40.8603737
          ],
          [
            -73.9318477,
            40.8604341
          ],
          [
            -73.9317938,
            40.8604939
          ],
          [
            -73.9316773,
            40.8607201
          ],
          [
            -73.9316336,
            40.8607806
          ],
          [
            -73.9315679,
            40.860842
          ],
          [
            -73.9315158,
            40.860893
          ],
          [
            -73.9314625,
            40.8609567
          ],
          [
            -73.9313879,
            40.8610364
          ],
          [
            -73.9313209,
            40.8610861
          ],
          [
            -73.9312615,
            40.8611268
          ],
          [
            -73.9312277,
            40.8611389
          ],
          [
            -73.9311916,
            40.8611404
          ],
          [
            -73.9311192,
            40.8611113
          ],
          [
            -73.9310669,
            40.8612979
          ],
          [
            -73.931022,
            40.8612941
          ],
          [
            -73.9309757,
            40.8613361
          ],
          [
            -73.930745,
            40.8615546
          ],
          [
            -73.9306807,
            40.861587
          ],
          [
            -73.9306109,
            40.8616296
          ],
          [
            -73.9305479,
            40.861657
          ],
          [
            -73.9304969,
            40.8616702
          ],
          [
            -73.9304272,
            40.8617899
          ],
          [
            -73.9302856,
            40.8617399
          ],
          [
            -73.9301695,
            40.8620422
          ],
          [
            -73.9301141,
            40.8622388
          ],
          [
            -73.9300902,
            40.8625349
          ],
          [
            -73.9301101,
            40.8626789
          ],
          [
            -73.930163,
            40.863064
          ],
          [
            -73.9301892,
            40.8632989
          ],
          [
            -73.930185,
            40.8633245
          ],
          [
            -73.9301802,
            40.8633541
          ],
          [
            -73.9301114,
            40.8635412
          ],
          [
            -73.9299818,
            40.8637992
          ],
          [
            -73.9296576,
            40.8641904
          ],
          [
            -73.9294606,
            40.8643815
          ],
          [
            -73.929233,
            40.864569
          ],
          [
            -73.9291886,
            40.8646031
          ],
          [
            -73.9290352,
            40.8647226
          ],
          [
            -73.9289299,
            40.8647849
          ],
          [
            -73.9287266,
            40.8648997
          ],
          [
            -73.9282884,
            40.8651302
          ],
          [
            -73.9281272,
            40.8652149
          ],
          [
            -73.9279083,
            40.865329
          ],
          [
            -73.9278865,
            40.8653403
          ],
          [
            -73.9278578,
            40.8653587
          ],
          [
            -73.92782,
            40.8653796
          ],
          [
            -73.9278078,
            40.8653879
          ],
          [
            -73.9277915,
            40.865368
          ],
          [
            -73.9277762,
            40.8653645
          ],
          [
            -73.9277609,
            40.8653672
          ],
          [
            -73.9275983,
            40.8654515
          ],
          [
            -73.9275773,
            40.8654449
          ],
          [
            -73.9274931,
            40.8654184
          ],
          [
            -73.9272948,
            40.8655188
          ],
          [
            -73.9272714,
            40.8655306
          ],
          [
            -73.9272475,
            40.865539
          ],
          [
            -73.9271619,
            40.8655693
          ],
          [
            -73.9265267,
            40.8657937
          ],
          [
            -73.9263199,
            40.8658667
          ],
          [
            -73.925967,
            40.8659914
          ],
          [
            -73.925872,
            40.866025
          ],
          [
            -73.9257983,
            40.8660514
          ],
          [
            -73.9251166,
            40.8662959
          ],
          [
            -73.925005,
            40.866336
          ],
          [
            -73.9249072,
            40.8663711
          ],
          [
            -73.9232126,
            40.8669792
          ],
          [
            -73.92311,
            40.867016
          ],
          [
            -73.9230078,
            40.8670533
          ],
          [
            -73.9213249,
            40.8676676
          ],
          [
            -73.9212171,
            40.867707
          ],
          [
            -73.9213249,
            40.8676676
          ],
          [
            -73.9230078,
            40.8670533
          ],
          [
            -73.92311,
            40.867016
          ],
          [
            -73.9232126,
            40.8669792
          ],
          [
            -73.9249072,
            40.8663711
          ],
          [
            -73.925005,
            40.866336
          ],
          [
            -73.9251166,
            40.8662959
          ],
          [
            -73.9257983,
            40.8660514
          ],
          [
            -73.925872,
            40.866025
          ],
          [
            -73.925967,
            40.8659914
          ],
          [
            -73.9263199,
            40.8658667
          ],
          [
            -73.9265267,
            40.8657937
          ],
          [
            -73.9271619,
            40.8655693
          ],
          [
            -73.9272475,
            40.865539
          ],
          [
            -73.9272714,
            40.8655306
          ],
          [
            -73.927516,
            40.8655045
          ],
          [
            -73.9275315,
            40.8655059
          ],
          [
            -73.9280646,
            40.8655549
          ],
          [
            -73.928253,
            40.8655722
          ],
          [
            -73.9283189,
            40.8655976
          ],
          [
            -73.9284054,
            40.865631
          ],
          [
            -73.9285317,
            40.8656428
          ],
          [
            -73.9284054,
            40.865631
          ],
          [
            -73.9283189,
            40.8655976
          ],
          [
            -73.928253,
            40.8655722
          ],
          [
            -73.9280646,
            40.8655549
          ],
          [
            -73.9275315,
            40.8655059
          ],
          [
            -73.927516,
            40.8655045
          ],
          [
            -73.9272714,
            40.8655306
          ],
          [
            -73.9272475,
            40.865539
          ],
          [
            -73.9271619,
            40.8655693
          ],
          [
            -73.9265267,
            40.8657937
          ],
          [
            -73.9263199,
            40.8658667
          ],
          [
            -73.925967,
            40.8659914
          ],
          [
            -73.925872,
            40.866025
          ],
          [
            -73.9257983,
            40.8660514
          ],
          [
            -73.9251166,
            40.8662959
          ],
          [
            -73.925005,
            40.866336
          ],
          [
            -73.9249072,
            40.8663711
          ],
          [
            -73.9232126,
            40.8669792
          ],
          [
            -73.92311,
            40.867016
          ],
          [
            -73.9230078,
            40.8670533
          ],
          [
            -73.9213249,
            40.8676676
          ],
          [
            -73.9212171,
            40.867707
          ]
        ]
      }
    },
    {
      "type": "Feature",
      "properties": {
        "scenario": "Inwood Hill Park | 5.0mi | out_and_back | moderate | amenity",
        "shape": "out_and_back",
        "target_miles": 5.0,
        "distance_m": 8045.729919697944,
        "candidate_index": 2
      },
      "geometry": {
        "type": "LineString",
        "coordinates": [
          [
            -73.9212171,
            40.867707
          ],
          [
            -73.9213249,
            40.8676676
          ],
          [
            -73.9230078,
            40.8670533
          ],
          [
            -73.92311,
            40.867016
          ],
          [
            -73.9232126,
            40.8669792
          ],
          [
            -73.9249072,
            40.8663711
          ],
          [
            -73.925005,
            40.866336
          ],
          [
            -73.9251166,
            40.8662959
          ],
          [
            -73.9257983,
            40.8660514
          ],
          [
            -73.925872,
            40.866025
          ],
          [
            -73.9257983,
            40.8660514
          ],
          [
            -73.9251166,
            40.8662959
          ],
          [
            -73.925005,
            40.866336
          ],
          [
            -73.9249072,
            40.8663711
          ],
          [
            -73.9232126,
            40.8669792
          ],
          [
            -73.92311,
            40.867016
          ],
          [
            -73.9230078,
            40.8670533
          ],
          [
            -73.9213249,
            40.8676676
          ],
          [
            -73.9212171,
            40.867707
          ],
          [
            -73.9213249,
            40.8676676
          ],
          [
            -73.9230078,
            40.8670533
          ],
          [
            -73.92311,
            40.867016
          ],
          [
            -73.9232126,
            40.8669792
          ],
          [
            -73.9249072,
            40.8663711
          ],
          [
            -73.925005,
            40.866336
          ],
          [
            -73.9251166,
            40.8662959
          ],
          [
            -73.925075,
            40.866231
          ],
          [
            -73.925059,
            40.866201
          ],
          [
            -73.9257333,
            40.8659657
          ],
          [
            -73.9258986,
            40.865906
          ],
          [
            -73.9262633,
            40.8657816
          ],
          [
            -73.926713,
            40.8656282
          ],
          [
            -73.9270161,
            40.8655187
          ],
          [
            -73.9270992,
            40.8654827
          ],
          [
            -73.9271302,
            40.8654663
          ],
          [
            -73.927211,
            40.8654368
          ],
          [
            -73.9273107,
            40.8654003
          ],
          [
            -73.927372,
            40.865372
          ],
          [
            -73.9274131,
            40.8653501
          ],
          [
            -73.9274358,
            40.8653135
          ],
          [
            -73.9279767,
            40.8650213
          ],
          [
            -73.927998,
            40.8650098
          ],
          [
            -73.9280451,
            40.8649853
          ],
          [
            -73.9280957,
            40.864959
          ],
          [
            -73.9281213,
            40.8649438
          ],
          [
            -73.9285938,
            40.8646874
          ],
          [
            -73.9287514,
            40.8646074
          ],
          [
            -73.9287735,
            40.8645947
          ],
          [
            -73.9288355,
            40.8645612
          ],
          [
            -73.9288778,
            40.8645384
          ],
          [
            -73.9288996,
            40.8645236
          ],
          [
            -73.9290762,
            40.8643694
          ],
          [
            -73.9293105,
            40.8641676
          ],
          [
            -73.9295992,
            40.8638737
          ],
          [
            -73.9297413,
            40.8636925
          ],
          [
            -73.9298366,
            40.863487
          ],
          [
            -73.9298469,
            40.8634625
          ],
          [
            -73.9298727,
            40.8634053
          ],
          [
            -73.9298941,
            40.8633579
          ],
          [
            -73.9298995,
            40.863334
          ],
          [
            -73.9298887,
            40.8631523
          ],
          [
            -73.9298751,
            40.8629806
          ],
          [
            -73.9298668,
            40.8628761
          ],
          [
            -73.9298396,
            40.8627084
          ],
          [
            -73.9297966,
            40.8625066
          ],
          [
            -73.9297507,
            40.8624605
          ],
          [
            -73.9297761,
            40.8624418
          ],
          [
            -73.9298048,
            40.8624191
          ],
          [
            -73.9298324,
            40.8623992
          ],
          [
            -73.9298356,
            40.8623788
          ],
          [
            -73.9298515,
            40.8622743
          ],
          [
            -73.9298558,
            40.8622464
          ],
          [
            -73.929857,
            40.8622239
          ],
          [
            -73.9298608,
            40.8621511
          ],
          [
            -73.9298629,
            40.8621119
          ],
          [
            -73.9298654,
            40.8620801
          ],
          [
            -73.9298733,
            40.8620246
          ],
          [
            -73.9298848,
            40.8619672
          ],
          [
            -73.9299069,
            40.8618983
          ],
          [
            -73.92994,
            40.8618022
          ],
          [
            -73.9301765,
            40.8613758
          ],
          [
            -73.9306046,
            40.8606676
          ],
          [
            -73.930615,
            40.8606505
          ],
          [
            -73.9306397,
            40.8606013
          ],
          [
            -73.9306524,
            40.860576
          ],
          [
            -73.9306637,
            40.8605568
          ],
          [
            -73.9307553,
            40.8604006
          ],
          [
            -73.9308487,
            40.860185
          ],
          [
            -73.9309759,
            40.8598873
          ],
          [
            -73.9310661,
            40.8596741
          ],
          [
            -73.9310771,
            40.8596027
          ],
          [
            -73.9311447,
            40.8594863
          ],
          [
            -73.9311741,
            40.8594122
          ],
          [
            -73.9311788,
            40.8593955
          ],
          [
            -73.9311946,
            40.8593214
          ],
          [
            -73.9312057,
            40.8592692
          ],
          [
            -73.9312161,
            40.8592396
          ],
          [
            -73.9312277,
            40.8591884
          ],
          [
            -73.9312315,
            40.8591582
          ],
          [
            -73.931236,
            40.8591233
          ],
          [
            -73.9312457,
            40.8590902
          ],
          [
            -73.9312485,
            40.8590849
          ],
          [
            -73.9316614,
            40.8582896
          ],
          [
            -73.9316699,
            40.8582739
          ],
          [
            -73.9316921,
            40.8582329
          ],
          [
            -73.9317106,
            40.8581989
          ],
          [
            -73.9317223,
            40.8581768
          ],
          [
            -73.9318851,
            40.8578668
          ],
          [
            -73.9319511,
            40.857737
          ],
          [
            -73.9324746,
            40.856748
          ],
          [
            -73.9324817,
            40.8567346
          ],
          [
            -73.9325079,
            40.8566829
          ],
          [
            -73.9325332,
            40.8566331
          ],
          [
            -73.9325431,
            40.8566138
          ],
          [
            -73.9326357,
            40.8564349
          ],
          [
            -73.9329582,
            40.8558338
          ],
          [
            -73.9330944,
            40.8555739
          ],
          [
            -73.9331577,
            40.8553802
          ],
          [
            -73.9331975,
            40.8552585
          ],
          [
            -73.933535,
            40.8542282
          ],
          [
            -73.9335425,
            40.8542054
          ],
          [
            -73.9335694,
            40.8541399
          ],
          [
            -73.9335901,
            40.8540894
          ],
          [
            -73.9336039,
            40.8540632
          ],
          [
            -73.9339532,
            40.8533973
          ],
          [
            -73.9340432,
            40.8532174
          ],
          [
            -73.9340966,
            40.8531106
          ],
          [
            -73.9342705,
            40.8527543
          ],
          [
            -73.9342824,
            40.8527299
          ],
          [
            -73.9343129,
            40.8526788
          ],
          [
            -73.9343401,
            40.8526178
          ],
          [
            -73.9343533,
            40.8525918
          ],
          [
            -73.9346082,
            40.8520887
          ],
          [
            -73.9346178,
            40.8520697
          ],
          [
            -73.9346542,
            40.8520093
          ],
          [
            -73.9346653,
            40.8519911
          ],
          [
            -73.9346769,
            40.851968
          ],
          [
            -73.9349221,
            40.8514774
          ],
          [
            -73.9349311,
            40.8514593
          ],
          [
            -73.9349705,
            40.8513868
          ],
          [
            -73.9349915,
            40.8513421
          ],
          [
            -73.9350045,
            40.8513167
          ],
          [
            -73.9352739,
            40.850794
          ],
          [
            -73.9352785,
            40.8507802
          ],
          [
            -73.9353082,
            40.8507263
          ],
          [
            -73.9353199,
            40.8507028
          ],
          [
            -73.9353336,
            40.8506761
          ],
          [
            -73.9355721,
            40.8502051
          ],
          [
            -73.9355835,
            40.8501827
          ],
          [
            -73.9356068,
            40.8501265
          ],
          [
            -73.9356376,
            40.8500544
          ],
          [
            -73.9356603,
            40.8500336
          ],
          [
            -73.935932,
            40.8497836
          ],
          [
            -73.9362042,
            40.8495372
          ],
          [
            -73.936229,
            40.8495148
          ],
          [
            -73.9362658,
            40.8494845
          ],
          [
            -73.9363025,
            40.8494542
          ],
          [
            -73.9363235,
            40.8494356
          ],
          [
            -73.9368338,
            40.8489771
          ],
          [
            -73.9368497,
            40.8489627
          ],
          [
            -73.9368957,
            40.8489192
          ],
          [
            -73.9369286,
            40.8488883
          ],
          [
            -73.9369426,
            40.848875
          ],
          [
            -73.9374588,
            40.8484051
          ],
          [
            -73.9374685,
            40.8483903
          ],
          [
            -73.9375238,
            40.8483423
          ],
          [
            -73.9375656,
            40.8482974
          ],
          [
            -73.9375879,
            40.8482767
          ],
          [
            -73.9378246,
            40.8477313
          ],
          [
            -73.937833,
            40.847712
          ],
          [
            -73.9378498,
            40.8476592
          ],
          [
            -73.9378618,
            40.8476274
          ],
          [
            -73.937872,
            40.8475953
          ],
          [
            -73.9380567,
            40.8470188
          ],
          [
            -73.9380655,
            40.8469954
          ],
          [
            -73.9380775,
            40.8469528
          ],
          [
            -73.9380919,
            40.8469016
          ],
          [
            -73.9380976,
            40.8468838
          ],
          [
            -73.9382888,
            40.8462626
          ],
          [
            -73.9383141,
            40.8461804
          ],
          [
            -73.9383295,
            40.8461304
          ],
          [
            -73.9385241,
            40.8454985
          ],
          [
            -73.9385344,
            40.8454642
          ],
          [
            -73.9385504,
            40.8454111
          ],
          [
            -73.9385609,
            40.8453762
          ],
          [
            -73.9385676,
            40.845354
          ],
          [
            -73.9385961,
            40.8452478
          ],
          [
            -73.9386304,
            40.8451197
          ],
          [
            -73.9387326,
            40.8447382
          ],
          [
            -73.9387362,
            40.8447168
          ],
          [
            -73.9387468,
            40.844654
          ],
          [
            -73.9387559,
            40.8445997
          ],
          [
            -73.9387608,
            40.8445708
          ],
          [
            -73.9388761,
            40.8439559
          ],
          [
            -73.9388819,
            40.8439336
          ],
          [
            -73.9388941,
            40.8438867
          ],
          [
            -73.9389049,
            40.8438455
          ],
          [
            -73.938911,
            40.843822
          ],
          [
            -73.9389715,
            40.8435584
          ],
          [
            -73.9390424,
            40.8432498
          ],
          [
            -73.9390441,
            40.8432249
          ],
          [
            -73.9390481,
            40.8431682
          ],
          [
            -73.9390518,
            40.8431159
          ],
          [
            -73.9390531,
            40.8430966
          ],
          [
            -73.9385891,
            40.8429049
          ],
          [
            -73.9385573,
            40.8428915
          ],
          [
            -73.938474,
            40.8428566
          ],
          [
            -73.9384604,
            40.8428509
          ],
          [
            -73.9383683,
            40.8428123
          ],
          [
            -73.9383392,
            40.8428001
          ],
          [
            -73.9386953,
            40.8422843
          ],
          [
            -73.9387078,
            40.8422662
          ],
          [
            -73.9387187,
            40.8422542
          ],
          [
            -73.9387616,
            40.8422007
          ],
          [
            -73.9387829,
            40.8421683
          ],
          [
            -73.9388012,
            40.8421439
          ],
          [
            -73.9383988,
            40.8419838
          ],
          [
            -73.9376436,
            40.841649
          ],
          [
            -73.9383988,
            40.8419838
          ],
          [
            -73.9388012,
            40.8421439
          ],
          [
            -73.9387829,
            40.8421683
          ],
          [
            -73.9387616,
            40.8422007
          ],
          [
            -73.9387187,
            40.8422542
          ],
          [
            -73.9387078,
            40.8422662
          ],
          [
            -73.9386953,
            40.8422843
          ],
          [
            -73.9383392,
            40.8428001
          ],
          [
            -73.9383683,
            40.8428123
          ],
          [
            -73.9384604,
            40.8428509
          ],
          [
            -73.938474,
            40.8428566
          ],
          [
            -73.9385573,
            40.8428915
          ],
          [
            -73.9385891,
            40.8429049
          ],
          [
            -73.9390531,
            40.8430966
          ],
          [
            -73.9390518,
            40.8431159
          ],
          [
            -73.9390481,
            40.8431682
          ],
          [
            -73.9390441,
            40.8432249
          ],
          [
            -73.9390424,
            40.8432498
          ],
          [
            -73.9389715,
            40.8435584
          ],
          [
            -73.938911,
            40.843822
          ],
          [
            -73.9389049,
            40.8438455
          ],
          [
            -73.9388941,
            40.8438867
          ],
          [
            -73.9388819,
            40.8439336
          ],
          [
            -73.9388761,
            40.8439559
          ],
          [
            -73.9387608,
            40.8445708
          ],
          [
            -73.9387559,
            40.8445997
          ],
          [
            -73.9387468,
            40.844654
          ],
          [
            -73.9387362,
            40.8447168
          ],
          [
            -73.9387326,
            40.8447382
          ],
          [
            -73.9386304,
            40.8451197
          ],
          [
            -73.9385961,
            40.8452478
          ],
          [
            -73.9385676,
            40.845354
          ],
          [
            -73.9385609,
            40.8453762
          ],
          [
            -73.9385504,
            40.8454111
          ],
          [
            -73.9385344,
            40.8454642
          ],
          [
            -73.9385241,
            40.8454985
          ],
          [
            -73.9383295,
            40.8461304
          ],
          [
            -73.9383141,
            40.8461804
          ],
          [
            -73.9382888,
            40.8462626
          ],
          [
            -73.9380976,
            40.8468838
          ],
          [
            -73.9380919,
            40.8469016
          ],
          [
            -73.9380775,
            40.8469528
          ],
          [
            -73.9380655,
            40.8469954
          ],
          [
            -73.9380567,
            40.8470188
          ],
          [
            -73.937872,
            40.8475953
          ],
          [
            -73.9378618,
            40.8476274
          ],
          [
            -73.9378498,
            40.8476592
          ],
          [
            -73.937833,
            40.847712
          ],
          [
            -73.9378246,
            40.8477313
          ],
          [
            -73.9375879,
            40.8482767
          ],
          [
            -73.9375656,
            40.8482974
          ],
          [
            -73.9375238,
            40.8483423
          ],
          [
            -73.9374685,
            40.8483903
          ],
          [
            -73.9374588,
            40.8484051
          ],
          [
            -73.9369426,
            40.848875
          ],
          [
            -73.9369286,
            40.8488883
          ],
          [
            -73.9368957,
            40.8489192
          ],
          [
            -73.9368497,
            40.8489627
          ],
          [
            -73.9368338,
            40.8489771
          ],
          [
            -73.9363235,
            40.8494356
          ],
          [
            -73.9363025,
            40.8494542
          ],
          [
            -73.9362658,
            40.8494845
          ],
          [
            -73.936229,
            40.8495148
          ],
          [
            -73.9362042,
            40.8495372
          ],
          [
            -73.935932,
            40.8497836
          ],
          [
            -73.9356603,
            40.8500336
          ],
          [
            -73.9356376,
            40.8500544
          ],
          [
            -73.9356068,
            40.8501265
          ],
          [
            -73.9355835,
            40.8501827
          ],
          [
            -73.9355721,
            40.8502051
          ],
          [
            -73.9353336,
            40.8506761
          ],
          [
            -73.9353199,
            40.8507028
          ],
          [
            -73.9353082,
            40.8507263
          ],
          [
            -73.9352785,
            40.8507802
          ],
          [
            -73.9352739,
            40.850794
          ],
          [
            -73.9350045,
            40.8513167
          ],
          [
            -73.9349915,
            40.8513421
          ],
          [
            -73.9349705,
            40.8513868
          ],
          [
            -73.9349311,
            40.8514593
          ],
          [
            -73.9349221,
            40.8514774
          ],
          [
            -73.9346769,
            40.851968
          ],
          [
            -73.9346653,
            40.8519911
          ],
          [
            -73.9346542,
            40.8520093
          ],
          [
            -73.9346178,
            40.8520697
          ],
          [
            -73.9346082,
            40.8520887
          ],
          [
            -73.9343533,
            40.8525918
          ],
          [
            -73.9343401,
            40.8526178
          ],
          [
            -73.9343129,
            40.8526788
          ],
          [
            -73.9342824,
            40.8527299
          ],
          [
            -73.9342705,
            40.8527543
          ],
          [
            -73.9340966,
            40.8531106
          ],
          [
            -73.9340432,
            40.8532174
          ],
          [
            -73.9339532,
            40.8533973
          ],
          [
            -73.9336039,
            40.8540632
          ],
          [
            -73.9335901,
            40.8540894
          ],
          [
            -73.9335694,
            40.8541399
          ],
          [
            -73.9335425,
            40.8542054
          ],
          [
            -73.933535,
            40.8542282
          ],
          [
            -73.9331975,
            40.8552585
          ],
          [
            -73.9331577,
            40.8553802
          ],
          [
            -73.9330944,
            40.8555739
          ],
          [
            -73.9329582,
            40.8558338
          ],
          [
            -73.9326357,
            40.8564349
          ],
          [
            -73.9325431,
            40.8566138
          ],
          [
            -73.9325332,
            40.8566331
          ],
          [
            -73.9325079,
            40.8566829
          ],
          [
            -73.9324817,
            40.8567346
          ],
          [
            -73.9324746,
            40.856748
          ],
          [
            -73.9319511,
            40.857737
          ],
          [
            -73.9318851,
            40.8578668
          ],
          [
            -73.9317223,
            40.8581768
          ],
          [
            -73.9317106,
            40.8581989
          ],
          [
            -73.9316921,
            40.8582329
          ],
          [
            -73.9316699,
            40.8582739
          ],
          [
            -73.9316614,
            40.8582896
          ],
          [
            -73.9312485,
            40.8590849
          ],
          [
            -73.9312457,
            40.8590902
          ],
          [
            -73.931236,
            40.8591233
          ],
          [
            -73.9312315,
            40.8591582
          ],
          [
            -73.9312277,
            40.8591884
          ],
          [
            -73.9312161,
            40.8592396
          ],
          [
            -73.9312057,
            40.8592692
          ],
          [
            -73.9311946,
            40.8593214
          ],
          [
            -73.9311788,
            40.8593955
          ],
          [
            -73.9311741,
            40.8594122
          ],
          [
            -73.9311447,
            40.8594863
          ],
          [
            -73.9310771,
            40.8596027
          ],
          [
            -73.9310661,
            40.8596741
          ],
          [
            -73.9309759,
            40.8598873
          ],
          [
            -73.9308487,
            40.860185
          ],
          [
            -73.9307553,
            40.8604006
          ],
          [
            -73.9306637,
            40.8605568
          ],
          [
            -73.9306524,
            40.860576
          ],
          [
            -73.9306397,
            40.8606013
          ],
          [
            -73.930615,
            40.8606505
          ],
          [
            -73.9306046,
            40.8606676
          ],
          [
            -73.9301765,
            40.8613758
          ],
          [
            -73.92994,
            40.8618022
          ],
          [
            -73.9299069,
            40.8618983
          ],
          [
            -73.9298848,
            40.8619672
          ],
          [
            -73.9298733,
            40.8620246
          ],
          [
            -73.9298654,
            40.8620801
          ],
          [
            -73.9298629,
            40.8621119
          ],
          [
            -73.9298608,
            40.8621511
          ],
          [
            -73.929857,
            40.8622239
          ],
          [
            -73.9298558,
            40.8622464
          ],
          [
            -73.9298515,
            40.8622743
          ],
          [
            -73.9298356,
            40.8623788
          ],
          [
            -73.9298324,
            40.8623992
          ],
          [
            -73.9298048,
            40.8624191
          ],
          [
            -73.9297761,
            40.8624418
          ],
          [
            -73.9297507,
            40.8624605
          ],
          [
            -73.9297966,
            40.8625066
          ],
          [
            -73.9298396,
            40.8627084
          ],
          [
            -73.9298668,
            40.8628761
          ],
          [
            -73.9298751,
            40.8629806
          ],
          [
            -73.9298887,
            40.8631523
          ],
          [
            -73.9298995,
            40.863334
          ],
          [
            -73.9298941,
            40.8633579
          ],
          [
            -73.9298727,
            40.8634053
          ],
          [
            -73.9298469,
            40.8634625
          ],
          [
            -73.9298366,
            40.863487
          ],
          [
            -73.9297413,
            40.8636925
          ],
          [
            -73.9295992,
            40.8638737
          ],
          [
            -73.9293105,
            40.8641676
          ],
          [
            -73.9290762,
            40.8643694
          ],
          [
            -73.9288996,
            40.8645236
          ],
          [
            -73.9288778,
            40.8645384
          ],
          [
            -73.9288355,
            40.8645612
          ],
          [
            -73.9287735,
            40.8645947
          ],
          [
            -73.9287514,
            40.8646074
          ],
          [
            -73.9285938,
            40.8646874
          ],
          [
            -73.9281213,
            40.8649438
          ],
          [
            -73.9280957,
            40.864959
          ],
          [
            -73.9280451,
            40.8649853
          ],
          [
            -73.927998,
            40.8650098
          ],
          [
            -73.9279767,
            40.8650213
          ],
          [
            -73.9274358,
            40.8653135
          ],
          [
            -73.9274131,
            40.8653501
          ],
          [
            -73.927372,
            40.865372
          ],
          [
            -73.9273107,
            40.8654003
          ],
          [
            -73.927211,
            40.8654368
          ],
          [
            -73.9271302,
            40.8654663
          ],
          [
            -73.9270992,
            40.8654827
          ],
          [
            -73.9270161,
            40.8655187
          ],
          [
            -73.926713,
            40.8656282
          ],
          [
            -73.9262633,
            40.8657816
          ],
          [
            -73.9258986,
            40.865906
          ],
          [
            -73.9257333,
            40.8659657
          ],
          [
            -73.925059,
            40.866201
          ],
          [
            -73.925075,
            40.866231
          ],
          [
            -73.9251166,
            40.8662959
          ],
          [
            -73.925005,
            40.866336
          ],
          [
            -73.9249072,
            40.8663711
          ],
          [
            -73.9232126,
            40.8669792
          ],
          [
            -73.92311,
            40.867016
          ],
          [
            -73.9230078,
            40.8670533
          ],
          [
            -73.9213249,
            40.8676676
          ],
          [
            -73.9212171,
            40.867707
          ]
        ]
      }
    },
    {
      "type": "Feature",
      "properties": {
        "scenario": "Inwood Hill Park | 5.0mi | out_and_back | moderate | amenity",
        "shape": "out_and_back",
        "target_miles": 5.0,
        "distance_m": 8045.729919697943,
        "candidate_index": 3
      },
      "geometry": {
        "type": "LineString",
        "coordinates": [
          [
            -73.9212171,
            40.867707
          ],
          [
            -73.9213249,
            40.8676676
          ],
          [
            -73.9230078,
            40.8670533
          ],
          [
            -73.92311,
            40.867016
          ],
          [
            -73.9232126,
            40.8669792
          ],
          [
            -73.9249072,
            40.8663711
          ],
          [
            -73.925005,
            40.866336
          ],
          [
            -73.9251166,
            40.8662959
          ],
          [
            -73.925075,
            40.866231
          ],
          [
            -73.925059,
            40.866201
          ],
          [
            -73.9257333,
            40.8659657
          ],
          [
            -73.9258986,
            40.865906
          ],
          [
            -73.9262633,
            40.8657816
          ],
          [
            -73.926713,
            40.8656282
          ],
          [
            -73.9270161,
            40.8655187
          ],
          [
            -73.9270992,
            40.8654827
          ],
          [
            -73.9271302,
            40.8654663
          ],
          [
            -73.927211,
            40.8654368
          ],
          [
            -73.9273107,
            40.8654003
          ],
          [
            -73.927372,
            40.865372
          ],
          [
            -73.9274131,
            40.8653501
          ],
          [
            -73.9274358,
            40.8653135
          ],
          [
            -73.9279767,
            40.8650213
          ],
          [
            -73.927998,
            40.8650098
          ],
          [
            -73.9280451,
            40.8649853
          ],
          [
            -73.9280957,
            40.864959
          ],
          [
            -73.9281213,
            40.8649438
          ],
          [
            -73.9285938,
            40.8646874
          ],
          [
            -73.9287514,
            40.8646074
          ],
          [
            -73.9287735,
            40.8645947
          ],
          [
            -73.9288355,
            40.8645612
          ],
          [
            -73.9288778,
            40.8645384
          ],
          [
            -73.9288996,
            40.8645236
          ],
          [
            -73.9290762,
            40.8643694
          ],
          [
            -73.9293105,
            40.8641676
          ],
          [
            -73.9295992,
            40.8638737
          ],
          [
            -73.9297413,
            40.8636925
          ],
          [
            -73.9298366,
            40.863487
          ],
          [
            -73.9298469,
            40.8634625
          ],
          [
            -73.9298727,
            40.8634053
          ],
          [
            -73.9298941,
            40.8633579
          ],
          [
            -73.9298995,
            40.863334
          ],
          [
            -73.9298887,
            40.8631523
          ],
          [
            -73.9298751,
            40.8629806
          ],
          [
            -73.9298668,
            40.8628761
          ],
          [
            -73.9298396,
            40.8627084
          ],
          [
            -73.9297966,
            40.8625066
          ],
          [
            -73.9297507,
            40.8624605
          ],
          [
            -73.9297761,
            40.8624418
          ],
          [
            -73.9298048,
            40.8624191
          ],
          [
            -73.9298324,
            40.8623992
          ],
          [
            -73.9298356,
            40.8623788
          ],
          [
            -73.9298515,
            40.8622743
          ],
          [
            -73.9298558,
            40.8622464
          ],
          [
            -73.929857,
            40.8622239
          ],
          [
            -73.9298608,
            40.8621511
          ],
          [
            -73.9298629,
            40.8621119
          ],
          [
            -73.9298654,
            40.8620801
          ],
          [
            -73.9298733,
            40.8620246
          ],
          [
            -73.9298848,
            40.8619672
          ],
          [
            -73.9299069,
            40.8618983
          ],
          [
            -73.92994,
            40.8618022
          ],
          [
            -73.9301765,
            40.8613758
          ],
          [
            -73.9306046,
            40.8606676
          ],
          [
            -73.930615,
            40.8606505
          ],
          [
            -73.9306397,
            40.8606013
          ],
          [
            -73.9306524,
            40.860576
          ],
          [
            -73.9306637,
            40.8605568
          ],
          [
            -73.9307553,
            40.8604006
          ],
          [
            -73.9308487,
            40.860185
          ],
          [
            -73.9309759,
            40.8598873
          ],
          [
            -73.9310661,
            40.8596741
          ],
          [
            -73.9310771,
            40.8596027
          ],
          [
            -73.9311447,
            40.8594863
          ],
          [
            -73.9311741,
            40.8594122
          ],
          [
            -73.9311788,
            40.8593955
          ],
          [
            -73.9311946,
            40.8593214
          ],
          [
            -73.9312057,
            40.8592692
          ],
          [
            -73.9312161,
            40.8592396
          ],
          [
            -73.9312277,
            40.8591884
          ],
          [
            -73.9312315,
            40.8591582
          ],
          [
            -73.931236,
            40.8591233
          ],
          [
            -73.9312457,
            40.8590902
          ],
          [
            -73.9312485,
            40.8590849
          ],
          [
            -73.9316614,
            40.8582896
          ],
          [
            -73.9316699,
            40.8582739
          ],
          [
            -73.9316921,
            40.8582329
          ],
          [
            -73.9317106,
            40.8581989
          ],
          [
            -73.9317223,
            40.8581768
          ],
          [
            -73.9318851,
            40.8578668
          ],
          [
            -73.9319511,
            40.857737
          ],
          [
            -73.9324746,
            40.856748
          ],
          [
            -73.9324817,
            40.8567346
          ],
          [
            -73.9325079,
            40.8566829
          ],
          [
            -73.9325332,
            40.8566331
          ],
          [
            -73.9325431,
            40.8566138
          ],
          [
            -73.9326357,
            40.8564349
          ],
          [
            -73.9329582,
            40.8558338
          ],
          [
            -73.9330944,
            40.8555739
          ],
          [
            -73.9331577,
            40.8553802
          ],
          [
            -73.9331975,
            40.8552585
          ],
          [
            -73.933535,
            40.8542282
          ],
          [
            -73.9335425,
            40.8542054
          ],
          [
            -73.9335694,
            40.8541399
          ],
          [
            -73.9335901,
            40.8540894
          ],
          [
            -73.9336039,
            40.8540632
          ],
          [
            -73.9339532,
            40.8533973
          ],
          [
            -73.9340432,
            40.8532174
          ],
          [
            -73.9340966,
            40.8531106
          ],
          [
            -73.9342705,
            40.8527543
          ],
          [
            -73.9342824,
            40.8527299
          ],
          [
            -73.9343129,
            40.8526788
          ],
          [
            -73.9343401,
            40.8526178
          ],
          [
            -73.9343533,
            40.8525918
          ],
          [
            -73.9346082,
            40.8520887
          ],
          [
            -73.9346178,
            40.8520697
          ],
          [
            -73.9346542,
            40.8520093
          ],
          [
            -73.9346653,
            40.8519911
          ],
          [
            -73.9346769,
            40.851968
          ],
          [
            -73.9349221,
            40.8514774
          ],
          [
            -73.9349311,
            40.8514593
          ],
          [
            -73.9349705,
            40.8513868
          ],
          [
            -73.9349915,
            40.8513421
          ],
          [
            -73.9350045,
            40.8513167
          ],
          [
            -73.9352739,
            40.850794
          ],
          [
            -73.9352785,
            40.8507802
          ],
          [
            -73.9353082,
            40.8507263
          ],
          [
            -73.9353199,
            40.8507028
          ],
          [
            -73.9353336,
            40.8506761
          ],
          [
            -73.9355721,
            40.8502051
          ],
          [
            -73.9355835,
            40.8501827
          ],
          [
            -73.9356068,
            40.8501265
          ],
          [
            -73.9356376,
            40.8500544
          ],
          [
            -73.9356603,
            40.8500336
          ],
          [
            -73.935932,
            40.8497836
          ],
          [
            -73.9362042,
            40.8495372
          ],
          [
            -73.936229,
            40.8495148
          ],
          [
            -73.9362658,
            40.8494845
          ],
          [
            -73.9363025,
            40.8494542
          ],
          [
            -73.9363235,
            40.8494356
          ],
          [
            -73.9368338,
            40.8489771
          ],
          [
            -73.9368497,
            40.8489627
          ],
          [
            -73.9368957,
            40.8489192
          ],
          [
            -73.9369286,
            40.8488883
          ],
          [
            -73.9369426,
            40.848875
          ],
          [
            -73.9374588,
            40.8484051
          ],
          [
            -73.9374685,
            40.8483903
          ],
          [
            -73.9375238,
            40.8483423
          ],
          [
            -73.9375656,
            40.8482974
          ],
          [
            -73.9375879,
            40.8482767
          ],
          [
            -73.9378246,
            40.8477313
          ],
          [
            -73.937833,
            40.847712
          ],
          [
            -73.9378498,
            40.8476592
          ],
          [
            -73.9378618,
            40.8476274
          ],
          [
            -73.937872,
            40.8475953
          ],
          [
            -73.9380567,
            40.8470188
          ],
          [
            -73.9380655,
            40.8469954
          ],
          [
            -73.9380775,
            40.8469528
          ],
          [
            -73.9380919,
            40.8469016
          ],
          [
            -73.9380976,
            40.8468838
          ],
          [
            -73.9382888,
            40.8462626
          ],
          [
            -73.9383141,
            40.8461804
          ],
          [
            -73.9383295,
            40.8461304
          ],
          [
            -73.9385241,
            40.8454985
          ],
          [
            -73.9385344,
            40.8454642
          ],
          [
            -73.9385504,
            40.8454111
          ],
          [
            -73.9385609,
            40.8453762
          ],
          [
            -73.9385676,
            40.845354
          ],
          [
            -73.9385961,
            40.8452478
          ],
          [
            -73.9386304,
            40.8451197
          ],
          [
            -73.9387326,
            40.8447382
          ],
          [
            -73.9387362,
            40.8447168
          ],
          [
            -73.9387468,
            40.844654
          ],
          [
            -73.9387559,
            40.8445997
          ],
          [
            -73.9387608,
            40.8445708
          ],
          [
            -73.9388761,
            40.8439559
          ],
          [
            -73.9388819,
            40.8439336
          ],
          [
            -73.9388941,
            40.8438867
          ],
          [
            -73.9389049,
            40.8438455
          ],
          [
            -73.938911,
            40.843822
          ],
          [
            -73.9389715,
            40.8435584
          ],
          [
            -73.9390424,
            40.8432498
          ],
          [
            -73.9390441,
            40.8432249
          ],
          [
            -73.9390481,
            40.8431682
          ],
          [
            -73.9390518,
            40.8431159
          ],
          [
            -73.9390531,
            40.8430966
          ],
          [
            -73.9385891,
            40.8429049
          ],
          [
            -73.9385573,
            40.8428915
          ],
          [
            -73.938474,
            40.8428566
          ],
          [
            -73.9384604,
            40.8428509
          ],
          [
            -73.9383683,
            40.8428123
          ],
          [
            -73.9383392,
            40.8428001
          ],
          [
            -73.9386953,
            40.8422843
          ],
          [
            -73.9387078,
            40.8422662
          ],
          [
            -73.9387187,
            40.8422542
          ],
          [
            -73.9387616,
            40.8422007
          ],
          [
            -73.9387829,
            40.8421683
          ],
          [
            -73.9388012,
            40.8421439
          ],
          [
            -73.9383988,
            40.8419838
          ],
          [
            -73.9376436,
            40.841649
          ],
          [
            -73.9383988,
            40.8419838
          ],
          [
            -73.9388012,
            40.8421439
          ],
          [
            -73.9387829,
            40.8421683
          ],
          [
            -73.9387616,
            40.8422007
          ],
          [
            -73.9387187,
            40.8422542
          ],
          [
            -73.9387078,
            40.8422662
          ],
          [
            -73.9386953,
            40.8422843
          ],
          [
            -73.9383392,
            40.8428001
          ],
          [
            -73.9383683,
            40.8428123
          ],
          [
            -73.9384604,
            40.8428509
          ],
          [
            -73.938474,
            40.8428566
          ],
          [
            -73.9385573,
            40.8428915
          ],
          [
            -73.9385891,
            40.8429049
          ],
          [
            -73.9390531,
            40.8430966
          ],
          [
            -73.9390518,
            40.8431159
          ],
          [
            -73.9390481,
            40.8431682
          ],
          [
            -73.9390441,
            40.8432249
          ],
          [
            -73.9390424,
            40.8432498
          ],
          [
            -73.9389715,
            40.8435584
          ],
          [
            -73.938911,
            40.843822
          ],
          [
            -73.9389049,
            40.8438455
          ],
          [
            -73.9388941,
            40.8438867
          ],
          [
            -73.9388819,
            40.8439336
          ],
          [
            -73.9388761,
            40.8439559
          ],
          [
            -73.9387608,
            40.8445708
          ],
          [
            -73.9387559,
            40.8445997
          ],
          [
            -73.9387468,
            40.844654
          ],
          [
            -73.9387362,
            40.8447168
          ],
          [
            -73.9387326,
            40.8447382
          ],
          [
            -73.9386304,
            40.8451197
          ],
          [
            -73.9385961,
            40.8452478
          ],
          [
            -73.9385676,
            40.845354
          ],
          [
            -73.9385609,
            40.8453762
          ],
          [
            -73.9385504,
            40.8454111
          ],
          [
            -73.9385344,
            40.8454642
          ],
          [
            -73.9385241,
            40.8454985
          ],
          [
            -73.9383295,
            40.8461304
          ],
          [
            -73.9383141,
            40.8461804
          ],
          [
            -73.9382888,
            40.8462626
          ],
          [
            -73.9380976,
            40.8468838
          ],
          [
            -73.9380919,
            40.8469016
          ],
          [
            -73.9380775,
            40.8469528
          ],
          [
            -73.9380655,
            40.8469954
          ],
          [
            -73.9380567,
            40.8470188
          ],
          [
            -73.937872,
            40.8475953
          ],
          [
            -73.9378618,
            40.8476274
          ],
          [
            -73.9378498,
            40.8476592
          ],
          [
            -73.937833,
            40.847712
          ],
          [
            -73.9378246,
            40.8477313
          ],
          [
            -73.9375879,
            40.8482767
          ],
          [
            -73.9375656,
            40.8482974
          ],
          [
            -73.9375238,
            40.8483423
          ],
          [
            -73.9374685,
            40.8483903
          ],
          [
            -73.9374588,
            40.8484051
          ],
          [
            -73.9369426,
            40.848875
          ],
          [
            -73.9369286,
            40.8488883
          ],
          [
            -73.9368957,
            40.8489192
          ],
          [
            -73.9368497,
            40.8489627
          ],
          [
            -73.9368338,
            40.8489771
          ],
          [
            -73.9363235,
            40.8494356
          ],
          [
            -73.9363025,
            40.8494542
          ],
          [
            -73.9362658,
            40.8494845
          ],
          [
            -73.936229,
            40.8495148
          ],
          [
            -73.9362042,
            40.8495372
          ],
          [
            -73.935932,
            40.8497836
          ],
          [
            -73.9356603,
            40.8500336
          ],
          [
            -73.9356376,
            40.8500544
          ],
          [
            -73.9356068,
            40.8501265
          ],
          [
            -73.9355835,
            40.8501827
          ],
          [
            -73.9355721,
            40.8502051
          ],
          [
            -73.9353336,
            40.8506761
          ],
          [
            -73.9353199,
            40.8507028
          ],
          [
            -73.9353082,
            40.8507263
          ],
          [
            -73.9352785,
            40.8507802
          ],
          [
            -73.9352739,
            40.850794
          ],
          [
            -73.9350045,
            40.8513167
          ],
          [
            -73.9349915,
            40.8513421
          ],
          [
            -73.9349705,
            40.8513868
          ],
          [
            -73.9349311,
            40.8514593
          ],
          [
            -73.9349221,
            40.8514774
          ],
          [
            -73.9346769,
            40.851968
          ],
          [
            -73.9346653,
            40.8519911
          ],
          [
            -73.9346542,
            40.8520093
          ],
          [
            -73.9346178,
            40.8520697
          ],
          [
            -73.9346082,
            40.8520887
          ],
          [
            -73.9343533,
            40.8525918
          ],
          [
            -73.9343401,
            40.8526178
          ],
          [
            -73.9343129,
            40.8526788
          ],
          [
            -73.9342824,
            40.8527299
          ],
          [
            -73.9342705,
            40.8527543
          ],
          [
            -73.9340966,
            40.8531106
          ],
          [
            -73.9340432,
            40.8532174
          ],
          [
            -73.9339532,
            40.8533973
          ],
          [
            -73.9336039,
            40.8540632
          ],
          [
            -73.9335901,
            40.8540894
          ],
          [
            -73.9335694,
            40.8541399
          ],
          [
            -73.9335425,
            40.8542054
          ],
          [
            -73.933535,
            40.8542282
          ],
          [
            -73.9331975,
            40.8552585
          ],
          [
            -73.9331577,
            40.8553802
          ],
          [
            -73.9330944,
            40.8555739
          ],
          [
            -73.9329582,
            40.8558338
          ],
          [
            -73.9326357,
            40.8564349
          ],
          [
            -73.9325431,
            40.8566138
          ],
          [
            -73.9325332,
            40.8566331
          ],
          [
            -73.9325079,
            40.8566829
          ],
          [
            -73.9324817,
            40.8567346
          ],
          [
            -73.9324746,
            40.856748
          ],
          [
            -73.9319511,
            40.857737
          ],
          [
            -73.9318851,
            40.8578668
          ],
          [
            -73.9317223,
            40.8581768
          ],
          [
            -73.9317106,
            40.8581989
          ],
          [
            -73.9316921,
            40.8582329
          ],
          [
            -73.9316699,
            40.8582739
          ],
          [
            -73.9316614,
            40.8582896
          ],
          [
            -73.9312485,
            40.8590849
          ],
          [
            -73.9312457,
            40.8590902
          ],
          [
            -73.931236,
            40.8591233
          ],
          [
            -73.9312315,
            40.8591582
          ],
          [
            -73.9312277,
            40.8591884
          ],
          [
            -73.9312161,
            40.8592396
          ],
          [
            -73.9312057,
            40.8592692
          ],
          [
            -73.9311946,
            40.8593214
          ],
          [
            -73.9311788,
            40.8593955
          ],
          [
            -73.9311741,
            40.8594122
          ],
          [
            -73.9311447,
            40.8594863
          ],
          [
            -73.9310771,
            40.8596027
          ],
          [
            -73.9310661,
            40.8596741
          ],
          [
            -73.9309759,
            40.8598873
          ],
          [
            -73.9308487,
            40.860185
          ],
          [
            -73.9307553,
            40.8604006
          ],
          [
            -73.9306637,
            40.8605568
          ],
          [
            -73.9306524,
            40.860576
          ],
          [
            -73.9306397,
            40.8606013
          ],
          [
            -73.930615,
            40.8606505
          ],
          [
            -73.9306046,
            40.8606676
          ],
          [
            -73.9301765,
            40.8613758
          ],
          [
            -73.92994,
            40.8618022
          ],
          [
            -73.9299069,
            40.8618983
          ],
          [
            -73.9298848,
            40.8619672
          ],
          [
            -73.9298733,
            40.8620246
          ],
          [
            -73.9298654,
            40.8620801
          ],
          [
            -73.9298629,
            40.8621119
          ],
          [
            -73.9298608,
            40.8621511
          ],
          [
            -73.929857,
            40.8622239
          ],
          [
            -73.9298558,
            40.8622464
          ],
          [
            -73.9298515,
            40.8622743
          ],
          [
            -73.9298356,
            40.8623788
          ],
          [
            -73.9298324,
            40.8623992
          ],
          [
            -73.9298048,
            40.8624191
          ],
          [
            -73.9297761,
            40.8624418
          ],
          [
            -73.9297507,
            40.8624605
          ],
          [
            -73.9297966,
            40.8625066
          ],
          [
            -73.9298396,
            40.8627084
          ],
          [
            -73.9298668,
            40.8628761
          ],
          [
            -73.9298751,
            40.8629806
          ],
          [
            -73.9298887,
            40.8631523
          ],
          [
            -73.9298995,
            40.863334
          ],
          [
            -73.9298941,
            40.8633579
          ],
          [
            -73.9298727,
            40.8634053
          ],
          [
            -73.9298469,
            40.8634625
          ],
          [
            -73.9298366,
            40.863487
          ],
          [
            -73.9297413,
            40.8636925
          ],
          [
            -73.9295992,
            40.8638737
          ],
          [
            -73.9293105,
            40.8641676
          ],
          [
            -73.9290762,
            40.8643694
          ],
          [
            -73.9288996,
            40.8645236
          ],
          [
            -73.9288778,
            40.8645384
          ],
          [
            -73.9288355,
            40.8645612
          ],
          [
            -73.9287735,
            40.8645947
          ],
          [
            -73.9287514,
            40.8646074
          ],
          [
            -73.9285938,
            40.8646874
          ],
          [
            -73.9281213,
            40.8649438
          ],
          [
            -73.9280957,
            40.864959
          ],
          [
            -73.9280451,
            40.8649853
          ],
          [
            -73.927998,
            40.8650098
          ],
          [
            -73.9279767,
            40.8650213
          ],
          [
            -73.9274358,
            40.8653135
          ],
          [
            -73.9274131,
            40.8653501
          ],
          [
            -73.927372,
            40.865372
          ],
          [
            -73.9273107,
            40.8654003
          ],
          [
            -73.927211,
            40.8654368
          ],
          [
            -73.9271302,
            40.8654663
          ],
          [
            -73.9270992,
            40.8654827
          ],
          [
            -73.9270161,
            40.8655187
          ],
          [
            -73.926713,
            40.8656282
          ],
          [
            -73.9262633,
            40.8657816
          ],
          [
            -73.9258986,
            40.865906
          ],
          [
            -73.9257333,
            40.8659657
          ],
          [
            -73.925059,
            40.866201
          ],
          [
            -73.925075,
            40.866231
          ],
          [
            -73.9251166,
            40.8662959
          ],
          [
            -73.925005,
            40.866336
          ],
          [
            -73.9249072,
            40.8663711
          ],
          [
            -73.9232126,
            40.8669792
          ],
          [
            -73.92311,
            40.867016
          ],
          [
            -73.9230078,
            40.8670533
          ],
          [
            -73.9213249,
            40.8676676
          ],
          [
            -73.9212171,
            40.867707
          ],
          [
            -73.9213249,
            40.8676676
          ],
          [
            -73.9230078,
            40.8670533
          ],
          [
            -73.92311,
            40.867016
          ],
          [
            -73.9232126,
            40.8669792
          ],
          [
            -73.9249072,
            40.8663711
          ],
          [
            -73.925005,
            40.866336
          ],
          [
            -73.9251166,
            40.8662959
          ],
          [
            -73.9257983,
            40.8660514
          ],
          [
            -73.925872,
            40.866025
          ],
          [
            -73.9257983,
            40.8660514
          ],
          [
            -73.9251166,
            40.8662959
          ],
          [
            -73.925005,
            40.866336
          ],
          [
            -73.9249072,
            40.8663711
          ],
          [
            -73.9232126,
            40.8669792
          ],
          [
            -73.92311,
            40.867016
          ],
          [
            -73.9230078,
            40.8670533
          ],
          [
            -73.9213249,
            40.8676676
          ],
          [
            -73.9212171,
            40.867707
          ]
        ]
      }
    },
    {
      "type": "Feature",
      "properties": {
        "scenario": "Inwood Hill Park | 5.0mi | out_and_back | moderate | amenity",
        "shape": "out_and_back",
        "target_miles": 5.0,
        "distance_m": 8049.357703352966,
        "candidate_index": 4
      },
      "geometry": {
        "type": "LineString",
        "coordinates": [
          [
            -73.9212171,
            40.867707
          ],
          [
            -73.9213249,
            40.8676676
          ],
          [
            -73.9230078,
            40.8670533
          ],
          [
            -73.92311,
            40.867016
          ],
          [
            -73.9232126,
            40.8669792
          ],
          [
            -73.9249072,
            40.8663711
          ],
          [
            -73.925005,
            40.866336
          ],
          [
            -73.9251166,
            40.8662959
          ],
          [
            -73.9257983,
            40.8660514
          ],
          [
            -73.925872,
            40.866025
          ],
          [
            -73.925967,
            40.8659914
          ],
          [
            -73.9263199,
            40.8658667
          ],
          [
            -73.9265267,
            40.8657937
          ],
          [
            -73.9271619,
            40.8655693
          ],
          [
            -73.9272475,
            40.865539
          ],
          [
            -73.9272714,
            40.8655306
          ],
          [
            -73.9272948,
            40.8655188
          ],
          [
            -73.9274931,
            40.8654184
          ],
          [
            -73.9275773,
            40.8654449
          ],
          [
            -73.9275983,
            40.8654515
          ],
          [
            -73.9277609,
            40.8653672
          ],
          [
            -73.9277762,
            40.8653645
          ],
          [
            -73.9277915,
            40.865368
          ],
          [
            -73.9278078,
            40.8653879
          ],
          [
            -73.92782,
            40.8653796
          ],
          [
            -73.9278578,
            40.8653587
          ],
          [
            -73.9278865,
            40.8653403
          ],
          [
            -73.9279083,
            40.865329
          ],
          [
            -73.9281272,
            40.8652149
          ],
          [
            -73.9282884,
            40.8651302
          ],
          [
            -73.9287266,
            40.8648997
          ],
          [
            -73.9289299,
            40.8647849
          ],
          [
            -73.9290352,
            40.8647226
          ],
          [
            -73.9291886,
            40.8646031
          ],
          [
            -73.929233,
            40.864569
          ],
          [
            -73.9294606,
            40.8643815
          ],
          [
            -73.9296576,
            40.8641904
          ],
          [
            -73.9299818,
            40.8637992
          ],
          [
            -73.9301114,
            40.8635412
          ],
          [
            -73.9301802,
            40.8633541
          ],
          [
            -73.930185,
            40.8633245
          ],
          [
            -73.9301892,
            40.8632989
          ],
          [
            -73.930163,
            40.863064
          ],
          [
            -73.9301101,
            40.8626789
          ],
          [
            -73.9300902,
            40.8625349
          ],
          [
            -73.9301141,
            40.8622388
          ],
          [
            -73.9301695,
            40.8620422
          ],
          [
            -73.9302856,
            40.8617399
          ],
          [
            -73.9304272,
            40.8617899
          ],
          [
            -73.9304969,
            40.8616702
          ],
          [
            -73.9305479,
            40.861657
          ],
          [
            -73.9306109,
            40.8616296
          ],
          [
            -73.9306807,
            40.861587
          ],
          [
            -73.930745,
            40.8615546
          ],
          [
            -73.9309757,
            40.8613361
          ],
          [
            -73.931022,
            40.8612941
          ],
          [
            -73.9310669,
            40.8612979
          ],
          [
            -73.9311192,
            40.8611113
          ],
          [
            -73.9311916,
            40.8611404
          ],
          [
            -73.9312277,
            40.8611389
          ],
          [
            -73.9312615,
            40.8611268
          ],
          [
            -73.9313209,
            40.8610861
          ],
          [
            -73.9313879,
            40.8610364
          ],
          [
            -73.9314625,
            40.8609567
          ],
          [
            -73.9315158,
            40.860893
          ],
          [
            -73.9315679,
            40.860842
          ],
          [
            -73.9316336,
            40.8607806
          ],
          [
            -73.9316773,
            40.8607201
          ],
          [
            -73.9317938,
            40.8604939
          ],
          [
            -73.9318477,
            40.8604341
          ],
          [
            -73.931925,
            40.8603737
          ],
          [
            -73.931975,
            40.8603346
          ],
          [
            -73.9320048,
            40.8602957
          ],
          [
            -73.932022,
            40.8602448
          ],
          [
            -73.9320977,
            40.8601656
          ],
          [
            -73.9321411,
            40.8601067
          ],
          [
            -73.9321842,
            40.8600624
          ],
          [
            -73.9321972,
            40.8600555
          ],
          [
            -73.9322572,
            40.8600429
          ],
          [
            -73.9323025,
            40.8600268
          ],
          [
            -73.9323314,
            40.8599963
          ],
          [
            -73.93235,
            40.8599522
          ],
          [
            -73.9323646,
            40.8599217
          ],
          [
            -73.932371,
            40.8599105
          ],
          [
            -73.932374,
            40.8599054
          ],
          [
            -73.9323912,
            40.8598859
          ],
          [
            -73.9324135,
            40.8598675
          ],
          [
            -73.9324475,
            40.8598469
          ],
          [
            -73.9324564,
            40.8598401
          ],
          [
            -73.9325508,
            40.8597571
          ],
          [
            -73.932653,
            40.8597011
          ],
          [
            -73.932755,
            40.8596746
          ],
          [
            -73.932803,
            40.8596676
          ],
          [
            -73.9328878,
            40.8596265
          ],
          [
            -73.9329585,
            40.8595941
          ],
          [
            -73.9330317,
            40.8595723
          ],
          [
            -73.9331805,
            40.8595503
          ],
          [
            -73.9332758,
            40.8595364
          ],
          [
            -73.9333104,
            40.859527
          ],
          [
            -73.9333441,
            40.8595138
          ],
          [
            -73.9334594,
            40.859453
          ],
          [
            -73.9335874,
            40.8593918
          ],
          [
            -73.9336276,
            40.8593716
          ],
          [
            -73.9336561,
            40.8593088
          ],
          [
            -73.9337298,
            40.8593309
          ],
          [
            -73.9338154,
            40.8591451
          ],
          [
            -73.9338196,
            40.8591396
          ],
          [
            -73.9338244,
            40.859136
          ],
          [
            -73.9338303,
            40.859133
          ],
          [
            -73.9338402,
            40.8591295
          ],
          [
            -73.9338502,
            40.8591271
          ],
          [
            -73.9338613,
            40.8591255
          ],
          [
            -73.933871,
            40.859125
          ],
          [
            -73.9338776,
            40.8591255
          ],
          [
            -73.9338859,
            40.8591269
          ],
          [
            -73.9340432,
            40.8591658
          ],
          [
            -73.9340607,
            40.8591682
          ],
          [
            -73.9340666,
            40.8591659
          ],
          [
            -73.9340721,
            40.8591628
          ],
          [
            -73.9340757,
            40.85916
          ],
          [
            -73.9340789,
            40.8591567
          ],
          [
            -73.9342364,
            40.8589024
          ],
          [
            -73.93433,
            40.8587308
          ],
          [
            -73.9343982,
            40.8585855
          ],
          [
            -73.9345621,
            40.8583496
          ],
          [
            -73.9346771,
            40.858184
          ],
          [
            -73.9346947,
            40.8581606
          ],
          [
            -73.9348878,
            40.8579039
          ],
          [
            -73.9351187,
            40.8575923
          ],
          [
            -73.9352429,
            40.8574248
          ],
          [
            -73.9354512,
            40.8571484
          ],
          [
            -73.9354645,
            40.8571308
          ],
          [
            -73.9355001,
            40.857085
          ],
          [
            -73.9355311,
            40.857045
          ],
          [
            -73.9355427,
            40.8570294
          ],
          [
            -73.9360736,
            40.8563154
          ],
          [
            -73.9361933,
            40.85616
          ],
          [
            -73.9363291,
            40.8559775
          ],
          [
            -73.9365006,
            40.8557599
          ],
          [
            -73.9365953,
            40.8556153
          ],
          [
            -73.9366972,
            40.8553842
          ],
          [
            -73.9367707,
            40.8551572
          ],
          [
            -73.9367841,
            40.8551134
          ],
          [
            -73.9368105,
            40.855029
          ],
          [
            -73.9373065,
            40.8534236
          ],
          [
            -73.9373457,
            40.8532967
          ],
          [
            -73.9374686,
            40.8528974
          ],
          [
            -73.937692,
            40.8521675
          ],
          [
            -73.9376973,
            40.8521501
          ],
          [
            -73.9377149,
            40.8521026
          ],
          [
            -73.9377284,
            40.8520668
          ],
          [
            -73.9377366,
            40.8520448
          ],
          [
            -73.9381435,
            40.8509613
          ],
          [
            -73.9381523,
            40.8509382
          ],
          [
            -73.9381757,
            40.8508788
          ],
          [
            -73.9381962,
            40.8508267
          ],
          [
            -73.9382058,
            40.8508036
          ],
          [
            -73.9385246,
            40.8500382
          ],
          [
            -73.9385326,
            40.8500189
          ],
          [
            -73.9385527,
            40.8499793
          ],
          [
            -73.9385722,
            40.849941
          ],
          [
            -73.9385805,
            40.8499205
          ],
          [
            -73.9387113,
            40.8495985
          ],
          [
            -73.9387968,
            40.8493628
          ],
          [
            -73.9388063,
            40.849338
          ],
          [
            -73.9388238,
            40.8492927
          ],
          [
            -73.9388469,
            40.8492329
          ],
          [
            -73.9388499,
            40.8492259
          ],
          [
            -73.9388518,
            40.8492214
          ],
          [
            -73.9388587,
            40.8492043
          ],
          [
            -73.938958,
            40.8489586
          ],
          [
            -73.9388869,
            40.8489445
          ],
          [
            -73.9387628,
            40.8489214
          ],
          [
            -73.9386991,
            40.8489082
          ],
          [
            -73.938663,
            40.8489954
          ],
          [
            -73.9386991,
            40.8489082
          ],
          [
            -73.9387628,
            40.8489214
          ],
          [
            -73.9388869,
            40.8489445
          ],
          [
            -73.938958,
            40.8489586
          ],
          [
            -73.9388587,
            40.8492043
          ],
          [
            -73.9388518,
            40.8492214
          ],
          [
            -73.9388499,
            40.8492259
          ],
          [
            -73.9388469,
            40.8492329
          ],
          [
            -73.9388238,
            40.8492927
          ],
          [
            -73.9388063,
            40.849338
          ],
          [
            -73.9387968,
            40.8493628
          ],
          [
            -73.9387113,
            40.8495985
          ],
          [
            -73.9385805,
            40.8499205
          ],
          [
            -73.9385722,
            40.849941
          ],
          [
            -73.9385527,
            40.8499793
          ],
          [
            -73.9385326,
            40.8500189
          ],
          [
            -73.9385246,
            40.8500382
          ],
          [
            -73.9382058,
            40.8508036
          ],
          [
            -73.9381962,
            40.8508267
          ],
          [
            -73.9381757,
            40.8508788
          ],
          [
            -73.9381523,
            40.8509382
          ],
          [
            -73.9381435,
            40.8509613
          ],
          [
            -73.9377366,
            40.8520448
          ],
          [
            -73.9377284,
            40.8520668
          ],
          [
            -73.9377149,
            40.8521026
          ],
          [
            -73.9376973,
            40.8521501
          ],
          [
            -73.937692,
            40.8521675
          ],
          [
            -73.9374686,
            40.8528974
          ],
          [
            -73.9373457,
            40.8532967
          ],
          [
            -73.9373065,
            40.8534236
          ],
          [
            -73.9368105,
            40.855029
          ],
          [
            -73.9367841,
            40.8551134
          ],
          [
            -73.9367707,
            40.8551572
          ],
          [
            -73.9366972,
            40.8553842
          ],
          [
            -73.9365953,
            40.8556153
          ],
          [
            -73.9365006,
            40.8557599
          ],
          [
            -73.9363291,
            40.8559775
          ],
          [
            -73.9361933,
            40.85616
          ],
          [
            -73.9360736,
            40.8563154
          ],
          [
            -73.9355427,
            40.8570294
          ],
          [
            -73.9355311,
            40.857045
          ],
          [
            -73.9355001,
            40.857085
          ],
          [
            -73.9354645,
            40.8571308
          ],
          [
            -73.9354512,
            40.8571484
          ],
          [
            -73.9352429,
            40.8574248
          ],
          [
            -73.9351187,
            40.8575923
          ],
          [
            -73.9348878,
            40.8579039
          ],
          [
            -73.9346947,
            40.8581606
          ],
          [
            -73.9346771,
            40.858184
          ],
          [
            -73.9345621,
            40.8583496
          ],
          [
            -73.9343982,
            40.8585855
          ],
          [
            -73.93433,
            40.8587308
          ],
          [
            -73.9342364,
            40.8589024
          ],
          [
            -73.9340789,
            40.8591567
          ],
          [
            -73.9340757,
            40.85916
          ],
          [
            -73.9340721,
            40.8591628
          ],
          [
            -73.9340666,
            40.8591659
          ],
          [
            -73.9340607,
            40.8591682
          ],
          [
            -73.9340432,
            40.8591658
          ],
          [
            -73.9338859,
            40.8591269
          ],
          [
            -73.9338776,
            40.8591255
          ],
          [
            -73.933871,
            40.859125
          ],
          [
            -73.9338613,
            40.8591255
          ],
          [
            -73.9338502,
            40.8591271
          ],
          [
            -73.9338402,
            40.8591295
          ],
          [
            -73.9338303,
            40.859133
          ],
          [
            -73.9338244,
            40.859136
          ],
          [
            -73.9338196,
            40.8591396
          ],
          [
            -73.9338154,
            40.8591451
          ],
          [
            -73.9337298,
            40.8593309
          ],
          [
            -73.9336561,
            40.8593088
          ],
          [
            -73.9336276,
            40.8593716
          ],
          [
            -73.9335874,
            40.8593918
          ],
          [
            -73.9334594,
            40.859453
          ],
          [
            -73.9333441,
            40.8595138
          ],
          [
            -73.9333104,
            40.859527
          ],
          [
            -73.9332758,
            40.8595364
          ],
          [
            -73.9331805,
            40.8595503
          ],
          [
            -73.9330317,
            40.8595723
          ],
          [
            -73.9329585,
            40.8595941
          ],
          [
            -73.9328878,
            40.8596265
          ],
          [
            -73.932803,
            40.8596676
          ],
          [
            -73.932755,
            40.8596746
          ],
          [
            -73.932653,
            40.8597011
          ],
          [
            -73.9325508,
            40.8597571
          ],
          [
            -73.9324564,
            40.8598401
          ],
          [
            -73.9324475,
            40.8598469
          ],
          [
            -73.9324135,
            40.8598675
          ],
          [
            -73.9323912,
            40.8598859
          ],
          [
            -73.932374,
            40.8599054
          ],
          [
            -73.932371,
            40.8599105
          ],
          [
            -73.9323646,
            40.8599217
          ],
          [
            -73.93235,
            40.8599522
          ],
          [
            -73.9323314,
            40.8599963
          ],
          [
            -73.9323025,
            40.8600268
          ],
          [
            -73.9322572,
            40.8600429
          ],
          [
            -73.9321972,
            40.8600555
          ],
          [
            -73.9321842,
            40.8600624
          ],
          [
            -73.9321411,
            40.8601067
          ],
          [
            -73.9320977,
            40.8601656
          ],
          [
            -73.932022,
            40.8602448
          ],
          [
            -73.9320048,
            40.8602957
          ],
          [
            -73.931975,
            40.8603346
          ],
          [
            -73.931925,
            40.8603737
          ],
          [
            -73.9318477,
            40.8604341
          ],
          [
            -73.9317938,
            40.8604939
          ],
          [
            -73.9316773,
            40.8607201
          ],
          [
            -73.9316336,
            40.8607806
          ],
          [
            -73.9315679,
            40.860842
          ],
          [
            -73.9315158,
            40.860893
          ],
          [
            -73.9314625,
            40.8609567
          ],
          [
            -73.9313879,
            40.8610364
          ],
          [
            -73.9313209,
            40.8610861
          ],
          [
            -73.9312615,
            40.8611268
          ],
          [
            -73.9312277,
            40.8611389
          ],
          [
            -73.9311916,
            40.8611404
          ],
          [
            -73.9311192,
            40.8611113
          ],
          [
            -73.9310669,
            40.8612979
          ],
          [
            -73.931022,
            40.8612941
          ],
          [
            -73.9309757,
            40.8613361
          ],
          [
            -73.930745,
            40.8615546
          ],
          [
            -73.9306807,
            40.861587
          ],
          [
            -73.9306109,
            40.8616296
          ],
          [
            -73.9305479,
            40.861657
          ],
          [
            -73.9304969,
            40.8616702
          ],
          [
            -73.9304272,
            40.8617899
          ],
          [
            -73.9302856,
            40.8617399
          ],
          [
            -73.9301695,
            40.8620422
          ],
          [
            -73.9301141,
            40.8622388
          ],
          [
            -73.9300902,
            40.8625349
          ],
          [
            -73.9301101,
            40.8626789
          ],
          [
            -73.930163,
            40.863064
          ],
          [
            -73.9301892,
            40.8632989
          ],
          [
            -73.930185,
            40.8633245
          ],
          [
            -73.9301802,
            40.8633541
          ],
          [
            -73.9301114,
            40.8635412
          ],
          [
            -73.9299818,
            40.8637992
          ],
          [
            -73.9296576,
            40.8641904
          ],
          [
            -73.9294606,
            40.8643815
          ],
          [
            -73.929233,
            40.864569
          ],
          [
            -73.9291886,
            40.8646031
          ],
          [
            -73.9290352,
            40.8647226
          ],
          [
            -73.9289299,
            40.8647849
          ],
          [
            -73.9287266,
            40.8648997
          ],
          [
            -73.9282884,
            40.8651302
          ],
          [
            -73.9281272,
            40.8652149
          ],
          [
            -73.9279083,
            40.865329
          ],
          [
            -73.9278865,
            40.8653403
          ],
          [
            -73.9278578,
            40.8653587
          ],
          [
            -73.92782,
            40.8653796
          ],
          [
            -73.9278078,
            40.8653879
          ],
          [
            -73.9277915,
            40.865368
          ],
          [
            -73.9277762,
            40.8653645
          ],
          [
            -73.9277609,
            40.8653672
          ],
          [
            -73.9275983,
            40.8654515
          ],
          [
            -73.9275773,
            40.8654449
          ],
          [
            -73.9274931,
            40.8654184
          ],
          [
            -73.9272948,
            40.8655188
          ],
          [
            -73.9272714,
            40.8655306
          ],
          [
            -73.9272475,
            40.865539
          ],
          [
            -73.9271619,
            40.8655693
          ],
          [
            -73.9265267,
            40.8657937
          ],
          [
            -73.9263199,
            40.8658667
          ],
          [
            -73.925967,
            40.8659914
          ],
          [
            -73.925872,
            40.866025
          ],
          [
            -73.9257983,
            40.8660514
          ],
          [
            -73.9251166,
            40.8662959
          ],
          [
            -73.925005,
            40.866336
          ],
          [
            -73.9249072,
            40.8663711
          ],
          [
            -73.9232126,
            40.8669792
          ],
          [
            -73.92311,
            40.867016
          ],
          [
            -73.9230078,
            40.8670533
          ],
          [
            -73.9213249,
            40.8676676
          ],
          [
            -73.9212171,
            40.867707
          ],
          [
            -73.9213249,
            40.8676676
          ],
          [
            -73.9230078,
            40.8670533
          ],
          [
            -73.92311,
            40.867016
          ],
          [
            -73.9232126,
            40.8669792
          ],
          [
            -73.9249072,
            40.8663711
          ],
          [
            -73.925005,
            40.866336
          ],
          [
            -73.9251166,
            40.8662959
          ],
          [
            -73.9257983,
            40.8660514
          ],
          [
            -73.925872,
            40.866025
          ],
          [
            -73.925967,
            40.8659914
          ],
          [
            -73.9263199,
            40.8658667
          ],
          [
            -73.9265267,
            40.8657937
          ],
          [
            -73.9271619,
            40.8655693
          ],
          [
            -73.9272475,
            40.865539
          ],
          [
            -73.9272714,
            40.8655306
          ],
          [
            -73.9272948,
            40.8655188
          ],
          [
            -73.9274931,
            40.8654184
          ],
          [
            -73.9275773,
            40.8654449
          ],
          [
            -73.9275983,
            40.8654515
          ],
          [
            -73.9277609,
            40.8653672
          ],
          [
            -73.9277762,
            40.8653645
          ],
          [
            -73.9277915,
            40.865368
          ],
          [
            -73.9278078,
            40.8653879
          ],
          [
            -73.92782,
            40.8653796
          ],
          [
            -73.9278578,
            40.8653587
          ],
          [
            -73.9278865,
            40.8653403
          ],
          [
            -73.9279083,
            40.865329
          ],
          [
            -73.9281272,
            40.8652149
          ],
          [
            -73.9282884,
            40.8651302
          ],
          [
            -73.9287266,
            40.8648997
          ],
          [
            -73.9289299,
            40.8647849
          ],
          [
            -73.9290352,
            40.8647226
          ],
          [
            -73.9291886,
            40.8646031
          ],
          [
            -73.929233,
            40.864569
          ],
          [
            -73.9294606,
            40.8643815
          ],
          [
            -73.9296576,
            40.8641904
          ],
          [
            -73.9299818,
            40.8637992
          ],
          [
            -73.9301114,
            40.8635412
          ],
          [
            -73.9301802,
            40.8633541
          ],
          [
            -73.930185,
            40.8633245
          ],
          [
            -73.9301892,
            40.8632989
          ],
          [
            -73.930163,
            40.863064
          ],
          [
            -73.9301101,
            40.8626789
          ],
          [
            -73.9300902,
            40.8625349
          ],
          [
            -73.9301141,
            40.8622388
          ],
          [
            -73.9301695,
            40.8620422
          ],
          [
            -73.9302856,
            40.8617399
          ],
          [
            -73.9304272,
            40.8617899
          ],
          [
            -73.9304969,
            40.8616702
          ],
          [
            -73.9305479,
            40.861657
          ],
          [
            -73.9306109,
            40.8616296
          ],
          [
            -73.9306807,
            40.861587
          ],
          [
            -73.930745,
            40.8615546
          ],
          [
            -73.930788,
            40.8615546
          ],
          [
            -73.9308121,
            40.861583
          ],
          [
            -73.9308282,
            40.8616256
          ],
          [
            -73.9308657,
            40.8616671
          ],
          [
            -73.9308778,
            40.8617168
          ],
          [
            -73.9308753,
            40.8617422
          ],
          [
            -73.9308778,
            40.8617168
          ],
          [
            -73.9308657,
            40.8616671
          ],
          [
            -73.9308282,
            40.8616256
          ],
          [
            -73.9308121,
            40.861583
          ],
          [
            -73.930788,
            40.8615546
          ],
          [
            -73.930745,
            40.8615546
          ],
          [
            -73.9306807,
            40.861587
          ],
          [
            -73.9306109,
            40.8616296
          ],
          [
            -73.9305479,
            40.861657
          ],
          [
            -73.9304969,
            40.8616702
          ],
          [
            -73.9304272,
            40.8617899
          ],
          [
            -73.9302856,
            40.8617399
          ],
          [
            -73.9301695,
            40.8620422
          ],
          [
            -73.9301141,
            40.8622388
          ],
          [
            -73.9300902,
            40.8625349
          ],
          [
            -73.9301101,
            40.8626789
          ],
          [
            -73.930163,
            40.863064
          ],
          [
            -73.9301892,
            40.8632989
          ],
          [
            -73.930185,
            40.8633245
          ],
          [
            -73.9301802,
            40.8633541
          ],
          [
            -73.9301114,
            40.8635412
          ],
          [
            -73.9299818,
            40.8637992
          ],
          [
            -73.9296576,
            40.8641904
          ],
          [
            -73.9294606,
            40.8643815
          ],
          [
            -73.929233,
            40.864569
          ],
          [
            -73.9291886,
            40.8646031
          ],
          [
            -73.9290352,
            40.8647226
          ],
          [
            -73.9289299,
            40.8647849
          ],
          [
            -73.9287266,
            40.8648997
          ],
          [
            -73.9282884,
            40.8651302
          ],
          [
            -73.9281272,
            40.8652149
          ],
          [
            -73.9279083,
            40.865329
          ],
          [
            -73.9278865,
            40.8653403
          ],
          [
            -73.9278578,
            40.8653587
          ],
          [
            -73.92782,
            40.8653796
          ],
          [
            -73.9278078,
            40.8653879
          ],
          [
            -73.9277915,
            40.865368
          ],
          [
            -73.9277762,
            40.8653645
          ],
          [
            -73.9277609,
            40.8653672
          ],
          [
            -73.9275983,
            40.8654515
          ],
          [
            -73.9275773,
            40.8654449
          ],
          [
            -73.9274931,
            40.8654184
          ],
          [
            -73.9272948,
            40.8655188
          ],
          [
            -73.9272714,
            40.8655306
          ],
          [
            -73.9272475,
            40.865539
          ],
          [
            -73.9271619,
            40.8655693
          ],
          [
            -73.9265267,
            40.8657937
          ],
          [
            -73.9263199,
            40.8658667
          ],
          [
            -73.925967,
            40.8659914
          ],
          [
            -73.925872,
            40.866025
          ],
          [
            -73.9257983,
            40.8660514
          ],
          [
            -73.9251166,
            40.8662959
          ],
          [
            -73.925005,
            40.866336
          ],
          [
            -73.9249072,
            40.8663711
          ],
          [
            -73.9232126,
            40.8669792
          ],
          [
            -73.92311,
            40.867016
          ],
          [
            -73.9230078,
            40.8670533
          ],
          [
            -73.9213249,
            40.8676676
          ],
          [
            -73.9212171,
            40.867707
          ]
        ]
      }
    }
  ]
}
