{
  "type": "FeatureCollection",
  "features": [
    {
      "type": "Feature",
      "properties": {
        "scenario": "HARD - GWB approach, steep + amenity-sparse",
        "shape": "out_and_back",
        "target_miles": 7.0,
        "distance_m": 11260.345879112052,
        "candidate_index": 0
      },
      "geometry": {
        "type": "LineString",
        "coordinates": [
          [
            -73.9435417,
            40.8507975
          ],
          [
            -73.9435668,
            40.8507151
          ],
          [
            -73.943585,
            40.8506511
          ],
          [
            -73.9434375,
            40.850607
          ],
          [
            -73.9433541,
            40.8505646
          ],
          [
            -73.9433042,
            40.8505168
          ],
          [
            -73.9432688,
            40.8504602
          ],
          [
            -73.9432442,
            40.8504002
          ],
          [
            -73.9432473,
            40.8503407
          ],
          [
            -73.9432872,
            40.8500652
          ],
          [
            -73.9433518,
            40.8496894
          ],
          [
            -73.9433626,
            40.8496549
          ],
          [
            -73.9433746,
            40.8496319
          ],
          [
            -73.9433914,
            40.8496084
          ],
          [
            -73.9434357,
            40.8495649
          ],
          [
            -73.9436529,
            40.8493543
          ],
          [
            -73.9437843,
            40.849194
          ],
          [
            -73.9439131,
            40.8489749
          ],
          [
            -73.9439989,
            40.8487923
          ],
          [
            -73.944074,
            40.8485732
          ],
          [
            -73.9443154,
            40.8482688
          ],
          [
            -73.9444603,
            40.8480619
          ],
          [
            -73.9445944,
            40.8477737
          ],
          [
            -73.9446427,
            40.8474572
          ],
          [
            -73.9446373,
            40.8471285
          ],
          [
            -73.9446534,
            40.8469053
          ],
          [
            -73.9447742,
            40.8464386
          ],
          [
            -73.9449008,
            40.8464085
          ],
          [
            -73.9449674,
            40.8464023
          ],
          [
            -73.9450199,
            40.8464253
          ],
          [
            -73.9450205,
            40.8464523
          ],
          [
            -73.9450283,
            40.8465173
          ],
          [
            -73.945015,
            40.8465572
          ],
          [
            -73.9449714,
            40.8466008
          ],
          [
            -73.9449282,
            40.846623
          ],
          [
            -73.9448754,
            40.8466278
          ],
          [
            -73.9448487,
            40.8466257
          ],
          [
            -73.9448278,
            40.8466192
          ],
          [
            -73.9447841,
            40.846595
          ],
          [
            -73.9445105,
            40.8462947
          ],
          [
            -73.9443609,
            40.846116
          ],
          [
            -73.9442244,
            40.8459914
          ],
          [
            -73.9441265,
            40.8459125
          ],
          [
            -73.9440124,
            40.8458366
          ],
          [
            -73.9439573,
            40.8457873
          ],
          [
            -73.943914,
            40.8457315
          ],
          [
            -73.9439558,
            40.845704
          ],
          [
            -73.9439927,
            40.8456783
          ],
          [
            -73.9439551,
            40.845619
          ],
          [
            -73.9439064,
            40.845535
          ],
          [
            -73.9438775,
            40.8454426
          ],
          [
            -73.9439267,
            40.8451384
          ],
          [
            -73.9439926,
            40.84457
          ],
          [
            -73.9440474,
            40.8441392
          ],
          [
            -73.9441179,
            40.8436812
          ],
          [
            -73.9441165,
            40.8436292
          ],
          [
            -73.9441163,
            40.8436223
          ],
          [
            -73.944115,
            40.8435702
          ],
          [
            -73.9441066,
            40.8433815
          ],
          [
            -73.9441194,
            40.8432838
          ],
          [
            -73.9441292,
            40.8432086
          ],
          [
            -73.9441419,
            40.8429074
          ],
          [
            -73.9441554,
            40.842771
          ],
          [
            -73.9441988,
            40.8424356
          ],
          [
            -73.9441996,
            40.8424291
          ],
          [
            -73.9442586,
            40.842179
          ],
          [
            -73.94427,
            40.8421452
          ],
          [
            -73.9443411,
            40.841935
          ],
          [
            -73.944435,
            40.8416671
          ],
          [
            -73.9445416,
            40.8414551
          ],
          [
            -73.9446374,
            40.8413154
          ],
          [
            -73.9447555,
            40.8411847
          ],
          [
            -73.944724,
            40.8411687
          ],
          [
            -73.9446359,
            40.8411246
          ],
          [
            -73.9444886,
            40.8410508
          ],
          [
            -73.9444719,
            40.8410424
          ],
          [
            -73.9444531,
            40.8410335
          ],
          [
            -73.9438545,
            40.8407197
          ],
          [
            -73.943704,
            40.8406408
          ],
          [
            -73.9431723,
            40.840362
          ],
          [
            -73.9431301,
            40.8403417
          ],
          [
            -73.9431023,
            40.8403271
          ],
          [
            -73.9430319,
            40.8402864
          ],
          [
            -73.9429585,
            40.8402441
          ],
          [
            -73.9429268,
            40.8402309
          ],
          [
            -73.942893,
            40.8402107
          ],
          [
            -73.9427909,
            40.8401547
          ],
          [
            -73.9425727,
            40.8400417
          ],
          [
            -73.9417719,
            40.8396168
          ],
          [
            -73.9414341,
            40.8394461
          ],
          [
            -73.9413015,
            40.8393777
          ],
          [
            -73.9412791,
            40.8393659
          ],
          [
            -73.9412456,
            40.8393484
          ],
          [
            -73.9412151,
            40.8393319
          ],
          [
            -73.9411397,
            40.8392886
          ],
          [
            -73.9410394,
            40.8392365
          ],
          [
            -73.9410345,
            40.839234
          ],
          [
            -73.9409329,
            40.8391801
          ],
          [
            -73.9409023,
            40.839165
          ],
          [
            -73.9400079,
            40.8387118
          ],
          [
            -73.9400062,
            40.8386771
          ],
          [
            -73.9400036,
            40.8386272
          ],
          [
            -73.9400006,
            40.8385949
          ],
          [
            -73.9399879,
            40.8385215
          ],
          [
            -73.9399891,
            40.838496
          ],
          [
            -73.9401211,
            40.8378538
          ],
          [
            -73.9401243,
            40.8378384
          ],
          [
            -73.9401327,
            40.8377724
          ],
          [
            -73.9401407,
            40.8377094
          ],
          [
            -73.9402712,
            40.8370939
          ],
          [
            -73.9402738,
            40.8370767
          ],
          [
            -73.9402815,
            40.8370264
          ],
          [
            -73.940292,
            40.8369583
          ],
          [
            -73.9401275,
            40.8362047
          ],
          [
            -73.9401191,
            40.8361501
          ],
          [
            -73.9401092,
            40.8360855
          ],
          [
            -73.9400586,
            40.8358206
          ],
          [
            -73.9400262,
            40.8357972
          ],
          [
            -73.9399288,
            40.8357556
          ],
          [
            -73.9398486,
            40.8357213
          ],
          [
            -73.9398011,
            40.8357012
          ],
          [
            -73.9397413,
            40.835676
          ],
          [
            -73.9397277,
            40.8356298
          ],
          [
            -73.9397163,
            40.835591
          ],
          [
            -73.9397138,
            40.8355717
          ],
          [
            -73.939674,
            40.8352688
          ],
          [
            -73.9396447,
            40.8351306
          ],
          [
            -73.9397276,
            40.8348835
          ],
          [
            -73.9397367,
            40.8348562
          ],
          [
            -73.9398877,
            40.8345232
          ],
          [
            -73.939901,
            40.8345012
          ],
          [
            -73.9399158,
            40.8344585
          ],
          [
            -73.9399321,
            40.8344115
          ],
          [
            -73.9399403,
            40.8343906
          ],
          [
            -73.9402086,
            40.8338116
          ],
          [
            -73.9402172,
            40.8337899
          ],
          [
            -73.9402328,
            40.8337324
          ],
          [
            -73.9402439,
            40.8336918
          ],
          [
            -73.9402534,
            40.8336629
          ],
          [
            -73.9404989,
            40.8331113
          ],
          [
            -73.9405072,
            40.8330954
          ],
          [
            -73.9405253,
            40.833044
          ],
          [
            -73.9405396,
            40.8330037
          ],
          [
            -73.9405484,
            40.8329844
          ],
          [
            -73.9407309,
            40.8323927
          ],
          [
            -73.9407352,
            40.8323737
          ],
          [
            -73.9407524,
            40.8323234
          ],
          [
            -73.9407674,
            40.8322796
          ],
          [
            -73.9407811,
            40.8322587
          ],
          [
            -73.9410094,
            40.8315823
          ],
          [
            -73.9412048,
            40.8309475
          ],
          [
            -73.9412111,
            40.8309284
          ],
          [
            -73.9412415,
            40.830836
          ],
          [
            -73.9412613,
            40.8307737
          ],
          [
            -73.9412753,
            40.8307296
          ],
          [
            -73.9415123,
            40.8301457
          ],
          [
            -73.941561,
            40.8300258
          ],
          [
            -73.9417954,
            40.8294483
          ],
          [
            -73.9418193,
            40.8293933
          ],
          [
            -73.9418466,
            40.8293305
          ],
          [
            -73.9420707,
            40.8287538
          ],
          [
            -73.9421024,
            40.8286846
          ],
          [
            -73.9421264,
            40.8286321
          ],
          [
            -73.9423552,
            40.8280531
          ],
          [
            -73.9423774,
            40.82799
          ],
          [
            -73.9424017,
            40.8279212
          ],
          [
            -73.9426337,
            40.8273619
          ],
          [
            -73.9425456,
            40.8273252
          ],
          [
            -73.9425334,
            40.8272402
          ],
          [
            -73.9425228,
            40.8271661
          ],
          [
            -73.9424712,
            40.82714
          ],
          [
            -73.9423766,
            40.8270973
          ],
          [
            -73.941661,
            40.8268038
          ],
          [
            -73.9415727,
            40.8267706
          ],
          [
            -73.9415008,
            40.8267436
          ],
          [
            -73.941872,
            40.8262393
          ],
          [
            -73.9418034,
            40.8262158
          ],
          [
            -73.9418529,
            40.8261356
          ],
          [
            -73.9418037,
            40.8261143
          ],
          [
            -73.9418558,
            40.8260424
          ],
          [
            -73.9419322,
            40.8258802
          ],
          [
            -73.9419738,
            40.8257312
          ],
          [
            -73.9419883,
            40.8256032
          ],
          [
            -73.9419971,
            40.8254421
          ],
          [
            -73.9419776,
            40.8254029
          ],
          [
            -73.9419238,
            40.8253804
          ],
          [
            -73.9418292,
            40.8253406
          ],
          [
            -73.9417309,
            40.8252993
          ],
          [
            -73.9416664,
            40.8252723
          ],
          [
            -73.9415787,
            40.8252189
          ],
          [
            -73.9416282,
            40.825153
          ],
          [
            -73.9415405,
            40.8251174
          ],
          [
            -73.941467,
            40.8250876
          ],
          [
            -73.9418302,
            40.8245689
          ],
          [
            -73.9418727,
            40.8245122
          ],
          [
            -73.9419122,
            40.8244595
          ],
          [
            -73.941145,
            40.8241295
          ],
          [
            -73.9415118,
            40.8236227
          ],
          [
            -73.9413843,
            40.8235666
          ],
          [
            -73.9412586,
            40.8235112
          ],
          [
            -73.9413006,
            40.8234543
          ],
          [
            -73.941344,
            40.8233955
          ],
          [
            -73.9417109,
            40.822889
          ],
          [
            -73.9391966,
            40.8218209
          ],
          [
            -73.9390839,
            40.8217715
          ],
          [
            -73.9389242,
            40.8217014
          ],
          [
            -73.9388096,
            40.8216511
          ],
          [
            -73.9363472,
            40.8206112
          ],
          [
            -73.9361845,
            40.8205415
          ],
          [
            -73.9360175,
            40.8204701
          ],
          [
            -73.9360811,
            40.8203791
          ],
          [
            -73.9361492,
            40.8202816
          ],
          [
            -73.9361016,
            40.8202916
          ],
          [
            -73.9348324,
            40.8197561
          ],
          [
            -73.9345479,
            40.8196377
          ],
          [
            -73.9345499,
            40.8194621
          ],
          [
            -73.9345527,
            40.8192214
          ],
          [
            -73.9345429,
            40.8190811
          ],
          [
            -73.9343425,
            40.8180177
          ],
          [
            -73.9343501,
            40.8179469
          ],
          [
            -73.9343561,
            40.8178912
          ],
          [
            -73.934351,
            40.8178891
          ],
          [
            -73.9343126,
            40.8178669
          ],
          [
            -73.9342949,
            40.8178472
          ],
          [
            -73.9342842,
            40.8176235
          ],
          [
            -73.9342903,
            40.8175842
          ],
          [
            -73.934331,
            40.8175142
          ],
          [
            -73.9345049,
            40.8172646
          ],
          [
            -73.9345466,
            40.8172206
          ],
          [
            -73.9345065,
            40.8172018
          ],
          [
            -73.9344659,
            40.8171783
          ],
          [
            -73.9344411,
            40.8171561
          ],
          [
            -73.9344162,
            40.8171265
          ],
          [
            -73.9344491,
            40.8171008
          ],
          [
            -73.9344424,
            40.8170895
          ],
          [
            -73.9344158,
            40.8170249
          ],
          [
            -73.9344074,
            40.8169713
          ],
          [
            -73.9344265,
            40.8169735
          ],
          [
            -73.9344303,
            40.8169343
          ],
          [
            -73.9344337,
            40.8168972
          ],
          [
            -73.9344222,
            40.816889
          ],
          [
            -73.93442,
            40.8168785
          ],
          [
            -73.9344806,
            40.8162696
          ],
          [
            -73.9345211,
            40.8158872
          ],
          [
            -73.9345676,
            40.8154366
          ],
          [
            -73.9345969,
            40.8150342
          ],
          [
            -73.934604,
            40.8149707
          ],
          [
            -73.9346259,
            40.8147739
          ],
          [
            -73.9346545,
            40.8145102
          ],
          [
            -73.9346707,
            40.8144552
          ],
          [
            -73.9347242,
            40.8143814
          ],
          [
            -73.9347662,
            40.8143233
          ],
          [
            -73.9349281,
            40.8141134
          ],
          [
            -73.934988,
            40.8140232
          ],
          [
            -73.9349739,
            40.8140104
          ],
          [
            -73.9349102,
            40.8139591
          ],
          [
            -73.9348682,
            40.8139252
          ],
          [
            -73.934854,
            40.8139125
          ],
          [
            -73.936096,
            40.8122119
          ],
          [
            -73.9360669,
            40.8121981
          ],
          [
            -73.9360411,
            40.812188
          ],
          [
            -73.9360197,
            40.8121805
          ],
          [
            -73.9360046,
            40.8121725
          ],
          [
            -73.935994,
            40.8121677
          ],
          [
            -73.935934,
            40.8121195
          ],
          [
            -73.9359027,
            40.812089
          ],
          [
            -73.9358822,
            40.8120753
          ],
          [
            -73.9354609,
            40.8118761
          ],
          [
            -73.934881,
            40.8116318
          ],
          [
            -73.9348137,
            40.8116027
          ],
          [
            -73.9347692,
            40.8115793
          ],
          [
            -73.9347171,
            40.8115488
          ],
          [
            -73.9346795,
            40.8115159
          ],
          [
            -73.9346495,
            40.8114844
          ],
          [
            -73.9346188,
            40.8114501
          ],
          [
            -73.9345975,
            40.8114186
          ],
          [
            -73.9345806,
            40.8113876
          ],
          [
            -73.9345649,
            40.8113442
          ],
          [
            -73.9345482,
            40.8112767
          ],
          [
            -73.9345419,
            40.8112208
          ],
          [
            -73.9345583,
            40.8111268
          ],
          [
            -73.9346012,
            40.8109594
          ],
          [
            -73.9346867,
            40.8106411
          ],
          [
            -73.9347351,
            40.8103169
          ],
          [
            -73.9347463,
            40.8102286
          ],
          [
            -73.9347326,
            40.810169
          ],
          [
            -73.9346887,
            40.8101452
          ],
          [
            -73.934624,
            40.8101451
          ],
          [
            -73.9345793,
            40.8101608
          ],
          [
            -73.934624,
            40.8101451
          ],
          [
            -73.9346887,
            40.8101452
          ],
          [
            -73.9347326,
            40.810169
          ],
          [
            -73.9347463,
            40.8102286
          ],
          [
            -73.9347351,
            40.8103169
          ],
          [
            -73.9346867,
            40.8106411
          ],
          [
            -73.9346012,
            40.8109594
          ],
          [
            -73.9345583,
            40.8111268
          ],
          [
            -73.9345419,
            40.8112208
          ],
          [
            -73.9345482,
            40.8112767
          ],
          [
            -73.9345649,
            40.8113442
          ],
          [
            -73.9345806,
            40.8113876
          ],
          [
            -73.9345975,
            40.8114186
          ],
          [
            -73.9346188,
            40.8114501
          ],
          [
            -73.9346495,
            40.8114844
          ],
          [
            -73.9346795,
            40.8115159
          ],
          [
            -73.9347171,
            40.8115488
          ],
          [
            -73.9347692,
            40.8115793
          ],
          [
            -73.9348137,
            40.8116027
          ],
          [
            -73.934881,
            40.8116318
          ],
          [
            -73.9354609,
            40.8118761
          ],
          [
            -73.9358822,
            40.8120753
          ],
          [
            -73.9359027,
            40.812089
          ],
          [
            -73.935934,
            40.8121195
          ],
          [
            -73.935994,
            40.8121677
          ],
          [
            -73.9360046,
            40.8121725
          ],
          [
            -73.9360197,
            40.8121805
          ],
          [
            -73.9360411,
            40.812188
          ],
          [
            -73.9360669,
            40.8121981
          ],
          [
            -73.936096,
            40.8122119
          ],
          [
            -73.934854,
            40.8139125
          ],
          [
            -73.9348682,
            40.8139252
          ],
          [
            -73.9349102,
            40.8139591
          ],
          [
            -73.9349739,
            40.8140104
          ],
          [
            -73.934988,
            40.8140232
          ],
          [
            -73.9349281,
            40.8141134
          ],
          [
            -73.9347662,
            40.8143233
          ],
          [
            -73.9347242,
            40.8143814
          ],
          [
            -73.9346707,
            40.8144552
          ],
          [
            -73.9346545,
            40.8145102
          ],
          [
            -73.9346259,
            40.8147739
          ],
          [
            -73.934604,
            40.8149707
          ],
          [
            -73.9345969,
            40.8150342
          ],
          [
            -73.9345676,
            40.8154366
          ],
          [
            -73.9345211,
            40.8158872
          ],
          [
            -73.9344806,
            40.8162696
          ],
          [
            -73.93442,
            40.8168785
          ],
          [
            -73.9344222,
            40.816889
          ],
          [
            -73.9344337,
            40.8168972
          ],
          [
            -73.9344303,
            40.8169343
          ],
          [
            -73.9344265,
            40.8169735
          ],
          [
            -73.9344074,
            40.8169713
          ],
          [
            -73.9344158,
            40.8170249
          ],
          [
            -73.9344424,
            40.8170895
          ],
          [
            -73.9344491,
            40.8171008
          ],
          [
            -73.9344162,
            40.8171265
          ],
          [
            -73.9344411,
            40.8171561
          ],
          [
            -73.9344659,
            40.8171783
          ],
          [
            -73.9345065,
            40.8172018
          ],
          [
            -73.9345466,
            40.8172206
          ],
          [
            -73.9345049,
            40.8172646
          ],
          [
            -73.934331,
            40.8175142
          ],
          [
            -73.9342903,
            40.8175842
          ],
          [
            -73.9342842,
            40.8176235
          ],
          [
            -73.9342949,
            40.8178472
          ],
          [
            -73.9343126,
            40.8178669
          ],
          [
            -73.934351,
            40.8178891
          ],
          [
            -73.9343561,
            40.8178912
          ],
          [
            -73.9343501,
            40.8179469
          ],
          [
            -73.9343425,
            40.8180177
          ],
          [
            -73.9345429,
            40.8190811
          ],
          [
            -73.9345527,
            40.8192214
          ],
          [
            -73.9345499,
            40.8194621
          ],
          [
            -73.9345479,
            40.8196377
          ],
          [
            -73.9348324,
            40.8197561
          ],
          [
            -73.9361016,
            40.8202916
          ],
          [
            -73.9361492,
            40.8202816
          ],
          [
            -73.9360811,
            40.8203791
          ],
          [
            -73.9360175,
            40.8204701
          ],
          [
            -73.9361845,
            40.8205415
          ],
          [
            -73.9363472,
            40.8206112
          ],
          [
            -73.9388096,
            40.8216511
          ],
          [
            -73.9389242,
            40.8217014
          ],
          [
            -73.9390839,
            40.8217715
          ],
          [
            -73.9391966,
            40.8218209
          ],
          [
            -73.9417109,
            40.822889
          ],
          [
            -73.941344,
            40.8233955
          ],
          [
            -73.9413006,
            40.8234543
          ],
          [
            -73.9412586,
            40.8235112
          ],
          [
            -73.9413843,
            40.8235666
          ],
          [
            -73.9415118,
            40.8236227
          ],
          [
            -73.941145,
            40.8241295
          ],
          [
            -73.9419122,
            40.8244595
          ],
          [
            -73.9418727,
            40.8245122
          ],
          [
            -73.9418302,
            40.8245689
          ],
          [
            -73.941467,
            40.8250876
          ],
          [
            -73.9415405,
            40.8251174
          ],
          [
            -73.9416282,
            40.825153
          ],
          [
            -73.9415787,
            40.8252189
          ],
          [
            -73.9416664,
            40.8252723
          ],
          [
            -73.9417309,
            40.8252993
          ],
          [
            -73.9418292,
            40.8253406
          ],
          [
            -73.9419238,
            40.8253804
          ],
          [
            -73.9419776,
            40.8254029
          ],
          [
            -73.9419971,
            40.8254421
          ],
          [
            -73.9419883,
            40.8256032
          ],
          [
            -73.9419738,
            40.8257312
          ],
          [
            -73.9419322,
            40.8258802
          ],
          [
            -73.9418558,
            40.8260424
          ],
          [
            -73.9418037,
            40.8261143
          ],
          [
            -73.9418529,
            40.8261356
          ],
          [
            -73.9418034,
            40.8262158
          ],
          [
            -73.941872,
            40.8262393
          ],
          [
            -73.9415008,
            40.8267436
          ],
          [
            -73.9415727,
            40.8267706
          ],
          [
            -73.941661,
            40.8268038
          ],
          [
            -73.9423766,
            40.8270973
          ],
          [
            -73.9424712,
            40.82714
          ],
          [
            -73.9425228,
            40.8271661
          ],
          [
            -73.9425334,
            40.8272402
          ],
          [
            -73.9425456,
            40.8273252
          ],
          [
            -73.9426337,
            40.8273619
          ],
          [
            -73.9424017,
            40.8279212
          ],
          [
            -73.9423774,
            40.82799
          ],
          [
            -73.9423552,
            40.8280531
          ],
          [
            -73.9421264,
            40.8286321
          ],
          [
            -73.9421024,
            40.8286846
          ],
          [
            -73.9420707,
            40.8287538
          ],
          [
            -73.9418466,
            40.8293305
          ],
          [
            -73.9418193,
            40.8293933
          ],
          [
            -73.9417954,
            40.8294483
          ],
          [
            -73.941561,
            40.8300258
          ],
          [
            -73.9415123,
            40.8301457
          ],
          [
            -73.9412753,
            40.8307296
          ],
          [
            -73.9412613,
            40.8307737
          ],
          [
            -73.9412415,
            40.830836
          ],
          [
            -73.9412111,
            40.8309284
          ],
          [
            -73.9412048,
            40.8309475
          ],
          [
            -73.9410094,
            40.8315823
          ],
          [
            -73.9407811,
            40.8322587
          ],
          [
            -73.9407674,
            40.8322796
          ],
          [
            -73.9407524,
            40.8323234
          ],
          [
            -73.9407352,
            40.8323737
          ],
          [
            -73.9407309,
            40.8323927
          ],
          [
            -73.9405484,
            40.8329844
          ],
          [
            -73.9405396,
            40.8330037
          ],
          [
            -73.9405253,
            40.833044
          ],
          [
            -73.9405072,
            40.8330954
          ],
          [
            -73.9404989,
            40.8331113
          ],
          [
            -73.9402534,
            40.8336629
          ],
          [
            -73.9402439,
            40.8336918
          ],
          [
            -73.9402328,
            40.8337324
          ],
          [
            -73.9402172,
            40.8337899
          ],
          [
            -73.9402086,
            40.8338116
          ],
          [
            -73.9399403,
            40.8343906
          ],
          [
            -73.9399321,
            40.8344115
          ],
          [
            -73.9399158,
            40.8344585
          ],
          [
            -73.939901,
            40.8345012
          ],
          [
            -73.9398877,
            40.8345232
          ],
          [
            -73.9397367,
            40.8348562
          ],
          [
            -73.9397276,
            40.8348835
          ],
          [
            -73.9396447,
            40.8351306
          ],
          [
            -73.939674,
            40.8352688
          ],
          [
            -73.9397138,
            40.8355717
          ],
          [
            -73.9397163,
            40.835591
          ],
          [
            -73.9397277,
            40.8356298
          ],
          [
            -73.9397413,
            40.835676
          ],
          [
            -73.9398011,
            40.8357012
          ],
          [
            -73.9398486,
            40.8357213
          ],
          [
            -73.9399288,
            40.8357556
          ],
          [
            -73.9400262,
            40.8357972
          ],
          [
            -73.9400586,
            40.8358206
          ],
          [
            -73.9401092,
            40.8360855
          ],
          [
            -73.9401191,
            40.8361501
          ],
          [
            -73.9401275,
            40.8362047
          ],
          [
            -73.940292,
            40.8369583
          ],
          [
            -73.9402815,
            40.8370264
          ],
          [
            -73.9402738,
            40.8370767
          ],
          [
            -73.9402712,
            40.8370939
          ],
          [
            -73.9401407,
            40.8377094
          ],
          [
            -73.9401327,
            40.8377724
          ],
          [
            -73.9401243,
            40.8378384
          ],
          [
            -73.9401211,
            40.8378538
          ],
          [
            -73.9399891,
            40.838496
          ],
          [
            -73.9399879,
            40.8385215
          ],
          [
            -73.9400006,
            40.8385949
          ],
          [
            -73.9400036,
            40.8386272
          ],
          [
            -73.9400062,
            40.8386771
          ],
          [
            -73.9400079,
            40.8387118
          ],
          [
            -73.9409023,
            40.839165
          ],
          [
            -73.9409329,
            40.8391801
          ],
          [
            -73.9410345,
            40.839234
          ],
          [
            -73.9410394,
            40.8392365
          ],
          [
            -73.9411397,
            40.8392886
          ],
          [
            -73.9412151,
            40.8393319
          ],
          [
            -73.9412456,
            40.8393484
          ],
          [
            -73.9412791,
            40.8393659
          ],
          [
            -73.9413015,
            40.8393777
          ],
          [
            -73.9414341,
            40.8394461
          ],
          [
            -73.9417719,
            40.8396168
          ],
          [
            -73.9425727,
            40.8400417
          ],
          [
            -73.9427909,
            40.8401547
          ],
          [
            -73.942893,
            40.8402107
          ],
          [
            -73.9429268,
            40.8402309
          ],
          [
            -73.9429585,
            40.8402441
          ],
          [
            -73.9430319,
            40.8402864
          ],
          [
            -73.9431023,
            40.8403271
          ],
          [
            -73.9431301,
            40.8403417
          ],
          [
            -73.9431723,
            40.840362
          ],
          [
            -73.943704,
            40.8406408
          ],
          [
            -73.9438545,
            40.8407197
          ],
          [
            -73.9444531,
            40.8410335
          ],
          [
            -73.9444719,
            40.8410424
          ],
          [
            -73.9444886,
            40.8410508
          ],
          [
            -73.9446359,
            40.8411246
          ],
          [
            -73.944724,
            40.8411687
          ],
          [
            -73.9447555,
            40.8411847
          ],
          [
            -73.9446374,
            40.8413154
          ],
          [
            -73.9445416,
            40.8414551
          ],
          [
            -73.944435,
            40.8416671
          ],
          [
            -73.9443411,
            40.841935
          ],
          [
            -73.94427,
            40.8421452
          ],
          [
            -73.9442586,
            40.842179
          ],
          [
            -73.9441996,
            40.8424291
          ],
          [
            -73.9441988,
            40.8424356
          ],
          [
            -73.9441554,
            40.842771
          ],
          [
            -73.9441419,
            40.8429074
          ],
          [
            -73.9441292,
            40.8432086
          ],
          [
            -73.9441194,
            40.8432838
          ],
          [
            -73.9441066,
            40.8433815
          ],
          [
            -73.944115,
            40.8435702
          ],
          [
            -73.9441163,
            40.8436223
          ],
          [
            -73.9441165,
            40.8436292
          ],
          [
            -73.9441179,
            40.8436812
          ],
          [
            -73.9440474,
            40.8441392
          ],
          [
            -73.9439926,
            40.84457
          ],
          [
            -73.9439267,
            40.8451384
          ],
          [
            -73.9438775,
            40.8454426
          ],
          [
            -73.9439064,
            40.845535
          ],
          [
            -73.9439551,
            40.845619
          ],
          [
            -73.9439927,
            40.8456783
          ],
          [
            -73.9439558,
            40.845704
          ],
          [
            -73.943914,
            40.8457315
          ],
          [
            -73.9439573,
            40.8457873
          ],
          [
            -73.9440124,
            40.8458366
          ],
          [
            -73.9441265,
            40.8459125
          ],
          [
            -73.9442244,
            40.8459914
          ],
          [
            -73.9443609,
            40.846116
          ],
          [
            -73.9445105,
            40.8462947
          ],
          [
            -73.9447841,
            40.846595
          ],
          [
            -73.9448278,
            40.8466192
          ],
          [
            -73.9448487,
            40.8466257
          ],
          [
            -73.9448754,
            40.8466278
          ],
          [
            -73.9449282,
            40.846623
          ],
          [
            -73.9449714,
            40.8466008
          ],
          [
            -73.945015,
            40.8465572
          ],
          [
            -73.9450283,
            40.8465173
          ],
          [
            -73.9450205,
            40.8464523
          ],
          [
            -73.9450199,
            40.8464253
          ],
          [
            -73.9449674,
            40.8464023
          ],
          [
            -73.9449008,
            40.8464085
          ],
          [
            -73.9447742,
            40.8464386
          ],
          [
            -73.9446534,
            40.8469053
          ],
          [
            -73.9446373,
            40.8471285
          ],
          [
            -73.9446427,
            40.8474572
          ],
          [
            -73.9445944,
            40.8477737
          ],
          [
            -73.9444603,
            40.8480619
          ],
          [
            -73.9443154,
            40.8482688
          ],
          [
            -73.944074,
            40.8485732
          ],
          [
            -73.9439989,
            40.8487923
          ],
          [
            -73.9439131,
            40.8489749
          ],
          [
            -73.9437843,
            40.849194
          ],
          [
            -73.9436529,
            40.8493543
          ],
          [
            -73.9434357,
            40.8495649
          ],
          [
            -73.9433914,
            40.8496084
          ],
          [
            -73.9433746,
            40.8496319
          ],
          [
            -73.9433626,
            40.8496549
          ],
          [
            -73.9433518,
            40.8496894
          ],
          [
            -73.9432872,
            40.8500652
          ],
          [
            -73.9432473,
            40.8503407
          ],
          [
            -73.9432442,
            40.8504002
          ],
          [
            -73.9432688,
            40.8504602
          ],
          [
            -73.9433042,
            40.8505168
          ],
          [
            -73.9433541,
            40.8505646
          ],
          [
            -73.9434375,
            40.850607
          ],
          [
            -73.943585,
            40.8506511
          ],
          [
            -73.9435668,
            40.8507151
          ],
          [
            -73.9435417,
            40.8507975
          ]
        ]
      }
    },
    {
      "type": "Feature",
      "properties": {
        "scenario": "HARD - GWB approach, steep + amenity-sparse",
        "shape": "out_and_back",
        "target_miles": 7.0,
        "distance_m": 11319.544930874677,
        "candidate_index": 1
      },
      "geometry": {
        "type": "LineString",
        "coordinates": [
          [
            -73.9435417,
            40.8507975
          ],
          [
            -73.9435668,
            40.8507151
          ],
          [
            -73.943585,
            40.8506511
          ],
          [
            -73.9434375,
            40.850607
          ],
          [
            -73.9433541,
            40.8505646
          ],
          [
            -73.9433042,
            40.8505168
          ],
          [
            -73.9432688,
            40.8504602
          ],
          [
            -73.9432442,
            40.8504002
          ],
          [
            -73.9432473,
            40.8503407
          ],
          [
            -73.9432872,
            40.8500652
          ],
          [
            -73.9433518,
            40.8496894
          ],
          [
            -73.9433626,
            40.8496549
          ],
          [
            -73.9433746,
            40.8496319
          ],
          [
            -73.9433914,
            40.8496084
          ],
          [
            -73.9434357,
            40.8495649
          ],
          [
            -73.9436529,
            40.8493543
          ],
          [
            -73.9437843,
            40.849194
          ],
          [
            -73.9439131,
            40.8489749
          ],
          [
            -73.9439989,
            40.8487923
          ],
          [
            -73.944074,
            40.8485732
          ],
          [
            -73.9443154,
            40.8482688
          ],
          [
            -73.9444603,
            40.8480619
          ],
          [
            -73.9445944,
            40.8477737
          ],
          [
            -73.9446427,
            40.8474572
          ],
          [
            -73.9446373,
            40.8471285
          ],
          [
            -73.9446534,
            40.8469053
          ],
          [
            -73.9447742,
            40.8464386
          ],
          [
            -73.9449008,
            40.8464085
          ],
          [
            -73.9449674,
            40.8464023
          ],
          [
            -73.9450199,
            40.8464253
          ],
          [
            -73.9450205,
            40.8464523
          ],
          [
            -73.9450283,
            40.8465173
          ],
          [
            -73.945015,
            40.8465572
          ],
          [
            -73.9449714,
            40.8466008
          ],
          [
            -73.9449282,
            40.846623
          ],
          [
            -73.9448754,
            40.8466278
          ],
          [
            -73.9448487,
            40.8466257
          ],
          [
            -73.9448278,
            40.8466192
          ],
          [
            -73.9447841,
            40.846595
          ],
          [
            -73.9445105,
            40.8462947
          ],
          [
            -73.9443609,
            40.846116
          ],
          [
            -73.9442244,
            40.8459914
          ],
          [
            -73.9441265,
            40.8459125
          ],
          [
            -73.9440124,
            40.8458366
          ],
          [
            -73.9439573,
            40.8457873
          ],
          [
            -73.943914,
            40.8457315
          ],
          [
            -73.9439558,
            40.845704
          ],
          [
            -73.9439927,
            40.8456783
          ],
          [
            -73.9439551,
            40.845619
          ],
          [
            -73.9439064,
            40.845535
          ],
          [
            -73.9438775,
            40.8454426
          ],
          [
            -73.9439267,
            40.8451384
          ],
          [
            -73.9439926,
            40.84457
          ],
          [
            -73.9440474,
            40.8441392
          ],
          [
            -73.9441179,
            40.8436812
          ],
          [
            -73.9441165,
            40.8436292
          ],
          [
            -73.9441163,
            40.8436223
          ],
          [
            -73.944115,
            40.8435702
          ],
          [
            -73.9441066,
            40.8433815
          ],
          [
            -73.9441194,
            40.8432838
          ],
          [
            -73.9441292,
            40.8432086
          ],
          [
            -73.9441419,
            40.8429074
          ],
          [
            -73.9441554,
            40.842771
          ],
          [
            -73.9441988,
            40.8424356
          ],
          [
            -73.9441996,
            40.8424291
          ],
          [
            -73.9442586,
            40.842179
          ],
          [
            -73.94427,
            40.8421452
          ],
          [
            -73.9443411,
            40.841935
          ],
          [
            -73.944435,
            40.8416671
          ],
          [
            -73.9445416,
            40.8414551
          ],
          [
            -73.9446374,
            40.8413154
          ],
          [
            -73.9447555,
            40.8411847
          ],
          [
            -73.944724,
            40.8411687
          ],
          [
            -73.9446359,
            40.8411246
          ],
          [
            -73.9444886,
            40.8410508
          ],
          [
            -73.9444719,
            40.8410424
          ],
          [
            -73.9444531,
            40.8410335
          ],
          [
            -73.9438545,
            40.8407197
          ],
          [
            -73.943704,
            40.8406408
          ],
          [
            -73.9431723,
            40.840362
          ],
          [
            -73.9431301,
            40.8403417
          ],
          [
            -73.9431023,
            40.8403271
          ],
          [
            -73.9430319,
            40.8402864
          ],
          [
            -73.9429585,
            40.8402441
          ],
          [
            -73.9429268,
            40.8402309
          ],
          [
            -73.942893,
            40.8402107
          ],
          [
            -73.9427909,
            40.8401547
          ],
          [
            -73.9425727,
            40.8400417
          ],
          [
            -73.9417719,
            40.8396168
          ],
          [
            -73.9414341,
            40.8394461
          ],
          [
            -73.9413015,
            40.8393777
          ],
          [
            -73.9412791,
            40.8393659
          ],
          [
            -73.9412456,
            40.8393484
          ],
          [
            -73.9412151,
            40.8393319
          ],
          [
            -73.9411397,
            40.8392886
          ],
          [
            -73.9410394,
            40.8392365
          ],
          [
            -73.9410345,
            40.839234
          ],
          [
            -73.9409329,
            40.8391801
          ],
          [
            -73.9409023,
            40.839165
          ],
          [
            -73.9400079,
            40.8387118
          ],
          [
            -73.9400062,
            40.8386771
          ],
          [
            -73.9400036,
            40.8386272
          ],
          [
            -73.9400006,
            40.8385949
          ],
          [
            -73.9399879,
            40.8385215
          ],
          [
            -73.9399891,
            40.838496
          ],
          [
            -73.9401211,
            40.8378538
          ],
          [
            -73.9401243,
            40.8378384
          ],
          [
            -73.9401327,
            40.8377724
          ],
          [
            -73.9401407,
            40.8377094
          ],
          [
            -73.9402712,
            40.8370939
          ],
          [
            -73.9402738,
            40.8370767
          ],
          [
            -73.9402815,
            40.8370264
          ],
          [
            -73.940292,
            40.8369583
          ],
          [
            -73.9401275,
            40.8362047
          ],
          [
            -73.9401191,
            40.8361501
          ],
          [
            -73.9401092,
            40.8360855
          ],
          [
            -73.9400586,
            40.8358206
          ],
          [
            -73.9400262,
            40.8357972
          ],
          [
            -73.9399288,
            40.8357556
          ],
          [
            -73.9398486,
            40.8357213
          ],
          [
            -73.9398011,
            40.8357012
          ],
          [
            -73.9397413,
            40.835676
          ],
          [
            -73.9397277,
            40.8356298
          ],
          [
            -73.9397163,
            40.835591
          ],
          [
            -73.9397138,
            40.8355717
          ],
          [
            -73.939674,
            40.8352688
          ],
          [
            -73.9396447,
            40.8351306
          ],
          [
            -73.9397276,
            40.8348835
          ],
          [
            -73.9397367,
            40.8348562
          ],
          [
            -73.9398877,
            40.8345232
          ],
          [
            -73.939901,
            40.8345012
          ],
          [
            -73.9399158,
            40.8344585
          ],
          [
            -73.9399321,
            40.8344115
          ],
          [
            -73.9399403,
            40.8343906
          ],
          [
            -73.9402086,
            40.8338116
          ],
          [
            -73.9402172,
            40.8337899
          ],
          [
            -73.9402328,
            40.8337324
          ],
          [
            -73.9402439,
            40.8336918
          ],
          [
            -73.9402534,
            40.8336629
          ],
          [
            -73.9404989,
            40.8331113
          ],
          [
            -73.9405072,
            40.8330954
          ],
          [
            -73.9405253,
            40.833044
          ],
          [
            -73.9405396,
            40.8330037
          ],
          [
            -73.9405484,
            40.8329844
          ],
          [
            -73.9407309,
            40.8323927
          ],
          [
            -73.9407352,
            40.8323737
          ],
          [
            -73.9407524,
            40.8323234
          ],
          [
            -73.9407674,
            40.8322796
          ],
          [
            -73.9407811,
            40.8322587
          ],
          [
            -73.9410094,
            40.8315823
          ],
          [
            -73.9412048,
            40.8309475
          ],
          [
            -73.9412111,
            40.8309284
          ],
          [
            -73.9412415,
            40.830836
          ],
          [
            -73.9412613,
            40.8307737
          ],
          [
            -73.9412753,
            40.8307296
          ],
          [
            -73.9415123,
            40.8301457
          ],
          [
            -73.941561,
            40.8300258
          ],
          [
            -73.9417954,
            40.8294483
          ],
          [
            -73.9418193,
            40.8293933
          ],
          [
            -73.9418466,
            40.8293305
          ],
          [
            -73.9420707,
            40.8287538
          ],
          [
            -73.9421024,
            40.8286846
          ],
          [
            -73.9421264,
            40.8286321
          ],
          [
            -73.9423552,
            40.8280531
          ],
          [
            -73.9423774,
            40.82799
          ],
          [
            -73.9424017,
            40.8279212
          ],
          [
            -73.9426337,
            40.8273619
          ],
          [
            -73.9425456,
            40.8273252
          ],
          [
            -73.9425334,
            40.8272402
          ],
          [
            -73.9425228,
            40.8271661
          ],
          [
            -73.9424712,
            40.82714
          ],
          [
            -73.9423766,
            40.8270973
          ],
          [
            -73.941661,
            40.8268038
          ],
          [
            -73.9415727,
            40.8267706
          ],
          [
            -73.9415008,
            40.8267436
          ],
          [
            -73.941872,
            40.8262393
          ],
          [
            -73.9418034,
            40.8262158
          ],
          [
            -73.9418529,
            40.8261356
          ],
          [
            -73.9418037,
            40.8261143
          ],
          [
            -73.9418558,
            40.8260424
          ],
          [
            -73.9419322,
            40.8258802
          ],
          [
            -73.9419738,
            40.8257312
          ],
          [
            -73.9419883,
            40.8256032
          ],
          [
            -73.9419971,
            40.8254421
          ],
          [
            -73.9419776,
            40.8254029
          ],
          [
            -73.9419238,
            40.8253804
          ],
          [
            -73.9418292,
            40.8253406
          ],
          [
            -73.9417309,
            40.8252993
          ],
          [
            -73.9416664,
            40.8252723
          ],
          [
            -73.9415787,
            40.8252189
          ],
          [
            -73.9416282,
            40.825153
          ],
          [
            -73.9415405,
            40.8251174
          ],
          [
            -73.941467,
            40.8250876
          ],
          [
            -73.9418302,
            40.8245689
          ],
          [
            -73.9418727,
            40.8245122
          ],
          [
            -73.9419122,
            40.8244595
          ],
          [
            -73.941145,
            40.8241295
          ],
          [
            -73.9415118,
            40.8236227
          ],
          [
            -73.9413843,
            40.8235666
          ],
          [
            -73.9412586,
            40.8235112
          ],
          [
            -73.9413006,
            40.8234543
          ],
          [
            -73.941344,
            40.8233955
          ],
          [
            -73.9417109,
            40.822889
          ],
          [
            -73.9391966,
            40.8218209
          ],
          [
            -73.9390839,
            40.8217715
          ],
          [
            -73.9389242,
            40.8217014
          ],
          [
            -73.9388096,
            40.8216511
          ],
          [
            -73.9363472,
            40.8206112
          ],
          [
            -73.9361845,
            40.8205415
          ],
          [
            -73.9360175,
            40.8204701
          ],
          [
            -73.9360811,
            40.8203791
          ],
          [
            -73.9361492,
            40.8202816
          ],
          [
            -73.9361016,
            40.8202916
          ],
          [
            -73.9348324,
            40.8197561
          ],
          [
            -73.9345479,
            40.8196377
          ],
          [
            -73.9345499,
            40.8194621
          ],
          [
            -73.9345527,
            40.8192214
          ],
          [
            -73.9345429,
            40.8190811
          ],
          [
            -73.9343425,
            40.8180177
          ],
          [
            -73.9343501,
            40.8179469
          ],
          [
            -73.9343561,
            40.8178912
          ],
          [
            -73.934351,
            40.8178891
          ],
          [
            -73.9343126,
            40.8178669
          ],
          [
            -73.9342949,
            40.8178472
          ],
          [
            -73.9342842,
            40.8176235
          ],
          [
            -73.9342903,
            40.8175842
          ],
          [
            -73.934331,
            40.8175142
          ],
          [
            -73.9345049,
            40.8172646
          ],
          [
            -73.9345466,
            40.8172206
          ],
          [
            -73.9345065,
            40.8172018
          ],
          [
            -73.9344659,
            40.8171783
          ],
          [
            -73.9344411,
            40.8171561
          ],
          [
            -73.9344162,
            40.8171265
          ],
          [
            -73.9344491,
            40.8171008
          ],
          [
            -73.9344424,
            40.8170895
          ],
          [
            -73.9344158,
            40.8170249
          ],
          [
            -73.9344074,
            40.8169713
          ],
          [
            -73.9344265,
            40.8169735
          ],
          [
            -73.9344303,
            40.8169343
          ],
          [
            -73.9344337,
            40.8168972
          ],
          [
            -73.9344222,
            40.816889
          ],
          [
            -73.93442,
            40.8168785
          ],
          [
            -73.9344806,
            40.8162696
          ],
          [
            -73.9345211,
            40.8158872
          ],
          [
            -73.9345676,
            40.8154366
          ],
          [
            -73.9345969,
            40.8150342
          ],
          [
            -73.934604,
            40.8149707
          ],
          [
            -73.9346259,
            40.8147739
          ],
          [
            -73.9346545,
            40.8145102
          ],
          [
            -73.9346707,
            40.8144552
          ],
          [
            -73.9347242,
            40.8143814
          ],
          [
            -73.9347662,
            40.8143233
          ],
          [
            -73.9349281,
            40.8141134
          ],
          [
            -73.934988,
            40.8140232
          ],
          [
            -73.9349739,
            40.8140104
          ],
          [
            -73.9349102,
            40.8139591
          ],
          [
            -73.9348682,
            40.8139252
          ],
          [
            -73.934854,
            40.8139125
          ],
          [
            -73.936096,
            40.8122119
          ],
          [
            -73.9361099,
            40.8121907
          ],
          [
            -73.9361578,
            40.8121275
          ],
          [
            -73.9361998,
            40.8120619
          ],
          [
            -73.9362149,
            40.8120323
          ],
          [
            -73.9362266,
            40.8120131
          ],
          [
            -73.9362386,
            40.8119941
          ],
          [
            -73.9363885,
            40.811773
          ],
          [
            -73.9366174,
            40.8114611
          ],
          [
            -73.9370361,
            40.8108898
          ],
          [
            -73.9370516,
            40.8108692
          ],
          [
            -73.9371097,
            40.8107921
          ],
          [
            -73.9374662,
            40.8103205
          ],
          [
            -73.9374804,
            40.8103021
          ],
          [
            -73.9375227,
            40.81023
          ],
          [
            -73.9375632,
            40.8101611
          ],
          [
            -73.9375732,
            40.8101437
          ],
          [
            -73.9379426,
            40.8096316
          ],
          [
            -73.9379556,
            40.8096139
          ],
          [
            -73.9379828,
            40.8095748
          ],
          [
            -73.9380048,
            40.8095432
          ],
          [
            -73.9380225,
            40.8095187
          ],
          [
            -73.9380048,
            40.8095432
          ],
          [
            -73.9379828,
            40.8095748
          ],
          [
            -73.9379556,
            40.8096139
          ],
          [
            -73.9379426,
            40.8096316
          ],
          [
            -73.9375732,
            40.8101437
          ],
          [
            -73.9375632,
            40.8101611
          ],
          [
            -73.9375227,
            40.81023
          ],
          [
            -73.9374804,
            40.8103021
          ],
          [
            -73.9374662,
            40.8103205
          ],
          [
            -73.9371097,
            40.8107921
          ],
          [
            -73.9370516,
            40.8108692
          ],
          [
            -73.9370361,
            40.8108898
          ],
          [
            -73.9366174,
            40.8114611
          ],
          [
            -73.9363885,
            40.811773
          ],
          [
            -73.9362386,
            40.8119941
          ],
          [
            -73.9362266,
            40.8120131
          ],
          [
            -73.9362149,
            40.8120323
          ],
          [
            -73.9361998,
            40.8120619
          ],
          [
            -73.9361578,
            40.8121275
          ],
          [
            -73.9361099,
            40.8121907
          ],
          [
            -73.936096,
            40.8122119
          ],
          [
            -73.934854,
            40.8139125
          ],
          [
            -73.9348682,
            40.8139252
          ],
          [
            -73.9349102,
            40.8139591
          ],
          [
            -73.9349739,
            40.8140104
          ],
          [
            -73.934988,
            40.8140232
          ],
          [
            -73.9349281,
            40.8141134
          ],
          [
            -73.9347662,
            40.8143233
          ],
          [
            -73.9347242,
            40.8143814
          ],
          [
            -73.9346707,
            40.8144552
          ],
          [
            -73.9346545,
            40.8145102
          ],
          [
            -73.9346259,
            40.8147739
          ],
          [
            -73.934604,
            40.8149707
          ],
          [
            -73.9345969,
            40.8150342
          ],
          [
            -73.9345676,
            40.8154366
          ],
          [
            -73.9345211,
            40.8158872
          ],
          [
            -73.9344806,
            40.8162696
          ],
          [
            -73.93442,
            40.8168785
          ],
          [
            -73.9344222,
            40.816889
          ],
          [
            -73.9344337,
            40.8168972
          ],
          [
            -73.9344303,
            40.8169343
          ],
          [
            -73.9344265,
            40.8169735
          ],
          [
            -73.9344074,
            40.8169713
          ],
          [
            -73.9344158,
            40.8170249
          ],
          [
            -73.9344424,
            40.8170895
          ],
          [
            -73.9344491,
            40.8171008
          ],
          [
            -73.9344162,
            40.8171265
          ],
          [
            -73.9344411,
            40.8171561
          ],
          [
            -73.9344659,
            40.8171783
          ],
          [
            -73.9345065,
            40.8172018
          ],
          [
            -73.9345466,
            40.8172206
          ],
          [
            -73.9345049,
            40.8172646
          ],
          [
            -73.934331,
            40.8175142
          ],
          [
            -73.9342903,
            40.8175842
          ],
          [
            -73.9342842,
            40.8176235
          ],
          [
            -73.9342949,
            40.8178472
          ],
          [
            -73.9343126,
            40.8178669
          ],
          [
            -73.934351,
            40.8178891
          ],
          [
            -73.9343561,
            40.8178912
          ],
          [
            -73.9343501,
            40.8179469
          ],
          [
            -73.9343425,
            40.8180177
          ],
          [
            -73.9345429,
            40.8190811
          ],
          [
            -73.9345527,
            40.8192214
          ],
          [
            -73.9345499,
            40.8194621
          ],
          [
            -73.9345479,
            40.8196377
          ],
          [
            -73.9348324,
            40.8197561
          ],
          [
            -73.9361016,
            40.8202916
          ],
          [
            -73.9361492,
            40.8202816
          ],
          [
            -73.9360811,
            40.8203791
          ],
          [
            -73.9360175,
            40.8204701
          ],
          [
            -73.9361845,
            40.8205415
          ],
          [
            -73.9363472,
            40.8206112
          ],
          [
            -73.9388096,
            40.8216511
          ],
          [
            -73.9389242,
            40.8217014
          ],
          [
            -73.9390839,
            40.8217715
          ],
          [
            -73.9391966,
            40.8218209
          ],
          [
            -73.9417109,
            40.822889
          ],
          [
            -73.941344,
            40.8233955
          ],
          [
            -73.9413006,
            40.8234543
          ],
          [
            -73.9412586,
            40.8235112
          ],
          [
            -73.9413843,
            40.8235666
          ],
          [
            -73.9415118,
            40.8236227
          ],
          [
            -73.941145,
            40.8241295
          ],
          [
            -73.9419122,
            40.8244595
          ],
          [
            -73.9418727,
            40.8245122
          ],
          [
            -73.9418302,
            40.8245689
          ],
          [
            -73.941467,
            40.8250876
          ],
          [
            -73.9415405,
            40.8251174
          ],
          [
            -73.9416282,
            40.825153
          ],
          [
            -73.9415787,
            40.8252189
          ],
          [
            -73.9416664,
            40.8252723
          ],
          [
            -73.9417309,
            40.8252993
          ],
          [
            -73.9418292,
            40.8253406
          ],
          [
            -73.9419238,
            40.8253804
          ],
          [
            -73.9419776,
            40.8254029
          ],
          [
            -73.9419971,
            40.8254421
          ],
          [
            -73.9419883,
            40.8256032
          ],
          [
            -73.9419738,
            40.8257312
          ],
          [
            -73.9419322,
            40.8258802
          ],
          [
            -73.9418558,
            40.8260424
          ],
          [
            -73.9418037,
            40.8261143
          ],
          [
            -73.9418529,
            40.8261356
          ],
          [
            -73.9418034,
            40.8262158
          ],
          [
            -73.941872,
            40.8262393
          ],
          [
            -73.9415008,
            40.8267436
          ],
          [
            -73.9415727,
            40.8267706
          ],
          [
            -73.941661,
            40.8268038
          ],
          [
            -73.9423766,
            40.8270973
          ],
          [
            -73.9424712,
            40.82714
          ],
          [
            -73.9425228,
            40.8271661
          ],
          [
            -73.9425334,
            40.8272402
          ],
          [
            -73.9425456,
            40.8273252
          ],
          [
            -73.9426337,
            40.8273619
          ],
          [
            -73.9424017,
            40.8279212
          ],
          [
            -73.9423774,
            40.82799
          ],
          [
            -73.9423552,
            40.8280531
          ],
          [
            -73.9421264,
            40.8286321
          ],
          [
            -73.9421024,
            40.8286846
          ],
          [
            -73.9420707,
            40.8287538
          ],
          [
            -73.9418466,
            40.8293305
          ],
          [
            -73.9418193,
            40.8293933
          ],
          [
            -73.9417954,
            40.8294483
          ],
          [
            -73.941561,
            40.8300258
          ],
          [
            -73.9415123,
            40.8301457
          ],
          [
            -73.9412753,
            40.8307296
          ],
          [
            -73.9412613,
            40.8307737
          ],
          [
            -73.9412415,
            40.830836
          ],
          [
            -73.9412111,
            40.8309284
          ],
          [
            -73.9412048,
            40.8309475
          ],
          [
            -73.9410094,
            40.8315823
          ],
          [
            -73.9407811,
            40.8322587
          ],
          [
            -73.9407674,
            40.8322796
          ],
          [
            -73.9407524,
            40.8323234
          ],
          [
            -73.9407352,
            40.8323737
          ],
          [
            -73.9407309,
            40.8323927
          ],
          [
            -73.9405484,
            40.8329844
          ],
          [
            -73.9405396,
            40.8330037
          ],
          [
            -73.9405253,
            40.833044
          ],
          [
            -73.9405072,
            40.8330954
          ],
          [
            -73.9404989,
            40.8331113
          ],
          [
            -73.9402534,
            40.8336629
          ],
          [
            -73.9402439,
            40.8336918
          ],
          [
            -73.9402328,
            40.8337324
          ],
          [
            -73.9402172,
            40.8337899
          ],
          [
            -73.9402086,
            40.8338116
          ],
          [
            -73.9399403,
            40.8343906
          ],
          [
            -73.9399321,
            40.8344115
          ],
          [
            -73.9399158,
            40.8344585
          ],
          [
            -73.939901,
            40.8345012
          ],
          [
            -73.9398877,
            40.8345232
          ],
          [
            -73.9397367,
            40.8348562
          ],
          [
            -73.9397276,
            40.8348835
          ],
          [
            -73.9396447,
            40.8351306
          ],
          [
            -73.939674,
            40.8352688
          ],
          [
            -73.9397138,
            40.8355717
          ],
          [
            -73.9397163,
            40.835591
          ],
          [
            -73.9397277,
            40.8356298
          ],
          [
            -73.9397413,
            40.835676
          ],
          [
            -73.9398011,
            40.8357012
          ],
          [
            -73.9398486,
            40.8357213
          ],
          [
            -73.9399288,
            40.8357556
          ],
          [
            -73.9400262,
            40.8357972
          ],
          [
            -73.9400586,
            40.8358206
          ],
          [
            -73.9401092,
            40.8360855
          ],
          [
            -73.9401191,
            40.8361501
          ],
          [
            -73.9401275,
            40.8362047
          ],
          [
            -73.940292,
            40.8369583
          ],
          [
            -73.9402815,
            40.8370264
          ],
          [
            -73.9402738,
            40.8370767
          ],
          [
            -73.9402712,
            40.8370939
          ],
          [
            -73.9401407,
            40.8377094
          ],
          [
            -73.9401327,
            40.8377724
          ],
          [
            -73.9401243,
            40.8378384
          ],
          [
            -73.9401211,
            40.8378538
          ],
          [
            -73.9399891,
            40.838496
          ],
          [
            -73.9399879,
            40.8385215
          ],
          [
            -73.9400006,
            40.8385949
          ],
          [
            -73.9400036,
            40.8386272
          ],
          [
            -73.9400062,
            40.8386771
          ],
          [
            -73.9400079,
            40.8387118
          ],
          [
            -73.9409023,
            40.839165
          ],
          [
            -73.9409329,
            40.8391801
          ],
          [
            -73.9410345,
            40.839234
          ],
          [
            -73.9410394,
            40.8392365
          ],
          [
            -73.9411397,
            40.8392886
          ],
          [
            -73.9412151,
            40.8393319
          ],
          [
            -73.9412456,
            40.8393484
          ],
          [
            -73.9412791,
            40.8393659
          ],
          [
            -73.9413015,
            40.8393777
          ],
          [
            -73.9414341,
            40.8394461
          ],
          [
            -73.9417719,
            40.8396168
          ],
          [
            -73.9425727,
            40.8400417
          ],
          [
            -73.9427909,
            40.8401547
          ],
          [
            -73.942893,
            40.8402107
          ],
          [
            -73.9429268,
            40.8402309
          ],
          [
            -73.9429585,
            40.8402441
          ],
          [
            -73.9430319,
            40.8402864
          ],
          [
            -73.9431023,
            40.8403271
          ],
          [
            -73.9431301,
            40.8403417
          ],
          [
            -73.9431723,
            40.840362
          ],
          [
            -73.943704,
            40.8406408
          ],
          [
            -73.9438545,
            40.8407197
          ],
          [
            -73.9444531,
            40.8410335
          ],
          [
            -73.9444719,
            40.8410424
          ],
          [
            -73.9444886,
            40.8410508
          ],
          [
            -73.9446359,
            40.8411246
          ],
          [
            -73.944724,
            40.8411687
          ],
          [
            -73.9447555,
            40.8411847
          ],
          [
            -73.9446374,
            40.8413154
          ],
          [
            -73.9445416,
            40.8414551
          ],
          [
            -73.944435,
            40.8416671
          ],
          [
            -73.9443411,
            40.841935
          ],
          [
            -73.94427,
            40.8421452
          ],
          [
            -73.9442586,
            40.842179
          ],
          [
            -73.9441996,
            40.8424291
          ],
          [
            -73.9441988,
            40.8424356
          ],
          [
            -73.9441554,
            40.842771
          ],
          [
            -73.9441419,
            40.8429074
          ],
          [
            -73.9441292,
            40.8432086
          ],
          [
            -73.9441194,
            40.8432838
          ],
          [
            -73.9441066,
            40.8433815
          ],
          [
            -73.944115,
            40.8435702
          ],
          [
            -73.9441163,
            40.8436223
          ],
          [
            -73.9441165,
            40.8436292
          ],
          [
            -73.9441179,
            40.8436812
          ],
          [
            -73.9440474,
            40.8441392
          ],
          [
            -73.9439926,
            40.84457
          ],
          [
            -73.9439267,
            40.8451384
          ],
          [
            -73.9438775,
            40.8454426
          ],
          [
            -73.9439064,
            40.845535
          ],
          [
            -73.9439551,
            40.845619
          ],
          [
            -73.9439927,
            40.8456783
          ],
          [
            -73.9439558,
            40.845704
          ],
          [
            -73.943914,
            40.8457315
          ],
          [
            -73.9439573,
            40.8457873
          ],
          [
            -73.9440124,
            40.8458366
          ],
          [
            -73.9441265,
            40.8459125
          ],
          [
            -73.9442244,
            40.8459914
          ],
          [
            -73.9443609,
            40.846116
          ],
          [
            -73.9445105,
            40.8462947
          ],
          [
            -73.9447841,
            40.846595
          ],
          [
            -73.9448278,
            40.8466192
          ],
          [
            -73.9448487,
            40.8466257
          ],
          [
            -73.9448754,
            40.8466278
          ],
          [
            -73.9449282,
            40.846623
          ],
          [
            -73.9449714,
            40.8466008
          ],
          [
            -73.945015,
            40.8465572
          ],
          [
            -73.9450283,
            40.8465173
          ],
          [
            -73.9450205,
            40.8464523
          ],
          [
            -73.9450199,
            40.8464253
          ],
          [
            -73.9449674,
            40.8464023
          ],
          [
            -73.9449008,
            40.8464085
          ],
          [
            -73.9447742,
            40.8464386
          ],
          [
            -73.9446534,
            40.8469053
          ],
          [
            -73.9446373,
            40.8471285
          ],
          [
            -73.9446427,
            40.8474572
          ],
          [
            -73.9445944,
            40.8477737
          ],
          [
            -73.9444603,
            40.8480619
          ],
          [
            -73.9443154,
            40.8482688
          ],
          [
            -73.944074,
            40.8485732
          ],
          [
            -73.9439989,
            40.8487923
          ],
          [
            -73.9439131,
            40.8489749
          ],
          [
            -73.9437843,
            40.849194
          ],
          [
            -73.9436529,
            40.8493543
          ],
          [
            -73.9434357,
            40.8495649
          ],
          [
            -73.9433914,
            40.8496084
          ],
          [
            -73.9433746,
            40.8496319
          ],
          [
            -73.9433626,
            40.8496549
          ],
          [
            -73.9433518,
            40.8496894
          ],
          [
            -73.9432872,
            40.8500652
          ],
          [
            -73.9432473,
            40.8503407
          ],
          [
            -73.9432442,
            40.8504002
          ],
          [
            -73.9432688,
            40.8504602
          ],
          [
            -73.9433042,
            40.8505168
          ],
          [
            -73.9433541,
            40.8505646
          ],
          [
            -73.9434375,
            40.850607
          ],
          [
            -73.943585,
            40.8506511
          ],
          [
            -73.9435668,
            40.8507151
          ],
          [
            -73.9435417,
            40.8507975
          ]
        ]
      }
    },
    {
      "type": "Feature",
      "properties": {
        "scenario": "HARD - GWB approach, steep + amenity-sparse",
        "shape": "out_and_back",
        "target_miles": 7.0,
        "distance_m": 11264.494119574932,
        "candidate_index": 2
      },
      "geometry": {
        "type": "LineString",
        "coordinates": [
          [
            -73.9435417,
            40.8507975
          ],
          [
            -73.9435668,
            40.8507151
          ],
          [
            -73.943585,
            40.8506511
          ],
          [
            -73.9434375,
            40.850607
          ],
          [
            -73.9433541,
            40.8505646
          ],
          [
            -73.9433042,
            40.8505168
          ],
          [
            -73.9432688,
            40.8504602
          ],
          [
            -73.9432442,
            40.8504002
          ],
          [
            -73.9432473,
            40.8503407
          ],
          [
            -73.9432872,
            40.8500652
          ],
          [
            -73.9433518,
            40.8496894
          ],
          [
            -73.9433626,
            40.8496549
          ],
          [
            -73.9433746,
            40.8496319
          ],
          [
            -73.9433914,
            40.8496084
          ],
          [
            -73.9434357,
            40.8495649
          ],
          [
            -73.9436529,
            40.8493543
          ],
          [
            -73.9437843,
            40.849194
          ],
          [
            -73.9439131,
            40.8489749
          ],
          [
            -73.9439989,
            40.8487923
          ],
          [
            -73.944074,
            40.8485732
          ],
          [
            -73.9443154,
            40.8482688
          ],
          [
            -73.9444603,
            40.8480619
          ],
          [
            -73.9445944,
            40.8477737
          ],
          [
            -73.9446427,
            40.8474572
          ],
          [
            -73.9446373,
            40.8471285
          ],
          [
            -73.9446534,
            40.8469053
          ],
          [
            -73.9447742,
            40.8464386
          ],
          [
            -73.9449008,
            40.8464085
          ],
          [
            -73.9449674,
            40.8464023
          ],
          [
            -73.9450199,
            40.8464253
          ],
          [
            -73.9450205,
            40.8464523
          ],
          [
            -73.9450283,
            40.8465173
          ],
          [
            -73.945015,
            40.8465572
          ],
          [
            -73.9449714,
            40.8466008
          ],
          [
            -73.9449282,
            40.846623
          ],
          [
            -73.9448754,
            40.8466278
          ],
          [
            -73.9448487,
            40.8466257
          ],
          [
            -73.9448278,
            40.8466192
          ],
          [
            -73.9447841,
            40.846595
          ],
          [
            -73.9445105,
            40.8462947
          ],
          [
            -73.9443609,
            40.846116
          ],
          [
            -73.9442244,
            40.8459914
          ],
          [
            -73.9441265,
            40.8459125
          ],
          [
            -73.9440124,
            40.8458366
          ],
          [
            -73.9439573,
            40.8457873
          ],
          [
            -73.943914,
            40.8457315
          ],
          [
            -73.9439558,
            40.845704
          ],
          [
            -73.9439927,
            40.8456783
          ],
          [
            -73.9439551,
            40.845619
          ],
          [
            -73.9439064,
            40.845535
          ],
          [
            -73.9438775,
            40.8454426
          ],
          [
            -73.9439267,
            40.8451384
          ],
          [
            -73.9439926,
            40.84457
          ],
          [
            -73.9440474,
            40.8441392
          ],
          [
            -73.9441179,
            40.8436812
          ],
          [
            -73.9441165,
            40.8436292
          ],
          [
            -73.9441163,
            40.8436223
          ],
          [
            -73.944115,
            40.8435702
          ],
          [
            -73.9441066,
            40.8433815
          ],
          [
            -73.9441194,
            40.8432838
          ],
          [
            -73.9441292,
            40.8432086
          ],
          [
            -73.9441419,
            40.8429074
          ],
          [
            -73.9441554,
            40.842771
          ],
          [
            -73.9441988,
            40.8424356
          ],
          [
            -73.9441996,
            40.8424291
          ],
          [
            -73.9442586,
            40.842179
          ],
          [
            -73.94427,
            40.8421452
          ],
          [
            -73.9443411,
            40.841935
          ],
          [
            -73.944435,
            40.8416671
          ],
          [
            -73.9445416,
            40.8414551
          ],
          [
            -73.9446374,
            40.8413154
          ],
          [
            -73.9447555,
            40.8411847
          ],
          [
            -73.944724,
            40.8411687
          ],
          [
            -73.9446359,
            40.8411246
          ],
          [
            -73.9444886,
            40.8410508
          ],
          [
            -73.9444719,
            40.8410424
          ],
          [
            -73.9444531,
            40.8410335
          ],
          [
            -73.9438545,
            40.8407197
          ],
          [
            -73.943704,
            40.8406408
          ],
          [
            -73.9431723,
            40.840362
          ],
          [
            -73.9431301,
            40.8403417
          ],
          [
            -73.9431023,
            40.8403271
          ],
          [
            -73.9430319,
            40.8402864
          ],
          [
            -73.9429585,
            40.8402441
          ],
          [
            -73.9429268,
            40.8402309
          ],
          [
            -73.942893,
            40.8402107
          ],
          [
            -73.9427909,
            40.8401547
          ],
          [
            -73.9425727,
            40.8400417
          ],
          [
            -73.9417719,
            40.8396168
          ],
          [
            -73.9414341,
            40.8394461
          ],
          [
            -73.9413015,
            40.8393777
          ],
          [
            -73.9412791,
            40.8393659
          ],
          [
            -73.9412456,
            40.8393484
          ],
          [
            -73.9412151,
            40.8393319
          ],
          [
            -73.9411397,
            40.8392886
          ],
          [
            -73.9410394,
            40.8392365
          ],
          [
            -73.9410345,
            40.839234
          ],
          [
            -73.9409329,
            40.8391801
          ],
          [
            -73.9409023,
            40.839165
          ],
          [
            -73.9400079,
            40.8387118
          ],
          [
            -73.9400062,
            40.8386771
          ],
          [
            -73.9400036,
            40.8386272
          ],
          [
            -73.9400006,
            40.8385949
          ],
          [
            -73.9399879,
            40.8385215
          ],
          [
            -73.9399891,
            40.838496
          ],
          [
            -73.9401211,
            40.8378538
          ],
          [
            -73.9401243,
            40.8378384
          ],
          [
            -73.9401327,
            40.8377724
          ],
          [
            -73.9401407,
            40.8377094
          ],
          [
            -73.9402712,
            40.8370939
          ],
          [
            -73.9402738,
            40.8370767
          ],
          [
            -73.9402815,
            40.8370264
          ],
          [
            -73.940292,
            40.8369583
          ],
          [
            -73.9401275,
            40.8362047
          ],
          [
            -73.9401191,
            40.8361501
          ],
          [
            -73.9401092,
            40.8360855
          ],
          [
            -73.9400586,
            40.8358206
          ],
          [
            -73.9400262,
            40.8357972
          ],
          [
            -73.9399288,
            40.8357556
          ],
          [
            -73.9398486,
            40.8357213
          ],
          [
            -73.9398011,
            40.8357012
          ],
          [
            -73.9397413,
            40.835676
          ],
          [
            -73.9397277,
            40.8356298
          ],
          [
            -73.9397163,
            40.835591
          ],
          [
            -73.9397138,
            40.8355717
          ],
          [
            -73.939674,
            40.8352688
          ],
          [
            -73.9396447,
            40.8351306
          ],
          [
            -73.9397276,
            40.8348835
          ],
          [
            -73.9397367,
            40.8348562
          ],
          [
            -73.9398877,
            40.8345232
          ],
          [
            -73.939901,
            40.8345012
          ],
          [
            -73.9399158,
            40.8344585
          ],
          [
            -73.9399321,
            40.8344115
          ],
          [
            -73.9399403,
            40.8343906
          ],
          [
            -73.9402086,
            40.8338116
          ],
          [
            -73.9402172,
            40.8337899
          ],
          [
            -73.9402328,
            40.8337324
          ],
          [
            -73.9402439,
            40.8336918
          ],
          [
            -73.9402534,
            40.8336629
          ],
          [
            -73.9404989,
            40.8331113
          ],
          [
            -73.9405072,
            40.8330954
          ],
          [
            -73.9405253,
            40.833044
          ],
          [
            -73.9405396,
            40.8330037
          ],
          [
            -73.9405484,
            40.8329844
          ],
          [
            -73.9407309,
            40.8323927
          ],
          [
            -73.9407352,
            40.8323737
          ],
          [
            -73.9407524,
            40.8323234
          ],
          [
            -73.9407674,
            40.8322796
          ],
          [
            -73.9407811,
            40.8322587
          ],
          [
            -73.9410094,
            40.8315823
          ],
          [
            -73.9412048,
            40.8309475
          ],
          [
            -73.9412111,
            40.8309284
          ],
          [
            -73.9412415,
            40.830836
          ],
          [
            -73.9412613,
            40.8307737
          ],
          [
            -73.9412753,
            40.8307296
          ],
          [
            -73.9415123,
            40.8301457
          ],
          [
            -73.941561,
            40.8300258
          ],
          [
            -73.9417954,
            40.8294483
          ],
          [
            -73.9418193,
            40.8293933
          ],
          [
            -73.9418466,
            40.8293305
          ],
          [
            -73.9420707,
            40.8287538
          ],
          [
            -73.9421024,
            40.8286846
          ],
          [
            -73.9421264,
            40.8286321
          ],
          [
            -73.9423552,
            40.8280531
          ],
          [
            -73.9423774,
            40.82799
          ],
          [
            -73.9424017,
            40.8279212
          ],
          [
            -73.9426337,
            40.8273619
          ],
          [
            -73.9425456,
            40.8273252
          ],
          [
            -73.9425334,
            40.8272402
          ],
          [
            -73.9425228,
            40.8271661
          ],
          [
            -73.9424712,
            40.82714
          ],
          [
            -73.9423766,
            40.8270973
          ],
          [
            -73.941661,
            40.8268038
          ],
          [
            -73.9415727,
            40.8267706
          ],
          [
            -73.9415008,
            40.8267436
          ],
          [
            -73.941872,
            40.8262393
          ],
          [
            -73.9418034,
            40.8262158
          ],
          [
            -73.9418529,
            40.8261356
          ],
          [
            -73.9418037,
            40.8261143
          ],
          [
            -73.9418558,
            40.8260424
          ],
          [
            -73.9419322,
            40.8258802
          ],
          [
            -73.9419738,
            40.8257312
          ],
          [
            -73.9419883,
            40.8256032
          ],
          [
            -73.9419971,
            40.8254421
          ],
          [
            -73.9419776,
            40.8254029
          ],
          [
            -73.9419238,
            40.8253804
          ],
          [
            -73.9418292,
            40.8253406
          ],
          [
            -73.9417309,
            40.8252993
          ],
          [
            -73.9416664,
            40.8252723
          ],
          [
            -73.9415787,
            40.8252189
          ],
          [
            -73.9416282,
            40.825153
          ],
          [
            -73.9415405,
            40.8251174
          ],
          [
            -73.941467,
            40.8250876
          ],
          [
            -73.9418302,
            40.8245689
          ],
          [
            -73.9418727,
            40.8245122
          ],
          [
            -73.9419122,
            40.8244595
          ],
          [
            -73.941145,
            40.8241295
          ],
          [
            -73.9415118,
            40.8236227
          ],
          [
            -73.9413843,
            40.8235666
          ],
          [
            -73.9412586,
            40.8235112
          ],
          [
            -73.9413006,
            40.8234543
          ],
          [
            -73.941344,
            40.8233955
          ],
          [
            -73.9417109,
            40.822889
          ],
          [
            -73.9391966,
            40.8218209
          ],
          [
            -73.9390839,
            40.8217715
          ],
          [
            -73.9389242,
            40.8217014
          ],
          [
            -73.9388096,
            40.8216511
          ],
          [
            -73.9363472,
            40.8206112
          ],
          [
            -73.9361845,
            40.8205415
          ],
          [
            -73.9360175,
            40.8204701
          ],
          [
            -73.9360811,
            40.8203791
          ],
          [
            -73.9361492,
            40.8202816
          ],
          [
            -73.9361016,
            40.8202916
          ],
          [
            -73.9348324,
            40.8197561
          ],
          [
            -73.9345479,
            40.8196377
          ],
          [
            -73.9345499,
            40.8194621
          ],
          [
            -73.9345527,
            40.8192214
          ],
          [
            -73.9345429,
            40.8190811
          ],
          [
            -73.9343425,
            40.8180177
          ],
          [
            -73.9343501,
            40.8179469
          ],
          [
            -73.9343561,
            40.8178912
          ],
          [
            -73.934351,
            40.8178891
          ],
          [
            -73.9343126,
            40.8178669
          ],
          [
            -73.9342949,
            40.8178472
          ],
          [
            -73.9342842,
            40.8176235
          ],
          [
            -73.9342903,
            40.8175842
          ],
          [
            -73.934331,
            40.8175142
          ],
          [
            -73.9345049,
            40.8172646
          ],
          [
            -73.9345466,
            40.8172206
          ],
          [
            -73.9345065,
            40.8172018
          ],
          [
            -73.9344659,
            40.8171783
          ],
          [
            -73.9344411,
            40.8171561
          ],
          [
            -73.9344162,
            40.8171265
          ],
          [
            -73.9344491,
            40.8171008
          ],
          [
            -73.9344424,
            40.8170895
          ],
          [
            -73.9344158,
            40.8170249
          ],
          [
            -73.9344074,
            40.8169713
          ],
          [
            -73.9344265,
            40.8169735
          ],
          [
            -73.9344303,
            40.8169343
          ],
          [
            -73.9344337,
            40.8168972
          ],
          [
            -73.9344222,
            40.816889
          ],
          [
            -73.93442,
            40.8168785
          ],
          [
            -73.9344806,
            40.8162696
          ],
          [
            -73.9345211,
            40.8158872
          ],
          [
            -73.9345676,
            40.8154366
          ],
          [
            -73.9345969,
            40.8150342
          ],
          [
            -73.934604,
            40.8149707
          ],
          [
            -73.9346259,
            40.8147739
          ],
          [
            -73.9346545,
            40.8145102
          ],
          [
            -73.9346707,
            40.8144552
          ],
          [
            -73.9347242,
            40.8143814
          ],
          [
            -73.9347662,
            40.8143233
          ],
          [
            -73.9349281,
            40.8141134
          ],
          [
            -73.934988,
            40.8140232
          ],
          [
            -73.9349739,
            40.8140104
          ],
          [
            -73.9349102,
            40.8139591
          ],
          [
            -73.9348682,
            40.8139252
          ],
          [
            -73.934854,
            40.8139125
          ],
          [
            -73.9348398,
            40.8139183
          ],
          [
            -73.9348221,
            40.8139183
          ],
          [
            -73.9347743,
            40.8139046
          ],
          [
            -73.9347358,
            40.8138874
          ],
          [
            -73.9347021,
            40.8138603
          ],
          [
            -73.934678,
            40.8138153
          ],
          [
            -73.9346691,
            40.8137543
          ],
          [
            -73.9347029,
            40.8134401
          ],
          [
            -73.9348077,
            40.8125812
          ],
          [
            -73.9349236,
            40.8118244
          ],
          [
            -73.9349299,
            40.811814
          ],
          [
            -73.9349418,
            40.8118045
          ],
          [
            -73.9349535,
            40.8117898
          ],
          [
            -73.9349758,
            40.8117437
          ],
          [
            -73.9349956,
            40.8116999
          ],
          [
            -73.9350229,
            40.8116178
          ],
          [
            -73.9350342,
            40.81156
          ],
          [
            -73.9350422,
            40.8115078
          ],
          [
            -73.9350485,
            40.8114867
          ],
          [
            -73.9350435,
            40.8114707
          ],
          [
            -73.9351226,
            40.81116
          ],
          [
            -73.9354854,
            40.8111161
          ],
          [
            -73.9356496,
            40.810886
          ],
          [
            -73.9356753,
            40.8108459
          ],
          [
            -73.9357931,
            40.8106778
          ],
          [
            -73.9359097,
            40.8105124
          ],
          [
            -73.9360579,
            40.8103015
          ],
          [
            -73.9363769,
            40.8098504
          ],
          [
            -73.9365779,
            40.8099366
          ],
          [
            -73.9363769,
            40.8098504
          ],
          [
            -73.9360579,
            40.8103015
          ],
          [
            -73.9359097,
            40.8105124
          ],
          [
            -73.9357931,
            40.8106778
          ],
          [
            -73.9356753,
            40.8108459
          ],
          [
            -73.9356496,
            40.810886
          ],
          [
            -73.9354854,
            40.8111161
          ],
          [
            -73.9351226,
            40.81116
          ],
          [
            -73.9350435,
            40.8114707
          ],
          [
            -73.9350485,
            40.8114867
          ],
          [
            -73.9350422,
            40.8115078
          ],
          [
            -73.9350342,
            40.81156
          ],
          [
            -73.9350229,
            40.8116178
          ],
          [
            -73.9349956,
            40.8116999
          ],
          [
            -73.9349758,
            40.8117437
          ],
          [
            -73.9349535,
            40.8117898
          ],
          [
            -73.9349418,
            40.8118045
          ],
          [
            -73.9349299,
            40.811814
          ],
          [
            -73.9349236,
            40.8118244
          ],
          [
            -73.9348077,
            40.8125812
          ],
          [
            -73.9347029,
            40.8134401
          ],
          [
            -73.9346691,
            40.8137543
          ],
          [
            -73.934678,
            40.8138153
          ],
          [
            -73.9347021,
            40.8138603
          ],
          [
            -73.9347358,
            40.8138874
          ],
          [
            -73.9347743,
            40.8139046
          ],
          [
            -73.9348221,
            40.8139183
          ],
          [
            -73.9348398,
            40.8139183
          ],
          [
            -73.934854,
            40.8139125
          ],
          [
            -73.9348682,
            40.8139252
          ],
          [
            -73.9349102,
            40.8139591
          ],
          [
            -73.9349739,
            40.8140104
          ],
          [
            -73.934988,
            40.8140232
          ],
          [
            -73.9349281,
            40.8141134
          ],
          [
            -73.9347662,
            40.8143233
          ],
          [
            -73.9347242,
            40.8143814
          ],
          [
            -73.9346707,
            40.8144552
          ],
          [
            -73.9346545,
            40.8145102
          ],
          [
            -73.9346259,
            40.8147739
          ],
          [
            -73.934604,
            40.8149707
          ],
          [
            -73.9345969,
            40.8150342
          ],
          [
            -73.9345676,
            40.8154366
          ],
          [
            -73.9345211,
            40.8158872
          ],
          [
            -73.9344806,
            40.8162696
          ],
          [
            -73.93442,
            40.8168785
          ],
          [
            -73.9344222,
            40.816889
          ],
          [
            -73.9344337,
            40.8168972
          ],
          [
            -73.9344303,
            40.8169343
          ],
          [
            -73.9344265,
            40.8169735
          ],
          [
            -73.9344074,
            40.8169713
          ],
          [
            -73.9344158,
            40.8170249
          ],
          [
            -73.9344424,
            40.8170895
          ],
          [
            -73.9344491,
            40.8171008
          ],
          [
            -73.9344162,
            40.8171265
          ],
          [
            -73.9344411,
            40.8171561
          ],
          [
            -73.9344659,
            40.8171783
          ],
          [
            -73.9345065,
            40.8172018
          ],
          [
            -73.9345466,
            40.8172206
          ],
          [
            -73.9345049,
            40.8172646
          ],
          [
            -73.934331,
            40.8175142
          ],
          [
            -73.9342903,
            40.8175842
          ],
          [
            -73.9342842,
            40.8176235
          ],
          [
            -73.9342949,
            40.8178472
          ],
          [
            -73.9343126,
            40.8178669
          ],
          [
            -73.934351,
            40.8178891
          ],
          [
            -73.9343561,
            40.8178912
          ],
          [
            -73.9343501,
            40.8179469
          ],
          [
            -73.9343425,
            40.8180177
          ],
          [
            -73.9345429,
            40.8190811
          ],
          [
            -73.9345527,
            40.8192214
          ],
          [
            -73.9345499,
            40.8194621
          ],
          [
            -73.9345479,
            40.8196377
          ],
          [
            -73.9348324,
            40.8197561
          ],
          [
            -73.9361016,
            40.8202916
          ],
          [
            -73.9361492,
            40.8202816
          ],
          [
            -73.9360811,
            40.8203791
          ],
          [
            -73.9360175,
            40.8204701
          ],
          [
            -73.9361845,
            40.8205415
          ],
          [
            -73.9363472,
            40.8206112
          ],
          [
            -73.9388096,
            40.8216511
          ],
          [
            -73.9389242,
            40.8217014
          ],
          [
            -73.9390839,
            40.8217715
          ],
          [
            -73.9391966,
            40.8218209
          ],
          [
            -73.9417109,
            40.822889
          ],
          [
            -73.941344,
            40.8233955
          ],
          [
            -73.9413006,
            40.8234543
          ],
          [
            -73.9412586,
            40.8235112
          ],
          [
            -73.9413843,
            40.8235666
          ],
          [
            -73.9415118,
            40.8236227
          ],
          [
            -73.941145,
            40.8241295
          ],
          [
            -73.9419122,
            40.8244595
          ],
          [
            -73.9418727,
            40.8245122
          ],
          [
            -73.9418302,
            40.8245689
          ],
          [
            -73.941467,
            40.8250876
          ],
          [
            -73.9415405,
            40.8251174
          ],
          [
            -73.9416282,
            40.825153
          ],
          [
            -73.9415787,
            40.8252189
          ],
          [
            -73.9416664,
            40.8252723
          ],
          [
            -73.9417309,
            40.8252993
          ],
          [
            -73.9418292,
            40.8253406
          ],
          [
            -73.9419238,
            40.8253804
          ],
          [
            -73.9419776,
            40.8254029
          ],
          [
            -73.9419971,
            40.8254421
          ],
          [
            -73.9419883,
            40.8256032
          ],
          [
            -73.9419738,
            40.8257312
          ],
          [
            -73.9419322,
            40.8258802
          ],
          [
            -73.9418558,
            40.8260424
          ],
          [
            -73.9418037,
            40.8261143
          ],
          [
            -73.9418529,
            40.8261356
          ],
          [
            -73.9418034,
            40.8262158
          ],
          [
            -73.941872,
            40.8262393
          ],
          [
            -73.9415008,
            40.8267436
          ],
          [
            -73.9415727,
            40.8267706
          ],
          [
            -73.941661,
            40.8268038
          ],
          [
            -73.9423766,
            40.8270973
          ],
          [
            -73.9424712,
            40.82714
          ],
          [
            -73.9425228,
            40.8271661
          ],
          [
            -73.9425334,
            40.8272402
          ],
          [
            -73.9425456,
            40.8273252
          ],
          [
            -73.9426337,
            40.8273619
          ],
          [
            -73.9424017,
            40.8279212
          ],
          [
            -73.9423774,
            40.82799
          ],
          [
            -73.9423552,
            40.8280531
          ],
          [
            -73.9421264,
            40.8286321
          ],
          [
            -73.9421024,
            40.8286846
          ],
          [
            -73.9420707,
            40.8287538
          ],
          [
            -73.9418466,
            40.8293305
          ],
          [
            -73.9418193,
            40.8293933
          ],
          [
            -73.9417954,
            40.8294483
          ],
          [
            -73.941561,
            40.8300258
          ],
          [
            -73.9415123,
            40.8301457
          ],
          [
            -73.9412753,
            40.8307296
          ],
          [
            -73.9412613,
            40.8307737
          ],
          [
            -73.9412415,
            40.830836
          ],
          [
            -73.9412111,
            40.8309284
          ],
          [
            -73.9412048,
            40.8309475
          ],
          [
            -73.9410094,
            40.8315823
          ],
          [
            -73.9407811,
            40.8322587
          ],
          [
            -73.9407674,
            40.8322796
          ],
          [
            -73.9407524,
            40.8323234
          ],
          [
            -73.9407352,
            40.8323737
          ],
          [
            -73.9407309,
            40.8323927
          ],
          [
            -73.9405484,
            40.8329844
          ],
          [
            -73.9405396,
            40.8330037
          ],
          [
            -73.9405253,
            40.833044
          ],
          [
            -73.9405072,
            40.8330954
          ],
          [
            -73.9404989,
            40.8331113
          ],
          [
            -73.9402534,
            40.8336629
          ],
          [
            -73.9402439,
            40.8336918
          ],
          [
            -73.9402328,
            40.8337324
          ],
          [
            -73.9402172,
            40.8337899
          ],
          [
            -73.9402086,
            40.8338116
          ],
          [
            -73.9399403,
            40.8343906
          ],
          [
            -73.9399321,
            40.8344115
          ],
          [
            -73.9399158,
            40.8344585
          ],
          [
            -73.939901,
            40.8345012
          ],
          [
            -73.9398877,
            40.8345232
          ],
          [
            -73.9397367,
            40.8348562
          ],
          [
            -73.9397276,
            40.8348835
          ],
          [
            -73.9396447,
            40.8351306
          ],
          [
            -73.939674,
            40.8352688
          ],
          [
            -73.9397138,
            40.8355717
          ],
          [
            -73.9397163,
            40.835591
          ],
          [
            -73.9397277,
            40.8356298
          ],
          [
            -73.9397413,
            40.835676
          ],
          [
            -73.9398011,
            40.8357012
          ],
          [
            -73.9398486,
            40.8357213
          ],
          [
            -73.9399288,
            40.8357556
          ],
          [
            -73.9400262,
            40.8357972
          ],
          [
            -73.9400586,
            40.8358206
          ],
          [
            -73.9401092,
            40.8360855
          ],
          [
            -73.9401191,
            40.8361501
          ],
          [
            -73.9401275,
            40.8362047
          ],
          [
            -73.940292,
            40.8369583
          ],
          [
            -73.9402815,
            40.8370264
          ],
          [
            -73.9402738,
            40.8370767
          ],
          [
            -73.9402712,
            40.8370939
          ],
          [
            -73.9401407,
            40.8377094
          ],
          [
            -73.9401327,
            40.8377724
          ],
          [
            -73.9401243,
            40.8378384
          ],
          [
            -73.9401211,
            40.8378538
          ],
          [
            -73.9399891,
            40.838496
          ],
          [
            -73.9399879,
            40.8385215
          ],
          [
            -73.9400006,
            40.8385949
          ],
          [
            -73.9400036,
            40.8386272
          ],
          [
            -73.9400062,
            40.8386771
          ],
          [
            -73.9400079,
            40.8387118
          ],
          [
            -73.9409023,
            40.839165
          ],
          [
            -73.9409329,
            40.8391801
          ],
          [
            -73.9410345,
            40.839234
          ],
          [
            -73.9410394,
            40.8392365
          ],
          [
            -73.9411397,
            40.8392886
          ],
          [
            -73.9412151,
            40.8393319
          ],
          [
            -73.9412456,
            40.8393484
          ],
          [
            -73.9412791,
            40.8393659
          ],
          [
            -73.9413015,
            40.8393777
          ],
          [
            -73.9414341,
            40.8394461
          ],
          [
            -73.9417719,
            40.8396168
          ],
          [
            -73.9425727,
            40.8400417
          ],
          [
            -73.9427909,
            40.8401547
          ],
          [
            -73.942893,
            40.8402107
          ],
          [
            -73.9429268,
            40.8402309
          ],
          [
            -73.9429585,
            40.8402441
          ],
          [
            -73.9430319,
            40.8402864
          ],
          [
            -73.9431023,
            40.8403271
          ],
          [
            -73.9431301,
            40.8403417
          ],
          [
            -73.9431723,
            40.840362
          ],
          [
            -73.943704,
            40.8406408
          ],
          [
            -73.9438545,
            40.8407197
          ],
          [
            -73.9444531,
            40.8410335
          ],
          [
            -73.9444719,
            40.8410424
          ],
          [
            -73.9444886,
            40.8410508
          ],
          [
            -73.9446359,
            40.8411246
          ],
          [
            -73.944724,
            40.8411687
          ],
          [
            -73.9447555,
            40.8411847
          ],
          [
            -73.9446374,
            40.8413154
          ],
          [
            -73.9445416,
            40.8414551
          ],
          [
            -73.944435,
            40.8416671
          ],
          [
            -73.9443411,
            40.841935
          ],
          [
            -73.94427,
            40.8421452
          ],
          [
            -73.9442586,
            40.842179
          ],
          [
            -73.9441996,
            40.8424291
          ],
          [
            -73.9441988,
            40.8424356
          ],
          [
            -73.9441554,
            40.842771
          ],
          [
            -73.9441419,
            40.8429074
          ],
          [
            -73.9441292,
            40.8432086
          ],
          [
            -73.9441194,
            40.8432838
          ],
          [
            -73.9441066,
            40.8433815
          ],
          [
            -73.944115,
            40.8435702
          ],
          [
            -73.9441163,
            40.8436223
          ],
          [
            -73.9441165,
            40.8436292
          ],
          [
            -73.9441179,
            40.8436812
          ],
          [
            -73.9440474,
            40.8441392
          ],
          [
            -73.9439926,
            40.84457
          ],
          [
            -73.9439267,
            40.8451384
          ],
          [
            -73.9438775,
            40.8454426
          ],
          [
            -73.9439064,
            40.845535
          ],
          [
            -73.9439551,
            40.845619
          ],
          [
            -73.9439927,
            40.8456783
          ],
          [
            -73.9439558,
            40.845704
          ],
          [
            -73.943914,
            40.8457315
          ],
          [
            -73.9439573,
            40.8457873
          ],
          [
            -73.9440124,
            40.8458366
          ],
          [
            -73.9441265,
            40.8459125
          ],
          [
            -73.9442244,
            40.8459914
          ],
          [
            -73.9443609,
            40.846116
          ],
          [
            -73.9445105,
            40.8462947
          ],
          [
            -73.9447841,
            40.846595
          ],
          [
            -73.9448278,
            40.8466192
          ],
          [
            -73.9448487,
            40.8466257
          ],
          [
            -73.9448754,
            40.8466278
          ],
          [
            -73.9449282,
            40.846623
          ],
          [
            -73.9449714,
            40.8466008
          ],
          [
            -73.945015,
            40.8465572
          ],
          [
            -73.9450283,
            40.8465173
          ],
          [
            -73.9450205,
            40.8464523
          ],
          [
            -73.9450199,
            40.8464253
          ],
          [
            -73.9449674,
            40.8464023
          ],
          [
            -73.9449008,
            40.8464085
          ],
          [
            -73.9447742,
            40.8464386
          ],
          [
            -73.9446534,
            40.8469053
          ],
          [
            -73.9446373,
            40.8471285
          ],
          [
            -73.9446427,
            40.8474572
          ],
          [
            -73.9445944,
            40.8477737
          ],
          [
            -73.9444603,
            40.8480619
          ],
          [
            -73.9443154,
            40.8482688
          ],
          [
            -73.944074,
            40.8485732
          ],
          [
            -73.9439989,
            40.8487923
          ],
          [
            -73.9439131,
            40.8489749
          ],
          [
            -73.9437843,
            40.849194
          ],
          [
            -73.9436529,
            40.8493543
          ],
          [
            -73.9434357,
            40.8495649
          ],
          [
            -73.9433914,
            40.8496084
          ],
          [
            -73.9433746,
            40.8496319
          ],
          [
            -73.9433626,
            40.8496549
          ],
          [
            -73.9433518,
            40.8496894
          ],
          [
            -73.9432872,
            40.8500652
          ],
          [
            -73.9432473,
            40.8503407
          ],
          [
            -73.9432442,
            40.8504002
          ],
          [
            -73.9432688,
            40.8504602
          ],
          [
            -73.9433042,
            40.8505168
          ],
          [
            -73.9433541,
            40.8505646
          ],
          [
            -73.9434375,
            40.850607
          ],
          [
            -73.943585,
            40.8506511
          ],
          [
            -73.9435668,
            40.8507151
          ],
          [
            -73.9435417,
            40.8507975
          ]
        ]
      }
    },
    {
      "type": "Feature",
      "properties": {
        "scenario": "HARD - GWB approach, steep + amenity-sparse",
        "shape": "out_and_back",
        "target_miles": 7.0,
        "distance_m": 11264.030117584896,
        "candidate_index": 3
      },
      "geometry": {
        "type": "LineString",
        "coordinates": [
          [
            -73.9435417,
            40.8507975
          ],
          [
            -73.9435668,
            40.8507151
          ],
          [
            -73.943585,
            40.8506511
          ],
          [
            -73.9434375,
            40.850607
          ],
          [
            -73.9433541,
            40.8505646
          ],
          [
            -73.9433042,
            40.8505168
          ],
          [
            -73.9432688,
            40.8504602
          ],
          [
            -73.9432442,
            40.8504002
          ],
          [
            -73.9432473,
            40.8503407
          ],
          [
            -73.9432872,
            40.8500652
          ],
          [
            -73.9433518,
            40.8496894
          ],
          [
            -73.9433626,
            40.8496549
          ],
          [
            -73.9433746,
            40.8496319
          ],
          [
            -73.9433914,
            40.8496084
          ],
          [
            -73.9434357,
            40.8495649
          ],
          [
            -73.9436529,
            40.8493543
          ],
          [
            -73.9437843,
            40.849194
          ],
          [
            -73.9439131,
            40.8489749
          ],
          [
            -73.9439989,
            40.8487923
          ],
          [
            -73.944074,
            40.8485732
          ],
          [
            -73.9443154,
            40.8482688
          ],
          [
            -73.9444603,
            40.8480619
          ],
          [
            -73.9445944,
            40.8477737
          ],
          [
            -73.9446427,
            40.8474572
          ],
          [
            -73.9446373,
            40.8471285
          ],
          [
            -73.9446534,
            40.8469053
          ],
          [
            -73.9447742,
            40.8464386
          ],
          [
            -73.9449008,
            40.8464085
          ],
          [
            -73.9449674,
            40.8464023
          ],
          [
            -73.9450199,
            40.8464253
          ],
          [
            -73.9450205,
            40.8464523
          ],
          [
            -73.9450283,
            40.8465173
          ],
          [
            -73.945015,
            40.8465572
          ],
          [
            -73.9449714,
            40.8466008
          ],
          [
            -73.9449282,
            40.846623
          ],
          [
            -73.9448754,
            40.8466278
          ],
          [
            -73.9448487,
            40.8466257
          ],
          [
            -73.9448278,
            40.8466192
          ],
          [
            -73.9447841,
            40.846595
          ],
          [
            -73.9445105,
            40.8462947
          ],
          [
            -73.9443609,
            40.846116
          ],
          [
            -73.9442244,
            40.8459914
          ],
          [
            -73.9441265,
            40.8459125
          ],
          [
            -73.9440124,
            40.8458366
          ],
          [
            -73.9439573,
            40.8457873
          ],
          [
            -73.943914,
            40.8457315
          ],
          [
            -73.9439558,
            40.845704
          ],
          [
            -73.9439927,
            40.8456783
          ],
          [
            -73.9439551,
            40.845619
          ],
          [
            -73.9439064,
            40.845535
          ],
          [
            -73.9438775,
            40.8454426
          ],
          [
            -73.9439267,
            40.8451384
          ],
          [
            -73.9439926,
            40.84457
          ],
          [
            -73.9440474,
            40.8441392
          ],
          [
            -73.9441179,
            40.8436812
          ],
          [
            -73.9441165,
            40.8436292
          ],
          [
            -73.9441163,
            40.8436223
          ],
          [
            -73.944115,
            40.8435702
          ],
          [
            -73.9441066,
            40.8433815
          ],
          [
            -73.9441194,
            40.8432838
          ],
          [
            -73.9441292,
            40.8432086
          ],
          [
            -73.9441419,
            40.8429074
          ],
          [
            -73.9441554,
            40.842771
          ],
          [
            -73.9441988,
            40.8424356
          ],
          [
            -73.9441996,
            40.8424291
          ],
          [
            -73.9442586,
            40.842179
          ],
          [
            -73.94427,
            40.8421452
          ],
          [
            -73.9443411,
            40.841935
          ],
          [
            -73.944435,
            40.8416671
          ],
          [
            -73.9445416,
            40.8414551
          ],
          [
            -73.9446374,
            40.8413154
          ],
          [
            -73.9447555,
            40.8411847
          ],
          [
            -73.944724,
            40.8411687
          ],
          [
            -73.9446359,
            40.8411246
          ],
          [
            -73.9444886,
            40.8410508
          ],
          [
            -73.9444719,
            40.8410424
          ],
          [
            -73.9444531,
            40.8410335
          ],
          [
            -73.9438545,
            40.8407197
          ],
          [
            -73.943704,
            40.8406408
          ],
          [
            -73.9431723,
            40.840362
          ],
          [
            -73.9431301,
            40.8403417
          ],
          [
            -73.9431023,
            40.8403271
          ],
          [
            -73.9430319,
            40.8402864
          ],
          [
            -73.9429585,
            40.8402441
          ],
          [
            -73.9429268,
            40.8402309
          ],
          [
            -73.942893,
            40.8402107
          ],
          [
            -73.9427909,
            40.8401547
          ],
          [
            -73.9425727,
            40.8400417
          ],
          [
            -73.9417719,
            40.8396168
          ],
          [
            -73.9414341,
            40.8394461
          ],
          [
            -73.9413015,
            40.8393777
          ],
          [
            -73.9412791,
            40.8393659
          ],
          [
            -73.9412456,
            40.8393484
          ],
          [
            -73.9412151,
            40.8393319
          ],
          [
            -73.9411397,
            40.8392886
          ],
          [
            -73.9410394,
            40.8392365
          ],
          [
            -73.9410345,
            40.839234
          ],
          [
            -73.9409329,
            40.8391801
          ],
          [
            -73.9409023,
            40.839165
          ],
          [
            -73.9400079,
            40.8387118
          ],
          [
            -73.9400062,
            40.8386771
          ],
          [
            -73.9400036,
            40.8386272
          ],
          [
            -73.9400006,
            40.8385949
          ],
          [
            -73.9399879,
            40.8385215
          ],
          [
            -73.9399891,
            40.838496
          ],
          [
            -73.9401211,
            40.8378538
          ],
          [
            -73.9401243,
            40.8378384
          ],
          [
            -73.9401327,
            40.8377724
          ],
          [
            -73.9401407,
            40.8377094
          ],
          [
            -73.9402712,
            40.8370939
          ],
          [
            -73.9402738,
            40.8370767
          ],
          [
            -73.9402815,
            40.8370264
          ],
          [
            -73.940292,
            40.8369583
          ],
          [
            -73.9401275,
            40.8362047
          ],
          [
            -73.9401191,
            40.8361501
          ],
          [
            -73.9401092,
            40.8360855
          ],
          [
            -73.9400586,
            40.8358206
          ],
          [
            -73.9400262,
            40.8357972
          ],
          [
            -73.9399288,
            40.8357556
          ],
          [
            -73.9398486,
            40.8357213
          ],
          [
            -73.9398011,
            40.8357012
          ],
          [
            -73.9397413,
            40.835676
          ],
          [
            -73.9397277,
            40.8356298
          ],
          [
            -73.9397539,
            40.8356196
          ],
          [
            -73.9397775,
            40.8356016
          ],
          [
            -73.9397861,
            40.8355796
          ],
          [
            -73.9397882,
            40.835558
          ],
          [
            -73.9397338,
            40.8352806
          ],
          [
            -73.9397352,
            40.8352622
          ],
          [
            -73.9397416,
            40.8351698
          ],
          [
            -73.9397872,
            40.8350754
          ],
          [
            -73.93986,
            40.834918
          ],
          [
            -73.9400164,
            40.8345637
          ],
          [
            -73.940048,
            40.8344923
          ],
          [
            -73.9400741,
            40.8344332
          ],
          [
            -73.9403266,
            40.8338615
          ],
          [
            -73.94036,
            40.833786
          ],
          [
            -73.9403844,
            40.8337286
          ],
          [
            -73.9406224,
            40.8331698
          ],
          [
            -73.940653,
            40.833098
          ],
          [
            -73.9406709,
            40.8330409
          ],
          [
            -73.9408558,
            40.8324537
          ],
          [
            -73.9408792,
            40.8323747
          ],
          [
            -73.9408993,
            40.8323137
          ],
          [
            -73.9409759,
            40.8320757
          ],
          [
            -73.9410137,
            40.8319588
          ],
          [
            -73.9410779,
            40.8317605
          ],
          [
            -73.9411243,
            40.831617
          ],
          [
            -73.9411272,
            40.8316081
          ],
          [
            -73.9412136,
            40.8313508
          ],
          [
            -73.9413327,
            40.8309961
          ],
          [
            -73.941368,
            40.830891
          ],
          [
            -73.9414116,
            40.8307845
          ],
          [
            -73.9415,
            40.8305684
          ],
          [
            -73.9416494,
            40.8302031
          ],
          [
            -73.941667,
            40.83016
          ],
          [
            -73.9416948,
            40.8300879
          ],
          [
            -73.9418535,
            40.8296773
          ],
          [
            -73.9419219,
            40.8295002
          ],
          [
            -73.9419307,
            40.8294775
          ],
          [
            -73.9419432,
            40.8294451
          ],
          [
            -73.9419663,
            40.8293829
          ],
          [
            -73.9420124,
            40.8292591
          ],
          [
            -73.9420399,
            40.829193
          ],
          [
            -73.9421149,
            40.8290059
          ],
          [
            -73.9421961,
            40.828805
          ],
          [
            -73.942224,
            40.828736
          ],
          [
            -73.9422606,
            40.8286455
          ],
          [
            -73.9424773,
            40.8281091
          ],
          [
            -73.9425031,
            40.8280452
          ],
          [
            -73.9425315,
            40.8279768
          ],
          [
            -73.9425429,
            40.8279494
          ],
          [
            -73.9425935,
            40.8278211
          ],
          [
            -73.9427414,
            40.8274463
          ],
          [
            -73.942756,
            40.8274129
          ],
          [
            -73.9427817,
            40.8273441
          ],
          [
            -73.9428043,
            40.8272872
          ],
          [
            -73.9430315,
            40.8267144
          ],
          [
            -73.9430556,
            40.8266537
          ],
          [
            -73.9430834,
            40.8265901
          ],
          [
            -73.9431638,
            40.8264027
          ],
          [
            -73.9433352,
            40.8260229
          ],
          [
            -73.943357,
            40.825956
          ],
          [
            -73.9433964,
            40.8259021
          ],
          [
            -73.9435475,
            40.8256953
          ],
          [
            -73.943551,
            40.8256906
          ],
          [
            -73.9436124,
            40.8256064
          ],
          [
            -73.943774,
            40.8253854
          ],
          [
            -73.943813,
            40.825332
          ],
          [
            -73.9438628,
            40.8252632
          ],
          [
            -73.9440139,
            40.8250545
          ],
          [
            -73.9442326,
            40.8247537
          ],
          [
            -73.944268,
            40.824705
          ],
          [
            -73.9442975,
            40.8246655
          ],
          [
            -73.9445177,
            40.8243708
          ],
          [
            -73.9445457,
            40.8243333
          ],
          [
            -73.9446879,
            40.8241441
          ],
          [
            -73.9447637,
            40.8240402
          ],
          [
            -73.9448113,
            40.8239748
          ],
          [
            -73.9448313,
            40.8239423
          ],
          [
            -73.9448568,
            40.8239008
          ],
          [
            -73.9449209,
            40.8237625
          ],
          [
            -73.9449363,
            40.8237293
          ],
          [
            -73.9451475,
            40.8232734
          ],
          [
            -73.9459527,
            40.8215357
          ],
          [
            -73.9460458,
            40.8213333
          ],
          [
            -73.9460787,
            40.8212637
          ],
          [
            -73.946105,
            40.8212076
          ],
          [
            -73.9461243,
            40.8211665
          ],
          [
            -73.9461879,
            40.8210308
          ],
          [
            -73.9462085,
            40.8209869
          ],
          [
            -73.9462384,
            40.820923
          ],
          [
            -73.9462806,
            40.8208331
          ],
          [
            -73.9463722,
            40.8206336
          ],
          [
            -73.9463959,
            40.8205827
          ],
          [
            -73.9464302,
            40.8205091
          ],
          [
            -73.9466829,
            40.8199688
          ],
          [
            -73.9467125,
            40.819903
          ],
          [
            -73.9467383,
            40.8198513
          ],
          [
            -73.9469155,
            40.8194689
          ],
          [
            -73.9470016,
            40.8192829
          ],
          [
            -73.9470312,
            40.8192188
          ],
          [
            -73.947064,
            40.8191486
          ],
          [
            -73.9471192,
            40.8190304
          ],
          [
            -73.9473235,
            40.8185915
          ],
          [
            -73.9473494,
            40.8185359
          ],
          [
            -73.9473796,
            40.818471
          ],
          [
            -73.9475395,
            40.8181273
          ],
          [
            -73.9476349,
            40.8179229
          ],
          [
            -73.9476667,
            40.8178547
          ],
          [
            -73.9476931,
            40.8177976
          ],
          [
            -73.9478646,
            40.8174271
          ],
          [
            -73.9479368,
            40.8172716
          ],
          [
            -73.9479608,
            40.81722
          ],
          [
            -73.948009,
            40.817116
          ],
          [
            -73.9480524,
            40.8170231
          ],
          [
            -73.9482239,
            40.8166564
          ],
          [
            -73.9483242,
            40.8164419
          ],
          [
            -73.948356,
            40.816374
          ],
          [
            -73.9483771,
            40.8163292
          ],
          [
            -73.9486452,
            40.8157596
          ],
          [
            -73.948677,
            40.815692
          ],
          [
            -73.9486963,
            40.8156485
          ],
          [
            -73.9485943,
            40.8156055
          ],
          [
            -73.9488384,
            40.815036
          ],
          [
            -73.9489207,
            40.8148989
          ],
          [
            -73.9489886,
            40.8147856
          ],
          [
            -73.9493381,
            40.814282
          ],
          [
            -73.9497148,
            40.8137712
          ],
          [
            -73.9497544,
            40.8137175
          ],
          [
            -73.9489837,
            40.813386
          ],
          [
            -73.9493893,
            40.812832
          ],
          [
            -73.9493656,
            40.8128212
          ],
          [
            -73.949265,
            40.8127764
          ],
          [
            -73.9491812,
            40.8127391
          ],
          [
            -73.9491457,
            40.8127241
          ],
          [
            -73.949169,
            40.8126919
          ],
          [
            -73.9491808,
            40.8126752
          ],
          [
            -73.9492082,
            40.8126365
          ],
          [
            -73.9492232,
            40.8126159
          ],
          [
            -73.9488327,
            40.8124485
          ],
          [
            -73.9487021,
            40.8123948
          ],
          [
            -73.948821,
            40.8122301
          ],
          [
            -73.9488821,
            40.8121455
          ],
          [
            -73.9488895,
            40.8121115
          ],
          [
            -73.9488802,
            40.812079
          ],
          [
            -73.9488521,
            40.8120379
          ],
          [
            -73.9488503,
            40.8120153
          ],
          [
            -73.9488727,
            40.811977
          ],
          [
            -73.9488222,
            40.8119501
          ],
          [
            -73.9487923,
            40.8119133
          ],
          [
            -73.9487736,
            40.8118525
          ],
          [
            -73.9487717,
            40.8117973
          ],
          [
            -73.9480254,
            40.8114858
          ],
          [
            -73.9481595,
            40.8112923
          ],
          [
            -73.947958,
            40.8112083
          ],
          [
            -73.9479411,
            40.8112058
          ],
          [
            -73.9481206,
            40.8109584
          ],
          [
            -73.9482526,
            40.8107765
          ],
          [
            -73.9480581,
            40.8106945
          ],
          [
            -73.9477485,
            40.8105641
          ],
          [
            -73.9474952,
            40.8104574
          ],
          [
            -73.9475246,
            40.8104176
          ],
          [
            -73.9474142,
            40.8103693
          ],
          [
            -73.947252,
            40.8102983
          ],
          [
            -73.9471809,
            40.8102672
          ],
          [
            -73.9471516,
            40.8102491
          ],
          [
            -73.947165,
            40.810231
          ],
          [
            -73.9471936,
            40.8101882
          ],
          [
            -73.9472133,
            40.8101589
          ],
          [
            -73.9472298,
            40.8101396
          ],
          [
            -73.9447481,
            40.8090801
          ],
          [
            -73.9446611,
            40.8090446
          ],
          [
            -73.9450316,
            40.8085426
          ],
          [
            -73.944882,
            40.8084789
          ],
          [
            -73.9449268,
            40.8084187
          ],
          [
            -73.944964,
            40.8083659
          ],
          [
            -73.9448784,
            40.8083295
          ],
          [
            -73.944964,
            40.8083659
          ],
          [
            -73.9449268,
            40.8084187
          ],
          [
            -73.944882,
            40.8084789
          ],
          [
            -73.9450316,
            40.8085426
          ],
          [
            -73.9446611,
            40.8090446
          ],
          [
            -73.9447481,
            40.8090801
          ],
          [
            -73.9472298,
            40.8101396
          ],
          [
            -73.9472133,
            40.8101589
          ],
          [
            -73.9471936,
            40.8101882
          ],
          [
            -73.947165,
            40.810231
          ],
          [
            -73.9471516,
            40.8102491
          ],
          [
            -73.9471809,
            40.8102672
          ],
          [
            -73.947252,
            40.8102983
          ],
          [
            -73.9474142,
            40.8103693
          ],
          [
            -73.9475246,
            40.8104176
          ],
          [
            -73.9474952,
            40.8104574
          ],
          [
            -73.9477485,
            40.8105641
          ],
          [
            -73.9480581,
            40.8106945
          ],
          [
            -73.9482526,
            40.8107765
          ],
          [
            -73.9481206,
            40.8109584
          ],
          [
            -73.9479411,
            40.8112058
          ],
          [
            -73.947958,
            40.8112083
          ],
          [
            -73.9481595,
            40.8112923
          ],
          [
            -73.9480254,
            40.8114858
          ],
          [
            -73.9487717,
            40.8117973
          ],
          [
            -73.9487736,
            40.8118525
          ],
          [
            -73.9487923,
            40.8119133
          ],
          [
            -73.9488222,
            40.8119501
          ],
          [
            -73.9488727,
            40.811977
          ],
          [
            -73.9488503,
            40.8120153
          ],
          [
            -73.9488521,
            40.8120379
          ],
          [
            -73.9488802,
            40.812079
          ],
          [
            -73.9488895,
            40.8121115
          ],
          [
            -73.9488821,
            40.8121455
          ],
          [
            -73.948821,
            40.8122301
          ],
          [
            -73.9487021,
            40.8123948
          ],
          [
            -73.9488327,
            40.8124485
          ],
          [
            -73.9492232,
            40.8126159
          ],
          [
            -73.9492082,
            40.8126365
          ],
          [
            -73.9491808,
            40.8126752
          ],
          [
            -73.949169,
            40.8126919
          ],
          [
            -73.9491457,
            40.8127241
          ],
          [
            -73.9491812,
            40.8127391
          ],
          [
            -73.949265,
            40.8127764
          ],
          [
            -73.9493656,
            40.8128212
          ],
          [
            -73.9493893,
            40.812832
          ],
          [
            -73.9489837,
            40.813386
          ],
          [
            -73.9497544,
            40.8137175
          ],
          [
            -73.9497148,
            40.8137712
          ],
          [
            -73.9493381,
            40.814282
          ],
          [
            -73.9489886,
            40.8147856
          ],
          [
            -73.9489207,
            40.8148989
          ],
          [
            -73.9488384,
            40.815036
          ],
          [
            -73.9485943,
            40.8156055
          ],
          [
            -73.9486963,
            40.8156485
          ],
          [
            -73.948677,
            40.815692
          ],
          [
            -73.9486452,
            40.8157596
          ],
          [
            -73.9483771,
            40.8163292
          ],
          [
            -73.948356,
            40.816374
          ],
          [
            -73.9483242,
            40.8164419
          ],
          [
            -73.9482239,
            40.8166564
          ],
          [
            -73.9480524,
            40.8170231
          ],
          [
            -73.948009,
            40.817116
          ],
          [
            -73.9479608,
            40.81722
          ],
          [
            -73.9479368,
            40.8172716
          ],
          [
            -73.9478646,
            40.8174271
          ],
          [
            -73.9476931,
            40.8177976
          ],
          [
            -73.9476667,
            40.8178547
          ],
          [
            -73.9476349,
            40.8179229
          ],
          [
            -73.9475395,
            40.8181273
          ],
          [
            -73.9473796,
            40.818471
          ],
          [
            -73.9473494,
            40.8185359
          ],
          [
            -73.9473235,
            40.8185915
          ],
          [
            -73.9471192,
            40.8190304
          ],
          [
            -73.947064,
            40.8191486
          ],
          [
            -73.9470312,
            40.8192188
          ],
          [
            -73.9470016,
            40.8192829
          ],
          [
            -73.9469155,
            40.8194689
          ],
          [
            -73.9467383,
            40.8198513
          ],
          [
            -73.9467125,
            40.819903
          ],
          [
            -73.9466829,
            40.8199688
          ],
          [
            -73.9464302,
            40.8205091
          ],
          [
            -73.9463959,
            40.8205827
          ],
          [
            -73.9463722,
            40.8206336
          ],
          [
            -73.9462806,
            40.8208331
          ],
          [
            -73.9462384,
            40.820923
          ],
          [
            -73.9462085,
            40.8209869
          ],
          [
            -73.9461879,
            40.8210308
          ],
          [
            -73.9461243,
            40.8211665
          ],
          [
            -73.946105,
            40.8212076
          ],
          [
            -73.9460787,
            40.8212637
          ],
          [
            -73.9460458,
            40.8213333
          ],
          [
            -73.9459527,
            40.8215357
          ],
          [
            -73.9451475,
            40.8232734
          ],
          [
            -73.9449363,
            40.8237293
          ],
          [
            -73.9449209,
            40.8237625
          ],
          [
            -73.9448568,
            40.8239008
          ],
          [
            -73.9448313,
            40.8239423
          ],
          [
            -73.9448113,
            40.8239748
          ],
          [
            -73.9447637,
            40.8240402
          ],
          [
            -73.9446879,
            40.8241441
          ],
          [
            -73.9445457,
            40.8243333
          ],
          [
            -73.9445177,
            40.8243708
          ],
          [
            -73.9442975,
            40.8246655
          ],
          [
            -73.944268,
            40.824705
          ],
          [
            -73.9442326,
            40.8247537
          ],
          [
            -73.9440139,
            40.8250545
          ],
          [
            -73.9438628,
            40.8252632
          ],
          [
            -73.943813,
            40.825332
          ],
          [
            -73.943774,
            40.8253854
          ],
          [
            -73.9436124,
            40.8256064
          ],
          [
            -73.943551,
            40.8256906
          ],
          [
            -73.9435475,
            40.8256953
          ],
          [
            -73.9433964,
            40.8259021
          ],
          [
            -73.943357,
            40.825956
          ],
          [
            -73.9433352,
            40.8260229
          ],
          [
            -73.9431638,
            40.8264027
          ],
          [
            -73.9430834,
            40.8265901
          ],
          [
            -73.9430556,
            40.8266537
          ],
          [
            -73.9430315,
            40.8267144
          ],
          [
            -73.9428043,
            40.8272872
          ],
          [
            -73.9427817,
            40.8273441
          ],
          [
            -73.942756,
            40.8274129
          ],
          [
            -73.9427414,
            40.8274463
          ],
          [
            -73.9425935,
            40.8278211
          ],
          [
            -73.9425429,
            40.8279494
          ],
          [
            -73.9425315,
            40.8279768
          ],
          [
            -73.9425031,
            40.8280452
          ],
          [
            -73.9424773,
            40.8281091
          ],
          [
            -73.9422606,
            40.8286455
          ],
          [
            -73.942224,
            40.828736
          ],
          [
            -73.9421961,
            40.828805
          ],
          [
            -73.9421149,
            40.8290059
          ],
          [
            -73.9420399,
            40.829193
          ],
          [
            -73.9420124,
            40.8292591
          ],
          [
            -73.9419663,
            40.8293829
          ],
          [
            -73.9419432,
            40.8294451
          ],
          [
            -73.9419307,
            40.8294775
          ],
          [
            -73.9419219,
            40.8295002
          ],
          [
            -73.9418535,
            40.8296773
          ],
          [
            -73.9416948,
            40.8300879
          ],
          [
            -73.941667,
            40.83016
          ],
          [
            -73.9416494,
            40.8302031
          ],
          [
            -73.9415,
            40.8305684
          ],
          [
            -73.9414116,
            40.8307845
          ],
          [
            -73.941368,
            40.830891
          ],
          [
            -73.9413327,
            40.8309961
          ],
          [
            -73.9412136,
            40.8313508
          ],
          [
            -73.9411272,
            40.8316081
          ],
          [
            -73.9411243,
            40.831617
          ],
          [
            -73.9410779,
            40.8317605
          ],
          [
            -73.9410137,
            40.8319588
          ],
          [
            -73.9409759,
            40.8320757
          ],
          [
            -73.9408993,
            40.8323137
          ],
          [
            -73.9408792,
            40.8323747
          ],
          [
            -73.9408558,
            40.8324537
          ],
          [
            -73.9406709,
            40.8330409
          ],
          [
            -73.940653,
            40.833098
          ],
          [
            -73.9406224,
            40.8331698
          ],
          [
            -73.9403844,
            40.8337286
          ],
          [
            -73.94036,
            40.833786
          ],
          [
            -73.9403266,
            40.8338615
          ],
          [
            -73.9400741,
            40.8344332
          ],
          [
            -73.940048,
            40.8344923
          ],
          [
            -73.9400164,
            40.8345637
          ],
          [
            -73.93986,
            40.834918
          ],
          [
            -73.9397872,
            40.8350754
          ],
          [
            -73.9397416,
            40.8351698
          ],
          [
            -73.9397352,
            40.8352622
          ],
          [
            -73.9397338,
            40.8352806
          ],
          [
            -73.9397882,
            40.835558
          ],
          [
            -73.9397861,
            40.8355796
          ],
          [
            -73.9397775,
            40.8356016
          ],
          [
            -73.9397539,
            40.8356196
          ],
          [
            -73.9397277,
            40.8356298
          ],
          [
            -73.9397413,
            40.835676
          ],
          [
            -73.9398011,
            40.8357012
          ],
          [
            -73.9398486,
            40.8357213
          ],
          [
            -73.9399288,
            40.8357556
          ],
          [
            -73.9400262,
            40.8357972
          ],
          [
            -73.9400586,
            40.8358206
          ],
          [
            -73.9401092,
            40.8360855
          ],
          [
            -73.9401191,
            40.8361501
          ],
          [
            -73.9401275,
            40.8362047
          ],
          [
            -73.940292,
            40.8369583
          ],
          [
            -73.9402815,
            40.8370264
          ],
          [
            -73.9402738,
            40.8370767
          ],
          [
            -73.9402712,
            40.8370939
          ],
          [
            -73.9401407,
            40.8377094
          ],
          [
            -73.9401327,
            40.8377724
          ],
          [
            -73.9401243,
            40.8378384
          ],
          [
            -73.9401211,
            40.8378538
          ],
          [
            -73.9399891,
            40.838496
          ],
          [
            -73.9399879,
            40.8385215
          ],
          [
            -73.9400006,
            40.8385949
          ],
          [
            -73.9400036,
            40.8386272
          ],
          [
            -73.9400062,
            40.8386771
          ],
          [
            -73.9400079,
            40.8387118
          ],
          [
            -73.9409023,
            40.839165
          ],
          [
            -73.9409329,
            40.8391801
          ],
          [
            -73.9410345,
            40.839234
          ],
          [
            -73.9410394,
            40.8392365
          ],
          [
            -73.9411397,
            40.8392886
          ],
          [
            -73.9412151,
            40.8393319
          ],
          [
            -73.9412456,
            40.8393484
          ],
          [
            -73.9412791,
            40.8393659
          ],
          [
            -73.9413015,
            40.8393777
          ],
          [
            -73.9414341,
            40.8394461
          ],
          [
            -73.9417719,
            40.8396168
          ],
          [
            -73.9425727,
            40.8400417
          ],
          [
            -73.9427909,
            40.8401547
          ],
          [
            -73.942893,
            40.8402107
          ],
          [
            -73.9429268,
            40.8402309
          ],
          [
            -73.9429585,
            40.8402441
          ],
          [
            -73.9430319,
            40.8402864
          ],
          [
            -73.9431023,
            40.8403271
          ],
          [
            -73.9431301,
            40.8403417
          ],
          [
            -73.9431723,
            40.840362
          ],
          [
            -73.943704,
            40.8406408
          ],
          [
            -73.9438545,
            40.8407197
          ],
          [
            -73.9444531,
            40.8410335
          ],
          [
            -73.9444719,
            40.8410424
          ],
          [
            -73.9444886,
            40.8410508
          ],
          [
            -73.9446359,
            40.8411246
          ],
          [
            -73.944724,
            40.8411687
          ],
          [
            -73.9447555,
            40.8411847
          ],
          [
            -73.9446374,
            40.8413154
          ],
          [
            -73.9445416,
            40.8414551
          ],
          [
            -73.944435,
            40.8416671
          ],
          [
            -73.9443411,
            40.841935
          ],
          [
            -73.94427,
            40.8421452
          ],
          [
            -73.9442586,
            40.842179
          ],
          [
            -73.9441996,
            40.8424291
          ],
          [
            -73.9441988,
            40.8424356
          ],
          [
            -73.9441554,
            40.842771
          ],
          [
            -73.9441419,
            40.8429074
          ],
          [
            -73.9441292,
            40.8432086
          ],
          [
            -73.9441194,
            40.8432838
          ],
          [
            -73.9441066,
            40.8433815
          ],
          [
            -73.944115,
            40.8435702
          ],
          [
            -73.9441163,
            40.8436223
          ],
          [
            -73.9441165,
            40.8436292
          ],
          [
            -73.9441179,
            40.8436812
          ],
          [
            -73.9440474,
            40.8441392
          ],
          [
            -73.9439926,
            40.84457
          ],
          [
            -73.9439267,
            40.8451384
          ],
          [
            -73.9438775,
            40.8454426
          ],
          [
            -73.9439064,
            40.845535
          ],
          [
            -73.9439551,
            40.845619
          ],
          [
            -73.9439927,
            40.8456783
          ],
          [
            -73.9439558,
            40.845704
          ],
          [
            -73.943914,
            40.8457315
          ],
          [
            -73.9439573,
            40.8457873
          ],
          [
            -73.9440124,
            40.8458366
          ],
          [
            -73.9441265,
            40.8459125
          ],
          [
            -73.9442244,
            40.8459914
          ],
          [
            -73.9443609,
            40.846116
          ],
          [
            -73.9445105,
            40.8462947
          ],
          [
            -73.9447841,
            40.846595
          ],
          [
            -73.9448278,
            40.8466192
          ],
          [
            -73.9448487,
            40.8466257
          ],
          [
            -73.9448754,
            40.8466278
          ],
          [
            -73.9449282,
            40.846623
          ],
          [
            -73.9449714,
            40.8466008
          ],
          [
            -73.945015,
            40.8465572
          ],
          [
            -73.9450283,
            40.8465173
          ],
          [
            -73.9450205,
            40.8464523
          ],
          [
            -73.9450199,
            40.8464253
          ],
          [
            -73.9449674,
            40.8464023
          ],
          [
            -73.9449008,
            40.8464085
          ],
          [
            -73.9447742,
            40.8464386
          ],
          [
            -73.9446534,
            40.8469053
          ],
          [
            -73.9446373,
            40.8471285
          ],
          [
            -73.9446427,
            40.8474572
          ],
          [
            -73.9445944,
            40.8477737
          ],
          [
            -73.9444603,
            40.8480619
          ],
          [
            -73.9443154,
            40.8482688
          ],
          [
            -73.944074,
            40.8485732
          ],
          [
            -73.9439989,
            40.8487923
          ],
          [
            -73.9439131,
            40.8489749
          ],
          [
            -73.9437843,
            40.849194
          ],
          [
            -73.9436529,
            40.8493543
          ],
          [
            -73.9434357,
            40.8495649
          ],
          [
            -73.9433914,
            40.8496084
          ],
          [
            -73.9433746,
            40.8496319
          ],
          [
            -73.9433626,
            40.8496549
          ],
          [
            -73.9433518,
            40.8496894
          ],
          [
            -73.9432872,
            40.8500652
          ],
          [
            -73.9432473,
            40.8503407
          ],
          [
            -73.9432442,
            40.8504002
          ],
          [
            -73.9432688,
            40.8504602
          ],
          [
            -73.9433042,
            40.8505168
          ],
          [
            -73.9433541,
            40.8505646
          ],
          [
            -73.9434375,
            40.850607
          ],
          [
            -73.943585,
            40.8506511
          ],
          [
            -73.9435668,
            40.8507151
          ],
          [
            -73.9435417,
            40.8507975
          ]
        ]
      }
    },
    {
      "type": "Feature",
      "properties": {
        "scenario": "HARD - GWB approach, steep + amenity-sparse",
        "shape": "out_and_back",
        "target_miles": 7.0,
        "distance_m": 11263.7173611884,
        "candidate_index": 4
      },
      "geometry": {
        "type": "LineString",
        "coordinates": [
          [
            -73.9435417,
            40.8507975
          ],
          [
            -73.9435668,
            40.8507151
          ],
          [
            -73.943585,
            40.8506511
          ],
          [
            -73.9434375,
            40.850607
          ],
          [
            -73.9433541,
            40.8505646
          ],
          [
            -73.9433042,
            40.8505168
          ],
          [
            -73.9432688,
            40.8504602
          ],
          [
            -73.9432442,
            40.8504002
          ],
          [
            -73.9432473,
            40.8503407
          ],
          [
            -73.9432872,
            40.8500652
          ],
          [
            -73.9433518,
            40.8496894
          ],
          [
            -73.9433626,
            40.8496549
          ],
          [
            -73.9433746,
            40.8496319
          ],
          [
            -73.9433914,
            40.8496084
          ],
          [
            -73.9434357,
            40.8495649
          ],
          [
            -73.9436529,
            40.8493543
          ],
          [
            -73.9437843,
            40.849194
          ],
          [
            -73.9439131,
            40.8489749
          ],
          [
            -73.9439989,
            40.8487923
          ],
          [
            -73.944074,
            40.8485732
          ],
          [
            -73.9443154,
            40.8482688
          ],
          [
            -73.9444603,
            40.8480619
          ],
          [
            -73.9445944,
            40.8477737
          ],
          [
            -73.9446427,
            40.8474572
          ],
          [
            -73.9446373,
            40.8471285
          ],
          [
            -73.9446534,
            40.8469053
          ],
          [
            -73.9447742,
            40.8464386
          ],
          [
            -73.9449008,
            40.8464085
          ],
          [
            -73.9449674,
            40.8464023
          ],
          [
            -73.9450199,
            40.8464253
          ],
          [
            -73.9450205,
            40.8464523
          ],
          [
            -73.9450283,
            40.8465173
          ],
          [
            -73.945015,
            40.8465572
          ],
          [
            -73.9449714,
            40.8466008
          ],
          [
            -73.9449282,
            40.846623
          ],
          [
            -73.9448754,
            40.8466278
          ],
          [
            -73.9448487,
            40.8466257
          ],
          [
            -73.9448278,
            40.8466192
          ],
          [
            -73.9447841,
            40.846595
          ],
          [
            -73.9445105,
            40.8462947
          ],
          [
            -73.9443609,
            40.846116
          ],
          [
            -73.9442244,
            40.8459914
          ],
          [
            -73.9441265,
            40.8459125
          ],
          [
            -73.9440124,
            40.8458366
          ],
          [
            -73.9439573,
            40.8457873
          ],
          [
            -73.943914,
            40.8457315
          ],
          [
            -73.9439558,
            40.845704
          ],
          [
            -73.9439927,
            40.8456783
          ],
          [
            -73.9439551,
            40.845619
          ],
          [
            -73.9439064,
            40.845535
          ],
          [
            -73.9438775,
            40.8454426
          ],
          [
            -73.9439267,
            40.8451384
          ],
          [
            -73.9439926,
            40.84457
          ],
          [
            -73.9440474,
            40.8441392
          ],
          [
            -73.9441179,
            40.8436812
          ],
          [
            -73.9441165,
            40.8436292
          ],
          [
            -73.9441163,
            40.8436223
          ],
          [
            -73.944115,
            40.8435702
          ],
          [
            -73.9441066,
            40.8433815
          ],
          [
            -73.9441194,
            40.8432838
          ],
          [
            -73.9441292,
            40.8432086
          ],
          [
            -73.9441419,
            40.8429074
          ],
          [
            -73.9441554,
            40.842771
          ],
          [
            -73.9441988,
            40.8424356
          ],
          [
            -73.9441996,
            40.8424291
          ],
          [
            -73.9442586,
            40.842179
          ],
          [
            -73.94427,
            40.8421452
          ],
          [
            -73.9443411,
            40.841935
          ],
          [
            -73.944435,
            40.8416671
          ],
          [
            -73.9445416,
            40.8414551
          ],
          [
            -73.9446374,
            40.8413154
          ],
          [
            -73.9447555,
            40.8411847
          ],
          [
            -73.944724,
            40.8411687
          ],
          [
            -73.9446359,
            40.8411246
          ],
          [
            -73.9444886,
            40.8410508
          ],
          [
            -73.9444719,
            40.8410424
          ],
          [
            -73.9444531,
            40.8410335
          ],
          [
            -73.9438545,
            40.8407197
          ],
          [
            -73.943704,
            40.8406408
          ],
          [
            -73.9431723,
            40.840362
          ],
          [
            -73.9431301,
            40.8403417
          ],
          [
            -73.9431023,
            40.8403271
          ],
          [
            -73.9430319,
            40.8402864
          ],
          [
            -73.9429585,
            40.8402441
          ],
          [
            -73.9429268,
            40.8402309
          ],
          [
            -73.942893,
            40.8402107
          ],
          [
            -73.9427909,
            40.8401547
          ],
          [
            -73.9425727,
            40.8400417
          ],
          [
            -73.9417719,
            40.8396168
          ],
          [
            -73.9414341,
            40.8394461
          ],
          [
            -73.9413015,
            40.8393777
          ],
          [
            -73.9412791,
            40.8393659
          ],
          [
            -73.9412456,
            40.8393484
          ],
          [
            -73.9412151,
            40.8393319
          ],
          [
            -73.9411397,
            40.8392886
          ],
          [
            -73.9410394,
            40.8392365
          ],
          [
            -73.9410345,
            40.839234
          ],
          [
            -73.9409329,
            40.8391801
          ],
          [
            -73.9409023,
            40.839165
          ],
          [
            -73.9400079,
            40.8387118
          ],
          [
            -73.9400062,
            40.8386771
          ],
          [
            -73.9400036,
            40.8386272
          ],
          [
            -73.9400006,
            40.8385949
          ],
          [
            -73.9399879,
            40.8385215
          ],
          [
            -73.9399891,
            40.838496
          ],
          [
            -73.9401211,
            40.8378538
          ],
          [
            -73.9401243,
            40.8378384
          ],
          [
            -73.9401327,
            40.8377724
          ],
          [
            -73.9401407,
            40.8377094
          ],
          [
            -73.9402712,
            40.8370939
          ],
          [
            -73.9402738,
            40.8370767
          ],
          [
            -73.9402815,
            40.8370264
          ],
          [
            -73.940292,
            40.8369583
          ],
          [
            -73.9401275,
            40.8362047
          ],
          [
            -73.9401191,
            40.8361501
          ],
          [
            -73.9401092,
            40.8360855
          ],
          [
            -73.9400586,
            40.8358206
          ],
          [
            -73.9400262,
            40.8357972
          ],
          [
            -73.9399288,
            40.8357556
          ],
          [
            -73.9398486,
            40.8357213
          ],
          [
            -73.9398011,
            40.8357012
          ],
          [
            -73.9397413,
            40.835676
          ],
          [
            -73.9397277,
            40.8356298
          ],
          [
            -73.9397539,
            40.8356196
          ],
          [
            -73.9397775,
            40.8356016
          ],
          [
            -73.9397861,
            40.8355796
          ],
          [
            -73.9397882,
            40.835558
          ],
          [
            -73.9397338,
            40.8352806
          ],
          [
            -73.9397352,
            40.8352622
          ],
          [
            -73.9397416,
            40.8351698
          ],
          [
            -73.9397872,
            40.8350754
          ],
          [
            -73.93986,
            40.834918
          ],
          [
            -73.9400164,
            40.8345637
          ],
          [
            -73.940048,
            40.8344923
          ],
          [
            -73.9400741,
            40.8344332
          ],
          [
            -73.9403266,
            40.8338615
          ],
          [
            -73.94036,
            40.833786
          ],
          [
            -73.9403844,
            40.8337286
          ],
          [
            -73.9406224,
            40.8331698
          ],
          [
            -73.940653,
            40.833098
          ],
          [
            -73.9406709,
            40.8330409
          ],
          [
            -73.9408558,
            40.8324537
          ],
          [
            -73.9408792,
            40.8323747
          ],
          [
            -73.9408993,
            40.8323137
          ],
          [
            -73.9409759,
            40.8320757
          ],
          [
            -73.9410137,
            40.8319588
          ],
          [
            -73.9410779,
            40.8317605
          ],
          [
            -73.9411243,
            40.831617
          ],
          [
            -73.9411272,
            40.8316081
          ],
          [
            -73.9412136,
            40.8313508
          ],
          [
            -73.9413327,
            40.8309961
          ],
          [
            -73.941368,
            40.830891
          ],
          [
            -73.9414116,
            40.8307845
          ],
          [
            -73.9415,
            40.8305684
          ],
          [
            -73.9416494,
            40.8302031
          ],
          [
            -73.941667,
            40.83016
          ],
          [
            -73.9416948,
            40.8300879
          ],
          [
            -73.9418535,
            40.8296773
          ],
          [
            -73.9419219,
            40.8295002
          ],
          [
            -73.9419307,
            40.8294775
          ],
          [
            -73.9419432,
            40.8294451
          ],
          [
            -73.9419663,
            40.8293829
          ],
          [
            -73.9420124,
            40.8292591
          ],
          [
            -73.9420399,
            40.829193
          ],
          [
            -73.9421149,
            40.8290059
          ],
          [
            -73.9421961,
            40.828805
          ],
          [
            -73.942224,
            40.828736
          ],
          [
            -73.9422606,
            40.8286455
          ],
          [
            -73.9424773,
            40.8281091
          ],
          [
            -73.9425031,
            40.8280452
          ],
          [
            -73.9425315,
            40.8279768
          ],
          [
            -73.9425429,
            40.8279494
          ],
          [
            -73.9425935,
            40.8278211
          ],
          [
            -73.9427414,
            40.8274463
          ],
          [
            -73.942756,
            40.8274129
          ],
          [
            -73.9427817,
            40.8273441
          ],
          [
            -73.9428043,
            40.8272872
          ],
          [
            -73.9430315,
            40.8267144
          ],
          [
            -73.9430556,
            40.8266537
          ],
          [
            -73.9430834,
            40.8265901
          ],
          [
            -73.9431638,
            40.8264027
          ],
          [
            -73.9433352,
            40.8260229
          ],
          [
            -73.943357,
            40.825956
          ],
          [
            -73.9433964,
            40.8259021
          ],
          [
            -73.9435475,
            40.8256953
          ],
          [
            -73.943551,
            40.8256906
          ],
          [
            -73.9436124,
            40.8256064
          ],
          [
            -73.943774,
            40.8253854
          ],
          [
            -73.943813,
            40.825332
          ],
          [
            -73.9438628,
            40.8252632
          ],
          [
            -73.9440139,
            40.8250545
          ],
          [
            -73.9442326,
            40.8247537
          ],
          [
            -73.944268,
            40.824705
          ],
          [
            -73.9442975,
            40.8246655
          ],
          [
            -73.9445177,
            40.8243708
          ],
          [
            -73.9445457,
            40.8243333
          ],
          [
            -73.9446879,
            40.8241441
          ],
          [
            -73.9447637,
            40.8240402
          ],
          [
            -73.9448113,
            40.8239748
          ],
          [
            -73.9448313,
            40.8239423
          ],
          [
            -73.9448568,
            40.8239008
          ],
          [
            -73.9449209,
            40.8237625
          ],
          [
            -73.9449363,
            40.8237293
          ],
          [
            -73.9451475,
            40.8232734
          ],
          [
            -73.9459527,
            40.8215357
          ],
          [
            -73.9460458,
            40.8213333
          ],
          [
            -73.9460787,
            40.8212637
          ],
          [
            -73.946105,
            40.8212076
          ],
          [
            -73.9461243,
            40.8211665
          ],
          [
            -73.9461879,
            40.8210308
          ],
          [
            -73.9462085,
            40.8209869
          ],
          [
            -73.9462384,
            40.820923
          ],
          [
            -73.9462806,
            40.8208331
          ],
          [
            -73.9463722,
            40.8206336
          ],
          [
            -73.9463959,
            40.8205827
          ],
          [
            -73.9464302,
            40.8205091
          ],
          [
            -73.9466829,
            40.8199688
          ],
          [
            -73.9467125,
            40.819903
          ],
          [
            -73.9467383,
            40.8198513
          ],
          [
            -73.9469155,
            40.8194689
          ],
          [
            -73.9470016,
            40.8192829
          ],
          [
            -73.9470312,
            40.8192188
          ],
          [
            -73.947064,
            40.8191486
          ],
          [
            -73.9471192,
            40.8190304
          ],
          [
            -73.9473235,
            40.8185915
          ],
          [
            -73.9473494,
            40.8185359
          ],
          [
            -73.9473796,
            40.818471
          ],
          [
            -73.9475395,
            40.8181273
          ],
          [
            -73.9476349,
            40.8179229
          ],
          [
            -73.9476667,
            40.8178547
          ],
          [
            -73.9476931,
            40.8177976
          ],
          [
            -73.9478646,
            40.8174271
          ],
          [
            -73.9479368,
            40.8172716
          ],
          [
            -73.9479608,
            40.81722
          ],
          [
            -73.948009,
            40.817116
          ],
          [
            -73.9480524,
            40.8170231
          ],
          [
            -73.9482239,
            40.8166564
          ],
          [
            -73.9483242,
            40.8164419
          ],
          [
            -73.948356,
            40.816374
          ],
          [
            -73.9483771,
            40.8163292
          ],
          [
            -73.9486452,
            40.8157596
          ],
          [
            -73.948677,
            40.815692
          ],
          [
            -73.9486963,
            40.8156485
          ],
          [
            -73.9487207,
            40.8155985
          ],
          [
            -73.9487652,
            40.8155075
          ],
          [
            -73.9488327,
            40.8153695
          ],
          [
            -73.948855,
            40.815324
          ],
          [
            -73.94902,
            40.815021
          ],
          [
            -73.9490692,
            40.8149408
          ],
          [
            -73.949189,
            40.814737
          ],
          [
            -73.949396,
            40.814421
          ],
          [
            -73.9494606,
            40.8143308
          ],
          [
            -73.9495495,
            40.8142042
          ],
          [
            -73.949623,
            40.814104
          ],
          [
            -73.9498397,
            40.8138272
          ],
          [
            -73.949861,
            40.8138
          ],
          [
            -73.9498821,
            40.8137724
          ],
          [
            -73.9499243,
            40.8137171
          ],
          [
            -73.9502049,
            40.8133492
          ],
          [
            -73.950303,
            40.8132206
          ],
          [
            -73.95035,
            40.813159
          ],
          [
            -73.9503836,
            40.813125
          ],
          [
            -73.9507276,
            40.8127769
          ],
          [
            -73.9508656,
            40.8126371
          ],
          [
            -73.950927,
            40.812575
          ],
          [
            -73.9509583,
            40.8125444
          ],
          [
            -73.9508607,
            40.8124827
          ],
          [
            -73.9513125,
            40.8120237
          ],
          [
            -73.9513693,
            40.8119601
          ],
          [
            -73.9514219,
            40.8119012
          ],
          [
            -73.9519046,
            40.8114401
          ],
          [
            -73.9519681,
            40.811386
          ],
          [
            -73.9520238,
            40.8113351
          ],
          [
            -73.9523861,
            40.8108179
          ],
          [
            -73.9524018,
            40.8107956
          ],
          [
            -73.9524625,
            40.8107133
          ],
          [
            -73.9525113,
            40.810649
          ],
          [
            -73.9525265,
            40.8106271
          ],
          [
            -73.9529052,
            40.8100958
          ],
          [
            -73.9529034,
            40.810072
          ],
          [
            -73.9529028,
            40.8100154
          ],
          [
            -73.9529024,
            40.8099703
          ],
          [
            -73.9529021,
            40.8099493
          ],
          [
            -73.9529021,
            40.8099137
          ],
          [
            -73.9528546,
            40.8092417
          ],
          [
            -73.9528578,
            40.809176
          ],
          [
            -73.9528546,
            40.8091136
          ],
          [
            -73.9528355,
            40.8091059
          ],
          [
            -73.952807,
            40.80842
          ],
          [
            -73.9528252,
            40.8083446
          ],
          [
            -73.952842,
            40.8082747
          ],
          [
            -73.9527652,
            40.8082166
          ],
          [
            -73.9528497,
            40.8080444
          ],
          [
            -73.9529286,
            40.8079461
          ],
          [
            -73.9530085,
            40.8078441
          ],
          [
            -73.9530532,
            40.8078298
          ],
          [
            -73.9531181,
            40.8077184
          ],
          [
            -73.9531301,
            40.8077027
          ],
          [
            -73.9531615,
            40.8076614
          ],
          [
            -73.9531888,
            40.8076286
          ],
          [
            -73.9532066,
            40.8076059
          ],
          [
            -73.9531721,
            40.8075794
          ],
          [
            -73.9531044,
            40.8075177
          ],
          [
            -73.9530266,
            40.8074475
          ],
          [
            -73.9530041,
            40.8068514
          ],
          [
            -73.953003,
            40.8067712
          ],
          [
            -73.9530019,
            40.8066948
          ],
          [
            -73.9529497,
            40.8060164
          ],
          [
            -73.9530019,
            40.8066948
          ],
          [
            -73.953003,
            40.8067712
          ],
          [
            -73.9530041,
            40.8068514
          ],
          [
            -73.9530266,
            40.8074475
          ],
          [
            -73.9531044,
            40.8075177
          ],
          [
            -73.9531721,
            40.8075794
          ],
          [
            -73.9532066,
            40.8076059
          ],
          [
            -73.9531888,
            40.8076286
          ],
          [
            -73.9531615,
            40.8076614
          ],
          [
            -73.9531301,
            40.8077027
          ],
          [
            -73.9531181,
            40.8077184
          ],
          [
            -73.9530532,
            40.8078298
          ],
          [
            -73.9530085,
            40.8078441
          ],
          [
            -73.9529286,
            40.8079461
          ],
          [
            -73.9528497,
            40.8080444
          ],
          [
            -73.9527652,
            40.8082166
          ],
          [
            -73.952842,
            40.8082747
          ],
          [
            -73.9528252,
            40.8083446
          ],
          [
            -73.952807,
            40.80842
          ],
          [
            -73.9528355,
            40.8091059
          ],
          [
            -73.9528546,
            40.8091136
          ],
          [
            -73.9528578,
            40.809176
          ],
          [
            -73.9528546,
            40.8092417
          ],
          [
            -73.9529021,
            40.8099137
          ],
          [
            -73.9529021,
            40.8099493
          ],
          [
            -73.9529024,
            40.8099703
          ],
          [
            -73.9529028,
            40.8100154
          ],
          [
            -73.9529034,
            40.810072
          ],
          [
            -73.9529052,
            40.8100958
          ],
          [
            -73.9525265,
            40.8106271
          ],
          [
            -73.9525113,
            40.810649
          ],
          [
            -73.9524625,
            40.8107133
          ],
          [
            -73.9524018,
            40.8107956
          ],
          [
            -73.9523861,
            40.8108179
          ],
          [
            -73.9520238,
            40.8113351
          ],
          [
            -73.9519681,
            40.811386
          ],
          [
            -73.9519046,
            40.8114401
          ],
          [
            -73.9514219,
            40.8119012
          ],
          [
            -73.9513693,
            40.8119601
          ],
          [
            -73.9513125,
            40.8120237
          ],
          [
            -73.9508607,
            40.8124827
          ],
          [
            -73.9509583,
            40.8125444
          ],
          [
            -73.950927,
            40.812575
          ],
          [
            -73.9508656,
            40.8126371
          ],
          [
            -73.9507276,
            40.8127769
          ],
          [
            -73.9503836,
            40.813125
          ],
          [
            -73.95035,
            40.813159
          ],
          [
            -73.950303,
            40.8132206
          ],
          [
            -73.9502049,
            40.8133492
          ],
          [
            -73.9499243,
            40.8137171
          ],
          [
            -73.9498821,
            40.8137724
          ],
          [
            -73.949861,
            40.8138
          ],
          [
            -73.9498397,
            40.8138272
          ],
          [
            -73.949623,
            40.814104
          ],
          [
            -73.9495495,
            40.8142042
          ],
          [
            -73.9494606,
            40.8143308
          ],
          [
            -73.949396,
            40.814421
          ],
          [
            -73.949189,
            40.814737
          ],
          [
            -73.9490692,
            40.8149408
          ],
          [
            -73.94902,
            40.815021
          ],
          [
            -73.948855,
            40.815324
          ],
          [
            -73.9488327,
            40.8153695
          ],
          [
            -73.9487652,
            40.8155075
          ],
          [
            -73.9487207,
            40.8155985
          ],
          [
            -73.9486963,
            40.8156485
          ],
          [
            -73.948677,
            40.815692
          ],
          [
            -73.9486452,
            40.8157596
          ],
          [
            -73.9483771,
            40.8163292
          ],
          [
            -73.948356,
            40.816374
          ],
          [
            -73.9483242,
            40.8164419
          ],
          [
            -73.9482239,
            40.8166564
          ],
          [
            -73.9480524,
            40.8170231
          ],
          [
            -73.948009,
            40.817116
          ],
          [
            -73.9479608,
            40.81722
          ],
          [
            -73.9479368,
            40.8172716
          ],
          [
            -73.9478646,
            40.8174271
          ],
          [
            -73.9476931,
            40.8177976
          ],
          [
            -73.9476667,
            40.8178547
          ],
          [
            -73.9476349,
            40.8179229
          ],
          [
            -73.9475395,
            40.8181273
          ],
          [
            -73.9473796,
            40.818471
          ],
          [
            -73.9473494,
            40.8185359
          ],
          [
            -73.9473235,
            40.8185915
          ],
          [
            -73.9471192,
            40.8190304
          ],
          [
            -73.947064,
            40.8191486
          ],
          [
            -73.9470312,
            40.8192188
          ],
          [
            -73.9470016,
            40.8192829
          ],
          [
            -73.9469155,
            40.8194689
          ],
          [
            -73.9467383,
            40.8198513
          ],
          [
            -73.9467125,
            40.819903
          ],
          [
            -73.9466829,
            40.8199688
          ],
          [
            -73.9464302,
            40.8205091
          ],
          [
            -73.9463959,
            40.8205827
          ],
          [
            -73.9463722,
            40.8206336
          ],
          [
            -73.9462806,
            40.8208331
          ],
          [
            -73.9462384,
            40.820923
          ],
          [
            -73.9462085,
            40.8209869
          ],
          [
            -73.9461879,
            40.8210308
          ],
          [
            -73.9461243,
            40.8211665
          ],
          [
            -73.946105,
            40.8212076
          ],
          [
            -73.9460787,
            40.8212637
          ],
          [
            -73.9460458,
            40.8213333
          ],
          [
            -73.9459527,
            40.8215357
          ],
          [
            -73.9451475,
            40.8232734
          ],
          [
            -73.9449363,
            40.8237293
          ],
          [
            -73.9449209,
            40.8237625
          ],
          [
            -73.9448568,
            40.8239008
          ],
          [
            -73.9448313,
            40.8239423
          ],
          [
            -73.9448113,
            40.8239748
          ],
          [
            -73.9447637,
            40.8240402
          ],
          [
            -73.9446879,
            40.8241441
          ],
          [
            -73.9445457,
            40.8243333
          ],
          [
            -73.9445177,
            40.8243708
          ],
          [
            -73.9442975,
            40.8246655
          ],
          [
            -73.944268,
            40.824705
          ],
          [
            -73.9442326,
            40.8247537
          ],
          [
            -73.9440139,
            40.8250545
          ],
          [
            -73.9438628,
            40.8252632
          ],
          [
            -73.943813,
            40.825332
          ],
          [
            -73.943774,
            40.8253854
          ],
          [
            -73.9436124,
            40.8256064
          ],
          [
            -73.943551,
            40.8256906
          ],
          [
            -73.9435475,
            40.8256953
          ],
          [
            -73.9433964,
            40.8259021
          ],
          [
            -73.943357,
            40.825956
          ],
          [
            -73.9433352,
            40.8260229
          ],
          [
            -73.9431638,
            40.8264027
          ],
          [
            -73.9430834,
            40.8265901
          ],
          [
            -73.9430556,
            40.8266537
          ],
          [
            -73.9430315,
            40.8267144
          ],
          [
            -73.9428043,
            40.8272872
          ],
          [
            -73.9427817,
            40.8273441
          ],
          [
            -73.942756,
            40.8274129
          ],
          [
            -73.9427414,
            40.8274463
          ],
          [
            -73.9425935,
            40.8278211
          ],
          [
            -73.9425429,
            40.8279494
          ],
          [
            -73.9425315,
            40.8279768
          ],
          [
            -73.9425031,
            40.8280452
          ],
          [
            -73.9424773,
            40.8281091
          ],
          [
            -73.9422606,
            40.8286455
          ],
          [
            -73.942224,
            40.828736
          ],
          [
            -73.9421961,
            40.828805
          ],
          [
            -73.9421149,
            40.8290059
          ],
          [
            -73.9420399,
            40.829193
          ],
          [
            -73.9420124,
            40.8292591
          ],
          [
            -73.9419663,
            40.8293829
          ],
          [
            -73.9419432,
            40.8294451
          ],
          [
            -73.9419307,
            40.8294775
          ],
          [
            -73.9419219,
            40.8295002
          ],
          [
            -73.9418535,
            40.8296773
          ],
          [
            -73.9416948,
            40.8300879
          ],
          [
            -73.941667,
            40.83016
          ],
          [
            -73.9416494,
            40.8302031
          ],
          [
            -73.9415,
            40.8305684
          ],
          [
            -73.9414116,
            40.8307845
          ],
          [
            -73.941368,
            40.830891
          ],
          [
            -73.9413327,
            40.8309961
          ],
          [
            -73.9412136,
            40.8313508
          ],
          [
            -73.9411272,
            40.8316081
          ],
          [
            -73.9411243,
            40.831617
          ],
          [
            -73.9410779,
            40.8317605
          ],
          [
            -73.9410137,
            40.8319588
          ],
          [
            -73.9409759,
            40.8320757
          ],
          [
            -73.9408993,
            40.8323137
          ],
          [
            -73.9408792,
            40.8323747
          ],
          [
            -73.9408558,
            40.8324537
          ],
          [
            -73.9406709,
            40.8330409
          ],
          [
            -73.940653,
            40.833098
          ],
          [
            -73.9406224,
            40.8331698
          ],
          [
            -73.9403844,
            40.8337286
          ],
          [
            -73.94036,
            40.833786
          ],
          [
            -73.9403266,
            40.8338615
          ],
          [
            -73.9400741,
            40.8344332
          ],
          [
            -73.940048,
            40.8344923
          ],
          [
            -73.9400164,
            40.8345637
          ],
          [
            -73.93986,
            40.834918
          ],
          [
            -73.9397872,
            40.8350754
          ],
          [
            -73.9397416,
            40.8351698
          ],
          [
            -73.9397352,
            40.8352622
          ],
          [
            -73.9397338,
            40.8352806
          ],
          [
            -73.9397882,
            40.835558
          ],
          [
            -73.9397861,
            40.8355796
          ],
          [
            -73.9397775,
            40.8356016
          ],
          [
            -73.9397539,
            40.8356196
          ],
          [
            -73.9397277,
            40.8356298
          ],
          [
            -73.9397413,
            40.835676
          ],
          [
            -73.9398011,
            40.8357012
          ],
          [
            -73.9398486,
            40.8357213
          ],
          [
            -73.9399288,
            40.8357556
          ],
          [
            -73.9400262,
            40.8357972
          ],
          [
            -73.9400586,
            40.8358206
          ],
          [
            -73.9401092,
            40.8360855
          ],
          [
            -73.9401191,
            40.8361501
          ],
          [
            -73.9401275,
            40.8362047
          ],
          [
            -73.940292,
            40.8369583
          ],
          [
            -73.9402815,
            40.8370264
          ],
          [
            -73.9402738,
            40.8370767
          ],
          [
            -73.9402712,
            40.8370939
          ],
          [
            -73.9401407,
            40.8377094
          ],
          [
            -73.9401327,
            40.8377724
          ],
          [
            -73.9401243,
            40.8378384
          ],
          [
            -73.9401211,
            40.8378538
          ],
          [
            -73.9399891,
            40.838496
          ],
          [
            -73.9399879,
            40.8385215
          ],
          [
            -73.9400006,
            40.8385949
          ],
          [
            -73.9400036,
            40.8386272
          ],
          [
            -73.9400062,
            40.8386771
          ],
          [
            -73.9400079,
            40.8387118
          ],
          [
            -73.9409023,
            40.839165
          ],
          [
            -73.9409329,
            40.8391801
          ],
          [
            -73.9410345,
            40.839234
          ],
          [
            -73.9410394,
            40.8392365
          ],
          [
            -73.9411397,
            40.8392886
          ],
          [
            -73.9412151,
            40.8393319
          ],
          [
            -73.9412456,
            40.8393484
          ],
          [
            -73.9412791,
            40.8393659
          ],
          [
            -73.9413015,
            40.8393777
          ],
          [
            -73.9414341,
            40.8394461
          ],
          [
            -73.9417719,
            40.8396168
          ],
          [
            -73.9425727,
            40.8400417
          ],
          [
            -73.9427909,
            40.8401547
          ],
          [
            -73.942893,
            40.8402107
          ],
          [
            -73.9429268,
            40.8402309
          ],
          [
            -73.9429585,
            40.8402441
          ],
          [
            -73.9430319,
            40.8402864
          ],
          [
            -73.9431023,
            40.8403271
          ],
          [
            -73.9431301,
            40.8403417
          ],
          [
            -73.9431723,
            40.840362
          ],
          [
            -73.943704,
            40.8406408
          ],
          [
            -73.9438545,
            40.8407197
          ],
          [
            -73.9444531,
            40.8410335
          ],
          [
            -73.9444719,
            40.8410424
          ],
          [
            -73.9444886,
            40.8410508
          ],
          [
            -73.9446359,
            40.8411246
          ],
          [
            -73.944724,
            40.8411687
          ],
          [
            -73.9447555,
            40.8411847
          ],
          [
            -73.9446374,
            40.8413154
          ],
          [
            -73.9445416,
            40.8414551
          ],
          [
            -73.944435,
            40.8416671
          ],
          [
            -73.9443411,
            40.841935
          ],
          [
            -73.94427,
            40.8421452
          ],
          [
            -73.9442586,
            40.842179
          ],
          [
            -73.9441996,
            40.8424291
          ],
          [
            -73.9441988,
            40.8424356
          ],
          [
            -73.9441554,
            40.842771
          ],
          [
            -73.9441419,
            40.8429074
          ],
          [
            -73.9441292,
            40.8432086
          ],
          [
            -73.9441194,
            40.8432838
          ],
          [
            -73.9441066,
            40.8433815
          ],
          [
            -73.944115,
            40.8435702
          ],
          [
            -73.9441163,
            40.8436223
          ],
          [
            -73.9441165,
            40.8436292
          ],
          [
            -73.9441179,
            40.8436812
          ],
          [
            -73.9440474,
            40.8441392
          ],
          [
            -73.9439926,
            40.84457
          ],
          [
            -73.9439267,
            40.8451384
          ],
          [
            -73.9438775,
            40.8454426
          ],
          [
            -73.9439064,
            40.845535
          ],
          [
            -73.9439551,
            40.845619
          ],
          [
            -73.9439927,
            40.8456783
          ],
          [
            -73.9439558,
            40.845704
          ],
          [
            -73.943914,
            40.8457315
          ],
          [
            -73.9439573,
            40.8457873
          ],
          [
            -73.9440124,
            40.8458366
          ],
          [
            -73.9441265,
            40.8459125
          ],
          [
            -73.9442244,
            40.8459914
          ],
          [
            -73.9443609,
            40.846116
          ],
          [
            -73.9445105,
            40.8462947
          ],
          [
            -73.9447841,
            40.846595
          ],
          [
            -73.9448278,
            40.8466192
          ],
          [
            -73.9448487,
            40.8466257
          ],
          [
            -73.9448754,
            40.8466278
          ],
          [
            -73.9449282,
            40.846623
          ],
          [
            -73.9449714,
            40.8466008
          ],
          [
            -73.945015,
            40.8465572
          ],
          [
            -73.9450283,
            40.8465173
          ],
          [
            -73.9450205,
            40.8464523
          ],
          [
            -73.9450199,
            40.8464253
          ],
          [
            -73.9449674,
            40.8464023
          ],
          [
            -73.9449008,
            40.8464085
          ],
          [
            -73.9447742,
            40.8464386
          ],
          [
            -73.9446534,
            40.8469053
          ],
          [
            -73.9446373,
            40.8471285
          ],
          [
            -73.9446427,
            40.8474572
          ],
          [
            -73.9445944,
            40.8477737
          ],
          [
            -73.9444603,
            40.8480619
          ],
          [
            -73.9443154,
            40.8482688
          ],
          [
            -73.944074,
            40.8485732
          ],
          [
            -73.9439989,
            40.8487923
          ],
          [
            -73.9439131,
            40.8489749
          ],
          [
            -73.9437843,
            40.849194
          ],
          [
            -73.9436529,
            40.8493543
          ],
          [
            -73.9434357,
            40.8495649
          ],
          [
            -73.9433914,
            40.8496084
          ],
          [
            -73.9433746,
            40.8496319
          ],
          [
            -73.9433626,
            40.8496549
          ],
          [
            -73.9433518,
            40.8496894
          ],
          [
            -73.9432872,
            40.8500652
          ],
          [
            -73.9432473,
            40.8503407
          ],
          [
            -73.9432442,
            40.8504002
          ],
          [
            -73.9432688,
            40.8504602
          ],
          [
            -73.9433042,
            40.8505168
          ],
          [
            -73.9433541,
            40.8505646
          ],
          [
            -73.9434375,
            40.850607
          ],
          [
            -73.943585,
            40.8506511
          ],
          [
            -73.9435668,
            40.8507151
          ],
          [
            -73.9435417,
            40.8507975
          ]
        ]
      }
    }
  ]
}
