{
  "type": "FeatureCollection",
  "features": [
    {
      "type": "Feature",
      "properties": {
        "scenario": "HARD - Randall's Island footbridge, edge of graph",
        "shape": "mix",
        "target_miles": 5.0,
        "distance_m": 8055.537330444457,
        "candidate_index": 0
      },
      "geometry": {
        "type": "LineString",
        "coordinates": [
          [
            -73.9319944,
            40.794214
          ],
          [
            -73.9323628,
            40.7943796
          ],
          [
            -73.9322363,
            40.7945498
          ],
          [
            -73.9323831,
            40.7946115
          ],
          [
            -73.9325294,
            40.794675
          ],
          [
            -73.9331016,
            40.7949135
          ],
          [
            -73.9331316,
            40.7949262
          ],
          [
            -73.9332581,
            40.7949764
          ],
          [
            -73.9333265,
            40.7950054
          ],
          [
            -73.9333547,
            40.7950181
          ],
          [
            -73.9353415,
            40.7958553
          ],
          [
            -73.9354753,
            40.7959118
          ],
          [
            -73.935623,
            40.7959741
          ],
          [
            -73.9377099,
            40.7968585
          ],
          [
            -73.9378432,
            40.7969176
          ],
          [
            -73.9379813,
            40.7969747
          ],
          [
            -73.9399596,
            40.7978058
          ],
          [
            -73.9400851,
            40.7978593
          ],
          [
            -73.9402278,
            40.797919
          ],
          [
            -73.9408481,
            40.7981877
          ],
          [
            -73.9413713,
            40.7984147
          ],
          [
            -73.9415905,
            40.798498
          ],
          [
            -73.9416938,
            40.7985348
          ],
          [
            -73.9417888,
            40.798575
          ],
          [
            -73.9431109,
            40.7991205
          ],
          [
            -73.94318,
            40.7991509
          ],
          [
            -73.9434397,
            40.7992656
          ],
          [
            -73.9435156,
            40.7992991
          ],
          [
            -73.9448158,
            40.7998496
          ],
          [
            -73.9449161,
            40.79989
          ],
          [
            -73.945036,
            40.7999383
          ],
          [
            -73.9464026,
            40.8005203
          ],
          [
            -73.9465287,
            40.8005733
          ],
          [
            -73.9466625,
            40.8006294
          ],
          [
            -73.9495748,
            40.8018729
          ],
          [
            -73.9496203,
            40.8018926
          ],
          [
            -73.9496736,
            40.8019164
          ],
          [
            -73.9497145,
            40.8019344
          ],
          [
            -73.9497668,
            40.8019574
          ],
          [
            -73.9498211,
            40.8019813
          ],
          [
            -73.9498778,
            40.8020062
          ],
          [
            -73.9499084,
            40.8020197
          ],
          [
            -73.9499274,
            40.8020281
          ],
          [
            -73.9515686,
            40.8027185
          ],
          [
            -73.952397,
            40.8030526
          ],
          [
            -73.9524349,
            40.803068
          ],
          [
            -73.9525071,
            40.8030999
          ],
          [
            -73.9526684,
            40.803171
          ],
          [
            -73.9527751,
            40.8032181
          ],
          [
            -73.9527877,
            40.8032233
          ],
          [
            -73.9553354,
            40.8042805
          ],
          [
            -73.9553637,
            40.8042929
          ],
          [
            -73.9554376,
            40.8043253
          ],
          [
            -73.9555238,
            40.804363
          ],
          [
            -73.955553,
            40.804375
          ],
          [
            -73.9567963,
            40.8049002
          ],
          [
            -73.9568268,
            40.8049134
          ],
          [
            -73.956893,
            40.804942
          ],
          [
            -73.9569675,
            40.8049742
          ],
          [
            -73.9569887,
            40.8049834
          ],
          [
            -73.9581259,
            40.8054667
          ],
          [
            -73.9581514,
            40.8054758
          ],
          [
            -73.9582431,
            40.8055156
          ],
          [
            -73.9583303,
            40.8055545
          ],
          [
            -73.9583623,
            40.8055611
          ],
          [
            -73.958389,
            40.8055766
          ],
          [
            -73.9584545,
            40.8056093
          ],
          [
            -73.9585071,
            40.8056323
          ],
          [
            -73.9585854,
            40.8056588
          ],
          [
            -73.9585665,
            40.8057266
          ],
          [
            -73.9585586,
            40.8057941
          ],
          [
            -73.9585413,
            40.8058539
          ],
          [
            -73.9585202,
            40.8059116
          ],
          [
            -73.9585469,
            40.8059973
          ],
          [
            -73.9585631,
            40.8060622
          ],
          [
            -73.9585743,
            40.8061134
          ],
          [
            -73.9585785,
            40.8061533
          ],
          [
            -73.958586,
            40.8061914
          ],
          [
            -73.9587085,
            40.8061802
          ],
          [
            -73.9588592,
            40.8061293
          ],
          [
            -73.9589269,
            40.8060566
          ],
          [
            -73.9589619,
            40.8060158
          ],
          [
            -73.9589561,
            40.8060097
          ],
          [
            -73.9589522,
            40.8059831
          ],
          [
            -73.9589538,
            40.8059283
          ],
          [
            -73.9589669,
            40.8058513
          ],
          [
            -73.9589649,
            40.8057454
          ],
          [
            -73.9591111,
            40.8057361
          ],
          [
            -73.9591877,
            40.8057735
          ],
          [
            -73.9592196,
            40.8057788
          ],
          [
            -73.959289,
            40.8056837
          ],
          [
            -73.9593088,
            40.8056565
          ],
          [
            -73.9593856,
            40.8056884
          ],
          [
            -73.9593806,
            40.8057172
          ],
          [
            -73.9592049,
            40.8059647
          ],
          [
            -73.9591598,
            40.8060261
          ],
          [
            -73.9592327,
            40.8060571
          ],
          [
            -73.9592594,
            40.8060677
          ],
          [
            -73.9593132,
            40.8059958
          ],
          [
            -73.9593598,
            40.8060101
          ],
          [
            -73.9594185,
            40.8060312
          ],
          [
            -73.959489,
            40.8060566
          ],
          [
            -73.9595159,
            40.8060679
          ],
          [
            -73.9609867,
            40.8066848
          ],
          [
            -73.9610242,
            40.8067004
          ],
          [
            -73.9611217,
            40.8067422
          ],
          [
            -73.9611978,
            40.8067749
          ],
          [
            -73.9612158,
            40.8067826
          ],
          [
            -73.9612359,
            40.8067912
          ],
          [
            -73.9612714,
            40.806806
          ],
          [
            -73.9613138,
            40.8068236
          ],
          [
            -73.9620099,
            40.8071136
          ],
          [
            -73.9620382,
            40.8071255
          ],
          [
            -73.9623814,
            40.8072684
          ],
          [
            -73.962502,
            40.8073187
          ],
          [
            -73.9626402,
            40.8073762
          ],
          [
            -73.9629631,
            40.8075108
          ],
          [
            -73.9630076,
            40.8075293
          ],
          [
            -73.9636802,
            40.8078095
          ],
          [
            -73.9637185,
            40.8078255
          ],
          [
            -73.9637603,
            40.8078429
          ],
          [
            -73.9638098,
            40.8078644
          ],
          [
            -73.9638708,
            40.8078886
          ],
          [
            -73.9639307,
            40.8079124
          ],
          [
            -73.9640041,
            40.8079415
          ],
          [
            -73.9640678,
            40.8079667
          ],
          [
            -73.9641365,
            40.807994
          ],
          [
            -73.9641699,
            40.8080085
          ],
          [
            -73.964871,
            40.8083013
          ],
          [
            -73.9650658,
            40.8083829
          ],
          [
            -73.9657701,
            40.8086777
          ],
          [
            -73.9658019,
            40.8086558
          ],
          [
            -73.9658396,
            40.8086299
          ],
          [
            -73.9658711,
            40.8086057
          ],
          [
            -73.9663267,
            40.8082302
          ],
          [
            -73.966427,
            40.8082699
          ],
          [
            -73.9665197,
            40.8083066
          ],
          [
            -73.966579,
            40.8083302
          ],
          [
            -73.9666864,
            40.8083033
          ],
          [
            -73.9668343,
            40.8083611
          ],
          [
            -73.9669537,
            40.8084116
          ],
          [
            -73.9670216,
            40.808345
          ],
          [
            -73.9670634,
            40.8083554
          ],
          [
            -73.9670976,
            40.808322
          ],
          [
            -73.9671774,
            40.8082302
          ],
          [
            -73.9672237,
            40.80816
          ],
          [
            -73.9672909,
            40.8081323
          ],
          [
            -73.9673422,
            40.8081197
          ],
          [
            -73.9674198,
            40.8081056
          ],
          [
            -73.967506,
            40.8081004
          ],
          [
            -73.9676215,
            40.8081051
          ],
          [
            -73.9677802,
            40.8080561
          ],
          [
            -73.9679204,
            40.8080071
          ],
          [
            -73.9680821,
            40.807943
          ],
          [
            -73.9682234,
            40.8078608
          ],
          [
            -73.9684105,
            40.807924
          ],
          [
            -73.968787,
            40.8073496
          ],
          [
            -73.9688373,
            40.8072611
          ],
          [
            -73.9692193,
            40.806584
          ],
          [
            -73.9698326,
            40.8054681
          ],
          [
            -73.9692193,
            40.806584
          ],
          [
            -73.9688373,
            40.8072611
          ],
          [
            -73.968787,
            40.8073496
          ],
          [
            -73.9684105,
            40.807924
          ],
          [
            -73.9682234,
            40.8078608
          ],
          [
            -73.9680821,
            40.807943
          ],
          [
            -73.9679204,
            40.8080071
          ],
          [
            -73.9677802,
            40.8080561
          ],
          [
            -73.9676215,
            40.8081051
          ],
          [
            -73.967506,
            40.8081004
          ],
          [
            -73.9674198,
            40.8081056
          ],
          [
            -73.9673422,
            40.8081197
          ],
          [
            -73.9672909,
            40.8081323
          ],
          [
            -73.9672237,
            40.80816
          ],
          [
            -73.9671774,
            40.8082302
          ],
          [
            -73.9670976,
            40.808322
          ],
          [
            -73.9670634,
            40.8083554
          ],
          [
            -73.9670216,
            40.808345
          ],
          [
            -73.9669537,
            40.8084116
          ],
          [
            -73.9668343,
            40.8083611
          ],
          [
            -73.9666864,
            40.8083033
          ],
          [
            -73.966579,
            40.8083302
          ],
          [
            -73.9665197,
            40.8083066
          ],
          [
            -73.966427,
            40.8082699
          ],
          [
            -73.9663267,
            40.8082302
          ],
          [
            -73.9658711,
            40.8086057
          ],
          [
            -73.9658396,
            40.8086299
          ],
          [
            -73.9658019,
            40.8086558
          ],
          [
            -73.9657701,
            40.8086777
          ],
          [
            -73.9650658,
            40.8083829
          ],
          [
            -73.964871,
            40.8083013
          ],
          [
            -73.9641699,
            40.8080085
          ],
          [
            -73.9641365,
            40.807994
          ],
          [
            -73.9640678,
            40.8079667
          ],
          [
            -73.9640041,
            40.8079415
          ],
          [
            -73.9639307,
            40.8079124
          ],
          [
            -73.9638708,
            40.8078886
          ],
          [
            -73.9638098,
            40.8078644
          ],
          [
            -73.9637603,
            40.8078429
          ],
          [
            -73.9637185,
            40.8078255
          ],
          [
            -73.9636802,
            40.8078095
          ],
          [
            -73.9630076,
            40.8075293
          ],
          [
            -73.9629631,
            40.8075108
          ],
          [
            -73.9626402,
            40.8073762
          ],
          [
            -73.962502,
            40.8073187
          ],
          [
            -73.9623814,
            40.8072684
          ],
          [
            -73.9620382,
            40.8071255
          ],
          [
            -73.9620099,
            40.8071136
          ],
          [
            -73.9613138,
            40.8068236
          ],
          [
            -73.9612714,
            40.806806
          ],
          [
            -73.9612359,
            40.8067912
          ],
          [
            -73.9612158,
            40.8067826
          ],
          [
            -73.9611978,
            40.8067749
          ],
          [
            -73.9611217,
            40.8067422
          ],
          [
            -73.9610242,
            40.8067004
          ],
          [
            -73.9609867,
            40.8066848
          ],
          [
            -73.9595159,
            40.8060679
          ],
          [
            -73.959489,
            40.8060566
          ],
          [
            -73.9594185,
            40.8060312
          ],
          [
            -73.9593598,
            40.8060101
          ],
          [
            -73.9593132,
            40.8059958
          ],
          [
            -73.9592594,
            40.8060677
          ],
          [
            -73.9592327,
            40.8060571
          ],
          [
            -73.9591598,
            40.8060261
          ],
          [
            -73.9592049,
            40.8059647
          ],
          [
            -73.9593806,
            40.8057172
          ],
          [
            -73.9593856,
            40.8056884
          ],
          [
            -73.9593088,
            40.8056565
          ],
          [
            -73.959289,
            40.8056837
          ],
          [
            -73.9592196,
            40.8057788
          ],
          [
            -73.9591877,
            40.8057735
          ],
          [
            -73.9591111,
            40.8057361
          ],
          [
            -73.9589649,
            40.8057454
          ],
          [
            -73.9589669,
            40.8058513
          ],
          [
            -73.9589538,
            40.8059283
          ],
          [
            -73.9589522,
            40.8059831
          ],
          [
            -73.9589561,
            40.8060097
          ],
          [
            -73.9589619,
            40.8060158
          ],
          [
            -73.9589269,
            40.8060566
          ],
          [
            -73.9588592,
            40.8061293
          ],
          [
            -73.9587085,
            40.8061802
          ],
          [
            -73.958586,
            40.8061914
          ],
          [
            -73.9585785,
            40.8061533
          ],
          [
            -73.9585743,
            40.8061134
          ],
          [
            -73.9585631,
            40.8060622
          ],
          [
            -73.9585469,
            40.8059973
          ],
          [
            -73.9585202,
            40.8059116
          ],
          [
            -73.9585413,
            40.8058539
          ],
          [
            -73.9585586,
            40.8057941
          ],
          [
            -73.9585665,
            40.8057266
          ],
          [
            -73.9585854,
            40.8056588
          ],
          [
            -73.9585071,
            40.8056323
          ],
          [
            -73.9584545,
            40.8056093
          ],
          [
            -73.958389,
            40.8055766
          ],
          [
            -73.9583623,
            40.8055611
          ],
          [
            -73.9583303,
            40.8055545
          ],
          [
            -73.9582431,
            40.8055156
          ],
          [
            -73.9581514,
            40.8054758
          ],
          [
            -73.9581259,
            40.8054667
          ],
          [
            -73.9569887,
            40.8049834
          ],
          [
            -73.9569675,
            40.8049742
          ],
          [
            -73.956893,
            40.804942
          ],
          [
            -73.9568268,
            40.8049134
          ],
          [
            -73.9567963,
            40.8049002
          ],
          [
            -73.955553,
            40.804375
          ],
          [
            -73.9555238,
            40.804363
          ],
          [
            -73.9554376,
            40.8043253
          ],
          [
            -73.9553637,
            40.8042929
          ],
          [
            -73.9553354,
            40.8042805
          ],
          [
            -73.9527877,
            40.8032233
          ],
          [
            -73.9527751,
            40.8032181
          ],
          [
            -73.9526684,
            40.803171
          ],
          [
            -73.9525071,
            40.8030999
          ],
          [
            -73.9524349,
            40.803068
          ],
          [
            -73.952397,
            40.8030526
          ],
          [
            -73.9515686,
            40.8027185
          ],
          [
            -73.9499274,
            40.8020281
          ],
          [
            -73.9499084,
            40.8020197
          ],
          [
            -73.9498778,
            40.8020062
          ],
          [
            -73.9498211,
            40.8019813
          ],
          [
            -73.9497668,
            40.8019574
          ],
          [
            -73.9497145,
            40.8019344
          ],
          [
            -73.9496736,
            40.8019164
          ],
          [
            -73.9496203,
            40.8018926
          ],
          [
            -73.9495748,
            40.8018729
          ],
          [
            -73.9466625,
            40.8006294
          ],
          [
            -73.9465287,
            40.8005733
          ],
          [
            -73.9464026,
            40.8005203
          ],
          [
            -73.945036,
            40.7999383
          ],
          [
            -73.9449161,
            40.79989
          ],
          [
            -73.9448158,
            40.7998496
          ],
          [
            -73.9435156,
            40.7992991
          ],
          [
            -73.9434397,
            40.7992656
          ],
          [
            -73.94318,
            40.7991509
          ],
          [
            -73.9431109,
            40.7991205
          ],
          [
            -73.9417888,
            40.798575
          ],
          [
            -73.9416938,
            40.7985348
          ],
          [
            -73.9415905,
            40.798498
          ],
          [
            -73.9413713,
            40.7984147
          ],
          [
            -73.9408481,
            40.7981877
          ],
          [
            -73.9402278,
            40.797919
          ],
          [
            -73.9400851,
            40.7978593
          ],
          [
            -73.9399596,
            40.7978058
          ],
          [
            -73.9379813,
            40.7969747
          ],
          [
            -73.9378432,
            40.7969176
          ],
          [
            -73.9377099,
            40.7968585
          ],
          [
            -73.935623,
            40.7959741
          ],
          [
            -73.9354753,
            40.7959118
          ],
          [
            -73.9353415,
            40.7958553
          ],
          [
            -73.9333547,
            40.7950181
          ],
          [
            -73.9333265,
            40.7950054
          ],
          [
            -73.9332581,
            40.7949764
          ],
          [
            -73.9331316,
            40.7949262
          ],
          [
            -73.9331016,
            40.7949135
          ],
          [
            -73.9325294,
            40.794675
          ],
          [
            -73.9323831,
            40.7946115
          ],
          [
            -73.9322363,
            40.7945498
          ],
          [
            -73.9323628,
            40.7943796
          ],
          [
            -73.9319944,
            40.794214
          ]
        ]
      }
    },
    {
      "type": "Feature",
      "properties": {
        "scenario": "HARD - Randall's Island footbridge, edge of graph",
        "shape": "mix",
        "target_miles": 5.0,
        "distance_m": 8034.267514654464,
        "candidate_index": 1
      },
      "geometry": {
        "type": "LineString",
        "coordinates": [
          [
            -73.9319944,
            40.794214
          ],
          [
            -73.9323628,
            40.7943796
          ],
          [
            -73.9324598,
            40.7942491
          ],
          [
            -73.9323628,
            40.7943796
          ],
          [
            -73.9319944,
            40.794214
          ],
          [
            -73.9323628,
            40.7943796
          ],
          [
            -73.9324598,
            40.7942491
          ],
          [
            -73.9328729,
            40.7936893
          ],
          [
            -73.9329838,
            40.7935442
          ],
          [
            -73.933133,
            40.7934584
          ],
          [
            -73.9332206,
            40.7935
          ],
          [
            -73.9332857,
            40.7933999
          ],
          [
            -73.933228,
            40.7933319
          ],
          [
            -73.9337834,
            40.793004
          ],
          [
            -73.934087,
            40.7928113
          ],
          [
            -73.9346824,
            40.7924154
          ],
          [
            -73.9352676,
            40.7920058
          ],
          [
            -73.9354036,
            40.7919148
          ],
          [
            -73.9354507,
            40.7919349
          ],
          [
            -73.9359896,
            40.7921648
          ],
          [
            -73.936623,
            40.7924361
          ],
          [
            -73.9366728,
            40.7923725
          ],
          [
            -73.9366868,
            40.7923529
          ],
          [
            -73.936722,
            40.7923061
          ],
          [
            -73.9367459,
            40.7922886
          ],
          [
            -73.9367796,
            40.7922637
          ],
          [
            -73.9368311,
            40.7921948
          ],
          [
            -73.9371647,
            40.7917482
          ],
          [
            -73.9371933,
            40.7917137
          ],
          [
            -73.9372372,
            40.7917062
          ],
          [
            -73.9381001,
            40.7920766
          ],
          [
            -73.9384865,
            40.7915629
          ],
          [
            -73.9385639,
            40.7914602
          ],
          [
            -73.9386872,
            40.7915081
          ],
          [
            -73.9387693,
            40.7913953
          ],
          [
            -73.938992,
            40.7911013
          ],
          [
            -73.9390334,
            40.7910383
          ],
          [
            -73.939064,
            40.7909972
          ],
          [
            -73.939132,
            40.790905
          ],
          [
            -73.9391868,
            40.7908301
          ],
          [
            -73.9395088,
            40.790389
          ],
          [
            -73.9395646,
            40.7904128
          ],
          [
            -73.9395913,
            40.790424
          ],
          [
            -73.939649,
            40.790446
          ],
          [
            -73.939742,
            40.79032
          ],
          [
            -73.9397574,
            40.7902999
          ],
          [
            -73.9400279,
            40.7904164
          ],
          [
            -73.9400553,
            40.7903812
          ],
          [
            -73.9402165,
            40.7904508
          ],
          [
            -73.9402609,
            40.7904699
          ],
          [
            -73.9404337,
            40.7905444
          ],
          [
            -73.9404667,
            40.7905586
          ],
          [
            -73.9405551,
            40.7904359
          ],
          [
            -73.9406082,
            40.7904571
          ],
          [
            -73.940664,
            40.7904726
          ],
          [
            -73.9407193,
            40.7904824
          ],
          [
            -73.9407429,
            40.7904846
          ],
          [
            -73.9408034,
            40.7904773
          ],
          [
            -73.9408507,
            40.7904792
          ],
          [
            -73.9408705,
            40.7904847
          ],
          [
            -73.9411386,
            40.7905946
          ],
          [
            -73.9414344,
            40.7907214
          ],
          [
            -73.9415717,
            40.7907805
          ],
          [
            -73.9417728,
            40.7907457
          ],
          [
            -73.9419272,
            40.7905368
          ],
          [
            -73.9422368,
            40.7906673
          ],
          [
            -73.9423062,
            40.7905734
          ],
          [
            -73.9423786,
            40.7904755
          ],
          [
            -73.9427615,
            40.7899572
          ],
          [
            -73.9428092,
            40.7898925
          ],
          [
            -73.9428434,
            40.789846
          ],
          [
            -73.9432243,
            40.7893277
          ],
          [
            -73.9432673,
            40.7892701
          ],
          [
            -73.9433043,
            40.7892189
          ],
          [
            -73.9433503,
            40.7892278
          ],
          [
            -73.9434488,
            40.789247
          ],
          [
            -73.9436034,
            40.7892754
          ],
          [
            -73.9439415,
            40.7888173
          ],
          [
            -73.9439986,
            40.78874
          ],
          [
            -73.9440291,
            40.7886986
          ],
          [
            -73.9444048,
            40.7881895
          ],
          [
            -73.9444629,
            40.7881058
          ],
          [
            -73.9445219,
            40.7880228
          ],
          [
            -73.9446591,
            40.7878333
          ],
          [
            -73.9448547,
            40.7875489
          ],
          [
            -73.9449272,
            40.7874509
          ],
          [
            -73.9451677,
            40.7871259
          ],
          [
            -73.9453193,
            40.7869209
          ],
          [
            -73.9453931,
            40.7868212
          ],
          [
            -73.9454292,
            40.7867723
          ],
          [
            -73.9455722,
            40.7865814
          ],
          [
            -73.9457768,
            40.7863025
          ],
          [
            -73.9458265,
            40.7862344
          ],
          [
            -73.9458747,
            40.7861684
          ],
          [
            -73.9463549,
            40.7863702
          ],
          [
            -73.9464363,
            40.7860652
          ],
          [
            -73.9469288,
            40.7861426
          ],
          [
            -73.94694,
            40.7861026
          ],
          [
            -73.9470424,
            40.7861204
          ],
          [
            -73.9470497,
            40.7860992
          ],
          [
            -73.9471832,
            40.7861192
          ],
          [
            -73.9471936,
            40.7860934
          ],
          [
            -73.9473576,
            40.7861261
          ],
          [
            -73.9478021,
            40.7860327
          ],
          [
            -73.9480111,
            40.7860512
          ],
          [
            -73.9481516,
            40.7857325
          ],
          [
            -73.948622,
            40.7859337
          ],
          [
            -73.9486519,
            40.7859392
          ],
          [
            -73.9487791,
            40.7859595
          ],
          [
            -73.9489095,
            40.7859804
          ],
          [
            -73.9489343,
            40.7859909
          ],
          [
            -73.9489475,
            40.7859729
          ],
          [
            -73.9489756,
            40.7859346
          ],
          [
            -73.9489998,
            40.7859015
          ],
          [
            -73.9490165,
            40.7858787
          ],
          [
            -73.9492537,
            40.7855551
          ],
          [
            -73.9492986,
            40.785573
          ],
          [
            -73.9493716,
            40.7855333
          ],
          [
            -73.9494096,
            40.785518
          ],
          [
            -73.94945,
            40.7855069
          ],
          [
            -73.949492,
            40.7854999
          ],
          [
            -73.9495348,
            40.7854974
          ],
          [
            -73.9495777,
            40.7854993
          ],
          [
            -73.9496723,
            40.7855134
          ],
          [
            -73.9496939,
            40.7854838
          ],
          [
            -73.9500372,
            40.7856262
          ],
          [
            -73.9500853,
            40.7856462
          ],
          [
            -73.950108,
            40.7856556
          ],
          [
            -73.9501314,
            40.7856653
          ],
          [
            -73.9501763,
            40.7856839
          ],
          [
            -73.9506822,
            40.7858937
          ],
          [
            -73.9507593,
            40.7859257
          ],
          [
            -73.9507816,
            40.7859349
          ],
          [
            -73.9508584,
            40.7859669
          ],
          [
            -73.9509305,
            40.7859967
          ],
          [
            -73.9509575,
            40.7860079
          ],
          [
            -73.9509766,
            40.7859841
          ],
          [
            -73.9510303,
            40.7859175
          ],
          [
            -73.9510884,
            40.7858453
          ],
          [
            -73.9511106,
            40.7858164
          ],
          [
            -73.9512697,
            40.7858973
          ],
          [
            -73.9524241,
            40.7863679
          ],
          [
            -73.9528083,
            40.7858537
          ],
          [
            -73.9528489,
            40.7857999
          ],
          [
            -73.9528932,
            40.7857411
          ],
          [
            -73.9532664,
            40.7852246
          ],
          [
            -73.9533797,
            40.7852721
          ],
          [
            -73.9534339,
            40.7852948
          ],
          [
            -73.9534964,
            40.7853211
          ],
          [
            -73.9535614,
            40.7853483
          ],
          [
            -73.9536647,
            40.7853916
          ],
          [
            -73.954437,
            40.7857129
          ],
          [
            -73.9549709,
            40.785934
          ],
          [
            -73.9550096,
            40.7858814
          ],
          [
            -73.9550454,
            40.7858327
          ],
          [
            -73.9551507,
            40.7858744
          ],
          [
            -73.9552601,
            40.785918
          ],
          [
            -73.9556366,
            40.7854083
          ],
          [
            -73.9556441,
            40.7853971
          ],
          [
            -73.9556801,
            40.785343
          ],
          [
            -73.9557187,
            40.7852899
          ],
          [
            -73.9561055,
            40.7847731
          ],
          [
            -73.9561187,
            40.7847552
          ],
          [
            -73.9561462,
            40.7847174
          ],
          [
            -73.9561716,
            40.7846826
          ],
          [
            -73.9561839,
            40.7846658
          ],
          [
            -73.956558,
            40.7841493
          ],
          [
            -73.9565686,
            40.7841344
          ],
          [
            -73.9565938,
            40.7841004
          ],
          [
            -73.9566183,
            40.7840644
          ],
          [
            -73.9566345,
            40.7840413
          ],
          [
            -73.9570212,
            40.7835229
          ],
          [
            -73.9570299,
            40.7835115
          ],
          [
            -73.9570661,
            40.7834639
          ],
          [
            -73.9570879,
            40.7834354
          ],
          [
            -73.9571036,
            40.7834148
          ],
          [
            -73.9584972,
            40.7839972
          ],
          [
            -73.958603,
            40.7840229
          ],
          [
            -73.9587288,
            40.7840585
          ],
          [
            -73.9587367,
            40.784078
          ],
          [
            -73.95876,
            40.7840952
          ],
          [
            -73.9588449,
            40.7841106
          ],
          [
            -73.9589653,
            40.7839526
          ],
          [
            -73.9591713,
            40.7836708
          ],
          [
            -73.9593829,
            40.7833891
          ],
          [
            -73.9595703,
            40.7831298
          ],
          [
            -73.9597308,
            40.7829085
          ],
          [
            -73.9598793,
            40.7827005
          ],
          [
            -73.9600138,
            40.7825207
          ],
          [
            -73.9602003,
            40.7822705
          ],
          [
            -73.9602755,
            40.7821659
          ],
          [
            -73.9603525,
            40.7820555
          ],
          [
            -73.960436,
            40.7819445
          ],
          [
            -73.9605891,
            40.7817597
          ],
          [
            -73.9606262,
            40.7817148
          ],
          [
            -73.9606652,
            40.7816775
          ],
          [
            -73.9607181,
            40.7816438
          ],
          [
            -73.9607868,
            40.7816052
          ],
          [
            -73.9608554,
            40.78157
          ],
          [
            -73.9609148,
            40.781537
          ],
          [
            -73.9609946,
            40.7815152
          ],
          [
            -73.9610549,
            40.7814963
          ],
          [
            -73.9611227,
            40.781478
          ],
          [
            -73.9611969,
            40.7814618
          ],
          [
            -73.9612628,
            40.7814513
          ],
          [
            -73.9613222,
            40.7814457
          ],
          [
            -73.9613955,
            40.7814429
          ],
          [
            -73.9614725,
            40.7814429
          ],
          [
            -73.9615467,
            40.7814422
          ],
          [
            -73.9616198,
            40.781446
          ],
          [
            -73.9617889,
            40.781471
          ],
          [
            -73.9621072,
            40.7815195
          ],
          [
            -73.9622035,
            40.7815327
          ],
          [
            -73.962492,
            40.7815715
          ],
          [
            -73.9625323,
            40.7815774
          ],
          [
            -73.9625984,
            40.7815714
          ],
          [
            -73.9626894,
            40.781559
          ],
          [
            -73.9629021,
            40.7815005
          ],
          [
            -73.9631474,
            40.781438
          ],
          [
            -73.9633311,
            40.7813838
          ],
          [
            -73.9634721,
            40.781334
          ],
          [
            -73.9634953,
            40.7813192
          ],
          [
            -73.9635248,
            40.781292
          ],
          [
            -73.9635062,
            40.7812022
          ],
          [
            -73.9635248,
            40.781292
          ],
          [
            -73.9634953,
            40.7813192
          ],
          [
            -73.9634721,
            40.781334
          ],
          [
            -73.9633311,
            40.7813838
          ],
          [
            -73.9631474,
            40.781438
          ],
          [
            -73.9629021,
            40.7815005
          ],
          [
            -73.9626894,
            40.781559
          ],
          [
            -73.9625984,
            40.7815714
          ],
          [
            -73.9625323,
            40.7815774
          ],
          [
            -73.962492,
            40.7815715
          ],
          [
            -73.9622035,
            40.7815327
          ],
          [
            -73.9621072,
            40.7815195
          ],
          [
            -73.9617889,
            40.781471
          ],
          [
            -73.9616198,
            40.781446
          ],
          [
            -73.9615467,
            40.7814422
          ],
          [
            -73.9614725,
            40.7814429
          ],
          [
            -73.9613955,
            40.7814429
          ],
          [
            -73.9613222,
            40.7814457
          ],
          [
            -73.9612628,
            40.7814513
          ],
          [
            -73.9611969,
            40.7814618
          ],
          [
            -73.9611227,
            40.781478
          ],
          [
            -73.9610549,
            40.7814963
          ],
          [
            -73.9609946,
            40.7815152
          ],
          [
            -73.9609148,
            40.781537
          ],
          [
            -73.9608554,
            40.78157
          ],
          [
            -73.9607868,
            40.7816052
          ],
          [
            -73.9607181,
            40.7816438
          ],
          [
            -73.9606652,
            40.7816775
          ],
          [
            -73.9606262,
            40.7817148
          ],
          [
            -73.9605891,
            40.7817597
          ],
          [
            -73.960436,
            40.7819445
          ],
          [
            -73.9603525,
            40.7820555
          ],
          [
            -73.9602755,
            40.7821659
          ],
          [
            -73.9602003,
            40.7822705
          ],
          [
            -73.9600138,
            40.7825207
          ],
          [
            -73.9598793,
            40.7827005
          ],
          [
            -73.9597308,
            40.7829085
          ],
          [
            -73.9595703,
            40.7831298
          ],
          [
            -73.9593829,
            40.7833891
          ],
          [
            -73.9591713,
            40.7836708
          ],
          [
            -73.9589653,
            40.7839526
          ],
          [
            -73.9588449,
            40.7841106
          ],
          [
            -73.95876,
            40.7840952
          ],
          [
            -73.9587367,
            40.784078
          ],
          [
            -73.9587288,
            40.7840585
          ],
          [
            -73.958603,
            40.7840229
          ],
          [
            -73.9584972,
            40.7839972
          ],
          [
            -73.9571036,
            40.7834148
          ],
          [
            -73.9570879,
            40.7834354
          ],
          [
            -73.9570661,
            40.7834639
          ],
          [
            -73.9570299,
            40.7835115
          ],
          [
            -73.9570212,
            40.7835229
          ],
          [
            -73.9566345,
            40.7840413
          ],
          [
            -73.9566183,
            40.7840644
          ],
          [
            -73.9565938,
            40.7841004
          ],
          [
            -73.9565686,
            40.7841344
          ],
          [
            -73.956558,
            40.7841493
          ],
          [
            -73.9561839,
            40.7846658
          ],
          [
            -73.9561716,
            40.7846826
          ],
          [
            -73.9561462,
            40.7847174
          ],
          [
            -73.9561187,
            40.7847552
          ],
          [
            -73.9561055,
            40.7847731
          ],
          [
            -73.9557187,
            40.7852899
          ],
          [
            -73.9556801,
            40.785343
          ],
          [
            -73.9556441,
            40.7853971
          ],
          [
            -73.9556366,
            40.7854083
          ],
          [
            -73.9552601,
            40.785918
          ],
          [
            -73.9551507,
            40.7858744
          ],
          [
            -73.9550454,
            40.7858327
          ],
          [
            -73.9550096,
            40.7858814
          ],
          [
            -73.9549709,
            40.785934
          ],
          [
            -73.954437,
            40.7857129
          ],
          [
            -73.9536647,
            40.7853916
          ],
          [
            -73.9535614,
            40.7853483
          ],
          [
            -73.9534964,
            40.7853211
          ],
          [
            -73.9534339,
            40.7852948
          ],
          [
            -73.9533797,
            40.7852721
          ],
          [
            -73.9532664,
            40.7852246
          ],
          [
            -73.9528932,
            40.7857411
          ],
          [
            -73.9528489,
            40.7857999
          ],
          [
            -73.9528083,
            40.7858537
          ],
          [
            -73.9524241,
            40.7863679
          ],
          [
            -73.9512697,
            40.7858973
          ],
          [
            -73.9511106,
            40.7858164
          ],
          [
            -73.9510884,
            40.7858453
          ],
          [
            -73.9510303,
            40.7859175
          ],
          [
            -73.9509766,
            40.7859841
          ],
          [
            -73.9509575,
            40.7860079
          ],
          [
            -73.9509305,
            40.7859967
          ],
          [
            -73.9508584,
            40.7859669
          ],
          [
            -73.9507816,
            40.7859349
          ],
          [
            -73.9507593,
            40.7859257
          ],
          [
            -73.9506822,
            40.7858937
          ],
          [
            -73.9501763,
            40.7856839
          ],
          [
            -73.9501314,
            40.7856653
          ],
          [
            -73.950108,
            40.7856556
          ],
          [
            -73.9500853,
            40.7856462
          ],
          [
            -73.9500372,
            40.7856262
          ],
          [
            -73.9496939,
            40.7854838
          ],
          [
            -73.9496723,
            40.7855134
          ],
          [
            -73.9495777,
            40.7854993
          ],
          [
            -73.9495348,
            40.7854974
          ],
          [
            -73.949492,
            40.7854999
          ],
          [
            -73.94945,
            40.7855069
          ],
          [
            -73.9494096,
            40.785518
          ],
          [
            -73.9493716,
            40.7855333
          ],
          [
            -73.9492986,
            40.785573
          ],
          [
            -73.9492537,
            40.7855551
          ],
          [
            -73.9490165,
            40.7858787
          ],
          [
            -73.9489998,
            40.7859015
          ],
          [
            -73.9489756,
            40.7859346
          ],
          [
            -73.9489475,
            40.7859729
          ],
          [
            -73.9489343,
            40.7859909
          ],
          [
            -73.9489095,
            40.7859804
          ],
          [
            -73.9487791,
            40.7859595
          ],
          [
            -73.9486519,
            40.7859392
          ],
          [
            -73.948622,
            40.7859337
          ],
          [
            -73.9481516,
            40.7857325
          ],
          [
            -73.9480111,
            40.7860512
          ],
          [
            -73.9478021,
            40.7860327
          ],
          [
            -73.9473576,
            40.7861261
          ],
          [
            -73.9471936,
            40.7860934
          ],
          [
            -73.9471832,
            40.7861192
          ],
          [
            -73.9470497,
            40.7860992
          ],
          [
            -73.9470424,
            40.7861204
          ],
          [
            -73.94694,
            40.7861026
          ],
          [
            -73.9469288,
            40.7861426
          ],
          [
            -73.9464363,
            40.7860652
          ],
          [
            -73.9463549,
            40.7863702
          ],
          [
            -73.9458747,
            40.7861684
          ],
          [
            -73.9458265,
            40.7862344
          ],
          [
            -73.9457768,
            40.7863025
          ],
          [
            -73.9455722,
            40.7865814
          ],
          [
            -73.9454292,
            40.7867723
          ],
          [
            -73.9453931,
            40.7868212
          ],
          [
            -73.9453193,
            40.7869209
          ],
          [
            -73.9451677,
            40.7871259
          ],
          [
            -73.9449272,
            40.7874509
          ],
          [
            -73.9448547,
            40.7875489
          ],
          [
            -73.9446591,
            40.7878333
          ],
          [
            -73.9445219,
            40.7880228
          ],
          [
            -73.9444629,
            40.7881058
          ],
          [
            -73.9444048,
            40.7881895
          ],
          [
            -73.9440291,
            40.7886986
          ],
          [
            -73.9439986,
            40.78874
          ],
          [
            -73.9439415,
            40.7888173
          ],
          [
            -73.9436034,
            40.7892754
          ],
          [
            -73.9434488,
            40.789247
          ],
          [
            -73.9433503,
            40.7892278
          ],
          [
            -73.9433043,
            40.7892189
          ],
          [
            -73.9432673,
            40.7892701
          ],
          [
            -73.9432243,
            40.7893277
          ],
          [
            -73.9428434,
            40.789846
          ],
          [
            -73.9428092,
            40.7898925
          ],
          [
            -73.9427615,
            40.7899572
          ],
          [
            -73.9423786,
            40.7904755
          ],
          [
            -73.9423062,
            40.7905734
          ],
          [
            -73.9422368,
            40.7906673
          ],
          [
            -73.9419272,
            40.7905368
          ],
          [
            -73.9417728,
            40.7907457
          ],
          [
            -73.9415717,
            40.7907805
          ],
          [
            -73.9414344,
            40.7907214
          ],
          [
            -73.9411386,
            40.7905946
          ],
          [
            -73.9408705,
            40.7904847
          ],
          [
            -73.9408507,
            40.7904792
          ],
          [
            -73.9408034,
            40.7904773
          ],
          [
            -73.9407429,
            40.7904846
          ],
          [
            -73.9407193,
            40.7904824
          ],
          [
            -73.940664,
            40.7904726
          ],
          [
            -73.9406082,
            40.7904571
          ],
          [
            -73.9405551,
            40.7904359
          ],
          [
            -73.9404667,
            40.7905586
          ],
          [
            -73.9404337,
            40.7905444
          ],
          [
            -73.9402609,
            40.7904699
          ],
          [
            -73.9402165,
            40.7904508
          ],
          [
            -73.9400553,
            40.7903812
          ],
          [
            -73.9400279,
            40.7904164
          ],
          [
            -73.9397574,
            40.7902999
          ],
          [
            -73.939742,
            40.79032
          ],
          [
            -73.939649,
            40.790446
          ],
          [
            -73.9395913,
            40.790424
          ],
          [
            -73.9395646,
            40.7904128
          ],
          [
            -73.9395088,
            40.790389
          ],
          [
            -73.9391868,
            40.7908301
          ],
          [
            -73.939132,
            40.790905
          ],
          [
            -73.939064,
            40.7909972
          ],
          [
            -73.9390334,
            40.7910383
          ],
          [
            -73.938992,
            40.7911013
          ],
          [
            -73.9387693,
            40.7913953
          ],
          [
            -73.9386872,
            40.7915081
          ],
          [
            -73.9385639,
            40.7914602
          ],
          [
            -73.9384865,
            40.7915629
          ],
          [
            -73.9381001,
            40.7920766
          ],
          [
            -73.9372372,
            40.7917062
          ],
          [
            -73.9371933,
            40.7917137
          ],
          [
            -73.9371647,
            40.7917482
          ],
          [
            -73.9368311,
            40.7921948
          ],
          [
            -73.9367796,
            40.7922637
          ],
          [
            -73.9367459,
            40.7922886
          ],
          [
            -73.936722,
            40.7923061
          ],
          [
            -73.9366868,
            40.7923529
          ],
          [
            -73.9366728,
            40.7923725
          ],
          [
            -73.936623,
            40.7924361
          ],
          [
            -73.9359896,
            40.7921648
          ],
          [
            -73.9354507,
            40.7919349
          ],
          [
            -73.9354036,
            40.7919148
          ],
          [
            -73.9352676,
            40.7920058
          ],
          [
            -73.9346824,
            40.7924154
          ],
          [
            -73.934087,
            40.7928113
          ],
          [
            -73.9337834,
            40.793004
          ],
          [
            -73.933228,
            40.7933319
          ],
          [
            -73.9332857,
            40.7933999
          ],
          [
            -73.9332206,
            40.7935
          ],
          [
            -73.933133,
            40.7934584
          ],
          [
            -73.9329838,
            40.7935442
          ],
          [
            -73.9328729,
            40.7936893
          ],
          [
            -73.9324598,
            40.7942491
          ],
          [
            -73.9323628,
            40.7943796
          ],
          [
            -73.9319944,
            40.794214
          ]
        ]
      }
    },
    {
      "type": "Feature",
      "properties": {
        "scenario": "HARD - Randall's Island footbridge, edge of graph",
        "shape": "mix",
        "target_miles": 5.0,
        "distance_m": 8059.891199880787,
        "candidate_index": 2
      },
      "geometry": {
        "type": "LineString",
        "coordinates": [
          [
            -73.9319944,
            40.794214
          ],
          [
            -73.9323628,
            40.7943796
          ],
          [
            -73.9324598,
            40.7942491
          ],
          [
            -73.9326847,
            40.7943434
          ],
          [
            -73.9324598,
            40.7942491
          ],
          [
            -73.9323628,
            40.7943796
          ],
          [
            -73.9319944,
            40.794214
          ],
          [
            -73.9323628,
            40.7943796
          ],
          [
            -73.9324598,
            40.7942491
          ],
          [
            -73.9328729,
            40.7936893
          ],
          [
            -73.9329838,
            40.7935442
          ],
          [
            -73.933133,
            40.7934584
          ],
          [
            -73.9332206,
            40.7935
          ],
          [
            -73.9332857,
            40.7933999
          ],
          [
            -73.933228,
            40.7933319
          ],
          [
            -73.9337834,
            40.793004
          ],
          [
            -73.934087,
            40.7928113
          ],
          [
            -73.9346824,
            40.7924154
          ],
          [
            -73.9352676,
            40.7920058
          ],
          [
            -73.9354036,
            40.7919148
          ],
          [
            -73.9354507,
            40.7919349
          ],
          [
            -73.9359896,
            40.7921648
          ],
          [
            -73.936623,
            40.7924361
          ],
          [
            -73.9366728,
            40.7923725
          ],
          [
            -73.9366868,
            40.7923529
          ],
          [
            -73.936722,
            40.7923061
          ],
          [
            -73.9367459,
            40.7922886
          ],
          [
            -73.9367796,
            40.7922637
          ],
          [
            -73.9368311,
            40.7921948
          ],
          [
            -73.9371647,
            40.7917482
          ],
          [
            -73.9371933,
            40.7917137
          ],
          [
            -73.9372372,
            40.7917062
          ],
          [
            -73.9381001,
            40.7920766
          ],
          [
            -73.9384865,
            40.7915629
          ],
          [
            -73.9385639,
            40.7914602
          ],
          [
            -73.9386872,
            40.7915081
          ],
          [
            -73.9387693,
            40.7913953
          ],
          [
            -73.938992,
            40.7911013
          ],
          [
            -73.9390334,
            40.7910383
          ],
          [
            -73.939064,
            40.7909972
          ],
          [
            -73.939132,
            40.790905
          ],
          [
            -73.9391868,
            40.7908301
          ],
          [
            -73.9395088,
            40.790389
          ],
          [
            -73.9395646,
            40.7904128
          ],
          [
            -73.9395913,
            40.790424
          ],
          [
            -73.939649,
            40.790446
          ],
          [
            -73.939742,
            40.79032
          ],
          [
            -73.9397574,
            40.7902999
          ],
          [
            -73.9400279,
            40.7904164
          ],
          [
            -73.9400553,
            40.7903812
          ],
          [
            -73.9402165,
            40.7904508
          ],
          [
            -73.9402609,
            40.7904699
          ],
          [
            -73.9404337,
            40.7905444
          ],
          [
            -73.9404667,
            40.7905586
          ],
          [
            -73.9405551,
            40.7904359
          ],
          [
            -73.9406082,
            40.7904571
          ],
          [
            -73.940664,
            40.7904726
          ],
          [
            -73.9407193,
            40.7904824
          ],
          [
            -73.9407429,
            40.7904846
          ],
          [
            -73.9408034,
            40.7904773
          ],
          [
            -73.9408507,
            40.7904792
          ],
          [
            -73.9408705,
            40.7904847
          ],
          [
            -73.9411386,
            40.7905946
          ],
          [
            -73.9414344,
            40.7907214
          ],
          [
            -73.9415717,
            40.7907805
          ],
          [
            -73.9417728,
            40.7907457
          ],
          [
            -73.9419272,
            40.7905368
          ],
          [
            -73.9422368,
            40.7906673
          ],
          [
            -73.9423062,
            40.7905734
          ],
          [
            -73.9423786,
            40.7904755
          ],
          [
            -73.9427615,
            40.7899572
          ],
          [
            -73.9428092,
            40.7898925
          ],
          [
            -73.9428434,
            40.789846
          ],
          [
            -73.9432243,
            40.7893277
          ],
          [
            -73.9432673,
            40.7892701
          ],
          [
            -73.9433043,
            40.7892189
          ],
          [
            -73.9433503,
            40.7892278
          ],
          [
            -73.9434488,
            40.789247
          ],
          [
            -73.9436034,
            40.7892754
          ],
          [
            -73.9439415,
            40.7888173
          ],
          [
            -73.9439986,
            40.78874
          ],
          [
            -73.9440291,
            40.7886986
          ],
          [
            -73.9444048,
            40.7881895
          ],
          [
            -73.9444629,
            40.7881058
          ],
          [
            -73.9445219,
            40.7880228
          ],
          [
            -73.9446591,
            40.7878333
          ],
          [
            -73.9448547,
            40.7875489
          ],
          [
            -73.9449272,
            40.7874509
          ],
          [
            -73.9451677,
            40.7871259
          ],
          [
            -73.9453193,
            40.7869209
          ],
          [
            -73.9453931,
            40.7868212
          ],
          [
            -73.9454292,
            40.7867723
          ],
          [
            -73.9455722,
            40.7865814
          ],
          [
            -73.9457768,
            40.7863025
          ],
          [
            -73.9458265,
            40.7862344
          ],
          [
            -73.9458747,
            40.7861684
          ],
          [
            -73.9463549,
            40.7863702
          ],
          [
            -73.9464363,
            40.7860652
          ],
          [
            -73.9469288,
            40.7861426
          ],
          [
            -73.94694,
            40.7861026
          ],
          [
            -73.9470424,
            40.7861204
          ],
          [
            -73.9470497,
            40.7860992
          ],
          [
            -73.9471832,
            40.7861192
          ],
          [
            -73.9471936,
            40.7860934
          ],
          [
            -73.9473576,
            40.7861261
          ],
          [
            -73.9478021,
            40.7860327
          ],
          [
            -73.9480111,
            40.7860512
          ],
          [
            -73.9481516,
            40.7857325
          ],
          [
            -73.948622,
            40.7859337
          ],
          [
            -73.9486519,
            40.7859392
          ],
          [
            -73.9487791,
            40.7859595
          ],
          [
            -73.9489095,
            40.7859804
          ],
          [
            -73.9489343,
            40.7859909
          ],
          [
            -73.9489475,
            40.7859729
          ],
          [
            -73.9489756,
            40.7859346
          ],
          [
            -73.9489998,
            40.7859015
          ],
          [
            -73.9490165,
            40.7858787
          ],
          [
            -73.9492537,
            40.7855551
          ],
          [
            -73.9492986,
            40.785573
          ],
          [
            -73.9493716,
            40.7855333
          ],
          [
            -73.9494096,
            40.785518
          ],
          [
            -73.94945,
            40.7855069
          ],
          [
            -73.949492,
            40.7854999
          ],
          [
            -73.9495348,
            40.7854974
          ],
          [
            -73.9495777,
            40.7854993
          ],
          [
            -73.9496723,
            40.7855134
          ],
          [
            -73.9496939,
            40.7854838
          ],
          [
            -73.9500372,
            40.7856262
          ],
          [
            -73.9500853,
            40.7856462
          ],
          [
            -73.950108,
            40.7856556
          ],
          [
            -73.9501314,
            40.7856653
          ],
          [
            -73.9501763,
            40.7856839
          ],
          [
            -73.9506822,
            40.7858937
          ],
          [
            -73.9507593,
            40.7859257
          ],
          [
            -73.9507816,
            40.7859349
          ],
          [
            -73.9508584,
            40.7859669
          ],
          [
            -73.9509305,
            40.7859967
          ],
          [
            -73.9509575,
            40.7860079
          ],
          [
            -73.9509766,
            40.7859841
          ],
          [
            -73.9510303,
            40.7859175
          ],
          [
            -73.9510884,
            40.7858453
          ],
          [
            -73.9511106,
            40.7858164
          ],
          [
            -73.9512697,
            40.7858973
          ],
          [
            -73.9524241,
            40.7863679
          ],
          [
            -73.9528083,
            40.7858537
          ],
          [
            -73.9528489,
            40.7857999
          ],
          [
            -73.9528932,
            40.7857411
          ],
          [
            -73.9532664,
            40.7852246
          ],
          [
            -73.9533797,
            40.7852721
          ],
          [
            -73.9534339,
            40.7852948
          ],
          [
            -73.9534964,
            40.7853211
          ],
          [
            -73.9535614,
            40.7853483
          ],
          [
            -73.9536647,
            40.7853916
          ],
          [
            -73.954437,
            40.7857129
          ],
          [
            -73.9549709,
            40.785934
          ],
          [
            -73.9550096,
            40.7858814
          ],
          [
            -73.9550454,
            40.7858327
          ],
          [
            -73.9551507,
            40.7858744
          ],
          [
            -73.9552601,
            40.785918
          ],
          [
            -73.9556366,
            40.7854083
          ],
          [
            -73.9556441,
            40.7853971
          ],
          [
            -73.9556801,
            40.785343
          ],
          [
            -73.9557187,
            40.7852899
          ],
          [
            -73.9561055,
            40.7847731
          ],
          [
            -73.9561187,
            40.7847552
          ],
          [
            -73.9561462,
            40.7847174
          ],
          [
            -73.9561716,
            40.7846826
          ],
          [
            -73.9561839,
            40.7846658
          ],
          [
            -73.956558,
            40.7841493
          ],
          [
            -73.9565686,
            40.7841344
          ],
          [
            -73.9565938,
            40.7841004
          ],
          [
            -73.9566183,
            40.7840644
          ],
          [
            -73.9566345,
            40.7840413
          ],
          [
            -73.9570212,
            40.7835229
          ],
          [
            -73.9570299,
            40.7835115
          ],
          [
            -73.9570661,
            40.7834639
          ],
          [
            -73.9570879,
            40.7834354
          ],
          [
            -73.9571036,
            40.7834148
          ],
          [
            -73.9584972,
            40.7839972
          ],
          [
            -73.958603,
            40.7840229
          ],
          [
            -73.9587288,
            40.7840585
          ],
          [
            -73.9587367,
            40.784078
          ],
          [
            -73.95876,
            40.7840952
          ],
          [
            -73.9588449,
            40.7841106
          ],
          [
            -73.958883,
            40.7841222
          ],
          [
            -73.9589292,
            40.7841356
          ],
          [
            -73.9590659,
            40.7839495
          ],
          [
            -73.96057,
            40.7819025
          ],
          [
            -73.9606117,
            40.7818529
          ],
          [
            -73.9606491,
            40.7818084
          ],
          [
            -73.9606924,
            40.781766
          ],
          [
            -73.9607495,
            40.7817209
          ],
          [
            -73.9608072,
            40.7816787
          ],
          [
            -73.9608873,
            40.781636
          ],
          [
            -73.9609629,
            40.7816021
          ],
          [
            -73.9610474,
            40.7815712
          ],
          [
            -73.9611312,
            40.781546
          ],
          [
            -73.9612014,
            40.7815288
          ],
          [
            -73.9612878,
            40.7815166
          ],
          [
            -73.9613803,
            40.7815097
          ],
          [
            -73.9614631,
            40.7815071
          ],
          [
            -73.9615569,
            40.7815099
          ],
          [
            -73.9616636,
            40.7815201
          ],
          [
            -73.96176,
            40.7815304
          ],
          [
            -73.9622476,
            40.7816043
          ],
          [
            -73.9623809,
            40.7816198
          ],
          [
            -73.9624733,
            40.7816261
          ],
          [
            -73.9625606,
            40.781624
          ],
          [
            -73.9626434,
            40.7816142
          ],
          [
            -73.9627223,
            40.7815989
          ],
          [
            -73.9629601,
            40.7815442
          ],
          [
            -73.963186,
            40.7814869
          ],
          [
            -73.9633075,
            40.7814525
          ],
          [
            -73.963404,
            40.7814208
          ],
          [
            -73.963485,
            40.7813884
          ],
          [
            -73.9635759,
            40.7813491
          ],
          [
            -73.963485,
            40.7813884
          ],
          [
            -73.963404,
            40.7814208
          ],
          [
            -73.9633075,
            40.7814525
          ],
          [
            -73.963186,
            40.7814869
          ],
          [
            -73.9629601,
            40.7815442
          ],
          [
            -73.9627223,
            40.7815989
          ],
          [
            -73.9626434,
            40.7816142
          ],
          [
            -73.9625606,
            40.781624
          ],
          [
            -73.9624733,
            40.7816261
          ],
          [
            -73.9623809,
            40.7816198
          ],
          [
            -73.9622476,
            40.7816043
          ],
          [
            -73.96176,
            40.7815304
          ],
          [
            -73.9616636,
            40.7815201
          ],
          [
            -73.9615569,
            40.7815099
          ],
          [
            -73.9614631,
            40.7815071
          ],
          [
            -73.9613803,
            40.7815097
          ],
          [
            -73.9612878,
            40.7815166
          ],
          [
            -73.9612014,
            40.7815288
          ],
          [
            -73.9611312,
            40.781546
          ],
          [
            -73.9610474,
            40.7815712
          ],
          [
            -73.9609629,
            40.7816021
          ],
          [
            -73.9608873,
            40.781636
          ],
          [
            -73.9608072,
            40.7816787
          ],
          [
            -73.9607495,
            40.7817209
          ],
          [
            -73.9606924,
            40.781766
          ],
          [
            -73.9606491,
            40.7818084
          ],
          [
            -73.9606117,
            40.7818529
          ],
          [
            -73.96057,
            40.7819025
          ],
          [
            -73.9590659,
            40.7839495
          ],
          [
            -73.9589292,
            40.7841356
          ],
          [
            -73.958883,
            40.7841222
          ],
          [
            -73.9588449,
            40.7841106
          ],
          [
            -73.95876,
            40.7840952
          ],
          [
            -73.9587367,
            40.784078
          ],
          [
            -73.9587288,
            40.7840585
          ],
          [
            -73.958603,
            40.7840229
          ],
          [
            -73.9584972,
            40.7839972
          ],
          [
            -73.9571036,
            40.7834148
          ],
          [
            -73.9570879,
            40.7834354
          ],
          [
            -73.9570661,
            40.7834639
          ],
          [
            -73.9570299,
            40.7835115
          ],
          [
            -73.9570212,
            40.7835229
          ],
          [
            -73.9566345,
            40.7840413
          ],
          [
            -73.9566183,
            40.7840644
          ],
          [
            -73.9565938,
            40.7841004
          ],
          [
            -73.9565686,
            40.7841344
          ],
          [
            -73.956558,
            40.7841493
          ],
          [
            -73.9561839,
            40.7846658
          ],
          [
            -73.9561716,
            40.7846826
          ],
          [
            -73.9561462,
            40.7847174
          ],
          [
            -73.9561187,
            40.7847552
          ],
          [
            -73.9561055,
            40.7847731
          ],
          [
            -73.9557187,
            40.7852899
          ],
          [
            -73.9556801,
            40.785343
          ],
          [
            -73.9556441,
            40.7853971
          ],
          [
            -73.9556366,
            40.7854083
          ],
          [
            -73.9552601,
            40.785918
          ],
          [
            -73.9551507,
            40.7858744
          ],
          [
            -73.9550454,
            40.7858327
          ],
          [
            -73.9550096,
            40.7858814
          ],
          [
            -73.9549709,
            40.785934
          ],
          [
            -73.954437,
            40.7857129
          ],
          [
            -73.9536647,
            40.7853916
          ],
          [
            -73.9535614,
            40.7853483
          ],
          [
            -73.9534964,
            40.7853211
          ],
          [
            -73.9534339,
            40.7852948
          ],
          [
            -73.9533797,
            40.7852721
          ],
          [
            -73.9532664,
            40.7852246
          ],
          [
            -73.9528932,
            40.7857411
          ],
          [
            -73.9528489,
            40.7857999
          ],
          [
            -73.9528083,
            40.7858537
          ],
          [
            -73.9524241,
            40.7863679
          ],
          [
            -73.9512697,
            40.7858973
          ],
          [
            -73.9511106,
            40.7858164
          ],
          [
            -73.9510884,
            40.7858453
          ],
          [
            -73.9510303,
            40.7859175
          ],
          [
            -73.9509766,
            40.7859841
          ],
          [
            -73.9509575,
            40.7860079
          ],
          [
            -73.9509305,
            40.7859967
          ],
          [
            -73.9508584,
            40.7859669
          ],
          [
            -73.9507816,
            40.7859349
          ],
          [
            -73.9507593,
            40.7859257
          ],
          [
            -73.9506822,
            40.7858937
          ],
          [
            -73.9501763,
            40.7856839
          ],
          [
            -73.9501314,
            40.7856653
          ],
          [
            -73.950108,
            40.7856556
          ],
          [
            -73.9500853,
            40.7856462
          ],
          [
            -73.9500372,
            40.7856262
          ],
          [
            -73.9496939,
            40.7854838
          ],
          [
            -73.9496723,
            40.7855134
          ],
          [
            -73.9495777,
            40.7854993
          ],
          [
            -73.9495348,
            40.7854974
          ],
          [
            -73.949492,
            40.7854999
          ],
          [
            -73.94945,
            40.7855069
          ],
          [
            -73.9494096,
            40.785518
          ],
          [
            -73.9493716,
            40.7855333
          ],
          [
            -73.9492986,
            40.785573
          ],
          [
            -73.9492537,
            40.7855551
          ],
          [
            -73.9490165,
            40.7858787
          ],
          [
            -73.9489998,
            40.7859015
          ],
          [
            -73.9489756,
            40.7859346
          ],
          [
            -73.9489475,
            40.7859729
          ],
          [
            -73.9489343,
            40.7859909
          ],
          [
            -73.9489095,
            40.7859804
          ],
          [
            -73.9487791,
            40.7859595
          ],
          [
            -73.9486519,
            40.7859392
          ],
          [
            -73.948622,
            40.7859337
          ],
          [
            -73.9481516,
            40.7857325
          ],
          [
            -73.9480111,
            40.7860512
          ],
          [
            -73.9478021,
            40.7860327
          ],
          [
            -73.9473576,
            40.7861261
          ],
          [
            -73.9471936,
            40.7860934
          ],
          [
            -73.9471832,
            40.7861192
          ],
          [
            -73.9470497,
            40.7860992
          ],
          [
            -73.9470424,
            40.7861204
          ],
          [
            -73.94694,
            40.7861026
          ],
          [
            -73.9469288,
            40.7861426
          ],
          [
            -73.9464363,
            40.7860652
          ],
          [
            -73.9463549,
            40.7863702
          ],
          [
            -73.9458747,
            40.7861684
          ],
          [
            -73.9458265,
            40.7862344
          ],
          [
            -73.9457768,
            40.7863025
          ],
          [
            -73.9455722,
            40.7865814
          ],
          [
            -73.9454292,
            40.7867723
          ],
          [
            -73.9453931,
            40.7868212
          ],
          [
            -73.9453193,
            40.7869209
          ],
          [
            -73.9451677,
            40.7871259
          ],
          [
            -73.9449272,
            40.7874509
          ],
          [
            -73.9448547,
            40.7875489
          ],
          [
            -73.9446591,
            40.7878333
          ],
          [
            -73.9445219,
            40.7880228
          ],
          [
            -73.9444629,
            40.7881058
          ],
          [
            -73.9444048,
            40.7881895
          ],
          [
            -73.9440291,
            40.7886986
          ],
          [
            -73.9439986,
            40.78874
          ],
          [
            -73.9439415,
            40.7888173
          ],
          [
            -73.9436034,
            40.7892754
          ],
          [
            -73.9434488,
            40.789247
          ],
          [
            -73.9433503,
            40.7892278
          ],
          [
            -73.9433043,
            40.7892189
          ],
          [
            -73.9432673,
            40.7892701
          ],
          [
            -73.9432243,
            40.7893277
          ],
          [
            -73.9428434,
            40.789846
          ],
          [
            -73.9428092,
            40.7898925
          ],
          [
            -73.9427615,
            40.7899572
          ],
          [
            -73.9423786,
            40.7904755
          ],
          [
            -73.9423062,
            40.7905734
          ],
          [
            -73.9422368,
            40.7906673
          ],
          [
            -73.9419272,
            40.7905368
          ],
          [
            -73.9417728,
            40.7907457
          ],
          [
            -73.9415717,
            40.7907805
          ],
          [
            -73.9414344,
            40.7907214
          ],
          [
            -73.9411386,
            40.7905946
          ],
          [
            -73.9408705,
            40.7904847
          ],
          [
            -73.9408507,
            40.7904792
          ],
          [
            -73.9408034,
            40.7904773
          ],
          [
            -73.9407429,
            40.7904846
          ],
          [
            -73.9407193,
            40.7904824
          ],
          [
            -73.940664,
            40.7904726
          ],
          [
            -73.9406082,
            40.7904571
          ],
          [
            -73.9405551,
            40.7904359
          ],
          [
            -73.9404667,
            40.7905586
          ],
          [
            -73.9404337,
            40.7905444
          ],
          [
            -73.9402609,
            40.7904699
          ],
          [
            -73.9402165,
            40.7904508
          ],
          [
            -73.9400553,
            40.7903812
          ],
          [
            -73.9400279,
            40.7904164
          ],
          [
            -73.9397574,
            40.7902999
          ],
          [
            -73.939742,
            40.79032
          ],
          [
            -73.939649,
            40.790446
          ],
          [
            -73.9395913,
            40.790424
          ],
          [
            -73.9395646,
            40.7904128
          ],
          [
            -73.9395088,
            40.790389
          ],
          [
            -73.9391868,
            40.7908301
          ],
          [
            -73.939132,
            40.790905
          ],
          [
            -73.939064,
            40.7909972
          ],
          [
            -73.9390334,
            40.7910383
          ],
          [
            -73.938992,
            40.7911013
          ],
          [
            -73.9387693,
            40.7913953
          ],
          [
            -73.9386872,
            40.7915081
          ],
          [
            -73.9385639,
            40.7914602
          ],
          [
            -73.9384865,
            40.7915629
          ],
          [
            -73.9381001,
            40.7920766
          ],
          [
            -73.9372372,
            40.7917062
          ],
          [
            -73.9371933,
            40.7917137
          ],
          [
            -73.9371647,
            40.7917482
          ],
          [
            -73.9368311,
            40.7921948
          ],
          [
            -73.9367796,
            40.7922637
          ],
          [
            -73.9367459,
            40.7922886
          ],
          [
            -73.936722,
            40.7923061
          ],
          [
            -73.9366868,
            40.7923529
          ],
          [
            -73.9366728,
            40.7923725
          ],
          [
            -73.936623,
            40.7924361
          ],
          [
            -73.9359896,
            40.7921648
          ],
          [
            -73.9354507,
            40.7919349
          ],
          [
            -73.9354036,
            40.7919148
          ],
          [
            -73.9352676,
            40.7920058
          ],
          [
            -73.9346824,
            40.7924154
          ],
          [
            -73.934087,
            40.7928113
          ],
          [
            -73.9337834,
            40.793004
          ],
          [
            -73.933228,
            40.7933319
          ],
          [
            -73.9332857,
            40.7933999
          ],
          [
            -73.9332206,
            40.7935
          ],
          [
            -73.933133,
            40.7934584
          ],
          [
            -73.9329838,
            40.7935442
          ],
          [
            -73.9328729,
            40.7936893
          ],
          [
            -73.9324598,
            40.7942491
          ],
          [
            -73.9323628,
            40.7943796
          ],
          [
            -73.9319944,
            40.794214
          ]
        ]
      }
    },
    {
      "type": "Feature",
      "properties": {
        "scenario": "HARD - Randall's Island footbridge, edge of graph",
        "shape": "mix",
        "target_miles": 5.0,
        "distance_m": 8030.7389090526385,
        "candidate_index": 3
      },
      "geometry": {
        "type": "LineString",
        "coordinates": [
          [
            -73.9319944,
            40.794214
          ],
          [
            -73.9323628,
            40.7943796
          ],
          [
            -73.9324598,
            40.7942491
          ],
          [
            -73.9328729,
            40.7936893
          ],
          [
            -73.9329838,
            40.7935442
          ],
          [
            -73.933133,
            40.7934584
          ],
          [
            -73.9332206,
            40.7935
          ],
          [
            -73.9332857,
            40.7933999
          ],
          [
            -73.933228,
            40.7933319
          ],
          [
            -73.9337834,
            40.793004
          ],
          [
            -73.934087,
            40.7928113
          ],
          [
            -73.9346824,
            40.7924154
          ],
          [
            -73.9352676,
            40.7920058
          ],
          [
            -73.9354036,
            40.7919148
          ],
          [
            -73.9354507,
            40.7919349
          ],
          [
            -73.9359896,
            40.7921648
          ],
          [
            -73.936623,
            40.7924361
          ],
          [
            -73.9366728,
            40.7923725
          ],
          [
            -73.9366868,
            40.7923529
          ],
          [
            -73.936722,
            40.7923061
          ],
          [
            -73.9367459,
            40.7922886
          ],
          [
            -73.9367796,
            40.7922637
          ],
          [
            -73.9368311,
            40.7921948
          ],
          [
            -73.9371647,
            40.7917482
          ],
          [
            -73.9371933,
            40.7917137
          ],
          [
            -73.9372372,
            40.7917062
          ],
          [
            -73.9381001,
            40.7920766
          ],
          [
            -73.9384865,
            40.7915629
          ],
          [
            -73.9385639,
            40.7914602
          ],
          [
            -73.9386872,
            40.7915081
          ],
          [
            -73.9387693,
            40.7913953
          ],
          [
            -73.938992,
            40.7911013
          ],
          [
            -73.9390334,
            40.7910383
          ],
          [
            -73.939064,
            40.7909972
          ],
          [
            -73.939132,
            40.790905
          ],
          [
            -73.9391868,
            40.7908301
          ],
          [
            -73.9395088,
            40.790389
          ],
          [
            -73.9395646,
            40.7904128
          ],
          [
            -73.9395913,
            40.790424
          ],
          [
            -73.939649,
            40.790446
          ],
          [
            -73.939742,
            40.79032
          ],
          [
            -73.9397574,
            40.7902999
          ],
          [
            -73.9400279,
            40.7904164
          ],
          [
            -73.9400553,
            40.7903812
          ],
          [
            -73.9402165,
            40.7904508
          ],
          [
            -73.9402609,
            40.7904699
          ],
          [
            -73.9404337,
            40.7905444
          ],
          [
            -73.9404667,
            40.7905586
          ],
          [
            -73.9405551,
            40.7904359
          ],
          [
            -73.9406082,
            40.7904571
          ],
          [
            -73.940664,
            40.7904726
          ],
          [
            -73.9407193,
            40.7904824
          ],
          [
            -73.9407429,
            40.7904846
          ],
          [
            -73.9408034,
            40.7904773
          ],
          [
            -73.9408507,
            40.7904792
          ],
          [
            -73.9408705,
            40.7904847
          ],
          [
            -73.9411386,
            40.7905946
          ],
          [
            -73.9414344,
            40.7907214
          ],
          [
            -73.9415717,
            40.7907805
          ],
          [
            -73.9417728,
            40.7907457
          ],
          [
            -73.9419272,
            40.7905368
          ],
          [
            -73.9422368,
            40.7906673
          ],
          [
            -73.9423062,
            40.7905734
          ],
          [
            -73.9423786,
            40.7904755
          ],
          [
            -73.9427615,
            40.7899572
          ],
          [
            -73.9428092,
            40.7898925
          ],
          [
            -73.9428434,
            40.789846
          ],
          [
            -73.9432243,
            40.7893277
          ],
          [
            -73.9432673,
            40.7892701
          ],
          [
            -73.9433043,
            40.7892189
          ],
          [
            -73.943681,
            40.7887071
          ],
          [
            -73.943736,
            40.7886322
          ],
          [
            -73.9437681,
            40.7885887
          ],
          [
            -73.9441443,
            40.7880796
          ],
          [
            -73.9441916,
            40.7880132
          ],
          [
            -73.9442314,
            40.7879561
          ],
          [
            -73.9445954,
            40.7874464
          ],
          [
            -73.9446393,
            40.7873866
          ],
          [
            -73.9446836,
            40.7873262
          ],
          [
            -73.9450535,
            40.7868216
          ],
          [
            -73.9451019,
            40.7867555
          ],
          [
            -73.9451366,
            40.7867083
          ],
          [
            -73.9455152,
            40.7861919
          ],
          [
            -73.945566,
            40.7861214
          ],
          [
            -73.9456117,
            40.7860579
          ],
          [
            -73.9458377,
            40.7857442
          ],
          [
            -73.9460311,
            40.7854758
          ],
          [
            -73.9462327,
            40.785196
          ],
          [
            -73.9464116,
            40.7849462
          ],
          [
            -73.9464592,
            40.7848834
          ],
          [
            -73.9465039,
            40.7848198
          ],
          [
            -73.9468998,
            40.7842957
          ],
          [
            -73.9469689,
            40.7841966
          ],
          [
            -73.9470345,
            40.7841025
          ],
          [
            -73.9474194,
            40.7835783
          ],
          [
            -73.9474646,
            40.7835166
          ],
          [
            -73.9474996,
            40.7834687
          ],
          [
            -73.9476703,
            40.783236
          ],
          [
            -73.9477675,
            40.7831174
          ],
          [
            -73.9478882,
            40.7829561
          ],
          [
            -73.9479253,
            40.7828972
          ],
          [
            -73.947958,
            40.7828453
          ],
          [
            -73.9483401,
            40.7823267
          ],
          [
            -73.9483867,
            40.7822615
          ],
          [
            -73.9484216,
            40.7822128
          ],
          [
            -73.9488032,
            40.7816986
          ],
          [
            -73.9488466,
            40.78164
          ],
          [
            -73.9488917,
            40.781579
          ],
          [
            -73.949257,
            40.7810738
          ],
          [
            -73.9492951,
            40.7810211
          ],
          [
            -73.9493383,
            40.7809613
          ],
          [
            -73.9497051,
            40.7804457
          ],
          [
            -73.9497517,
            40.7803802
          ],
          [
            -73.9497873,
            40.7803301
          ],
          [
            -73.9501589,
            40.7798221
          ],
          [
            -73.9502082,
            40.7797546
          ],
          [
            -73.9502485,
            40.7796995
          ],
          [
            -73.9506209,
            40.7791901
          ],
          [
            -73.9506697,
            40.7791234
          ],
          [
            -73.9507039,
            40.7790767
          ],
          [
            -73.9510797,
            40.7785626
          ],
          [
            -73.9511259,
            40.7784994
          ],
          [
            -73.9511648,
            40.7784462
          ],
          [
            -73.9515609,
            40.7779056
          ],
          [
            -73.9516146,
            40.7778292
          ],
          [
            -73.9516748,
            40.7777482
          ],
          [
            -73.9520806,
            40.7772066
          ],
          [
            -73.9521011,
            40.7771775
          ],
          [
            -73.9521236,
            40.7771457
          ],
          [
            -73.9521519,
            40.7771057
          ],
          [
            -73.9521602,
            40.777094
          ],
          [
            -73.9525307,
            40.7765701
          ],
          [
            -73.9525457,
            40.7765493
          ],
          [
            -73.9525757,
            40.7765079
          ],
          [
            -73.9526076,
            40.776464
          ],
          [
            -73.9526113,
            40.7764588
          ],
          [
            -73.9530033,
            40.775933
          ],
          [
            -73.953048,
            40.7758726
          ],
          [
            -73.9530832,
            40.7758252
          ],
          [
            -73.9534672,
            40.7753039
          ],
          [
            -73.9535128,
            40.775242
          ],
          [
            -73.9535511,
            40.7751882
          ],
          [
            -73.953922,
            40.7746673
          ],
          [
            -73.9539615,
            40.7746106
          ],
          [
            -73.9539987,
            40.7745578
          ],
          [
            -73.9543842,
            40.7740289
          ],
          [
            -73.9544327,
            40.7739624
          ],
          [
            -73.9544651,
            40.773918
          ],
          [
            -73.9548537,
            40.7733849
          ],
          [
            -73.9549204,
            40.7732947
          ],
          [
            -73.9549937,
            40.7731927
          ],
          [
            -73.9553819,
            40.7726601
          ],
          [
            -73.9554236,
            40.7726029
          ],
          [
            -73.9554628,
            40.7725491
          ],
          [
            -73.9558414,
            40.7720297
          ],
          [
            -73.9558798,
            40.7719769
          ],
          [
            -73.9559223,
            40.7719186
          ],
          [
            -73.9563031,
            40.7713961
          ],
          [
            -73.9563425,
            40.7713419
          ],
          [
            -73.9563835,
            40.7712864
          ],
          [
            -73.9567696,
            40.7707632
          ],
          [
            -73.9568088,
            40.7707101
          ],
          [
            -73.9568532,
            40.77065
          ],
          [
            -73.957239,
            40.7701267
          ],
          [
            -73.9572449,
            40.7701193
          ],
          [
            -73.9572817,
            40.7700666
          ],
          [
            -73.9573086,
            40.7700282
          ],
          [
            -73.9573207,
            40.7700117
          ],
          [
            -73.9577,
            40.7694889
          ],
          [
            -73.9573207,
            40.7700117
          ],
          [
            -73.9573086,
            40.7700282
          ],
          [
            -73.9572817,
            40.7700666
          ],
          [
            -73.9572449,
            40.7701193
          ],
          [
            -73.957239,
            40.7701267
          ],
          [
            -73.9572667,
            40.7701379
          ],
          [
            -73.9573574,
            40.7701761
          ],
          [
            -73.9572817,
            40.7702832
          ],
          [
            -73.9571237,
            40.7704998
          ],
          [
            -73.9569772,
            40.7707027
          ],
          [
            -73.9571054,
            40.7707616
          ],
          [
            -73.9570675,
            40.7708183
          ],
          [
            -73.9570374,
            40.7708594
          ],
          [
            -73.957028,
            40.7708723
          ],
          [
            -73.9566439,
            40.771397
          ],
          [
            -73.956604,
            40.7714515
          ],
          [
            -73.9565685,
            40.7715001
          ],
          [
            -73.9561752,
            40.7720252
          ],
          [
            -73.9561304,
            40.7720845
          ],
          [
            -73.9561016,
            40.7721242
          ],
          [
            -73.9560933,
            40.7721356
          ],
          [
            -73.95572,
            40.7726582
          ],
          [
            -73.9556834,
            40.7727094
          ],
          [
            -73.95564,
            40.7727687
          ],
          [
            -73.9552473,
            40.7733103
          ],
          [
            -73.9551804,
            40.7733982
          ],
          [
            -73.955109,
            40.7734939
          ],
          [
            -73.9547194,
            40.7740261
          ],
          [
            -73.9546872,
            40.7740701
          ],
          [
            -73.954639,
            40.7741359
          ],
          [
            -73.9542593,
            40.7746547
          ],
          [
            -73.9542184,
            40.7747141
          ],
          [
            -73.9541759,
            40.774776
          ],
          [
            -73.9538007,
            40.7752932
          ],
          [
            -73.9537621,
            40.7753464
          ],
          [
            -73.953716,
            40.7754099
          ],
          [
            -73.9533364,
            40.775933
          ],
          [
            -73.9533015,
            40.7759812
          ],
          [
            -73.9532585,
            40.7760405
          ],
          [
            -73.9528741,
            40.7765703
          ],
          [
            -73.9528665,
            40.7765806
          ],
          [
            -73.9528384,
            40.7766188
          ],
          [
            -73.9528088,
            40.7766591
          ],
          [
            -73.9527936,
            40.7766797
          ],
          [
            -73.9524072,
            40.7771992
          ],
          [
            -73.9523978,
            40.7772119
          ],
          [
            -73.9523698,
            40.7772499
          ],
          [
            -73.952342,
            40.7772876
          ],
          [
            -73.9523247,
            40.7773111
          ],
          [
            -73.9519409,
            40.7778414
          ],
          [
            -73.9518781,
            40.7779409
          ],
          [
            -73.9518067,
            40.7780379
          ],
          [
            -73.9514194,
            40.7785523
          ],
          [
            -73.9513798,
            40.7786067
          ],
          [
            -73.9513337,
            40.7786697
          ],
          [
            -73.9509584,
            40.7791841
          ],
          [
            -73.9509243,
            40.7792308
          ],
          [
            -73.9508758,
            40.7792972
          ],
          [
            -73.9505036,
            40.7798075
          ],
          [
            -73.9504635,
            40.7798624
          ],
          [
            -73.9504176,
            40.7799257
          ],
          [
            -73.9500434,
            40.7804381
          ],
          [
            -73.9500058,
            40.7804889
          ],
          [
            -73.9499586,
            40.7805526
          ],
          [
            -73.94978,
            40.7807937
          ],
          [
            -73.9495802,
            40.7810634
          ],
          [
            -73.949538,
            40.781122
          ],
          [
            -73.9494989,
            40.7811763
          ],
          [
            -73.9491347,
            40.781683
          ],
          [
            -73.9490916,
            40.7817427
          ],
          [
            -73.9490487,
            40.7818025
          ],
          [
            -73.9486702,
            40.7823212
          ],
          [
            -73.9486376,
            40.7823673
          ],
          [
            -73.948592,
            40.782432
          ],
          [
            -73.94821,
            40.7829521
          ],
          [
            -73.948174,
            40.7830018
          ],
          [
            -73.9481313,
            40.7830608
          ],
          [
            -73.9477555,
            40.7835798
          ],
          [
            -73.9477219,
            40.7836262
          ],
          [
            -73.9476774,
            40.7836876
          ],
          [
            -73.9472896,
            40.7842101
          ],
          [
            -73.9472194,
            40.7843075
          ],
          [
            -73.9471504,
            40.7844033
          ],
          [
            -73.9467637,
            40.7849231
          ],
          [
            -73.9467138,
            40.7850081
          ],
          [
            -73.9466591,
            40.7850941
          ],
          [
            -73.9463136,
            40.7855673
          ],
          [
            -73.9462974,
            40.7855895
          ],
          [
            -73.9458747,
            40.7861684
          ],
          [
            -73.9458265,
            40.7862344
          ],
          [
            -73.9457768,
            40.7863025
          ],
          [
            -73.9455722,
            40.7865814
          ],
          [
            -73.9454292,
            40.7867723
          ],
          [
            -73.9453931,
            40.7868212
          ],
          [
            -73.9453193,
            40.7869209
          ],
          [
            -73.9451677,
            40.7871259
          ],
          [
            -73.9449272,
            40.7874509
          ],
          [
            -73.9448547,
            40.7875489
          ],
          [
            -73.9446591,
            40.7878333
          ],
          [
            -73.9445219,
            40.7880228
          ],
          [
            -73.9444629,
            40.7881058
          ],
          [
            -73.9444048,
            40.7881895
          ],
          [
            -73.9440291,
            40.7886986
          ],
          [
            -73.9439986,
            40.78874
          ],
          [
            -73.9439415,
            40.7888173
          ],
          [
            -73.9436034,
            40.7892754
          ],
          [
            -73.9435326,
            40.7893604
          ],
          [
            -73.943471,
            40.7894321
          ],
          [
            -73.9431005,
            40.7899545
          ],
          [
            -73.943067,
            40.7900017
          ],
          [
            -73.943021,
            40.7900665
          ],
          [
            -73.9426499,
            40.7905897
          ],
          [
            -73.9425778,
            40.790688
          ],
          [
            -73.9425089,
            40.790782
          ],
          [
            -73.942134,
            40.7912913
          ],
          [
            -73.9417273,
            40.7918481
          ],
          [
            -73.9416935,
            40.7918946
          ],
          [
            -73.941578,
            40.7920534
          ],
          [
            -73.9412507,
            40.7925189
          ],
          [
            -73.9410814,
            40.7924827
          ],
          [
            -73.940989,
            40.7924625
          ],
          [
            -73.9409428,
            40.7924526
          ],
          [
            -73.9408984,
            40.7925121
          ],
          [
            -73.9408547,
            40.7925706
          ],
          [
            -73.9404827,
            40.793084
          ],
          [
            -73.9404495,
            40.7931299
          ],
          [
            -73.9404003,
            40.7931978
          ],
          [
            -73.9400274,
            40.7937125
          ],
          [
            -73.9399892,
            40.7937653
          ],
          [
            -73.9399447,
            40.7938266
          ],
          [
            -73.9395686,
            40.7943459
          ],
          [
            -73.939554,
            40.7943633
          ],
          [
            -73.9395145,
            40.7944103
          ],
          [
            -73.9394529,
            40.7944831
          ],
          [
            -73.9394354,
            40.7945038
          ],
          [
            -73.9389238,
            40.7942877
          ],
          [
            -73.938504,
            40.7941103
          ],
          [
            -73.9383638,
            40.7940511
          ],
          [
            -73.9377554,
            40.7937941
          ],
          [
            -73.9375594,
            40.794067
          ],
          [
            -73.9374635,
            40.7940267
          ],
          [
            -73.937325,
            40.7942126
          ],
          [
            -73.9372429,
            40.7942019
          ],
          [
            -73.9371629,
            40.7942021
          ],
          [
            -73.9370146,
            40.7942193
          ],
          [
            -73.9369223,
            40.7941827
          ],
          [
            -73.9369065,
            40.7942042
          ],
          [
            -73.9365634,
            40.7946717
          ],
          [
            -73.9365018,
            40.7946505
          ],
          [
            -73.9364748,
            40.7946406
          ],
          [
            -73.9364171,
            40.7946255
          ],
          [
            -73.9362723,
            40.7945888
          ],
          [
            -73.9347075,
            40.7939327
          ],
          [
            -73.93427,
            40.7937492
          ],
          [
            -73.9340994,
            40.7936779
          ],
          [
            -73.9340567,
            40.7936749
          ],
          [
            -73.9340169,
            40.7936886
          ],
          [
            -73.9339806,
            40.7937145
          ],
          [
            -73.9339085,
            40.7937925
          ],
          [
            -73.9336183,
            40.7941967
          ],
          [
            -73.9335637,
            40.7942727
          ],
          [
            -73.9334865,
            40.7943798
          ],
          [
            -73.9331016,
            40.7949135
          ],
          [
            -73.9325294,
            40.794675
          ],
          [
            -73.9323831,
            40.7946115
          ],
          [
            -73.9322363,
            40.7945498
          ],
          [
            -73.9323628,
            40.7943796
          ],
          [
            -73.9319944,
            40.794214
          ]
        ]
      }
    },
    {
      "type": "Feature",
      "properties": {
        "scenario": "HARD - Randall's Island footbridge, edge of graph",
        "shape": "mix",
        "target_miles": 5.0,
        "distance_m": 8020.314137569895,
        "candidate_index": 4
      },
      "geometry": {
        "type": "LineString",
        "coordinates": [
          [
            -73.9319944,
            40.794214
          ],
          [
            -73.9323628,
            40.7943796
          ],
          [
            -73.9322363,
            40.7945498
          ],
          [
            -73.9323831,
            40.7946115
          ],
          [
            -73.9325294,
            40.794675
          ],
          [
            -73.9331016,
            40.7949135
          ],
          [
            -73.9331316,
            40.7949262
          ],
          [
            -73.9332581,
            40.7949764
          ],
          [
            -73.9333265,
            40.7950054
          ],
          [
            -73.9333547,
            40.7950181
          ],
          [
            -73.9353415,
            40.7958553
          ],
          [
            -73.9354753,
            40.7959118
          ],
          [
            -73.935623,
            40.7959741
          ],
          [
            -73.9377099,
            40.7968585
          ],
          [
            -73.9378432,
            40.7969176
          ],
          [
            -73.9379813,
            40.7969747
          ],
          [
            -73.9399596,
            40.7978058
          ],
          [
            -73.9400851,
            40.7978593
          ],
          [
            -73.9400272,
            40.7979386
          ],
          [
            -73.9401551,
            40.7980136
          ],
          [
            -73.9401622,
            40.7980166
          ],
          [
            -73.9415263,
            40.7985932
          ],
          [
            -73.9416222,
            40.7986336
          ],
          [
            -73.941716,
            40.7986735
          ],
          [
            -73.9430355,
            40.7992274
          ],
          [
            -73.9431029,
            40.7992557
          ],
          [
            -73.9433693,
            40.7993612
          ],
          [
            -73.9434491,
            40.7993946
          ],
          [
            -73.9447519,
            40.7999407
          ],
          [
            -73.9448411,
            40.7999781
          ],
          [
            -73.9449698,
            40.8000326
          ],
          [
            -73.9463358,
            40.8006115
          ],
          [
            -73.946462,
            40.800665
          ],
          [
            -73.9465948,
            40.8007218
          ],
          [
            -73.9480668,
            40.8013515
          ],
          [
            -73.949012,
            40.8017559
          ],
          [
            -73.9495029,
            40.8019666
          ],
          [
            -73.9496071,
            40.8020112
          ],
          [
            -73.9495471,
            40.8020944
          ],
          [
            -73.9495809,
            40.8021092
          ],
          [
            -73.9496076,
            40.802121
          ],
          [
            -73.949693,
            40.8021586
          ],
          [
            -73.9497432,
            40.8021807
          ],
          [
            -73.9497933,
            40.8022027
          ],
          [
            -73.9522576,
            40.8032412
          ],
          [
            -73.9522948,
            40.8032569
          ],
          [
            -73.9523682,
            40.803289
          ],
          [
            -73.9525302,
            40.80336
          ],
          [
            -73.9525917,
            40.8033869
          ],
          [
            -73.9526472,
            40.8034085
          ],
          [
            -73.9527175,
            40.8034365
          ],
          [
            -73.9527399,
            40.8034458
          ],
          [
            -73.9527813,
            40.8034637
          ],
          [
            -73.9528024,
            40.803473
          ],
          [
            -73.9528551,
            40.8041698
          ],
          [
            -73.9528556,
            40.8042097
          ],
          [
            -73.9528562,
            40.8042495
          ],
          [
            -73.952857,
            40.8043097
          ],
          [
            -73.9528573,
            40.8043314
          ],
          [
            -73.952899,
            40.8050239
          ],
          [
            -73.9529044,
            40.8050897
          ],
          [
            -73.9529114,
            40.8051756
          ],
          [
            -73.9529442,
            40.8058626
          ],
          [
            -73.9529469,
            40.8059388
          ],
          [
            -73.9529497,
            40.8060164
          ],
          [
            -73.9530019,
            40.8066948
          ],
          [
            -73.953003,
            40.8067712
          ],
          [
            -73.9530041,
            40.8068514
          ],
          [
            -73.9530266,
            40.8074475
          ],
          [
            -73.9531044,
            40.8075177
          ],
          [
            -73.9531721,
            40.8075794
          ],
          [
            -73.9532066,
            40.8076059
          ],
          [
            -73.9531888,
            40.8076286
          ],
          [
            -73.9531615,
            40.8076614
          ],
          [
            -73.9531301,
            40.8077027
          ],
          [
            -73.9531181,
            40.8077184
          ],
          [
            -73.9530532,
            40.8078298
          ],
          [
            -73.9530811,
            40.8082774
          ],
          [
            -73.9530851,
            40.808377
          ],
          [
            -73.9531,
            40.8084557
          ],
          [
            -73.9531171,
            40.8085464
          ],
          [
            -73.9531569,
            40.8092338
          ],
          [
            -73.9531348,
            40.8092241
          ],
          [
            -73.9531485,
            40.8092989
          ],
          [
            -73.9531639,
            40.809368
          ],
          [
            -73.9531662,
            40.8093896
          ],
          [
            -73.9531913,
            40.8098482
          ],
          [
            -73.953157,
            40.8099478
          ],
          [
            -73.9531694,
            40.809961
          ],
          [
            -73.9532048,
            40.8099976
          ],
          [
            -73.9532539,
            40.8100531
          ],
          [
            -73.9532703,
            40.8100871
          ],
          [
            -73.953262,
            40.8100994
          ],
          [
            -73.9540816,
            40.8104507
          ],
          [
            -73.9540699,
            40.8104724
          ],
          [
            -73.9540503,
            40.8105016
          ],
          [
            -73.9540229,
            40.8105378
          ],
          [
            -73.954016,
            40.8105538
          ],
          [
            -73.9540092,
            40.8105697
          ],
          [
            -73.95402,
            40.8105848
          ],
          [
            -73.9542402,
            40.8108373
          ],
          [
            -73.9542572,
            40.8108567
          ],
          [
            -73.9543303,
            40.8109338
          ],
          [
            -73.9543987,
            40.811009
          ],
          [
            -73.954418,
            40.8110323
          ],
          [
            -73.9545136,
            40.8111422
          ],
          [
            -73.9547554,
            40.8114202
          ],
          [
            -73.9547947,
            40.8114687
          ],
          [
            -73.9550943,
            40.8118077
          ],
          [
            -73.95514,
            40.8118602
          ],
          [
            -73.9552376,
            40.8119728
          ],
          [
            -73.9553737,
            40.8121296
          ],
          [
            -73.9556276,
            40.8124262
          ],
          [
            -73.9559522,
            40.8128008
          ],
          [
            -73.9562491,
            40.8131286
          ],
          [
            -73.9562731,
            40.8131429
          ],
          [
            -73.956306,
            40.813158
          ],
          [
            -73.9563693,
            40.8132496
          ],
          [
            -73.9564233,
            40.8133327
          ],
          [
            -73.95645,
            40.8133684
          ],
          [
            -73.9564659,
            40.8133912
          ],
          [
            -73.9567559,
            40.8137287
          ],
          [
            -73.9570314,
            40.8140417
          ],
          [
            -73.957161,
            40.8141889
          ],
          [
            -73.9574996,
            40.8145736
          ],
          [
            -73.9579154,
            40.815046
          ],
          [
            -73.958012,
            40.8151591
          ],
          [
            -73.9582359,
            40.8154107
          ],
          [
            -73.9582477,
            40.815424
          ],
          [
            -73.9582954,
            40.8154778
          ],
          [
            -73.958432,
            40.815632
          ],
          [
            -73.958479,
            40.815685
          ],
          [
            -73.9585256,
            40.8157376
          ],
          [
            -73.9585567,
            40.8157711
          ],
          [
            -73.9596031,
            40.8169914
          ],
          [
            -73.9596938,
            40.8170295
          ],
          [
            -73.9596938,
            40.8170684
          ],
          [
            -73.9597547,
            40.8171381
          ],
          [
            -73.9598133,
            40.8172062
          ],
          [
            -73.9598434,
            40.8172373
          ],
          [
            -73.9599231,
            40.8172696
          ],
          [
            -73.9605164,
            40.8175236
          ],
          [
            -73.9606798,
            40.8175921
          ],
          [
            -73.9607783,
            40.8176334
          ],
          [
            -73.9608714,
            40.8176752
          ],
          [
            -73.9609527,
            40.8177048
          ],
          [
            -73.9610071,
            40.8177254
          ],
          [
            -73.9610326,
            40.8177343
          ],
          [
            -73.9616816,
            40.8180064
          ],
          [
            -73.9616326,
            40.818055
          ],
          [
            -73.9616563,
            40.8180682
          ],
          [
            -73.9617095,
            40.8180977
          ],
          [
            -73.9617315,
            40.81811
          ],
          [
            -73.9617416,
            40.8181157
          ],
          [
            -73.961766,
            40.8181326
          ],
          [
            -73.9617416,
            40.8181157
          ],
          [
            -73.9617315,
            40.81811
          ],
          [
            -73.9617095,
            40.8180977
          ],
          [
            -73.9616563,
            40.8180682
          ],
          [
            -73.9616326,
            40.818055
          ],
          [
            -73.9616816,
            40.8180064
          ],
          [
            -73.9610326,
            40.8177343
          ],
          [
            -73.9610071,
            40.8177254
          ],
          [
            -73.9609527,
            40.8177048
          ],
          [
            -73.9608714,
            40.8176752
          ],
          [
            -73.9607783,
            40.8176334
          ],
          [
            -73.9606798,
            40.8175921
          ],
          [
            -73.9605164,
            40.8175236
          ],
          [
            -73.9599231,
            40.8172696
          ],
          [
            -73.9598434,
            40.8172373
          ],
          [
            -73.9598133,
            40.8172062
          ],
          [
            -73.9597547,
            40.8171381
          ],
          [
            -73.9596938,
            40.8170684
          ],
          [
            -73.9596938,
            40.8170295
          ],
          [
            -73.9596031,
            40.8169914
          ],
          [
            -73.9585567,
            40.8157711
          ],
          [
            -73.9585256,
            40.8157376
          ],
          [
            -73.958479,
            40.815685
          ],
          [
            -73.958432,
            40.815632
          ],
          [
            -73.9582954,
            40.8154778
          ],
          [
            -73.9582477,
            40.815424
          ],
          [
            -73.9582359,
            40.8154107
          ],
          [
            -73.958012,
            40.8151591
          ],
          [
            -73.9579154,
            40.815046
          ],
          [
            -73.9574996,
            40.8145736
          ],
          [
            -73.957161,
            40.8141889
          ],
          [
            -73.9570314,
            40.8140417
          ],
          [
            -73.9567559,
            40.8137287
          ],
          [
            -73.9564659,
            40.8133912
          ],
          [
            -73.95645,
            40.8133684
          ],
          [
            -73.9564233,
            40.8133327
          ],
          [
            -73.9563693,
            40.8132496
          ],
          [
            -73.956306,
            40.813158
          ],
          [
            -73.9562731,
            40.8131429
          ],
          [
            -73.9562491,
            40.8131286
          ],
          [
            -73.9559522,
            40.8128008
          ],
          [
            -73.9556276,
            40.8124262
          ],
          [
            -73.9553737,
            40.8121296
          ],
          [
            -73.9552376,
            40.8119728
          ],
          [
            -73.95514,
            40.8118602
          ],
          [
            -73.9550943,
            40.8118077
          ],
          [
            -73.9547947,
            40.8114687
          ],
          [
            -73.9547554,
            40.8114202
          ],
          [
            -73.9545136,
            40.8111422
          ],
          [
            -73.954418,
            40.8110323
          ],
          [
            -73.9543987,
            40.811009
          ],
          [
            -73.9543303,
            40.8109338
          ],
          [
            -73.9542572,
            40.8108567
          ],
          [
            -73.9542402,
            40.8108373
          ],
          [
            -73.95402,
            40.8105848
          ],
          [
            -73.9540092,
            40.8105697
          ],
          [
            -73.954016,
            40.8105538
          ],
          [
            -73.9540229,
            40.8105378
          ],
          [
            -73.9540503,
            40.8105016
          ],
          [
            -73.9540699,
            40.8104724
          ],
          [
            -73.9540816,
            40.8104507
          ],
          [
            -73.953262,
            40.8100994
          ],
          [
            -73.9532703,
            40.8100871
          ],
          [
            -73.9532539,
            40.8100531
          ],
          [
            -73.9532048,
            40.8099976
          ],
          [
            -73.9531694,
            40.809961
          ],
          [
            -73.953157,
            40.8099478
          ],
          [
            -73.9531913,
            40.8098482
          ],
          [
            -73.9531662,
            40.8093896
          ],
          [
            -73.9531639,
            40.809368
          ],
          [
            -73.9531485,
            40.8092989
          ],
          [
            -73.9531348,
            40.8092241
          ],
          [
            -73.9531569,
            40.8092338
          ],
          [
            -73.9531171,
            40.8085464
          ],
          [
            -73.9531,
            40.8084557
          ],
          [
            -73.9530851,
            40.808377
          ],
          [
            -73.9530811,
            40.8082774
          ],
          [
            -73.9530532,
            40.8078298
          ],
          [
            -73.9531181,
            40.8077184
          ],
          [
            -73.9531301,
            40.8077027
          ],
          [
            -73.9531615,
            40.8076614
          ],
          [
            -73.9531888,
            40.8076286
          ],
          [
            -73.9532066,
            40.8076059
          ],
          [
            -73.9531721,
            40.8075794
          ],
          [
            -73.9531044,
            40.8075177
          ],
          [
            -73.9530266,
            40.8074475
          ],
          [
            -73.9530041,
            40.8068514
          ],
          [
            -73.953003,
            40.8067712
          ],
          [
            -73.9530019,
            40.8066948
          ],
          [
            -73.9529497,
            40.8060164
          ],
          [
            -73.9529469,
            40.8059388
          ],
          [
            -73.9529442,
            40.8058626
          ],
          [
            -73.9529114,
            40.8051756
          ],
          [
            -73.9529044,
            40.8050897
          ],
          [
            -73.952899,
            40.8050239
          ],
          [
            -73.9528573,
            40.8043314
          ],
          [
            -73.952857,
            40.8043097
          ],
          [
            -73.9528562,
            40.8042495
          ],
          [
            -73.9528556,
            40.8042097
          ],
          [
            -73.9528551,
            40.8041698
          ],
          [
            -73.9528024,
            40.803473
          ],
          [
            -73.9527813,
            40.8034637
          ],
          [
            -73.9527399,
            40.8034458
          ],
          [
            -73.9527175,
            40.8034365
          ],
          [
            -73.9526472,
            40.8034085
          ],
          [
            -73.9525917,
            40.8033869
          ],
          [
            -73.9525302,
            40.80336
          ],
          [
            -73.9523682,
            40.803289
          ],
          [
            -73.9522948,
            40.8032569
          ],
          [
            -73.9522576,
            40.8032412
          ],
          [
            -73.9497933,
            40.8022027
          ],
          [
            -73.9497432,
            40.8021807
          ],
          [
            -73.949693,
            40.8021586
          ],
          [
            -73.9496076,
            40.802121
          ],
          [
            -73.9495809,
            40.8021092
          ],
          [
            -73.9495471,
            40.8020944
          ],
          [
            -73.9496071,
            40.8020112
          ],
          [
            -73.9495029,
            40.8019666
          ],
          [
            -73.949012,
            40.8017559
          ],
          [
            -73.9480668,
            40.8013515
          ],
          [
            -73.9465948,
            40.8007218
          ],
          [
            -73.946462,
            40.800665
          ],
          [
            -73.9463358,
            40.8006115
          ],
          [
            -73.9449698,
            40.8000326
          ],
          [
            -73.9448411,
            40.7999781
          ],
          [
            -73.9447519,
            40.7999407
          ],
          [
            -73.9434491,
            40.7993946
          ],
          [
            -73.9433693,
            40.7993612
          ],
          [
            -73.9431029,
            40.7992557
          ],
          [
            -73.9430355,
            40.7992274
          ],
          [
            -73.941716,
            40.7986735
          ],
          [
            -73.9416222,
            40.7986336
          ],
          [
            -73.9415263,
            40.7985932
          ],
          [
            -73.9401622,
            40.7980166
          ],
          [
            -73.9401551,
            40.7980136
          ],
          [
            -73.9400272,
            40.7979386
          ],
          [
            -73.9400851,
            40.7978593
          ],
          [
            -73.9399596,
            40.7978058
          ],
          [
            -73.9379813,
            40.7969747
          ],
          [
            -73.9378432,
            40.7969176
          ],
          [
            -73.9377099,
            40.7968585
          ],
          [
            -73.935623,
            40.7959741
          ],
          [
            -73.9354753,
            40.7959118
          ],
          [
            -73.9353415,
            40.7958553
          ],
          [
            -73.9333547,
            40.7950181
          ],
          [
            -73.9333265,
            40.7950054
          ],
          [
            -73.9332581,
            40.7949764
          ],
          [
            -73.9331316,
            40.7949262
          ],
          [
            -73.9331016,
            40.7949135
          ],
          [
            -73.9325294,
            40.794675
          ],
          [
            -73.9323831,
            40.7946115
          ],
          [
            -73.9322363,
            40.7945498
          ],
          [
            -73.9323628,
            40.7943796
          ],
          [
            -73.9319944,
            40.794214
          ]
        ]
      }
    }
  ]
}
